contrast	rank	junction_id	gene	lsv	side	anchor	junction	chrom	start	end	strand	mean_lsv_total	psi_ctl	psi_mid	psi_treated	dpsi	dpsi_dedup	slope	test	p	padj	consistent	hit	psi_Hek_control_1	psi_Hek_control_2	psi_Hek_control_3	psi_CADM1_1nM-1	psi_CADM1_1nM-2	psi_CADM1_1nM-3	psi_CADM1_100nM-1	psi_CADM1_100nM-2	psi_CADM1_100nM-3	n_Hek_control_1	n_Hek_control_2	n_Hek_control_3	n_CADM1_1nM-1	n_CADM1_1nM-2	n_CADM1_1nM-3	n_CADM1_100nM-1	n_CADM1_100nM-2	n_CADM1_100nM-3
cadm1_dose	1	chr16:TNRC6A:s:24729846|16:24729846-24750725:+	TNRC6A	chr16:TNRC6A:s:24729846	s	24729846	16:24729846-24750725:+	16	24729846	24750725	+	132.1	0.208	0.239	0.531	0.323	0.3	0.1488	ols_slope	0.01125797220457314	0.7924020313288396	1	0	0.337	0.156	0.15	0.254	0.248	0.202	0.632	0.473	0.43	92	96	120	181	141	109	185	186	79
cadm1_dose	2	chr1:POLR3GL:s:145975436|1:145975436-145977083:+	POLR3GL	chr1:POLR3GL:s:145975436	s	145975436	1:145975436-145977083:+	1	145975436	145977083	+	122.0	0.611	0.713	0.823	0.212	0.137	0.1114	ols_slope	0.0256338459709797	0.7924020313288396	1	0	0.534	0.558	0.769	0.741	0.729	0.682	0.829	0.971	0.729	133	129	108	135	118	176	111	70	118
cadm1_dose	3	chrX:MECP2:s:154097603|X:154092307-154097603:-	MECP2	chrX:MECP2:s:154097603	s	154097603	X:154092307-154097603:-	X	154092307	154097603	-	160.3	0.484	0.625	0.681	0.198	0.232	0.0952	ols_slope	0.03454332501296797	0.7924020313288396	1	0	0.454	0.627	0.366	0.531	0.653	0.656	0.675	0.733	0.611	130	161	164	113	219	151	212	180	113
cadm1_dose	4	chr16:MRPL28:t:370225|16:370225-370498:-	MRPL28	chr16:MRPL28:t:370225	t	370225	16:370225-370498:-	16	370225	370498	-	103.7	0.525	0.745	0.716	0.191	0.107	0.085	ols_slope	0.08725658798053883	0.8098539820805224	0	0	0.558	0.581	0.461	0.643	0.753	0.878	0.736	0.674	0.7	52	160	165	112	77	82	159	46	80
cadm1_dose	5	chr7:SRRT:s:100885040|7:100885040-100885215:+	SRRT	chr7:SRRT:s:100885040	s	100885040	7:100885040-100885215:+	7	100885040	100885215	+	152.1	0.286	0.48	0.474	0.188	0.173	0.0939	ols_slope	0.02112173413500544	0.7924020313288396	0	0	0.273	0.32	0.256	0.404	0.558	0.491	0.426	0.461	0.525	121	181	160	141	120	114	136	219	177
cadm1_dose	6	chr3:UQCC5:t:52540423|3:52536906-52540423:+	UQCC5	chr3:UQCC5:t:52540423	t	52540423	3:52536906-52540423:+	3	52536906	52540423	+	115.6	0.47	0.538	0.65	0.18	0.162	0.0927	ols_slope	0.14225519701069625	0.8098539820805224	1	0	0.435	0.536	0.39	0.677	0.475	0.429	0.614	0.447	0.857	62	181	123	133	120	98	101	103	119
cadm1_dose	7	chr3:CNBP:t:129171538|3:129171538-129171654:-	CNBP	chr3:CNBP:t:129171538	t	129171538	3:129171538-129171654:-	3	129171538	129171654	-	135.4	0.612	0.636	0.791	0.179	0.167	0.0899	ols_slope	0.01778094989725975	0.7924020313288396	1	0	0.671	0.545	0.632	0.561	0.695	0.688	0.746	0.77	0.873	143	167	136	157	118	96	114	178	110
cadm1_dose	8	chr1:NASP:s:45606591|1:45606591-45613168:+	NASP	chr1:NASP:s:45606591	s	45606591	1:45606591-45613168:+	1	45606591	45613168	+	132.1	0.616	0.633	0.791	0.176	0.091	0.0853	ols_slope	0.13045762435927163	0.8098539820805224	1	0	0.654	0.537	0.676	0.411	0.79	0.643	0.753	0.801	0.825	133	147	105	90	119	140	166	146	143
cadm1_dose	9	chr1:RPL22:t:6197756|1:6197756-6199561:-	RPL22	chr1:RPL22:t:6197756	t	6197756	1:6197756-6199561:-	1	6197756	6199561	-	297.0	0.775	0.88	0.949	0.174	0.138	0.0868	ols_slope	0.01785680182230578	0.7924020313288396	1	0	0.92	0.686	0.728	0.861	0.883	0.896	0.953	0.975	0.926	311	331	323	267	324	260	212	280	365
cadm1_dose	10	chr11:SF1:s:64766899|11:64766155-64766899:-	SF1	chr11:SF1:s:64766899	s	64766899	11:64766155-64766899:-	11	64766155	64766899	-	148.6	0.26	0.504	0.424	0.165	0.106	0.0802	ols_slope	0.10330501958128241	0.8098539820805224	0	0	0.339	0.158	0.296	0.579	0.465	0.465	0.425	0.422	0.427	118	146	152	164	157	157	120	180	143
cadm1_dose		chr16:TNRC6A:t:24750725|16:24729846-24750725:+	TNRC6A	chr16:TNRC6A:t:24750725	t	24750725	16:24729846-24750725:+	16	24729846	24750725	+	124.4	0.224	0.262	0.542	0.318	0.297	0.163	ols_slope	0.005160636899728927	0.7924020313288396	1	0	0.337	0.176	0.165	0.284	0.278	0.21	0.609	0.461	0.586	92	85	109	162	126	105	192	191	58
cadm1_dose		chr17:NARF:t:82483715|17:82483304-82483715:+	NARF	chr17:NARF:t:82483715	t	82483715	17:82483304-82483715:+	17	82483304	82483715	+	117.8	0.169	0.288	0.333	0.164	0.185	0.0814	ols_slope	0.06789825624545862	0.8098539820805224	1	0	0.254	0.154	0.119	0.41	0.287	0.165	0.338	0.243	0.434	118	104	168	122	136	121	77	115	99
cadm1_dose		chr12:TROAP:s:49324037|12:49324037-49324230:+	TROAP	chr12:TROAP:s:49324037	s	49324037	12:49324037-49324230:+	12	49324037	49324230	+	122.3	0.503	0.594	0.664	0.16	0.154	0.0789	ols_slope	0.013727325176400748	0.7924020313288396	1	0	0.455	0.493	0.562	0.509	0.692	0.57	0.66	0.64	0.684	110	217	128	110	117	86	97	100	136
cadm1_dose		chrX:MECP2:t:154032557|X:154032557-154092183:-	MECP2	chrX:MECP2:t:154032557	t	154032557	X:154032557-154092183:-	X	154032557	154092183	-	169.4	0.482	0.572	0.642	0.16	0.187	0.0814	ols_slope	0.07767511001261318	0.8098539820805224	1	0	0.383	0.639	0.395	0.513	0.528	0.654	0.61	0.719	0.577	115	183	200	117	197	188	210	192	123
cadm1_dose		chr9:ENTR1:s:136410089|9:136407938-136410089:-	ENTR1	chr9:ENTR1:s:136410089	s	136410089	9:136407938-136410089:-	9	136407938	136410089	-	103.9	0.628	0.728	0.786	0.158	0.095	0.1011	ols_slope	0.09312698085656075	0.8098539820805224	1	0	0.747	0.359	0.675	0.655	0.847	0.685	0.756	0.783	0.85	99	64	114	139	118	92	160	69	80
cadm1_dose		chr9:NTMT1:t:129634053|9:129632865-129634053:+	NTMT1	chr9:NTMT1:t:129634053	t	129634053	9:129632865-129634053:+	9	129632865	129634053	+	110.7	0.641	0.804	0.796	0.155	0.121	0.0648	ols_slope	0.24534167288784747	0.8520392980911292	0	0	0.829	0.482	0.693	0.719	0.959	0.747	0.838	0.778	0.776	111	164	101	121	98	87	99	72	143
cadm1_dose		chr19:TCF3:s:1615685|19:1612433-1615685:-	TCF3	chr19:TCF3:s:1615685	s	1615685	19:1612433-1615685:-	19	1612433	1615685	-	187.0	0.442	0.489	0.594	0.152	0.125	0.0818	ols_slope	0.05902920557483599	0.8098539820805224	1	0	0.279	0.55	0.446	0.431	0.478	0.592	0.641	0.559	0.566	179	258	233	188	178	125	209	177	136
cadm1_dose		chr12:NOP2:s:6566528|12:6566324-6566528:-	NOP2	chr12:NOP2:s:6566528	s	6566528	12:6566324-6566528:-	12	6566324	6566528	-	111.4	0.37	0.557	0.517	0.148	0.062	0.0755	ols_slope	0.11017120658714362	0.8098539820805224	0	0	0.385	0.38	0.342	0.66	0.536	0.482	0.479	0.653	0.429	135	92	111	97	168	83	121	98	98
cadm1_dose		chr11:ANAPC15:t:72111286|11:72111286-72111411:-	ANAPC15	chr11:ANAPC15:t:72111286	t	72111286	11:72111286-72111411:-	11	72111286	72111411	-	165.7	0.627	0.694	0.774	0.147	0.084	0.0749	ols_slope	0.07174253531930917	0.8098539820805224	1	0	0.691	0.613	0.578	0.676	0.843	0.56	0.733	0.832	0.766	165	204	154	142	153	150	165	149	209
cadm1_dose		chr8:RPL8:t:144791307|8:144791307-144791849:-	RPL8	chr8:RPL8:t:144791307	t	144791307	8:144791307-144791849:-	8	144791307	144791849	-	275.7	0.077	0.215	0.222	0.145	0.128	0.0682	ols_slope	0.0340546401375027	0.7924020313288396	1	0	0.108	0.053	0.085	0.209	0.199	0.247	0.126	0.222	0.306	260	492	519	234	241	158	182	189	206
cadm1_dose		chr19:USF2:t:35270446|19:35269699-35270446:+	USF2	chr19:USF2:t:35270446	t	35270446	19:35269699-35270446:+	19	35269699	35270446	+	176.9	0.464	0.452	0.604	0.14	0.082	0.0707	ols_slope	0.15368901415202807	0.8098539820805224	0	0	0.405	0.46	0.515	0.294	0.525	0.523	0.595	0.72	0.489	185	274	235	143	179	132	153	150	141
cadm1_dose		chr19:UBA52:t:18573292|19:18571887-18573292:+	UBA52	chr19:UBA52:t:18573292	t	18573292	19:18571887-18573292:+	19	18571887	18573292	+	167.3	0.398	0.5	0.538	0.14	0.182	0.0643	ols_slope	0.3328067553385803	0.9150517798418184	1	0	0.392	0.361	0.431	0.528	0.474	0.493	0.843	0.35	0.378	153	208	262	193	175	134	140	143	98
cadm1_dose		chr19:LSM14A:s:34209051|19:34209051-34215123:+	LSM14A	chr19:LSM14A:s:34209051	s	34209051	19:34209051-34215123:+	19	34209051	34215123	+	147.4	0.599	0.691	0.735	0.137	0.068	0.0728	ols_slope	0.13583479552079836	0.8098539820805224	1	0	0.492	0.728	0.509	0.738	0.583	0.709	0.726	0.6	0.84	130	180	106	145	84	134	219	135	194
cadm1_dose		chr10:CDC123:s:12246277|10:12246277-12250310:+	CDC123	chr10:CDC123:s:12246277	s	12246277	10:12246277-12250310:+	10	12246277	12250310	+	104.2	0.117	0.14	0.253	0.136	0.077	0.0798	ols_slope	0.04817026257800539	0.8098539820805224	1	0	0.058	0.216	0.026	0.176	0.17	0.029	0.26	0.315	0.204	69	111	77	136	88	69	123	108	157
cadm1_dose		chr5:HNRNPH1:t:179623164|5:179623164-179623635:-	HNRNPH1	chr5:HNRNPH1:t:179623164	t	179623164	5:179623164-179623635:-	5	179623164	179623635	-	128.6	0.38	0.431	0.514	0.135	0.174	0.0603	ols_slope	0.2401722954442123	0.8520392980911292	1	0	0.506	0.438	0.26	0.384	0.442	0.475	0.676	0.543	0.348	77	130	146	138	95	120	139	151	161
cadm1_dose		chr5:TAF9:t:69366595|5:69366595-69369462:-	TAF9	chr5:TAF9:t:69366595	t	69366595	5:69366595-69369462:-	5	69366595	69369462	-	158.8	0.777	0.836	0.911	0.134	0.055	0.0672	ols_slope	0.015756688592568933	0.7924020313288396	1	0	0.804	0.768	0.771	0.856	0.879	0.723	0.876	0.936	0.934	97	164	179	208	198	112	194	125	152
cadm1_dose		chrX:CITED1:t:72302934|X:72302934-72305824:-	CITED1	chrX:CITED1:t:72302934	t	72302934	X:72302934-72305824:-	X	72302934	72305824	-	236.0	0.189	0.244	0.319	0.13	0.103	0.0696	ols_slope	0.03891259975275552	0.7924020313288396	1	0	0.15	0.193	0.216	0.207	0.287	0.245	0.255	0.264	0.457	214	295	259	193	164	265	282	231	221
cadm1_dose		chr9:NTMT1:s:129626295|9:129626295-129632649:+	NTMT1	chr9:NTMT1:s:129626295	s	129626295	9:129626295-129632649:+	9	129626295	129632649	+	106.4	0.75	0.874	0.879	0.129	0.1	0.0526	ols_slope	0.22610421989401933	0.8520392980911292	1	0	0.839	0.608	0.856	0.858	0.963	0.827	0.953	0.839	0.827	87	148	125	134	81	110	107	62	104
cadm1_dose		chr16:INO80E:s:30001040|16:30001040-30001413:+	INO80E	chr16:INO80E:s:30001040	s	30001040	16:30001040-30001413:+	16	30001040	30001413	+	122.9	0.481	0.447	0.607	0.126	0.102	0.0757	ols_slope	0.1593113609224961	0.8098539820805224	0	0	0.4	0.631	0.388	0.392	0.487	0.494	0.516	0.776	0.58	120	157	147	153	119	79	93	76	162
cadm1_dose		chr8:CYRIB:s:129939607|8:129903350-129939607:-	CYRIB	chr8:CYRIB:s:129939607	s	129939607	8:129903350-129939607:-	8	129903350	129939607	-	148.7	0.319	0.368	0.444	0.125	0.116	0.0633	ols_slope	0.3249507631573435	0.9150517798418184	1	0	0.308	0.221	0.433	0.292	0.396	0.5	0.712	0.303	0.326	130	190	178	178	144	72	146	165	135
cadm1_dose		chr4:PCGF3:t:733671|4:731110-733671:+	PCGF3	chr4:PCGF3:t:733671	t	733671	4:731110-733671:+	4	731110	733671	+	123.7	0.824	0.848	0.946	0.122	0.058	0.0863	ols_slope	0.11264601227655557	0.8098539820805224	1	0	0.569	0.943	0.811	0.866	0.937	0.728	0.946	0.939	0.956	72	176	185	149	111	103	112	115	90
cadm1_dose		chr10:STK32C:t:132330485|10:132330485-132331481:-	STK32C	chr10:STK32C:t:132330485	t	132330485	10:132330485-132331481:-	10	132330485	132331481	-	182.7	0.212	0.302	0.333	0.121	0.09	0.0587	ols_slope	0.12401660758752722	0.8098539820805224	1	0	0.215	0.236	0.186	0.19	0.401	0.345	0.44	0.257	0.293	158	182	194	210	142	220	191	183	164
cadm1_dose		chr4:PCGF3:s:731110|4:731110-733671:+	PCGF3	chr4:PCGF3:s:731110	s	731110	4:731110-733671:+	4	731110	733671	+	127.4	0.795	0.832	0.915	0.12	0.045	0.0818	ols_slope	0.15292819969084387	0.8098539820805224	1	0	0.569	0.943	0.746	0.872	0.937	0.676	0.876	0.939	0.935	72	176	201	148	111	111	121	115	92
cadm1_dose		chr1:LINC02609:t:90832196|1:90832196-90837549:-	LINC02609	chr1:LINC02609:t:90832196	t	90832196	1:90832196-90837549:-	1	90832196	90837549	-	110.4	0.055	0.052	0.174	0.12	0.037	0.059	ols_slope	0.0757304045535605	0.8098539820805224	0	0	0.058	0.0	0.108	0.033	0.042	0.078	0.227	0.062	0.231	86	87	83	123	96	129	141	128	121
cadm1_dose		chr5:CSNK1A1:t:149496860|5:149496860-149505446:-	CSNK1A1	chr5:CSNK1A1:t:149496860	t	149496860	5:149496860-149505446:-	5	149496860	149505446	-	167.8	0.585	0.656	0.705	0.12	0.13	0.0683	ols_slope	0.14045143957981848	0.8098539820805224	1	0	0.605	0.61	0.517	0.645	0.875	0.549	0.77	0.703	0.668	157	205	120	183	104	195	139	172	235
cadm1_dose		chr16:ATXN2L:s:28836122|16:28836122-28836750:+	ATXN2L	chr16:ATXN2L:s:28836122	s	28836122	16:28836122-28836750:+	16	28836122	28836750	+	109.1	0.168	0.168	0.287	0.119	0.084	0.0709	ols_slope	0.11500126513667726	0.8098539820805224	1	0	0.089	0.226	0.174	0.223	0.091	0.161	0.299	0.441	0.175	90	106	144	103	66	93	144	93	143
cadm1_dose		chr7:GGCT:t:30498938|7:30498938-30504568:-	GGCT	chr7:GGCT:t:30498938	t	30498938	7:30498938-30504568:-	7	30498938	30504568	-	121.2	0.744	0.849	0.863	0.118	0.052	0.0616	ols_slope	0.03720849474510485	0.7924020313288396	1	0	0.676	0.775	0.778	0.914	0.773	0.823	0.831	0.925	0.844	139	111	176	163	110	79	124	93	96
cadm1_dose		chr7:MDH2:s:76048226|7:76048226-76054829:+	MDH2	chr7:MDH2:s:76048226	s	76048226	7:76048226-76054829:+	7	76048226	76054829	+	164.8	0.804	0.874	0.919	0.115	0.092	0.0541	ols_slope	0.10349052770998751	0.8098539820805224	1	0	0.885	0.816	0.736	0.804	0.884	0.969	0.88	1.0	0.882	131	196	193	194	146	130	167	157	169
cadm1_dose		chr12:C12orf57:t:6945770|12:6944652-6945770:+	C12orf57	chr12:C12orf57:t:6945770	t	6945770	12:6944652-6945770:+	12	6944652	6945770	+	110.4	0.718	0.779	0.832	0.114	0.105	0.0591	ols_slope	0.2447884771537365	0.8520392980911292	1	0	0.793	0.69	0.686	0.63	0.988	0.789	0.79	0.953	0.781	92	113	118	119	81	90	124	106	151
cadm1_dose		chr1:POLR3GL:t:145977482|1:145977152-145977482:+	POLR3GL	chr1:POLR3GL:t:145977482	t	145977482	1:145977152-145977482:+	1	145977152	145977482	+	162.3	0.601	0.631	0.714	0.113	0.008	0.0535	ols_slope	0.1314604253696663	0.8098539820805224	1	0	0.543	0.537	0.727	0.587	0.726	0.583	0.757	0.686	0.684	175	164	165	167	175	192	169	102	152
cadm1_dose		chr19:ERCC1:t:45413745|19:45413745-45414860:-	ERCC1	chr19:ERCC1:t:45413745	t	45413745	19:45413745-45414860:-	19	45413745	45414860	-	130.9	0.295	0.307	0.408	0.113	0.162	0.0654	ols_slope	0.17923520658049324	0.845235500505905	1	0	0.264	0.158	0.434	0.226	0.429	0.265	0.421	0.328	0.5	87	158	175	146	133	102	152	131	94
cadm1_dose		chr6:HDDC2:t:125292909|6:125292909-125298713:-	HDDC2	chr6:HDDC2:t:125292909	t	125292909	6:125292909-125298713:-	6	125292909	125298713	-	135.1	0.229	0.276	0.341	0.112	0.059	0.0645	ols_slope	0.193445198878862	0.8520392980911292	1	0	0.267	0.311	0.077	0.401	0.207	0.169	0.297	0.279	0.466	101	219	143	137	140	71	165	122	118
cadm1_dose		chr19:RANBP3:t:5928087|19:5928087-5931403:-	RANBP3	chr19:RANBP3:t:5928087	t	5928087	19:5928087-5931403:-	19	5928087	5931403	-	157.3	0.507	0.526	0.618	0.111	0.082	0.0466	ols_slope	0.24132722086013098	0.8520392980911292	1	0	0.538	0.607	0.398	0.592	0.538	0.402	0.609	0.672	0.541	93	196	206	169	182	107	169	183	111
cadm1_dose		chr16:INO80E:t:30005220|16:30001530-30005220:+	INO80E	chr16:INO80E:t:30005220	t	30005220	16:30001530-30005220:+	16	30001530	30005220	+	169.0	0.62	0.506	0.73	0.11	0.098	0.0808	ols_slope	0.23366224805050856	0.8520392980911292	0	0	0.353	0.697	0.672	0.455	0.587	0.495	0.648	0.895	0.665	116	195	299	176	126	109	145	152	203
cadm1_dose		chrX:CCNQ:s:153592505|X:153588454-153592505:-	CCNQ	chrX:CCNQ:s:153592505	s	153592505	X:153588454-153592505:-	X	153588454	153592505	-	110.1	0.542	0.66	0.647	0.105	0.108	0.0473	ols_slope	0.3944149317054767	0.9155331057204849	0	0	0.722	0.531	0.445	0.626	0.556	0.826	0.656	0.782	0.545	72	143	119	115	144	115	93	78	112
cadm1_dose		chr16:ZNF598:t:2001191|16:2001191-2001582:-	ZNF598	chr16:ZNF598:t:2001191	t	2001191	16:2001191-2001582:-	16	2001191	2001582	-	126.9	0.779	0.668	0.884	0.104	0.093	0.0683	ols_slope	0.2303228957192998	0.8520392980911292	0	0	0.616	0.903	0.766	0.714	0.6	0.702	0.932	0.962	0.801	86	144	291	119	110	57	147	52	136
cadm1_dose		chr16:NUTF2:t:67865101|16:67846985-67865101:+	NUTF2	chr16:NUTF2:t:67865101	t	67865101	16:67846985-67865101:+	16	67846985	67865101	+	170.1	0.774	0.749	0.878	0.104	0.031	0.0467	ols_slope	0.20599695885380537	0.8520392980911292	0	0	0.773	0.807	0.752	0.736	0.662	0.849	0.772	0.887	0.953	203	202	290	182	160	159	101	106	128
cadm1_dose		chr7:BUD23:s:73687095|7:73687095-73690915:+	BUD23	chr7:BUD23:s:73687095	s	73687095	7:73687095-73690915:+	7	73687095	73690915	+	102.1	0.836	0.942	0.939	0.103	0.102	0.0433	ols_slope	0.22190157610649233	0.8520392980911292	0	0	0.983	0.867	0.716	0.924	0.959	0.944	0.989	0.926	0.91	58	120	102	118	121	90	88	122	100
cadm1_dose		chr6:RNF8:s:37371574|6:37371574-37374619:+	RNF8	chr6:RNF8:s:37371574	s	37371574	6:37371574-37374619:+	6	37371574	37374619	+	173.4	0.793	0.906	0.897	0.103	0.063	0.0528	ols_slope	0.24741067130088412	0.8526152364830468	0	0	0.81	0.904	0.665	0.975	0.774	1.0	0.856	0.896	0.943	147	166	161	163	177	128	215	212	192
cadm1_dose		chr19:ERCC1:s:45414860|19:45413745-45414860:-	ERCC1	chr19:ERCC1:s:45414860	s	45414860	19:45413745-45414860:-	19	45413745	45414860	-	107.4	0.383	0.359	0.486	0.103	0.146	0.0607	ols_slope	0.35627821740678006	0.9150517798418184	0	0	0.383	0.207	0.531	0.234	0.606	0.297	0.496	0.394	0.595	60	121	143	141	94	91	129	109	79
cadm1_dose		chrX:IDH3G:s:153787050|X:153786947-153787050:-	IDH3G	chrX:IDH3G:s:153787050	s	153787050	X:153786947-153787050:-	X	153786947	153787050	-	101.2	0.885	0.902	0.987	0.102	0.111	0.0558	ols_slope	0.10400522158285155	0.8098539820805224	1	0	0.846	0.861	0.924	0.763	1.0	0.957	0.966	1.0	1.0	78	108	145	97	86	92	118	87	100
cadm1_dose		chr12:SFSWAP:t:131766117|12:131764686-131766117:+	SFSWAP	chr12:SFSWAP:t:131766117	t	131766117	12:131764686-131766117:+	12	131764686	131766117	+	167.9	0.693	0.859	0.795	0.102	0.127	0.057	ols_slope	0.16005257157294908	0.8098539820805224	0	0	0.721	0.755	0.576	0.862	0.843	0.877	0.86	0.732	0.802	219	229	177	152	159	122	129	157	167
cadm1_dose		chr7:GIGYF1:t:100681771|7:100681771-100681863:-	GIGYF1	chr7:GIGYF1:t:100681771	t	100681771	7:100681771-100681863:-	7	100681771	100681863	-	103.2	0.853	0.88	0.955	0.102	0.056	0.063	ols_slope	0.07288025034940619	0.8098539820805224	1	0	0.868	0.691	0.914	0.942	0.821	0.91	0.954	0.98	0.918	114	81	186	69	112	78	130	98	61
cadm1_dose		chr2:MRPL33:s:27772692|2:27772692-27779432:+	MRPL33	chr2:MRPL33:s:27772692	s	27772692	2:27772692-27779432:+	2	27772692	27779432	+	122.0	0.546	0.527	0.648	0.102	0.156	0.0641	ols_slope	0.21675974607268544	0.8520392980911292	0	0	0.356	0.523	0.712	0.533	0.575	0.463	0.667	0.571	0.738	87	130	118	167	127	108	111	147	103
cadm1_dose		chr12:TMEM106C:t:47964208|12:47963633-47964208:+	TMEM106C	chr12:TMEM106C:t:47964208	t	47964208	12:47963633-47964208:+	12	47963633	47964208	+	124.2	0.605	0.659	0.707	0.102	0.144	0.0521	ols_slope	0.23353106031814083	0.8520392980911292	1	0	0.496	0.701	0.608	0.609	0.571	0.835	0.761	0.67	0.687	133	147	148	133	119	97	117	109	115
cadm1_dose		chr16:METTL26:s:636093|16:634797-636093:-	METTL26	chr16:METTL26:s:636093	s	636093	16:634797-636093:-	16	634797	636093	-	220.6	0.402	0.534	0.502	0.1	0.098	0.0477	ols_slope	0.13261413486300389	0.8098539820805224	0	0	0.409	0.455	0.351	0.604	0.533	0.417	0.516	0.512	0.473	186	268	308	235	225	139	192	246	186
cadm1_dose		chr17:BIRC5:s:78214789|17:78214789-78223464:+	BIRC5	chr17:BIRC5:s:78214789	s	78214789	17:78214789-78223464:+	17	78214789	78223464	+	132.7	0.223	0.226	0.323	0.1	0.032	0.0436	ols_slope	0.1932720248941132	0.8520392980911292	1	0	0.214	0.248	0.206	0.087	0.262	0.31	0.368	0.265	0.297	98	149	170	104	107	126	212	117	111
cadm1_dose		chr5:NOP16:s:176385220|5:176384374-176385220:-	NOP16	chr5:NOP16:s:176385220	s	176385220	5:176384374-176385220:-	5	176384374	176385220	-	256.1	0.51	0.651	0.611	0.1	0.127	0.0412	ols_slope	0.31051012847852727	0.9150517798418184	0	0	0.567	0.492	0.485	0.679	0.557	0.744	0.495	0.655	0.641	210	321	231	243	282	211	194	290	323
cadm1_dose		chr12:OS9:t:57718992|12:57718421-57718992:+	OS9	chr12:OS9:t:57718992	t	57718992	12:57718421-57718992:+	12	57718421	57718992	+	137.0	0.787	0.697	0.887	0.1	0.038	0.0375	ols_slope	0.3723509099710867	0.9150517798418184	0	0	0.912	0.717	0.8	0.677	0.733	0.698	0.907	0.902	0.845	91	198	185	201	116	116	97	132	97
cadm1_dose		chr8:EEF1D:s:143597347|8:143586852-143597347:-	EEF1D	chr8:EEF1D:s:143597347	s	143597347	8:143586852-143597347:-	8	143586852	143597347	-	102.2	0.792	0.858	0.891	0.099	0.03	0.0486	ols_slope	0.3673184439534942	0.9150517798418184	1	0	0.939	0.86	0.561	0.897	0.811	0.864	0.913	0.767	0.972	132	129	123	78	74	81	104	90	109
cadm1_dose		chr16:CARMIL2:s:67656645|16:67656645-67657238:+	CARMIL2	chr16:CARMIL2:s:67656645	s	67656645	16:67656645-67657238:+	16	67656645	67657238	+	166.8	0.794	0.795	0.891	0.097	0.075	0.0508	ols_slope	0.14211141123953056	0.8098539820805224	1	0	0.756	0.907	0.706	0.8	0.718	0.885	0.881	0.911	0.881	156	193	180	210	124	96	177	180	185
cadm1_dose		chr7:DBNL:s:44058280|7:44058280-44058431:+	DBNL	chr7:DBNL:s:44058280	s	44058280	7:44058280-44058431:+	7	44058280	44058431	+	130.0	0.614	0.744	0.71	0.097	0.144	0.043	ols_slope	0.4355917972222657	0.9553558989835146	0	0	0.708	0.718	0.444	0.84	0.786	0.566	0.617	0.788	0.723	113	117	135	150	131	113	133	137	141
cadm1_dose		chr12:RPL6:t:112408656|12:112408656-112409586:-	RPL6	chr12:RPL6:t:112408656	t	112408656	12:112408656-112409586:-	12	112408656	112409586	-	935.1	0.325	0.387	0.421	0.095	0.103	0.0472	ols_slope	0.1500850455963774	0.8098539820805224	1	0	0.311	0.299	0.364	0.408	0.444	0.279	0.529	0.357	0.371	789	1026	989	1055	900	681	1011	846	1119
cadm1_dose		chr6:MRPL18:t:159790939|6:159790639-159790939:+	MRPL18	chr6:MRPL18:t:159790939	t	159790939	6:159790639-159790939:+	6	159790639	159790939	+	164.3	0.688	0.768	0.783	0.095	0.043	0.0507	ols_slope	0.12587227536282772	0.8098539820805224	1	0	0.66	0.704	0.683	0.873	0.641	0.812	0.751	0.784	0.817	106	226	180	166	181	128	189	134	169
cadm1_dose		chr16:GSPT1:s:11897839|16:11896782-11897839:-	GSPT1	chr16:GSPT1:s:11897839	s	11897839	16:11896782-11897839:-	16	11896782	11897839	-	125.3	0.083	0.11	0.178	0.095	0.095	0.0409	ols_slope	0.2406038433779058	0.8520392980911292	1	0	0.029	0.048	0.158	0.037	0.051	0.212	0.165	0.24	0.075	105	124	133	80	138	137	109	196	106
cadm1_dose		chr21:GET1:t:39390697|21:39387855-39390697:+	GET1	chr21:GET1:t:39390697	t	39390697	21:39387855-39390697:+	21	39387855	39390697	+	114.4	0.258	0.238	0.352	0.094	0.054	0.0612	ols_slope	0.14233475619987068	0.8098539820805224	0	0	0.138	0.266	0.293	0.263	0.099	0.35	0.404	0.303	0.358	65	154	188	118	101	100	104	119	81
cadm1_dose		chr2:PPP1R7:s:241166441|2:241166441-241169780:+	PPP1R7	chr2:PPP1R7:s:241166441	s	241166441	2:241166441-241169780:+	2	241166441	241169780	+	150.4	0.214	0.261	0.307	0.093	0.082	0.0514	ols_slope	0.16450159011010612	0.8098539820805224	1	0	0.296	0.217	0.135	0.221	0.252	0.321	0.287	0.22	0.45	169	207	185	140	143	112	171	127	100
cadm1_dose		chr16:CARMIL2:t:67657238|16:67656645-67657238:+	CARMIL2	chr16:CARMIL2:t:67657238	t	67657238	16:67656645-67657238:+	16	67656645	67657238	+	179.6	0.741	0.729	0.833	0.092	0.067	0.0506	ols_slope	0.19470680501361187	0.8520392980911292	0	0	0.694	0.862	0.655	0.734	0.659	0.81	0.897	0.863	0.755	170	203	194	229	135	105	174	190	216
cadm1_dose		chr16:PSMB10:t:67934948|16:67934948-67935295:-	PSMB10	chr16:PSMB10:t:67934948	t	67934948	16:67934948-67935295:-	16	67934948	67935295	-	114.4	0.195	0.197	0.285	0.091	0.097	0.0358	ols_slope	0.32641012940654396	0.9150517798418184	1	0	0.183	0.21	0.195	0.174	0.245	0.17	0.11	0.299	0.394	191	143	118	86	102	106	73	107	104
cadm1_dose		chr22:EIF3D:t:36526131|22:36526131-36529075:-	EIF3D	chr22:EIF3D:t:36526131	t	36526131	22:36526131-36529075:-	22	36526131	36529075	-	136.3	0.884	0.895	0.974	0.09	0.102	0.0394	ols_slope	0.23957387832498156	0.8520392980911292	1	0	0.932	0.789	0.97	0.836	1.0	0.848	0.955	1.0	0.973	88	199	169	159	146	125	132	98	111
cadm1_dose		chr7:HOTAIRM1:t:27099778|7:27099366-27099778:+	HOTAIRM1	chr7:HOTAIRM1:t:27099778	t	27099778	7:27099366-27099778:+	7	27099366	27099778	+	145.8	0.808	0.855	0.896	0.088	0.084	0.0496	ols_slope	0.1193275926893896	0.8098539820805224	1	0	0.664	0.862	0.863	0.812	0.848	0.919	0.885	0.891	0.911	122	174	153	160	165	123	139	119	157
cadm1_dose		chr16:RPS15A:t:18789118|16:18789118-18790309:-	RPS15A	chr16:RPS15A:t:18789118	t	18789118	16:18789118-18790309:-	16	18789118	18790309	-	186.9	0.684	0.741	0.772	0.088	0.061	0.0311	ols_slope	0.3722973861131158	0.9150517798418184	1	0	0.774	0.688	0.628	0.772	0.694	0.763	0.793	0.623	0.861	133	269	234	197	193	135	174	146	201
cadm1_dose		chr19:DNM2:t:10812263|19:10805967-10812263:+	DNM2	chr19:DNM2:t:10812263	t	10812263	19:10805967-10812263:+	19	10805967	10812263	+	117.1	0.79	0.75	0.878	0.088	0.096	0.0381	ols_slope	0.5115183895289286	0.983758434534779	0	0	0.978	0.673	0.747	0.853	0.82	0.576	0.859	0.971	0.797	91	110	99	109	133	118	135	136	123
cadm1_dose		chr19:DMKN:t:35510252|19:35510252-35510378:-	DMKN	chr19:DMKN:t:35510252	t	35510252	19:35510252-35510378:-	19	35510252	35510378	-	134.6	0.366	0.379	0.453	0.087	0.086	0.0371	ols_slope	0.353420996072317	0.9150517798418184	1	0	0.338	0.463	0.312	0.348	0.485	0.233	0.483	0.481	0.372	130	162	221	141	167	90	89	133	78
cadm1_dose		chr19:PRKCSH:s:11447618|19:11447618-11447692:+	PRKCSH	chr19:PRKCSH:s:11447618	s	11447618	19:11447618-11447692:+	19	11447618	11447692	+	128.3	0.335	0.357	0.418	0.083	0.047	0.0449	ols_slope	0.18873703181308446	0.8520392980911292	1	0	0.292	0.297	0.401	0.306	0.377	0.408	0.287	0.479	0.493	96	209	182	121	122	71	122	96	136
cadm1_dose		chr14:ENSG00000288044:t:24298613|14:24271310-24298613:+	ENSG00000288044	chr14:ENSG00000288044:t:24298613	t	24298613	14:24271310-24298613:+	14	24271310	24298613	+	102.9	0.687	0.749	0.77	0.083	0.103	0.0396	ols_slope	0.4811778962150603	0.9729364864924035	1	0	0.94	0.492	0.637	0.788	0.708	0.733	0.852	0.726	0.729	67	61	102	165	113	101	108	113	96
cadm1_dose		chr1:DNAJC8:s:28232920|1:28229023-28232920:-	DNAJC8	chr1:DNAJC8:s:28232920	s	28232920	1:28229023-28232920:-	1	28229023	28232920	-	175.4	0.841	0.899	0.923	0.082	0.068	0.0524	ols_slope	0.12236323356390397	0.8098539820805224	1	0	0.731	0.935	0.788	0.953	0.956	0.822	0.93	0.905	0.934	108	201	137	106	203	225	185	201	213
cadm1_dose		chr19:TCF3:t:1611849|19:1611849-1615284:-	TCF3	chr19:TCF3:t:1611849	t	1611849	19:1611849-1615284:-	19	1611849	1615284	-	234.2	0.499	0.45	0.581	0.082	0.09	0.0366	ols_slope	0.3147018000536241	0.9150517798418184	0	0	0.563	0.557	0.414	0.427	0.396	0.566	0.54	0.618	0.595	215	203	295	241	280	175	289	262	148
cadm1_dose		chrX:EOLA2:t:149937480|X:149937480-149938141:-	EOLA2	chrX:EOLA2:t:149937480	t	149937480	X:149937480-149938141:-	X	149937480	149938141	-	126.2	0.168	0.236	0.25	0.082	0.151	0.0419	ols_slope	0.33330119596949886	0.9150517798418184	1	0	0.163	0.258	0.078	0.305	0.086	0.299	0.312	0.302	0.135	80	120	116	141	128	147	109	162	133
cadm1_dose		chr8:SNHG6:t:66922392|8:66922392-66922613:-	SNHG6	chr8:SNHG6:t:66922392	t	66922392	8:66922392-66922613:-	8	66922392	66922613	-	158.9	0.448	0.653	0.53	0.082	0.094	0.0361	ols_slope	0.49677944432514143	0.9800879524166943	0	0	0.6	0.452	0.319	0.596	0.667	0.728	0.528	0.517	0.543	115	230	144	183	138	114	199	145	162
cadm1_dose		chr20:FRG1BP:t:30379584|20:30377721-30379584:+	FRG1BP	chr20:FRG1BP:t:30379584	t	30379584	20:30377721-30379584:+	20	30377721	30379584	+	114.7	0.692	0.704	0.772	0.081	0.081	0.053	ols_slope	0.21609501998462913	0.8520392980911292	1	0	0.629	0.653	0.762	0.849	0.651	0.651	0.841	0.867	0.654	116	118	168	86	86	146	69	113	130
cadm1_dose		chr5:MACROH2A1:s:135360496|5:135353045-135360496:-	MACROH2A1	chr5:MACROH2A1:s:135360496	s	135360496	5:135353045-135360496:-	5	135353045	135360496	-	157.8	0.844	0.83	0.924	0.08	0.075	0.0512	ols_slope	0.13730994002438132	0.8098539820805224	0	0	0.698	0.897	0.861	0.877	0.841	0.746	0.918	0.96	0.885	106	223	216	203	107	130	171	151	113
cadm1_dose		chr1:ENSG00000233461:t:231522637|1:231522637-231527337:-	ENSG00000233461	chr1:ENSG00000233461:t:231522637	t	231522637	1:231522637-231527337:-	1	231522637	231527337	-	164.6	0.524	0.67	0.604	0.08	0.09	0.0343	ols_slope	0.44564750318643775	0.9553558989835146	0	0	0.612	0.523	0.437	0.646	0.681	0.688	0.706	0.45	0.622	129	216	126	178	144	160	197	151	180
cadm1_dose		chr5:GRK6:s:177441053|5:177441053-177441734:+	GRK6	chr5:GRK6:s:177441053	s	177441053	5:177441053-177441734:+	5	177441053	177441734	+	102.0	0.355	0.346	0.434	0.079	0.029	0.0361	ols_slope	0.5420161810066151	0.983758434534779	0	0	0.271	0.442	0.348	0.302	0.422	0.314	0.452	0.642	0.184	96	104	155	106	90	70	115	95	87
cadm1_dose		chr2:MRPL33:t:27779432|2:27772692-27779432:+	MRPL33	chr2:MRPL33:t:27779432	t	27779432	2:27772692-27779432:+	2	27772692	27779432	+	132.9	0.501	0.496	0.579	0.078	0.071	0.0496	ols_slope	0.2770441318920099	0.8930477206290177	0	0	0.301	0.531	0.627	0.517	0.537	0.42	0.638	0.525	0.594	103	128	134	172	136	119	116	160	128
cadm1_dose		chr11:TRPT1:s:64224284|11:64223967-64224284:-	TRPT1	chr11:TRPT1:s:64224284	s	64224284	11:64223967-64224284:-	11	64223967	64224284	-	160.3	0.17	0.211	0.247	0.077	0.078	0.0365	ols_slope	0.29245890105164424	0.9150517798418184	1	0	0.16	0.22	0.108	0.109	0.243	0.272	0.127	0.245	0.335	212	264	176	110	107	125	110	184	155
cadm1_dose		chrX:FMR1:s:147943326|X:147943326-147944943:+	FMR1	chrX:FMR1:s:147943326	s	147943326	X:147943326-147944943:+	X	147943326	147944943	+	239.7	0.243	0.18	0.32	0.077	0.048	0.033	ols_slope	0.4601454760150514	0.9553558989835146	0	0	0.188	0.198	0.397	0.218	0.091	0.214	0.255	0.347	0.378	452	258	237	271	197	210	196	225	111
cadm1_dose		chr7:SSBP1:t:141739123|7:141738575-141739123:+	SSBP1	chr7:SSBP1:t:141739123	t	141739123	7:141738575-141739123:+	7	141738575	141739123	+	118.8	0.187	0.216	0.262	0.075	0.047	0.0494	ols_slope	0.2269050845416937	0.8520392980911292	1	0	0.103	0.239	0.168	0.284	0.186	0.092	0.219	0.182	0.405	78	188	161	183	97	76	114	88	84
cadm1_dose		chr9:SURF2:t:133357710|9:133357182-133357710:+	SURF2	chr9:SURF2:t:133357710	t	133357710	9:133357182-133357710:+	9	133357182	133357710	+	148.2	0.099	0.067	0.174	0.075	0.038	0.0419	ols_slope	0.3122447800203337	0.9150517798418184	0	0	0.075	0.12	0.09	0.042	0.106	0.043	0.074	0.106	0.357	146	217	133	166	160	92	121	170	129
cadm1_dose		chr14:BCL2L2-PABPN1:s:23308199|14:23308199-23322180:+	BCL2L2-PABPN1	chr14:BCL2L2-PABPN1:s:23308199	s	23308199	14:23308199-23322180:+	14	23308199	23322180	+	100.1	0.397	0.428	0.472	0.075	0.054	0.0404	ols_slope	0.484296510017424	0.9729364864924035	1	0	0.391	0.296	0.495	0.44	0.5	0.327	0.381	0.326	0.717	87	98	105	109	118	98	105	89	92
cadm1_dose		chr12:SFSWAP:s:131756644|12:131756644-131764455:+	SFSWAP	chr12:SFSWAP:s:131756644	s	131756644	12:131756644-131764455:+	12	131756644	131764455	+	126.0	0.621	0.818	0.695	0.075	0.036	0.0305	ols_slope	0.5864806327614205	0.983758434534779	0	0	0.596	0.673	0.592	0.731	0.83	0.865	0.849	0.512	0.683	151	171	184	78	147	111	106	82	104
cadm1_dose		chrX:NAA10:t:153932584|X:153932584-153933960:-	NAA10	chrX:NAA10:t:153932584	t	153932584	X:153932584-153933960:-	X	153932584	153933960	-	266.0	0.389	0.474	0.463	0.074	0.112	0.0378	ols_slope	0.277461932303784	0.8930477206290177	0	0	0.415	0.405	0.341	0.406	0.433	0.569	0.581	0.4	0.408	195	301	208	288	263	318	272	250	299
cadm1_dose		chr19:RUVBL2:t:48999318|19:48993923-48999318:+	RUVBL2	chr19:RUVBL2:t:48999318	t	48999318	19:48993923-48999318:+	19	48993923	48999318	+	106.2	0.862	0.86	0.937	0.074	0.055	0.0329	ols_slope	0.35539116381371777	0.9150517798418184	0	0	0.871	0.9	0.837	0.909	0.893	0.686	0.939	0.971	0.896	93	100	184	110	103	51	179	69	67
cadm1_dose		chr16:METTL26:t:634797|16:634797-634888:-	METTL26	chr16:METTL26:t:634797	t	634797	16:634797-634888:-	16	634797	634888	-	409.6	0.47	0.556	0.544	0.074	0.06	0.0331	ols_slope	0.39075245035234774	0.9155331057204849	0	0	0.471	0.416	0.517	0.508	0.546	0.649	0.463	0.464	0.676	291	464	518	461	434	291	361	403	463
cadm1_dose		chr9:TMEM141:s:136791424|9:136791424-136791946:+	TMEM141	chr9:TMEM141:s:136791424	s	136791424	9:136791424-136791946:+	9	136791424	136791946	+	104.8	0.185	0.144	0.256	0.071	0.068	0.0277	ols_slope	0.44655720674249594	0.9553558989835146	0	0	0.253	0.07	0.243	0.187	0.11	0.125	0.229	0.17	0.333	75	114	136	107	91	80	96	100	144
cadm1_dose		chr9:ANKRD18B:s:33541227|9:33541227-33543181:+	ANKRD18B	chr9:ANKRD18B:s:33541227	s	33541227	9:33541227-33543181:+	9	33541227	33543181	+	145.6	0.223	0.281	0.294	0.071	0.055	0.0235	ols_slope	0.482469163274116	0.9729364864924035	1	0	0.385	0.134	0.19	0.269	0.316	0.256	0.327	0.23	0.293	65	97	58	182	187	180	266	135	140
cadm1_dose		chr16:VKORC1:s:31094556|16:31091342-31094556:-	VKORC1	chr16:VKORC1:s:31094556	s	31094556	16:31091342-31094556:-	16	31091342	31094556	-	162.0	0.345	0.505	0.416	0.07	0.031	0.0312	ols_slope	0.5386378130671032	0.983758434534779	0	0	0.37	0.219	0.463	0.517	0.461	0.55	0.286	0.535	0.419	162	183	162	201	180	120	161	172	117
cadm1_dose		chr1:FLAD1:t:154992712|1:154984066-154992712:+	FLAD1	chr1:FLAD1:t:154992712	t	154992712	1:154984066-154992712:+	1	154984066	154992712	+	108.9	0.094	0.244	0.163	0.068	0.081	0.0264	ols_slope	0.45074064842046174	0.9553558989835146	0	0	0.037	0.156	0.088	0.213	0.252	0.265	0.159	0.199	0.082	134	135	113	94	107	102	88	146	61
cadm1_dose		chr6:ACAT2:s:159763053|6:159763053-159767004:+	ACAT2	chr6:ACAT2:s:159763053	s	159763053	6:159763053-159767004:+	6	159763053	159767004	+	100.0	0.933	0.971	1.0	0.067		0.0492	ols_slope	0.16122890720001748	0.8098539820805224	1	0	1.0	0.75	0.955	0.911	1.0	1.0	1.0	1.0	1.0	71	44	154	90	86	101	119	101	134
cadm1_dose		chr7:FIS1:s:101244959|7:101244139-101244959:-	FIS1	chr7:FIS1:s:101244959	s	101244959	7:101244139-101244959:-	7	101244139	101244959	-	254.8	0.829	0.861	0.895	0.067	0.055	0.0432	ols_slope	0.18291092147008736	0.8520392980911292	1	0	0.842	0.705	0.876	0.776	0.9	0.925	0.832	0.937	0.913	292	176	378	330	230	294	190	207	196
cadm1_dose		chr11:ANAPC15:s:72112649|11:72111496-72112649:-	ANAPC15	chr11:ANAPC15:s:72112649	s	72112649	11:72111496-72112649:-	11	72111496	72112649	-	136.8	0.753	0.763	0.818	0.065	0.028	0.0375	ols_slope	0.3880971495004255	0.915092226190477	1	0	0.619	0.789	0.819	0.792	0.883	0.597	0.859	0.807	0.787	113	166	138	149	128	119	149	119	150
cadm1_dose		chr17:CEP131:s:81192317|17:81191350-81192317:-	CEP131	chr17:CEP131:s:81192317	s	81192317	17:81191350-81192317:-	17	81191350	81192317	-	112.8	0.198	0.184	0.261	0.064	0.103	0.0319	ols_slope	0.416569378689735	0.9378044304170918	0	0	0.11	0.214	0.241	0.178	0.057	0.301	0.237	0.343	0.176	82	131	116	135	88	103	135	134	91
cadm1_dose		chr11:AAMDC:t:77842478|11:77821241-77842478:+	AAMDC	chr11:AAMDC:t:77842478	t	77842478	11:77821241-77842478:+	11	77821241	77842478	+	144.6	0.794	0.867	0.857	0.064	0.056	0.0278	ols_slope	0.5009824578201406	0.9800879524166943	0	0	0.673	0.878	0.8	0.861	0.868	0.871	0.9	0.934	0.684	101	131	180	108	182	101	259	122	117
cadm1_dose		chr10:NOLC1:t:102159432|10:102159308-102159432:+	NOLC1	chr10:NOLC1:t:102159432	t	102159432	10:102159308-102159432:+	10	102159308	102159432	+	161.8	0.755	0.769	0.818	0.063	0.083	0.0249	ols_slope	0.4895835340518076	0.9748152144675991	1	0	0.888	0.617	0.826	0.797	0.783	0.734	0.772	0.86	0.848	98	154	115	138	203	188	246	150	164
cadm1_dose		chr5:RPL26L1:t:172959864|5:172959468-172959864:+	RPL26L1	chr5:RPL26L1:t:172959864	t	172959864	5:172959468-172959864:+	5	172959468	172959864	+	168.8	0.463	0.567	0.525	0.062	0.001	0.0359	ols_slope	0.36375158971767746	0.9150517798418184	0	0	0.4	0.368	0.595	0.62	0.594	0.443	0.5	0.532	0.546	130	155	173	205	207	131	172	216	130
cadm1_dose		chr19:DNM2:s:10805967|19:10805967-10812263:+	DNM2	chr19:DNM2:s:10805967	s	10805967	19:10805967-10812263:+	19	10805967	10812263	+	116.6	0.814	0.744	0.876	0.062	0.071	0.0266	ols_slope	0.6532021787491983	0.983758434534779	0	0	0.989	0.725	0.747	0.886	0.784	0.571	0.885	0.971	0.766	90	102	99	105	139	119	131	136	128
cadm1_dose		chr19:RAD23A:s:12949159|19:12949159-12949274:+	RAD23A	chr19:RAD23A:s:12949159	s	12949159	19:12949159-12949274:+	19	12949159	12949274	+	158.9	0.601	0.637	0.662	0.061	0.041	0.0409	ols_slope	0.3810981059867739	0.9150517798418184	1	0	0.392	0.686	0.595	0.669	0.64	0.597	0.777	0.602	0.54	79	210	237	163	136	144	206	118	137
cadm1_dose		chr12:HNRNPA1:t:54283826|12:54281896-54283826:+	HNRNPA1	chr12:HNRNPA1:t:54283826	t	54283826	12:54281896-54283826:+	12	54281896	54283826	+	105.0	0.261	0.274	0.322	0.061	0.055	0.0248	ols_slope	0.5760232503380589	0.983758434534779	1	0	0.367	0.163	0.271	0.214	0.316	0.303	0.435	0.142	0.372	60	80	144	117	117	76	108	106	137
cadm1_dose		chr7:NUDT1:t:2244562|7:2242975-2244562:+	NUDT1	chr7:NUDT1:t:2244562	t	2244562	7:2242975-2244562:+	7	2242975	2244562	+	192.8	0.214	0.183	0.274	0.06	0.047	0.0382	ols_slope	0.3327756987129941	0.9150517798418184	0	0	0.178	0.247	0.207	0.279	0.094	0.111	0.321	0.361	0.179	157	223	275	233	180	90	196	147	234
cadm1_dose		chr19:PTBP1:s:805187|19:805187-806407:+	PTBP1	chr19:PTBP1:s:805187	s	805187	19:805187-806407:+	19	805187	806407	+	221.9	0.523	0.527	0.583	0.06	-0.017	0.0348	ols_slope	0.4998079002880002	0.9800879524166943	1	0	0.485	0.522	0.562	0.593	0.556	0.274	0.585	0.49	0.703	264	297	276	236	187	84	207	251	195
cadm1_dose		chr20:NOP56:t:2656773|20:2656549-2656773:+	NOP56	chr20:NOP56:t:2656773	t	2656773	20:2656549-2656773:+	20	2656549	2656773	+	190.1	0.787	0.767	0.846	0.059	0.049	0.0343	ols_slope	0.3018171135567536	0.9150517798418184	0	0	0.844	0.825	0.707	0.72	0.829	0.758	0.784	0.839	0.959	167	137	188	239	205	186	250	193	146
cadm1_dose		chr9:ENTR1:t:136407938|9:136407938-136410089:-	ENTR1	chr9:ENTR1:t:136407938	t	136407938	9:136407938-136410089:-	9	136407938	136410089	-	115.9	0.64	0.6	0.698	0.059	0.114	0.0389	ols_slope	0.3804997721970573	0.9150517798418184	0	0	0.747	0.434	0.642	0.611	0.658	0.516	0.747	0.643	0.667	99	53	120	149	152	122	162	84	102
cadm1_dose		chr4:MRPS18C:s:83456958|4:83456958-83458345:+	MRPS18C	chr4:MRPS18C:s:83456958	s	83456958	4:83456958-83458345:+	4	83456958	83458345	+	132.6	0.358	0.433	0.416	0.058	0.023	0.0121	ols_slope	0.8144383503741844	0.983758434534779	0	0	0.443	0.352	0.282	0.33	0.53	0.41	0.232	0.581	0.336	106	182	103	94	132	139	112	191	134
cadm1_dose		chr10:ANAPC16:s:72216138|10:72216138-72220053:+	ANAPC16	chr10:ANAPC16:s:72216138	s	72216138	10:72216138-72220053:+	10	72216138	72220053	+	142.0	0.526	0.643	0.583	0.057	0.099	0.0281	ols_slope	0.5239453071612071	0.983758434534779	0	0	0.474	0.561	0.54	0.534	0.614	0.825	0.623	0.562	0.559	175	173	198	148	88	103	138	153	102
cadm1_dose		chr16:HMOX2:t:4505483|16:4476487-4505483:+	HMOX2	chr16:HMOX2:t:4505483	t	4505483	16:4476487-4505483:+	16	4476487	4505483	+	112.4	0.795	0.929	0.851	0.056	-0.011	0.0229	ols_slope	0.6200638532406942	0.983758434534779	0	0	0.647	0.856	0.903	0.904	0.947	0.935	0.885	0.931	0.728	119	125	93	114	131	107	104	116	103
cadm1_dose		chr19:PRPF31:s:54115797|19:54115797-54118270:+	PRPF31	chr19:PRPF31:s:54115797	s	54115797	19:54115797-54118270:+	19	54115797	54118270	+	134.8	0.703	0.828	0.759	0.056	0.035	0.0002	ols_slope	0.9974343463847789	0.9974343463847789	0	0	0.882	0.672	0.633	0.855	0.736	0.936	0.82	0.577	0.791	85	131	158	110	159	109	211	97	153
cadm1_dose		chr20:MCTS2:s:31561736|20:31561736-31569119:+	MCTS2	chr20:MCTS2:s:31561736	s	31561736	20:31561736-31569119:+	20	31561736	31569119	+	100.9	0.124	0.2	0.179	0.055	0.012	0.031	ols_slope	0.45141161571087557	0.9553558989835146	0	0	0.041	0.233	0.078	0.311	0.069	0.167	0.21	0.096	0.233	74	120	154	103	58	114	105	94	86
cadm1_dose		chr10:DNAJC9:s:73243842|10:73241760-73243842:-	DNAJC9	chr10:DNAJC9:s:73243842	s	73243842	10:73241760-73243842:-	10	73241760	73243842	-	103.9	0.0	0.0	0.054	0.054		0.043	ols_slope	0.24434095200770986	0.8520392980911292	1	0	0.0	0.0	0.0	0.0	0.0	0.0	0.0	0.0	0.258	91	118	90	143	94	100	125	112	62
cadm1_dose		chr1:CHTOP:s:153638448|1:153638448-153642245:+	CHTOP	chr1:CHTOP:s:153638448	s	153638448	1:153638448-153642245:+	1	153638448	153642245	+	176.4	0.435	0.412	0.488	0.053	-0.006	0.0358	ols_slope	0.3790379671833267	0.9150517798418184	0	0	0.415	0.389	0.477	0.395	0.356	0.522	0.367	0.645	0.482	164	175	277	190	163	115	218	172	114
cadm1_dose		chr17:SAT2:t:7627414|17:7627414-7627569:-	SAT2	chr17:SAT2:t:7627414	t	7627414	17:7627414-7627569:-	17	7627414	7627569	-	107.1	0.224	0.135	0.277	0.053	0.003	0.0382	ols_slope	0.4306260107655123	0.9553558989835146	0	0	0.186	0.203	0.269	0.284	0.04	0.13	0.217	0.232	0.438	86	123	130	67	101	92	138	138	89
cadm1_dose		chr1:TRAPPC3:t:36140166|1:36140166-36149091:-	TRAPPC3	chr1:TRAPPC3:t:36140166	t	36140166	1:36140166-36149091:-	1	36140166	36149091	-	133.7	0.027	0.127	0.079	0.051	0.038	0.0186	ols_slope	0.6382589455117672	0.983758434534779	0	0	0.0	0.029	0.04	0.0	0.248	0.139	0.0	0.028	0.152	99	137	202	156	153	101	84	107	164
cadm1_dose		chr16:SH2B1:t:28873169|16:28872705-28873169:+	SH2B1	chr16:SH2B1:t:28873169	t	28873169	16:28872705-28873169:+	16	28872705	28873169	+	152.7	0.758	0.69	0.808	0.05	0.027	0.0249	ols_slope	0.4627505135701398	0.9553558989835146	0	0	0.689	0.736	0.835	0.737	0.622	0.711	0.842	0.843	0.724	167	129	188	118	143	197	184	121	127
cadm1_dose		chr19:RNF126:t:650296|19:650296-651691:-	RNF126	chr19:RNF126:t:650296	t	650296	19:650296-651691:-	19	650296	651691	-	108.7	0.111	0.122	0.16	0.049	0.013	0.0319	ols_slope	0.335690968914754	0.9150517798418184	1	0	0.043	0.18	0.082	0.067	0.244	0.082	0.145	0.105	0.247	116	172	134	119	90	110	69	95	73
cadm1_dose		chr21:SLX9:s:44967181|21:44967181-44973196:+	SLX9	chr21:SLX9:s:44967181	s	44967181	21:44967181-44973196:+	21	44967181	44973196	+	140.1	0.763	0.781	0.812	0.049	0.066	0.0164	ols_slope	0.7381633761149808	0.983758434534779	1	0	0.849	0.593	0.879	0.703	0.899	0.67	0.893	0.756	0.771	86	145	149	155	198	103	159	135	131
cadm1_dose		chr15:MRPS11:s:88467782|15:88467782-88467907:+	MRPS11	chr15:MRPS11:s:88467782	s	88467782	15:88467782-88467907:+	15	88467782	88467907	+	121.1	0.65	0.682	0.698	0.048	0.017	0.0222	ols_slope	0.5865183092242645	0.983758434534779	1	0	0.568	0.562	0.822	0.697	0.735	0.588	0.701	0.628	0.756	125	169	146	119	136	97	134	78	86
cadm1_dose		chr6:GMNN:t:24777221|6:24775112-24777221:+	GMNN	chr6:GMNN:t:24777221	t	24777221	6:24775112-24777221:+	6	24775112	24777221	+	134.0	0.493	0.503	0.54	0.047	0.14	0.0304	ols_slope	0.3674229316320679	0.9150517798418184	1	0	0.364	0.517	0.556	0.52	0.509	0.479	0.469	0.655	0.497	107	201	142	102	112	94	143	148	157
cadm1_dose		chr6:RPP21:t:30346712|6:30346564-30346712:+	RPP21	chr6:RPP21:t:30346712	t	30346712	6:30346564-30346712:+	6	30346564	30346712	+	110.1	0.063	0.121	0.11	0.047	0.027	0.0092	ols_slope	0.7912107083351871	0.983758434534779	0	0	0.078	0.043	0.07	0.23	0.023	0.079	0.0	0.051	0.195	103	116	100	152	130	89	74	78	149
cadm1_dose		chr19:ELAVL1:t:7963807|19:7963807-7973558:-	ELAVL1	chr19:ELAVL1:t:7963807	t	7963807	19:7963807-7973558:-	19	7963807	7973558	-	111.6	0.202	0.136	0.248	0.046	0.092	0.0227	ols_slope	0.5633908021736608	0.983758434534779	0	0	0.311	0.173	0.147	0.189	0.053	0.229	0.175	0.246	0.346	103	104	150	106	190	109	103	61	78
cadm1_dose		chr19:AKAP8:t:15368322|19:15368322-15369066:-	AKAP8	chr19:AKAP8:t:15368322	t	15368322	19:15368322-15369066:-	19	15368322	15369066	-	102.3	0.054	0.107	0.099	0.045	0.049	0.0363	ols_slope	0.35706118044240565	0.9150517798418184	0	0	0.091	0.023	0.06	0.121	0.07	0.169	0.309	0.022	0.06	99	131	84	91	171	83	55	91	116
cadm1_dose		chr17:RPL26:t:8382315|17:8382315-8382861:-	RPL26	chr17:RPL26:t:8382315	t	8382315	17:8382315-8382861:-	17	8382315	8382861	-	101.2	0.231	0.118	0.276	0.045	0.101	0.0211	ols_slope	0.5543725956486256	0.983758434534779	0	0	0.176	0.212	0.315	0.105	0.159	0.101	0.27	0.282	0.278	74	113	73	124	88	109	126	78	126
cadm1_dose		chr19:UBL5:t:9828326|19:9827984-9828326:+	UBL5	chr19:UBL5:t:9828326	t	9828326	19:9827984-9828326:+	19	9827984	9828326	+	188.0	0.712	0.759	0.758	0.045	-0.006	0.0183	ols_slope	0.6056528190313027	0.983758434534779	0	0	0.723	0.702	0.721	0.669	0.737	0.913	0.839	0.68	0.737	166	352	201	166	186	126	186	153	156
cadm1_dose		chr19:PRKCSH:t:11447692|19:11447618-11447692:+	PRKCSH	chr19:PRKCSH:t:11447692	t	11447692	19:11447618-11447692:+	19	11447618	11447692	+	115.4	0.4	0.373	0.446	0.045	0.065	0.0233	ols_slope	0.5927648136307658	0.983758434534779	0	0	0.333	0.504	0.365	0.294	0.407	0.475	0.385	0.354	0.604	84	123	200	126	113	61	91	130	111
cadm1_dose		chr19:HNRNPUL1:t:41268222|19:41264692-41268222:+	HNRNPUL1	chr19:HNRNPUL1:t:41268222	t	41268222	19:41264692-41268222:+	19	41264692	41268222	+	124.4	0.185	0.138	0.229	0.044	0.017	0.0236	ols_slope	0.5529089294095194	0.983758434534779	0	0	0.216	0.243	0.077	0.17	0.133	0.11	0.367	0.108	0.203	125	202	143	94	120	91	109	93	143
cadm1_dose		chr10:RPP38:t:15103304|10:15097766-15103304:+	RPP38	chr10:RPP38:t:15103304	t	15103304	10:15097766-15103304:+	10	15097766	15103304	+	122.9	0.196	0.241	0.24	0.043	0.064	0.033	ols_slope	0.36290726402014634	0.9150517798418184	0	0	0.228	0.158	0.21	0.198	0.265	0.252	0.238	0.423	0.133	127	152	124	101	117	151	143	71	120
cadm1_dose		chr12:NCOR2:s:124419956|12:124402558-124419956:-	NCOR2	chr12:NCOR2:s:124419956	s	124419956	12:124402558-124419956:-	12	124402558	124419956	-	121.7	0.184	0.143	0.227	0.043	0.01	0.0216	ols_slope	0.5499185056422443	0.983758434534779	0	0	0.172	0.217	0.155	0.254	0.077	0.094	0.224	0.328	0.121	93	157	142	126	142	96	116	116	107
cadm1_dose		chr10:CUTC:t:99736245|10:99732356-99736245:+	CUTC	chr10:CUTC:t:99736245	t	99736245	10:99732356-99736245:+	10	99732356	99736245	+	114.2	0.067	0.097	0.108	0.042	-0.016	0.0259	ols_slope	0.4617263889711783	0.9553558989835146	1	0	0.036	0.065	0.089	0.143	0.088	0.049	0.275	0.071	0.0	83	169	123	98	57	82	131	126	159
cadm1_dose		chr10:STK32C:s:132331435|10:132330485-132331435:-	STK32C	chr10:STK32C:s:132331435	s	132331435	10:132330485-132331435:-	10	132330485	132331435	-	164.0	0.8	0.761	0.843	0.042	0.068	0.0175	ols_slope	0.6374201056915912	0.983758434534779	0	0	0.849	0.808	0.76	0.702	0.68	0.917	0.787	0.913	0.823	146	172	208	242	125	157	136	149	141
cadm1_dose		chr11:AAMDC:s:77821241|11:77821241-77842478:+	AAMDC	chr11:AAMDC:s:77821241	s	77821241	11:77821241-77842478:+	11	77821241	77842478	+	139.8	0.847	0.867	0.888	0.041	0.035	0.0116	ols_slope	0.7480474158850604	0.983758434534779	1	0	0.764	0.935	0.828	0.886	0.868	0.846	0.94	0.942	0.714	89	123	174	105	182	104	248	121	112
cadm1_dose		chr12:TDG:s:103966060|12:103966060-103979830:+	TDG	chr12:TDG:s:103966060	s	103966060	12:103966060-103979830:+	12	103966060	103979830	+	113.6	0.231	0.185	0.271	0.041	0.122	0.0231	ols_slope	0.5693954244782549	0.983758434534779	0	0	0.141	0.316	0.196	0.195	0.202	0.121	0.295	0.376	0.121	85	133	107	159	119	58	129	125	107
cadm1_dose		chr1:MICOS10-NBL1:t:19623473|1:19597109-19623473:+	MICOS10-NBL1	chr1:MICOS10-NBL1:t:19623473	t	19623473	1:19597109-19623473:+	1	19597109	19623473	+	102.2	0.097	0.053	0.138	0.041	0.056	0.0224	ols_slope	0.5878852939052663	0.983758434534779	0	0	0.129	0.013	0.16	0.07	0.058	0.016	0.032	0.305	0.1	70	149	162	114	86	63	94	82	100
cadm1_dose		chr11:AKIP1:s:8911671|11:8911671-8912452:+	AKIP1	chr11:AKIP1:s:8911671	s	8911671	11:8911671-8912452:+	11	8911671	8912452	+	100.3	0.413	0.472	0.453	0.04	0.047	0.015	ols_slope	0.7417996337723597	0.983758434534779	0	0	0.522	0.338	0.418	0.528	0.623	0.313	0.382	0.477	0.51	90	139	158	72	61	83	110	86	104
cadm1_dose		chr17:ARHGDIA:t:81869957|17:81869957-81871297:-	ARHGDIA	chr17:ARHGDIA:t:81869957	t	81869957	17:81869957-81871297:-	17	81869957	81871297	-	148.4	0.645	0.756	0.685	0.04	-0.039	0.0115	ols_slope	0.806887271707521	0.983758434534779	0	0	0.612	0.646	0.669	0.612	0.868	0.853	0.573	0.706	0.717	183	175	242	134	91	95	82	136	198
cadm1_dose		chr3:DNAJC19:s:180988022|3:180985996-180988022:-	DNAJC19	chr3:DNAJC19:s:180988022	s	180988022	3:180985996-180988022:-	3	180985996	180988022	-	179.1	0.024	0.045	0.063	0.039	0.059	0.0359	ols_slope	0.2771519762844532	0.8930477206290177	1	0	0.019	0.0	0.046	0.0	0.04	0.085	0.021	0.016	0.244	156	168	217	190	223	247	144	185	82
cadm1_dose		chr20:NOP56:s:2656214|20:2656214-2656773:+	NOP56	chr20:NOP56:s:2656214	s	2656214	20:2656214-2656773:+	20	2656214	2656773	+	128.9	0.193	0.316	0.232	0.039	0.026	0.008	ols_slope	0.8651275405013369	0.983758434534779	0	0	0.205	0.088	0.257	0.429	0.274	0.239	0.312	0.175	0.111	127	102	144	154	117	163	173	126	54
cadm1_dose		chr1:FAAP20:t:2189781|1:2189781-2192844:-	FAAP20	chr1:FAAP20:t:2189781	t	2189781	1:2189781-2192844:-	1	2189781	2192844	-	108.8	0.108	0.083	0.148	0.039	0.078	-0.0023	ols_slope	0.948513686917639	0.9852858398157701	0	0	0.29	0.12	0.02	0.076	0.122	0.064	0.168	0.094	0.155	62	166	150	145	82	110	101	53	110
cadm1_dose		chr14:ACIN1:t:23066008|14:23066008-23069475:-	ACIN1	chr14:ACIN1:t:23066008	t	23066008	14:23066008-23069475:-	14	23066008	23069475	-	101.4	0.916	0.781	0.953	0.038	0.008	0.0179	ols_slope	0.6661564981315088	0.983758434534779	0	0	0.917	0.904	0.927	0.806	0.679	0.89	0.965	0.979	0.91	120	104	96	98	112	82	115	97	89
cadm1_dose		chr5:NPM1:s:171405403|5:171405403-171406396:+	NPM1	chr5:NPM1:s:171405403	s	171405403	5:171405403-171406396:+	5	171405403	171406396	+	100.9	0.343	0.375	0.38	0.037	0.047	0.0442	ols_slope	0.3746745385406016	0.9150517798418184	1	0	0.123	0.479	0.288	0.318	0.368	0.429	0.288	0.38	0.488	57	117	59	88	114	105	139	108	121
cadm1_dose		chr16:RNPS1:t:2264760|16:2264760-2267662:-	RNPS1	chr16:RNPS1:t:2264760	t	2264760	16:2264760-2267662:-	16	2264760	2267662	-	167.2	0.149	0.16	0.186	0.037	0.027	0.0203	ols_slope	0.6569735365604377	0.983758434534779	1	0	0.106	0.184	0.147	0.048	0.31	0.127	0.158	0.059	0.343	160	201	163	126	129	157	222	169	178
cadm1_dose		chr22:SMARCB1:t:23793558|22:23791894-23793558:+	SMARCB1	chr22:SMARCB1:t:23793558	t	23793558	22:23791894-23793558:+	22	23791894	23793558	+	123.9	0.474	0.587	0.511	0.037	0.036	0.008	ols_slope	0.880551634483139	0.983758434534779	0	0	0.571	0.332	0.617	0.417	0.704	0.659	0.538	0.467	0.564	140	190	94	108	108	82	119	180	94
cadm1_dose		chr9:CDKN2A:t:21971208|9:21971208-21994138:-	CDKN2A	chr9:CDKN2A:t:21971208	t	21971208	9:21971208-21994138:-	9	21971208	21994138	-	175.6	0.537	0.51	0.574	0.037	0.054	0.0241	ols_slope	0.575579582600205	0.983758434534779	0	0	0.465	0.522	0.637	0.603	0.463	0.412	0.511	0.54	0.718	187	251	171	194	175	102	176	200	124
cadm1_dose		chr19:USF2:s:35269699|19:35269699-35269802:+	USF2	chr19:USF2:s:35269699	s	35269699	19:35269699-35269802:+	19	35269699	35269802	+	153.4	0.324	0.431	0.361	0.037	0.054	0.0061	ols_slope	0.914959404957496	0.9852858398157701	0	0	0.38	0.294	0.315	0.635	0.337	0.333	0.508	0.231	0.287	129	180	178	137	178	114	193	143	129
cadm1_dose		chr16:KARS1:t:75641723|16:75641723-75644282:-	KARS1	chr16:KARS1:t:75641723	t	75641723	16:75641723-75644282:-	16	75641723	75644282	-	162.3	0.295	0.456	0.332	0.037	0.067	0.0068	ols_slope	0.8873608647190954	0.9852858398157701	0	0	0.327	0.224	0.378	0.359	0.44	0.543	0.19	0.409	0.371	107	214	143	156	175	208	137	181	140
cadm1_dose		chr1:NTPCR:t:232978162|1:232956443-232978162:+	NTPCR	chr1:NTPCR:t:232978162	t	232978162	1:232956443-232978162:+	1	232956443	232978162	+	106.8	0.111	0.091	0.146	0.035	0.032	0.0214	ols_slope	0.5382040284141654	0.983758434534779	0	0	0.085	0.147	0.073	0.0	0.069	0.26	0.083	0.187	0.164	71	163	109	105	131	73	109	139	61
cadm1_dose		chr4:HNRNPDL:t:82426129|4:82426129-82427189:-	HNRNPDL	chr4:HNRNPDL:t:82426129	t	82426129	4:82426129-82427189:-	4	82426129	82427189	-	168.9	0.286	0.156	0.321	0.035	-0.032	0.0181	ols_slope	0.6605261813231709	0.983758434534779	0	0	0.311	0.248	0.308	0.179	0.112	0.174	0.415	0.308	0.252	161	214	185	134	143	178	142	208	155
cadm1_dose		chr19:CIC:s:42293836|19:42293836-42293934:+	CIC	chr19:CIC:s:42293836	s	42293836	19:42293836-42293934:+	19	42293836	42293934	+	112.9	0.692	0.699	0.726	0.034	0.049	0.0265	ols_slope	0.5439358974715016	0.983758434534779	1	0	0.62	0.745	0.698	0.735	0.55	0.815	0.684	0.874	0.664	92	110	106	117	111	108	152	95	125
cadm1_dose		chr8:RPL7:t:73292797|8:73292797-73293865:-	RPL7	chr8:RPL7:t:73292797	t	73292797	8:73292797-73293865:-	8	73292797	73293865	-	155.7	0.202	0.292	0.236	0.034	0.009	0.0172	ols_slope	0.7618216056420664	0.983758434534779	0	0	0.117	0.241	0.243	0.458	0.126	0.211	0.366	0.058	0.28	171	141	218	166	103	128	161	156	157
cadm1_dose		chr5:TCOF1:t:150391956|5:150391657-150391956:+	TCOF1	chr5:TCOF1:t:150391956	t	150391956	5:150391657-150391956:+	5	150391657	150391956	+	162.6	0.577	0.616	0.61	0.033	0.063	0.0295	ols_slope	0.38722897811849194	0.915092226190477	0	0	0.5	0.498	0.69	0.635	0.553	0.632	0.612	0.544	0.709	146	203	239	192	94	125	183	171	110
cadm1_dose		chr17:NT5C:s:75131180|17:75131105-75131180:-	NT5C	chr17:NT5C:s:75131180	s	75131180	17:75131105-75131180:-	17	75131105	75131180	-	145.3	0.826	0.83	0.859	0.033	0.008	0.0128	ols_slope	0.7444818659251139	0.983758434534779	1	0	0.944	0.775	0.782	0.793	0.871	0.827	0.92	0.956	0.702	142	142	216	145	147	162	150	90	114
cadm1_dose		chr22:DDX17:t:38486440|22:38486440-38487872:-	DDX17	chr22:DDX17:t:38486440	t	38486440	22:38486440-38487872:-	22	38486440	38487872	-	146.9	0.384	0.404	0.417	0.033	0.011	0.0152	ols_slope	0.6864882468404573	0.983758434534779	1	0	0.481	0.339	0.368	0.346	0.454	0.403	0.315	0.58	0.384	79	127	114	156	185	119	168	150	224
cadm1_dose		chr6:SFT2D1:s:166342418|6:166332045-166342418:-	SFT2D1	chr6:SFT2D1:s:166342418	s	166342418	6:166332045-166342418:-	6	166332045	166342418	-	108.7	0.239	0.357	0.272	0.033	0.052	0.0036	ols_slope	0.9486162159685808	0.9852858398157701	0	0	0.343	0.154	0.241	0.5	0.388	0.101	0.31	0.183	0.267	99	123	108	108	67	69	187	71	146
cadm1_dose		chr1:PABPC4:t:39570002|1:39570002-39571096:-	PABPC4	chr1:PABPC4:t:39570002	t	39570002	1:39570002-39571096:-	1	39570002	39571096	-	171.2	0.266	0.281	0.299	0.033	0.069	-0.0032	ols_slope	0.9627832418553958	0.9852858398157701	1	0	0.299	0.423	0.095	0.487	0.11	0.318	0.459	0.184	0.156	127	215	221	117	172	148	242	158	141
cadm1_dose		chr2:EEF1B2:s:206159684|2:206159684-206159912:+	EEF1B2	chr2:EEF1B2:s:206159684	s	206159684	2:206159684-206159912:+	2	206159684	206159912	+	121.8	0.218	0.22	0.25	0.032	-0.011	0.0111	ols_slope	0.8015044605221183	0.983758434534779	1	0	0.333	0.109	0.235	0.374	0.094	0.252	0.331	0.188	0.225	108	138	166	91	138	107	118	101	129
cadm1_dose		chr19:ILF3:t:10688549|19:10687708-10688549:+	ILF3	chr19:ILF3:t:10688549	t	10688549	19:10687708-10688549:+	19	10687708	10688549	+	134.9	0.954	0.854	0.985	0.031	0.036	0.0151	ols_slope	0.734771056786888	0.983758434534779	0	0	0.868	1.0	1.0	0.73	0.977	0.818	0.971	1.0	0.988	152	176	103	100	130	99	173	117	164
cadm1_dose		chr16:HMOX2:s:4476487|16:4476487-4505483:+	HMOX2	chr16:HMOX2:s:4476487	s	4476487	16:4476487-4505483:+	16	4476487	4505483	+	108.1	0.835	0.979	0.865	0.03	0.009	0.0071	ols_slope	0.8844724390103492	0.9852858398157701	0	0	0.688	0.863	0.988	0.981	0.976	0.98	0.885	0.931	0.765	112	124	85	105	127	102	104	116	98
cadm1_dose		chr2:RAB10:s:26034735|2:26034735-26093590:+	RAB10	chr2:RAB10:s:26034735	s	26034735	2:26034735-26093590:+	2	26034735	26093590	+	100.7	0.042	0.066	0.071	0.029		0.0376	ols_slope	0.41477650945964506	0.9378044304170918	1	0	0.072	0.045	0.019	0.189	0.01	0.01	0.019	0.029	0.314	69	134	105	90	96	102	155	104	51
cadm1_dose		chr17:CEP131:s:81193925|17:81192843-81193925:-	CEP131	chr17:CEP131:s:81193925	s	81193925	17:81192843-81193925:-	17	81192843	81193925	-	158.1	0.722	0.788	0.751	0.029	0.015	0.0196	ols_slope	0.5872549471123056	0.983758434534779	0	0	0.644	0.851	0.66	0.762	0.87	0.744	0.817	0.689	0.767	180	181	147	189	131	129	153	193	120
cadm1_dose		chr4:OCIAD1:t:48832619|4:48831249-48832619:+	OCIAD1	chr4:OCIAD1:t:48832619	t	48832619	4:48831249-48832619:+	4	48831249	48832619	+	135.3	0.773	0.723	0.801	0.028	-0.03	0.0179	ols_slope	0.7062398389534066	0.983758434534779	0	0	0.881	0.771	0.66	0.729	0.842	0.54	0.83	0.821	0.769	109	153	103	133	165	113	88	168	186
cadm1_dose		chr1:C1orf35:t:228103049|1:228103049-228103133:-	C1orf35	chr1:C1orf35:t:228103049	t	228103049	1:228103049-228103133:-	1	228103049	228103133	-	270.3	0.757	0.728	0.783	0.026	-0.043	0.0125	ols_slope	0.7169189556146964	0.983758434534779	0	0	0.69	0.725	0.853	0.646	0.715	0.865	0.765	0.742	0.835	332	258	320	274	316	192	251	229	261
cadm1_dose		chr19:CNOT3:s:54144332|19:54144332-54145594:+	CNOT3	chr19:CNOT3:s:54144332	s	54144332	19:54144332-54145594:+	19	54144332	54145594	+	104.1	0.295	0.199	0.32	0.025	0.009	0.0109	ols_slope	0.8093881387153968	0.983758434534779	0	0	0.29	0.274	0.319	0.237	0.041	0.262	0.211	0.351	0.387	62	84	91	135	74	107	114	151	119
cadm1_dose		chr9:TMEM141:s:136791777|9:136791777-136792250:+	TMEM141	chr9:TMEM141:s:136791777	s	136791777	9:136791777-136792250:+	9	136791777	136792250	+	100.9	0.225	0.241	0.25	0.025	0.068	-0.0075	ols_slope	0.8636877162220182	0.983758434534779	1	0	0.418	0.133	0.2	0.224	0.333	0.129	0.161	0.295	0.25	79	128	140	85	102	70	56	112	136
cadm1_dose		chr1:SNRPE:t:203863662|1:203861955-203863662:+	SNRPE	chr1:SNRPE:t:203863662	t	203863662	1:203861955-203863662:+	1	203861955	203863662	+	126.9	0.219	0.209	0.244	0.025	0.044	0.0135	ols_slope	0.7235973664688605	0.983758434534779	0	0	0.223	0.206	0.236	0.301	0.173	0.16	0.39	0.258	0.098	103	141	89	123	133	131	141	128	153
cadm1_dose		chr4:MRPS18C:t:83459739|4:83458429-83459739:+	MRPS18C	chr4:MRPS18C:t:83459739	t	83459739	4:83458429-83459739:+	4	83458429	83459739	+	159.7	0.463	0.578	0.487	0.025	-0.011	0.0027	ols_slope	0.9600612134880228	0.9852858398157701	0	0	0.55	0.464	0.362	0.54	0.667	0.509	0.283	0.602	0.506	131	220	116	137	186	167	120	186	174
cadm1_dose		chr1:NASP:t:45613168|1:45606591-45613168:+	NASP	chr1:NASP:t:45613168	t	45613168	1:45606591-45613168:+	1	45606591	45613168	+	136.6	0.635	0.713	0.659	0.024	0.077	0.0076	ols_slope	0.8527224324788645	0.983758434534779	0	0	0.757	0.712	0.483	0.627	0.729	0.738	0.628	0.613	0.756	115	111	147	59	129	122	199	191	156
cadm1_dose		chr20:NOP56:t:2656400|20:2656034-2656400:+	NOP56	chr20:NOP56:t:2656400	t	2656400	20:2656034-2656400:+	20	2656034	2656400	+	139.8	0.28	0.32	0.304	0.024	0.081	0.0241	ols_slope	0.5285401968665439	0.983758434534779	0	0	0.198	0.368	0.257	0.31	0.418	0.239	0.296	0.231	0.442	126	152	144	129	146	163	169	143	86
cadm1_dose		chr2:CCT4:s:61888380|2:61888257-61888380:-	CCT4	chr2:CCT4:s:61888380	s	61888380	2:61888257-61888380:-	2	61888257	61888380	-	323.1	0.364	0.335	0.387	0.023	0.021	0.0152	ols_slope	0.6553619676160992	0.983758434534779	0	0	0.442	0.327	0.344	0.32	0.381	0.303	0.264	0.455	0.484	283	407	343	306	299	290	405	224	351
cadm1_dose		chr8:SNHG6:s:66925436|8:66922725-66925436:-	SNHG6	chr8:SNHG6:s:66925436	s	66925436	8:66922725-66925436:-	8	66922725	66925436	-	272.7	0.683	0.791	0.706	0.023	0.012	0.0121	ols_slope	0.7550579288970304	0.983758434534779	0	0	0.764	0.711	0.561	0.716	0.834	0.841	0.675	0.68	0.753	195	439	230	292	277	201	289	219	312
cadm1_dose		chr16:VKORC1:t:31091342|16:31091342-31093311:-	VKORC1	chr16:VKORC1:t:31091342	t	31091342	16:31091342-31093311:-	16	31091342	31093311	-	122.7	0.461	0.329	0.483	0.023	-0.042	0.019	ols_slope	0.7652760956875225	0.983758434534779	0	0	0.326	0.636	0.385	0.321	0.428	0.208	0.632	0.374	0.456	89	121	122	159	145	106	125	147	90
cadm1_dose		chr19:BCL2L12:s:49666799|19:49666799-49667018:+	BCL2L12	chr19:BCL2L12:s:49666799	s	49666799	19:49666799-49667018:+	19	49666799	49667018	+	108.1	0.683	0.85	0.704	0.022	0.028	0.0086	ols_slope	0.8757504631582534	0.983758434534779	0	0	0.738	0.603	0.728	0.895	0.957	0.698	0.683	0.829	0.609	80	121	114	105	92	96	104	123	138
cadm1_dose		chr20:SMIM26:s:18567596|20:18567596-18569235:+	SMIM26	chr20:SMIM26:s:18567596	s	18567596	20:18567596-18569235:+	20	18567596	18569235	+	127.7	0.267	0.286	0.29	0.022	-0.038	0.0168	ols_slope	0.6741358981325437	0.983758434534779	1	0	0.216	0.236	0.311	0.184	0.423	0.297	0.179	0.279	0.406	88	110	180	163	111	138	84	179	96
cadm1_dose		chr16:METTL26:t:635340|16:635340-636093:-	METTL26	chr16:METTL26:t:635340	t	635340	16:635340-636093:-	16	635340	636093	-	140.8	0.647	0.694	0.668	0.022	-0.029	0.0064	ols_slope	0.8743703283654238	0.983758434534779	0	0	0.694	0.631	0.633	0.581	0.724	0.866	0.597	0.75	0.65	134	176	259	136	127	67	119	132	117
cadm1_dose		chr19:PTBP1:t:806407|19:805187-806407:+	PTBP1	chr19:PTBP1:t:806407	t	806407	19:805187-806407:+	19	805187	806407	+	304.0	0.397	0.369	0.419	0.022	-0.027	0.0108	ols_slope	0.798988006891072	0.983758434534779	0	0	0.383	0.359	0.46	0.422	0.416	0.163	0.387	0.382	0.498	334	432	337	332	250	141	313	322	275
cadm1_dose		chr9:GTF3C5:t:133056011|9:133054809-133056011:+	GTF3C5	chr9:GTF3C5:t:133056011	t	133056011	9:133054809-133056011:+	9	133054809	133056011	+	104.7	0.798	0.847	0.82	0.022	0.018	0.0125	ols_slope	0.7298954555098102	0.983758434534779	0	0	0.827	0.741	0.839	0.7	0.876	0.98	0.797	0.867	0.818	98	112	87	110	89	101	138	75	132
cadm1_dose		chr19:SAFB:s:5657347|19:5657347-5661517:+	SAFB	chr19:SAFB:s:5657347	s	5657347	19:5657347-5661517:+	19	5657347	5661517	+	268.6	0.349	0.44	0.37	0.021	0.064	0.0159	ols_slope	0.6456144773008198	0.983758434534779	0	0	0.278	0.358	0.376	0.395	0.385	0.557	0.367	0.42	0.32	187	321	378	190	270	201	286	300	284
cadm1_dose		chr17:AURKB:s:8210529|17:8210249-8210529:-	AURKB	chr17:AURKB:s:8210529	s	8210529	17:8210249-8210529:-	17	8210249	8210529	-	115.6	0.601	0.554	0.621	0.02	0.026	0.0088	ols_slope	0.8055988909232391	0.983758434534779	0	0	0.629	0.641	0.565	0.556	0.477	0.695	0.524	0.712	0.652	97	78	161	126	174	95	105	66	138
cadm1_dose		chr17:RPL19:s:39202443|17:39202443-39202993:+	RPL19	chr17:RPL19:s:39202443	s	39202443	17:39202443-39202993:+	17	39202443	39202993	+	139.3	0.969	0.896	0.989	0.02	0.024	0.0102	ols_slope	0.7697656210447316	0.983758434534779	0	0	1.0	0.946	0.966	0.754	0.946	0.911	0.973	1.0	1.0	145	166	148	61	130	146	187	144	127
cadm1_dose		chr12:ARL6IP4:t:122981570|12:122981299-122981570:+	ARL6IP4	chr12:ARL6IP4:t:122981570	t	122981570	12:122981299-122981570:+	12	122981299	122981570	+	129.2	0.839	0.871	0.859	0.02	0.056	0.0118	ols_slope	0.7294327857055001	0.983758434534779	0	0	0.789	0.874	0.83	0.821	0.924	0.873	0.714	0.974	0.875	95	174	135	184	171	134	98	116	56
cadm1_dose		chr1:ENSG00000233461:s:231527337|1:231522637-231527337:-	ENSG00000233461	chr1:ENSG00000233461:s:231527337	s	231527337	1:231522637-231527337:-	1	231522637	231527337	-	117.0	0.794	0.923	0.814	0.02	0.046	-0.0016	ols_slope	0.9635207597943294	0.9852858398157701	0	0	0.775	0.779	0.859	0.95	0.899	0.917	0.897	0.723	0.783	102	145	64	121	109	120	155	94	143
cadm1_dose		chr1:RBM34:t:235155112|1:235155112-235160510:-	RBM34	chr1:RBM34:t:235155112	t	235155112	1:235155112-235160510:-	1	235155112	235160510	-	106.9	0.675	0.848	0.694	0.019	0.082	-0.0157	ols_slope	0.7921017946378931	0.983758434534779	0	0	0.608	0.635	0.93	0.984	0.82	0.798	0.653	0.691	0.735	97	115	43	61	111	104	144	136	151
cadm1_dose		chr2:HTRA2:t:74532819|2:74532714-74532819:+	HTRA2	chr2:HTRA2:t:74532819	t	74532819	2:74532714-74532819:+	2	74532714	74532819	+	170.6	0.727	0.745	0.746	0.019	-0.002	0.0088	ols_slope	0.8230037843246448	0.983758434534779	1	0	0.641	0.699	0.822	0.738	0.697	0.787	0.767	0.586	0.862	170	146	197	210	132	188	180	145	167
cadm1_dose		chr17:UBTF:s:44212818|17:44212006-44212818:-	UBTF	chr17:UBTF:s:44212818	s	44212818	17:44212006-44212818:-	17	44212006	44212818	-	186.4	0.234	0.258	0.252	0.018	0.035	0.0252	ols_slope	0.5398229179576767	0.983758434534779	0	0	0.11	0.316	0.23	0.246	0.352	0.166	0.33	0.139	0.338	136	212	161	199	199	175	200	251	145
cadm1_dose		chr14:PYGL:t:50935185|14:50935185-50944160:-	PYGL	chr14:PYGL:t:50935185	t	50935185	14:50935185-50944160:-	14	50935185	50944160	-	106.8	0.126	0.065	0.144	0.018	-0.041	0.0134	ols_slope	0.7003081088371671	0.983758434534779	0	0	0.083	0.178	0.076	0.083	0.068	0.029	0.0	0.187	0.231	72	146	92	109	147	68	100	123	104
cadm1_dose		chr17:AURKB:t:8207840|17:8207840-8210176:-	AURKB	chr17:AURKB:t:8207840	t	8207840	17:8207840-8210176:-	17	8207840	8210176	-	153.6	0.763	0.655	0.78	0.017	0.012	0.013	ols_slope	0.7455106480712591	0.983758434534779	0	0	0.687	0.83	0.755	0.644	0.603	0.759	0.675	0.854	0.821	115	153	208	146	204	116	154	130	156
cadm1_dose		chr2:MFF:s:227325427|2:227325427-227332418:+	MFF	chr2:MFF:s:227325427	s	227325427	2:227325427-227332418:+	2	227325427	227332418	+	145.1	0.209	0.248	0.225	0.016	-0.002	0.0158	ols_slope	0.7251729297918577	0.983758434534779	0	0	0.03	0.234	0.287	0.328	0.212	0.208	0.095	0.224	0.327	100	167	174	119	132	120	158	134	202
cadm1_dose		chr6:HMGA1:t:34242711|6:34240882-34242711:+	HMGA1	chr6:HMGA1:t:34242711	t	34242711	6:34240882-34242711:+	6	34240882	34242711	+	220.0	0.248	0.255	0.264	0.016	0.031	0.0087	ols_slope	0.833857208786615	0.983758434534779	1	0	0.299	0.253	0.208	0.214	0.236	0.335	0.297	0.42	0.095	211	292	303	243	229	179	246	119	158
cadm1_dose		chr10:RPP38:t:15103304|10:15097409-15103304:+	RPP38	chr10:RPP38:t:15103304	t	15103304	10:15097409-15103304:+	10	15097409	15103304	+	122.9	0.335	0.417	0.35	0.015	-0.07	0.0016	ols_slope	0.9721636098412444	0.9852858398157701	0	0	0.48	0.342	0.177	0.495	0.41	0.371	0.392	0.268	0.35	127	152	124	101	117	151	143	71	120
cadm1_dose		chr4:OCIAD1:t:48832619|4:48831496-48832619:+	OCIAD1	chr4:OCIAD1:t:48832619	t	48832619	4:48831496-48832619:+	4	48831496	48832619	+	135.3	0.137	0.175	0.152	0.015	0.03	0.001	ols_slope	0.9802200610701561	0.9890508724311485	0	0	0.055	0.098	0.282	0.15	0.097	0.319	0.125	0.149	0.167	109	153	103	133	165	113	88	168	186
cadm1_dose		chr6:EPB41L2:s:130885095|6:130880206-130885095:-	EPB41L2	chr6:EPB41L2:s:130885095	s	130885095	6:130880206-130885095:-	6	130880206	130885095	-	108.8	0.333	0.483	0.346	0.013	0.048	0.0223	ols_slope	0.6660371317126129	0.983758434534779	0	0	0.346	0.316	0.342	0.622	0.355	0.467	0.402	0.235	0.5	81	114	114	119	110	152	87	136	66
cadm1_dose		chr17:RPL19:t:39202993|17:39202443-39202993:+	RPL19	chr17:RPL19:t:39202993	t	39202993	17:39202443-39202993:+	17	39202443	39202993	+	140.8	0.963	0.886	0.976	0.013	0.024	0.0069	ols_slope	0.8555642782796525	0.983758434534779	0	0	0.98	0.946	0.966	0.719	0.939	0.911	0.973	0.96	1.0	148	166	148	64	131	146	187	150	127
cadm1_dose		chr3:NAA50:s:113745941|3:113724095-113745941:-	NAA50	chr3:NAA50:s:113745941	s	113745941	3:113724095-113745941:-	3	113724095	113745941	-	134.1	0.671	0.677	0.683	0.013	0.054	0.0018	ols_slope	0.9625201655817153	0.9852858398157701	1	0	0.754	0.627	0.653	0.661	0.58	0.847	0.644	0.632	0.768	142	204	170	124	150	98	90	117	112
cadm1_dose		chr16:HIRIP3:t:29993808|16:29993808-29995102:-	HIRIP3	chr16:HIRIP3:t:29993808	t	29993808	16:29993808-29995102:-	16	29993808	29995102	-	123.6	0.31	0.356	0.322	0.012	0.098	0.0205	ols_slope	0.5608981385399608	0.983758434534779	0	0	0.317	0.261	0.362	0.315	0.439	0.273	0.258	0.484	0.321	104	153	130	130	164	99	159	64	109
cadm1_dose		chr17:CEP131:t:81192593|17:81192593-81193925:-	CEP131	chr17:CEP131:t:81192593	t	81192593	17:81192593-81193925:-	17	81192593	81193925	-	146.1	0.28	0.23	0.291	0.012	0.05	0.0014	ols_slope	0.9670096931118347	0.9852858398157701	0	0	0.405	0.164	0.276	0.254	0.165	0.248	0.289	0.331	0.233	158	165	181	177	103	133	97	181	120
cadm1_dose		chr2:BOLA3:t:74135658|2:74135658-74145188:-	BOLA3	chr2:BOLA3:t:74135658	t	74135658	2:74135658-74145188:-	2	74135658	74145188	-	153.7	0.702	0.631	0.715	0.012	0.052	-0.0016	ols_slope	0.9697601124895149	0.9852858398157701	0	0	0.842	0.647	0.671	0.577	0.559	0.763	0.683	0.797	0.669	139	255	167	156	93	114	180	143	136
cadm1_dose		chrX:HSD17B10:t:53431594|X:53431594-53431797:-	HSD17B10	chrX:HSD17B10:t:53431594	t	53431594	X:53431594-53431797:-	X	53431594	53431797	-	115.6	0.919	0.86	0.931	0.012	-0.018	0.0025	ols_slope	0.9499468505177178	0.9852858398157701	0	0	1.0	0.861	0.931	0.947	0.898	0.712	0.926	0.881	1.0	68	115	101	133	98	104	135	159	127
cadm1_dose		chr11:GATD1:s:771332|11:770398-771332:-	GATD1	chr11:GATD1:s:771332	s	771332	11:770398-771332:-	11	770398	771332	-	102.8	0.097	0.041	0.108	0.011	-0.02	0.0167	ols_slope	0.6350882840757134	0.983758434534779	0	0	0.152	0.03	0.139	0.025	0.075	0.025	0.058	0.101	0.263	105	164	122	81	93	120	103	99	38
cadm1_dose		chr5:TCOF1:s:150390023|5:150390023-150391543:+	TCOF1	chr5:TCOF1:s:150390023	s	150390023	5:150390023-150391543:+	5	150390023	150391543	+	100.3	0.329	0.388	0.339	0.011	0.088	0.0135	ols_slope	0.6944940288273145	0.983758434534779	0	0	0.207	0.32	0.426	0.386	0.3	0.452	0.377	0.284	0.373	92	150	129	114	60	84	114	109	51
cadm1_dose		chr10:DNAJB12:t:72334617|10:72334617-72335779:-	DNAJB12	chr10:DNAJB12:t:72334617	t	72334617	10:72334617-72335779:-	10	72334617	72335779	-	177.8	0.747	0.766	0.758	0.011	-0.007	0.014	ols_slope	0.6967018558877072	0.983758434534779	0	0	0.794	0.808	0.637	0.708	0.827	0.76	0.841	0.645	0.837	136	198	171	161	173	167	208	251	135
cadm1_dose		chr21:NDUFV3:t:42908863|21:42904276-42908863:+	NDUFV3	chr21:NDUFV3:t:42908863	t	42908863	21:42904276-42908863:+	21	42904276	42908863	+	204.4	0.281	0.257	0.292	0.011	0.053	0.0072	ols_slope	0.8383360516099695	0.983758434534779	0	0	0.164	0.364	0.287	0.205	0.359	0.211	0.208	0.291	0.359	165	214	247	224	217	228	154	199	192
cadm1_dose		chr14:BCL2L2-PABPN1:s:23308199|14:23308199-23308815:+	BCL2L2-PABPN1	chr14:BCL2L2-PABPN1:s:23308199	s	23308199	14:23308199-23308815:+	14	23308199	23308815	+	100.1	0.293	0.252	0.304	0.011	0.001	0.0034	ols_slope	0.9360515176513418	0.9852858398157701	0	0	0.402	0.306	0.19	0.339	0.11	0.327	0.276	0.393	0.25	87	98	105	109	118	98	105	89	92
cadm1_dose		chr12:MYL6:t:56161386|12:56160320-56161386:+	MYL6	chr12:MYL6:t:56161386	t	56161386	12:56160320-56161386:+	12	56160320	56161386	+	195.7	0.499	0.562	0.51	0.011	0.048	0.0037	ols_slope	0.9188363988397018	0.9852858398157701	0	0	0.62	0.498	0.392	0.596	0.612	0.455	0.454	0.568	0.511	166	229	186	213	188	156	196	190	237
cadm1_dose		chr19:DMKN:s:35505717|19:35502886-35505717:-	DMKN	chr19:DMKN:s:35505717	s	35505717	19:35502886-35505717:-	19	35502886	35505717	-	261.7	0.337	0.36	0.346	0.009	-0.008	0.006	ols_slope	0.8591117344611395	0.983758434534779	0	0	0.358	0.23	0.407	0.344	0.46	0.255	0.281	0.354	0.395	226	244	305	250	315	263	224	285	243
cadm1_dose		chr19:FKBP8:s:18539370|19:18538433-18539370:-	FKBP8	chr19:FKBP8:s:18539370	s	18539370	19:18538433-18539370:-	19	18538433	18539370	-	157.1	0.309	0.269	0.317	0.008	-0.037	0.0072	ols_slope	0.8550933008883471	0.983758434534779	0	0	0.278	0.199	0.398	0.315	0.305	0.179	0.429	0.196	0.294	151	166	259	162	151	140	133	92	160
cadm1_dose		chr12:TDG:t:103979830|12:103977060-103979830:+	TDG	chr12:TDG:t:103979830	t	103979830	12:103977060-103979830:+	12	103977060	103979830	+	118.6	0.74	0.841	0.747	0.008	-0.049	0.0065	ols_slope	0.8750563602961304	0.983758434534779	0	0	0.846	0.71	0.677	0.783	0.863	0.904	0.765	0.647	0.86	78	145	65	143	175	73	162	133	93
cadm1_dose		chr12:MYL6:s:56160320|12:56160320-56161386:+	MYL6	chr12:MYL6:s:56160320	s	56160320	12:56160320-56161386:+	12	56160320	56161386	+	151.0	0.65	0.728	0.658	0.008	0.038	-0.0016	ols_slope	0.9635920093552981	0.9852858398157701	0	0	0.811	0.591	0.579	0.709	0.728	0.763	0.61	0.697	0.665	127	193	126	179	158	93	146	155	182
cadm1_dose		chr1:C1orf43:s:154220341|1:154214574-154220341:-	C1orf43	chr1:C1orf43:s:154220341	s	154220341	1:154214574-154220341:-	1	154214574	154220341	-	119.0	0.372	0.407	0.378	0.006	-0.049	0.0045	ols_slope	0.9173302812854698	0.9852858398157701	0	0	0.329	0.424	0.357	0.296	0.412	0.507	0.532	0.234	0.371	79	125	199	135	119	144	77	77	116
cadm1_dose		chr17:ANAPC11:t:81893551|17:81891841-81893551:+	ANAPC11	chr17:ANAPC11:t:81893551	t	81893551	17:81891841-81893551:+	17	81891841	81893551	+	125.6	0.443	0.296	0.448	0.005	0.043	0.0101	ols_slope	0.8260865418281204	0.983758434534779	0	0	0.398	0.497	0.417	0.293	0.268	0.347	0.336	0.448	0.589	98	181	206	140	123	72	119	96	95
cadm1_dose		chr9:FUBP3:s:130632278|9:130632278-130634666:+	FUBP3	chr9:FUBP3:s:130632278	s	130632278	9:130632278-130634666:+	9	130632278	130634666	+	112.2	0.876	0.861	0.881	0.004	0.034	-0.0106	ols_slope	0.7923599723076145	0.983758434534779	0	0	0.87	0.868	0.886	0.845	0.925	0.806	0.976	0.663	0.921	77	121	158	110	107	93	166	89	89
cadm1_dose		chr8:EEF1D:t:143586852|8:143586852-143597347:-	EEF1D	chr8:EEF1D:t:143586852	t	143586852	8:143586852-143597347:-	8	143586852	143597347	-	140.4	0.627	0.57	0.631	0.004	-0.023	0.0027	ols_slope	0.9444715676808552	0.9852858398157701	0	0	0.795	0.529	0.58	0.603	0.508	0.598	0.674	0.67	0.576	156	210	119	116	118	117	141	103	184
cadm1_dose		chr17:CHD3:s:7907488|17:7907488-7907600:+	CHD3	chr17:CHD3:s:7907488	s	7907488	17:7907488-7907600:+	17	7907488	7907600	+	145.8	0.726	0.814	0.73	0.003	-0.021	0.0019	ols_slope	0.9694829480068369	0.9852858398157701	0	0	0.62	0.812	0.71	0.842	0.674	0.935	0.786	0.593	0.775	100	170	238	171	129	108	168	108	120
cadm1_dose		chr2:HTRA2:s:74531925|2:74531925-74532819:+	HTRA2	chr2:HTRA2:s:74531925	s	74531925	2:74531925-74532819:+	2	74531925	74532819	+	102.6	0.432	0.433	0.436	0.003	0.026	0.0062	ols_slope	0.9188132546732815	0.9852858398157701	1	0	0.575	0.419	0.31	0.462	0.392	0.44	0.424	0.69	0.228	106	105	113	119	102	91	99	87	101
cadm1_dose		chr9:ENTR1:t:136407938|9:136407938-136408998:-	ENTR1	chr9:ENTR1:t:136407938	t	136407938	9:136407938-136408998:-	9	136407938	136408998	-	115.9	0.195	0.229	0.198	0.003	0.053	0.0016	ols_slope	0.9652236357751297	0.9852858398157701	0	0	0.111	0.321	0.208	0.295	0.118	0.287	0.123	0.262	0.265	99	53	120	149	152	122	162	84	102
cadm1_dose		chr3:POC1A:t:52075985|3:52075985-52122378:-	POC1A	chr3:POC1A:t:52075985	t	52075985	3:52075985-52122378:-	3	52075985	52122378	-	123.1	0.288	0.364	0.292	0.003	0.001	0.0004	ols_slope	0.9920919024555455	0.9965407450674537	0	0	0.331	0.324	0.222	0.39	0.24	0.474	0.27	0.276	0.333	127	148	162	100	121	114	126	105	105
cadm1_dose		chr7:SSBP1:t:141739123|7:141738503-141739123:+	SSBP1	chr7:SSBP1:t:141739123	t	141739123	7:141738503-141739123:+	7	141738503	141739123	+	118.8	0.548	0.539	0.549	0.001	-0.046	0.0177	ols_slope	0.7614489801964414	0.983758434534779	0	0	0.346	0.559	0.634	0.399	0.639	0.75	0.544	0.636	0.464	78	188	161	183	97	76	114	88	84
cadm1_dose		chr16:TRAPPC2L:s:88859972|16:88859972-88860913:+	TRAPPC2L	chr16:TRAPPC2L:s:88859972	s	88859972	16:88859972-88860913:+	16	88859972	88860913	+	103.7	0.656	0.72	0.654	-0.001	-0.015	0.0167	ols_slope	0.6342923319225069	0.983758434534779	0	0	0.542	0.689	0.656	0.644	0.766	0.76	0.571	0.681	0.734	48	167	186	104	107	75	105	47	94
cadm1_dose		chr16:RNPS1:t:2264760|16:2264760-2268054:-	RNPS1	chr16:RNPS1:t:2264760	t	2264760	16:2264760-2268054:-	16	2264760	2268054	-	167.2	0.742	0.748	0.742	-0.001	-0.013	-0.0015	ols_slope	0.9710002475130677	0.9852858398157701	0	0	0.756	0.687	0.798	0.77	0.636	0.822	0.743	0.882	0.607	160	201	163	126	129	157	222	169	178
cadm1_dose		chr8:PUF60:s:143829279|8:143824399-143829279:-	PUF60	chr8:PUF60:s:143829279	s	143829279	8:143824399-143829279:-	8	143824399	143829279	-	225.1	0.654	0.734	0.652	-0.002	0.027	-0.0107	ols_slope	0.7563542793494559	0.983758434534779	0	0	0.806	0.638	0.574	0.769	0.75	0.661	0.686	0.65	0.618	170	326	258	273	168	168	245	180	238
cadm1_dose		chr19:DMKN:s:35509910|19:35508240-35509910:-	DMKN	chr19:DMKN:s:35509910	s	35509910	19:35508240-35509910:-	19	35508240	35509910	-	100.3	0.23	0.165	0.226	-0.003	-0.099	0.0172	ols_slope	0.7526882899734267	0.983758434534779	0	0	0.046	0.279	0.348	0.111	0.2	0.167	0.103	0.413	0.26	87	165	66	90	135	108	116	63	73
cadm1_dose		chr17:SAT2:t:7627414|17:7627414-7627552:-	SAT2	chr17:SAT2:t:7627414	t	7627414	17:7627414-7627552:-	17	7627414	7627552	-	107.1	0.69	0.862	0.688	-0.003	-0.003	-0.0083	ols_slope	0.8769526735025933	0.983758434534779	0	0	0.674	0.74	0.654	0.701	0.96	0.87	0.761	0.696	0.562	86	123	130	67	101	92	138	138	89
cadm1_dose		chr17:CHD3:s:7907488|17:7907488-7907893:+	CHD3	chr17:CHD3:s:7907488	s	7907488	17:7907488-7907893:+	17	7907488	7907893	+	145.8	0.274	0.186	0.27	-0.003	0.021	-0.0019	ols_slope	0.9694829480068365	0.9852858398157701	0	0	0.38	0.188	0.29	0.158	0.326	0.065	0.214	0.407	0.225	100	170	238	171	129	108	168	108	120
cadm1_dose		chr2:HTRA2:s:74531925|2:74531925-74532618:+	HTRA2	chr2:HTRA2:s:74531925	s	74531925	2:74531925-74532618:+	2	74531925	74532618	+	102.6	0.568	0.567	0.564	-0.003	-0.026	-0.0062	ols_slope	0.9188132546732818	0.9852858398157701	1	0	0.425	0.581	0.69	0.538	0.608	0.56	0.576	0.31	0.772	106	105	113	119	102	91	99	87	101
cadm1_dose		chr9:FUBP3:s:130632278|9:130632278-130635998:+	FUBP3	chr9:FUBP3:s:130632278	s	130632278	9:130632278-130635998:+	9	130632278	130635998	+	112.2	0.124	0.139	0.119	-0.004	-0.034	0.0106	ols_slope	0.792359972307614	0.983758434534779	0	0	0.13	0.132	0.114	0.155	0.075	0.194	0.024	0.337	0.079	77	121	158	110	107	93	166	89	89
cadm1_dose		chr1:AURKAIP1:t:1374790|1:1374790-1374996:-	AURKAIP1	chr1:AURKAIP1:t:1374790	t	1374790	1:1374790-1374996:-	1	1374790	1374996	-	142.7	0.225	0.307	0.221	-0.004	-0.022	0.0072	ols_slope	0.855009503666572	0.983758434534779	0	0	0.11	0.171	0.344	0.36	0.248	0.32	0.25	0.152	0.267	136	170	209	125	137	122	152	132	101
cadm1_dose		chr16:LUC7L:s:229278|16:227336-229278:-	LUC7L	chr16:LUC7L:s:229278	s	229278	16:227336-229278:-	16	227336	229278	-	105.3	0.882	0.932	0.877	-0.005	-0.061	0.0134	ols_slope	0.7082870396705981	0.983758434534779	0	0	0.747	0.946	0.908	0.922	0.977	0.865	0.821	1.0	0.861	87	130	130	102	133	74	106	64	122
cadm1_dose		chr1:C1orf43:s:154220341|1:154219937-154220341:-	C1orf43	chr1:C1orf43:s:154220341	s	154220341	1:154219937-154220341:-	1	154219937	154220341	-	119.0	0.628	0.593	0.622	-0.006	0.049	-0.0045	ols_slope	0.9173302812854699	0.9852858398157701	0	0	0.671	0.576	0.643	0.704	0.588	0.493	0.468	0.766	0.629	79	125	199	135	119	144	77	77	116
cadm1_dose		chr20:NOP56:t:2656773|20:2656214-2656773:+	NOP56	chr20:NOP56:t:2656773	t	2656773	20:2656214-2656773:+	20	2656214	2656773	+	190.1	0.146	0.217	0.139	-0.007	-0.049	-0.0079	ols_slope	0.8178230196934586	0.983758434534779	0	0	0.156	0.066	0.197	0.276	0.156	0.21	0.216	0.114	0.041	167	137	188	239	205	186	250	193	146
cadm1_dose		chr12:PYM1:t:55903480|12:55903480-55927724:-	PYM1	chr12:PYM1:t:55903480	t	55903480	12:55903480-55927724:-	12	55903480	55927724	-	111.0	0.75	0.869	0.743	-0.007	0.052	-0.0052	ols_slope	0.9179428990502038	0.9852858398157701	0	0	0.637	0.849	0.712	0.965	0.815	0.852	0.836	0.634	0.697	91	152	125	86	130	81	152	93	89
cadm1_dose		chrX:CITED1:t:72302934|X:72302934-72306476:-	CITED1	chrX:CITED1:t:72302934	t	72302934	X:72302934-72306476:-	X	72302934	72306476	-	236.0	0.288	0.235	0.281	-0.007	-0.004	0.0008	ols_slope	0.9841890866871753	0.9908240692940551	0	0	0.276	0.393	0.178	0.218	0.348	0.177	0.23	0.385	0.235	214	295	259	193	164	265	282	231	221
cadm1_dose		chr19:FKBP8:s:18539370|19:18538436-18539370:-	FKBP8	chr19:FKBP8:s:18539370	s	18539370	19:18538436-18539370:-	19	18538436	18539370	-	157.1	0.691	0.731	0.683	-0.008	0.037	-0.0072	ols_slope	0.8550933008883472	0.983758434534779	0	0	0.722	0.801	0.602	0.685	0.695	0.821	0.571	0.804	0.706	151	166	259	162	151	140	133	92	160
cadm1_dose		chr12:TDG:t:103979830|12:103966060-103979830:+	TDG	chr12:TDG:t:103979830	t	103979830	12:103966060-103979830:+	12	103966060	103979830	+	118.6	0.26	0.159	0.253	-0.008	0.049	-0.0065	ols_slope	0.87505636029613	0.983758434534779	0	0	0.154	0.29	0.323	0.217	0.137	0.096	0.235	0.353	0.14	78	145	65	143	175	73	162	133	93
cadm1_dose		chr12:MYL6:s:56160320|12:56160320-56160625:+	MYL6	chr12:MYL6:s:56160320	s	56160320	12:56160320-56160625:+	12	56160320	56160625	+	151.0	0.35	0.272	0.342	-0.008	-0.038	0.0016	ols_slope	0.9635920093552985	0.9852858398157701	0	0	0.189	0.409	0.421	0.291	0.272	0.237	0.39	0.303	0.335	127	193	126	179	158	93	146	155	182
cadm1_dose		chr19:DMKN:s:35505717|19:35503447-35505717:-	DMKN	chr19:DMKN:s:35505717	s	35505717	19:35503447-35505717:-	19	35503447	35505717	-	261.7	0.663	0.64	0.654	-0.009	0.008	-0.006	ols_slope	0.8591117344611398	0.983758434534779	0	0	0.642	0.77	0.593	0.656	0.54	0.745	0.719	0.646	0.605	226	244	305	250	315	263	224	285	243
cadm1_dose		chr5:TCOF1:s:150390023|5:150390023-150391956:+	TCOF1	chr5:TCOF1:s:150390023	s	150390023	5:150390023-150391956:+	5	150390023	150391956	+	100.3	0.671	0.612	0.661	-0.011	-0.088	-0.0135	ols_slope	0.6944940288273147	0.983758434534779	0	0	0.793	0.68	0.574	0.614	0.7	0.548	0.623	0.716	0.627	92	150	129	114	60	84	114	109	51
cadm1_dose		chr16:VKORC1:t:31091342|16:31091342-31094556:-	VKORC1	chr16:VKORC1:t:31091342	t	31091342	16:31091342-31094556:-	16	31091342	31094556	-	122.7	0.527	0.617	0.517	-0.011	0.042	-0.0135	ols_slope	0.808818016966857	0.983758434534779	0	0	0.674	0.331	0.615	0.654	0.572	0.623	0.368	0.626	0.544	89	121	122	159	145	106	125	147	90
cadm1_dose		chr15:COMMD4:s:75339344|15:75339344-75339964:+	COMMD4	chr15:COMMD4:s:75339344	s	75339344	15:75339344-75339964:+	15	75339344	75339964	+	207.6	0.327	0.48	0.316	-0.011	0.017	-0.004	ols_slope	0.9335887536818733	0.9852858398157701	0	0	0.289	0.311	0.359	0.431	0.437	0.59	0.357	0.222	0.356	128	302	312	216	215	183	154	153	205
cadm1_dose		chr12:MYL6:t:56161386|12:56160670-56161386:+	MYL6	chr12:MYL6:t:56161386	t	56161386	12:56160670-56161386:+	12	56160670	56161386	+	195.7	0.501	0.438	0.49	-0.011	-0.048	-0.0037	ols_slope	0.9188363988397018	0.9852858398157701	0	0	0.38	0.502	0.608	0.404	0.388	0.545	0.546	0.432	0.489	166	229	186	213	188	156	196	190	237
cadm1_dose		chr17:CEP131:t:81192593|17:81192593-81192735:-	CEP131	chr17:CEP131:t:81192593	t	81192593	17:81192593-81192735:-	17	81192593	81192735	-	146.1	0.72	0.77	0.709	-0.012	-0.05	-0.0014	ols_slope	0.9670096931118349	0.9852858398157701	0	0	0.595	0.836	0.724	0.746	0.835	0.752	0.711	0.669	0.767	158	165	181	177	103	133	97	181	120
cadm1_dose		chr2:BOLA3:t:74135658|2:74135658-74142271:-	BOLA3	chr2:BOLA3:t:74135658	t	74135658	2:74135658-74142271:-	2	74135658	74142271	-	153.7	0.298	0.369	0.285	-0.012	-0.052	0.0016	ols_slope	0.9697601124895151	0.9852858398157701	0	0	0.158	0.353	0.329	0.423	0.441	0.237	0.317	0.203	0.331	139	255	167	156	93	114	180	143	136
cadm1_dose		chr6:EPB41L2:s:130885095|6:130870126-130885095:-	EPB41L2	chr6:EPB41L2:s:130885095	s	130885095	6:130870126-130885095:-	6	130870126	130885095	-	108.8	0.667	0.517	0.654	-0.013	-0.048	-0.0223	ols_slope	0.6660371317126129	0.983758434534779	0	0	0.654	0.684	0.658	0.378	0.645	0.533	0.598	0.765	0.5	81	114	114	119	110	152	87	136	66
cadm1_dose		chr6:CUTA:t:33417695|6:33417695-33417958:-	CUTA	chr6:CUTA:t:33417695	t	33417695	6:33417695-33417958:-	6	33417695	33417958	-	108.9	0.452	0.422	0.438	-0.013	-0.08	-0.0067	ols_slope	0.8769429674034416	0.983758434534779	0	0	0.515	0.461	0.411	0.349	0.586	0.337	0.477	0.548	0.321	101	152	192	86	87	95	65	93	109
cadm1_dose		chr8:RPL7:t:73292797|8:73292797-73293598:-	RPL7	chr8:RPL7:t:73292797	t	73292797	8:73292797-73293598:-	8	73292797	73293598	-	155.7	0.728	0.688	0.715	-0.013	0.004	-0.0106	ols_slope	0.854281274072971	0.983758434534779	0	0	0.819	0.759	0.638	0.542	0.796	0.789	0.54	0.917	0.694	171	141	218	166	103	128	161	156	157
cadm1_dose		chr19:DMKN:s:35509910|19:35505986-35509910:-	DMKN	chr19:DMKN:s:35509910	s	35509910	19:35505986-35509910:-	19	35505986	35509910	-	100.3	0.632	0.598	0.619	-0.013	0.063	-0.005	ols_slope	0.944930144113808	0.9852858398157701	0	0	0.828	0.63	0.379	0.478	0.778	0.472	0.664	0.444	0.699	87	165	66	90	135	108	116	63	73
cadm1_dose		chr3:NAA50:s:113745941|3:113724092-113745941:-	NAA50	chr3:NAA50:s:113745941	s	113745941	3:113724092-113745941:-	3	113724092	113745941	-	134.1	0.329	0.323	0.317	-0.013	-0.054	-0.0018	ols_slope	0.9625201655817157	0.9852858398157701	1	0	0.246	0.373	0.347	0.339	0.42	0.153	0.356	0.368	0.232	142	204	170	124	150	98	90	117	112
cadm1_dose		chr16:METTL26:t:635340|16:635340-635611:-	METTL26	chr16:METTL26:t:635340	t	635340	16:635340-635611:-	16	635340	635611	-	140.8	0.325	0.258	0.312	-0.013	0.043	-0.0029	ols_slope	0.9391884839102251	0.9852858398157701	0	0	0.306	0.312	0.344	0.382	0.189	0.134	0.345	0.25	0.35	134	176	259	136	127	67	119	132	117
cadm1_dose		chr5:TCOF1:s:150369602|5:150369602-150372005:+	TCOF1	chr5:TCOF1:s:150369602	s	150369602	5:150369602-150372005:+	5	150369602	150372005	+	101.3	0.787	0.806	0.773	-0.014	-0.023	-0.0262	ols_slope	0.5529239678336325	0.983758434534779	0	0	0.882	0.722	0.777	0.769	0.802	0.871	0.849	0.558	0.817	110	144	112	108	126	70	86	52	104
cadm1_dose		chr19:PRPF31:s:54115797|19:54115797-54118240:+	PRPF31	chr19:PRPF31:s:54115797	s	54115797	19:54115797-54118240:+	19	54115797	54118240	+	134.8	0.209	0.143	0.193	-0.015	-0.004	0.0158	ols_slope	0.7458109984913759	0.983758434534779	0	0	0.118	0.145	0.31	0.145	0.214	0.037	0.152	0.392	0.124	85	131	158	110	159	109	211	97	153
cadm1_dose		chr16:HMOX2:s:4476487|16:4476487-4483636:+	HMOX2	chr16:HMOX2:s:4476487	s	4476487	16:4476487-4483636:+	16	4476487	4483636	+	108.1	0.109	0.015	0.094	-0.015	-0.009	-0.0038	ols_slope	0.9155561733266033	0.9852858398157701	0	0	0.25	0.048	0.012	0.019	0.024	0.0	0.096	0.069	0.122	112	124	85	105	127	102	104	116	98
cadm1_dose		chr15:COMMD4:s:75339344|15:75339344-75339701:+	COMMD4	chr15:COMMD4:s:75339344	s	75339344	15:75339344-75339701:+	15	75339344	75339701	+	207.6	0.664	0.511	0.648	-0.016	-0.017	-0.0093	ols_slope	0.8411158389851299	0.983758434534779	0	0	0.711	0.669	0.641	0.569	0.54	0.41	0.617	0.758	0.59	128	302	312	216	215	183	154	153	205
cadm1_dose		chr6:HMGA1:t:34242711|6:34240915-34242711:+	HMGA1	chr6:HMGA1:t:34242711	t	34242711	6:34240915-34242711:+	6	34240915	34242711	+	220.0	0.752	0.745	0.736	-0.016	-0.031	-0.0087	ols_slope	0.8338572087866152	0.983758434534779	1	0	0.701	0.747	0.792	0.786	0.764	0.665	0.703	0.58	0.905	211	292	303	243	229	179	246	119	158
cadm1_dose		chr1:AURKAIP1:t:1374790|1:1374790-1375153:-	AURKAIP1	chr1:AURKAIP1:t:1374790	t	1374790	1:1374790-1375153:-	1	1374790	1375153	-	142.7	0.757	0.68	0.74	-0.017	0.022	-0.0203	ols_slope	0.6350980199492268	0.983758434534779	0	0	0.882	0.788	0.651	0.64	0.752	0.639	0.717	0.848	0.634	136	170	209	125	137	122	152	132	101
cadm1_dose		chr17:AURKB:t:8207840|17:8207840-8210529:-	AURKB	chr17:AURKB:t:8207840	t	8207840	17:8207840-8210529:-	17	8207840	8210529	-	153.6	0.237	0.345	0.22	-0.017	-0.012	-0.013	ols_slope	0.7455106480712587	0.983758434534779	0	0	0.313	0.17	0.245	0.356	0.397	0.241	0.325	0.146	0.179	115	153	208	146	204	116	154	130	156
cadm1_dose		chr19:DMKN:t:35505986|19:35505986-35509910:-	DMKN	chr19:DMKN:t:35505986	t	35505986	19:35505986-35509910:-	19	35505986	35509910	-	339.8	0.187	0.186	0.17	-0.017	-0.015	-0.009	ols_slope	0.8078137478379819	0.983758434534779	1	0	0.251	0.274	0.062	0.125	0.264	0.157	0.249	0.078	0.205	287	380	406	345	398	325	309	359	249
cadm1_dose		chrX:NONO:t:71290628|X:71284453-71290628:+	NONO	chrX:NONO:t:71290628	t	71290628	X:71284453-71290628:+	X	71284453	71290628	+	112.7	0.837	0.716	0.82	-0.017	0.009	-0.0058	ols_slope	0.8681107228105994	0.983758434534779	0	0	0.802	0.888	0.798	0.654	0.833	0.673	0.848	0.8	0.805	111	169	124	107	96	107	112	65	123
cadm1_dose		chr19:CNOT3:s:54144332|19:54144332-54145597:+	CNOT3	chr19:CNOT3:s:54144332	s	54144332	19:54144332-54145597:+	19	54144332	54145597	+	104.1	0.662	0.747	0.646	-0.017	-0.009	-0.0078	ols_slope	0.8887529508597428	0.9852858398157701	0	0	0.71	0.607	0.681	0.637	0.959	0.738	0.789	0.616	0.546	62	84	91	135	74	107	114	151	119
cadm1_dose		chr17:UBTF:s:44212818|17:44212454-44212818:-	UBTF	chr17:UBTF:s:44212818	s	44212818	17:44212454-44212818:-	17	44212454	44212818	-	186.4	0.766	0.742	0.748	-0.018	-0.035	-0.0252	ols_slope	0.5398229179576768	0.983758434534779	0	0	0.89	0.684	0.77	0.754	0.648	0.834	0.67	0.861	0.662	136	212	161	199	199	175	200	251	145
cadm1_dose		chr1:RBM34:t:235155112|1:235155112-235160892:-	RBM34	chr1:RBM34:t:235155112	t	235155112	1:235155112-235160892:-	1	235155112	235160892	-	106.9	0.282	0.152	0.265	-0.018	-0.082	0.0121	ols_slope	0.8035954415791375	0.983758434534779	0	0	0.32	0.33	0.07	0.016	0.18	0.202	0.278	0.25	0.265	97	115	43	61	111	104	144	136	151
cadm1_dose		chr10:RPP38:t:15103304|10:15102336-15103304:+	RPP38	chr10:RPP38:t:15103304	t	15103304	10:15102336-15103304:+	10	15102336	15103304	+	122.9	0.404	0.301	0.386	-0.018	0.007	-0.0107	ols_slope	0.8030788319831714	0.983758434534779	0	0	0.268	0.454	0.484	0.297	0.325	0.285	0.315	0.31	0.517	127	152	124	101	117	151	143	71	120
cadm1_dose		chr14:MRPL52:t:22830052|14:22829940-22830052:+	MRPL52	chr14:MRPL52:t:22830052	t	22830052	14:22829940-22830052:+	14	22829940	22830052	+	102.1	0.92	0.949	0.902	-0.018		-0.0136	ols_slope	0.6891676928791226	0.983758434534779	0	0	1.0	0.896	0.887	0.975	1.0	0.851	0.955	0.778	0.968	97	96	159	118	107	87	112	81	62
cadm1_dose		chr14:PYGL:t:50935185|14:50935185-50937735:-	PYGL	chr14:PYGL:t:50935185	t	50935185	14:50935185-50937735:-	14	50935185	50937735	-	106.8	0.874	0.935	0.856	-0.018	0.041	-0.0134	ols_slope	0.7003081088371674	0.983758434534779	0	0	0.917	0.822	0.924	0.917	0.932	0.971	1.0	0.813	0.769	72	146	92	109	147	68	100	123	104
cadm1_dose		chr3:POC1A:t:52075985|3:52075985-52096568:-	POC1A	chr3:POC1A:t:52075985	t	52075985	3:52075985-52096568:-	3	52075985	52096568	-	123.1	0.712	0.621	0.693	-0.018	-0.001	-0.0072	ols_slope	0.8561538437839865	0.983758434534779	0	0	0.669	0.676	0.778	0.61	0.76	0.482	0.698	0.724	0.657	127	148	162	100	121	114	126	105	105
cadm1_dose		chr2:HTRA2:t:74532819|2:74531925-74532819:+	HTRA2	chr2:HTRA2:t:74532819	t	74532819	2:74531925-74532819:+	2	74531925	74532819	+	170.6	0.273	0.255	0.254	-0.019	0.002	-0.0088	ols_slope	0.8230037843246446	0.983758434534779	1	0	0.359	0.301	0.178	0.262	0.303	0.213	0.233	0.414	0.138	170	146	197	210	132	188	180	145	167
cadm1_dose		chr1:FAAP20:s:2193638|1:2192975-2193638:-	FAAP20	chr1:FAAP20:s:2193638	s	2193638	1:2192975-2193638:-	1	2192975	2193638	-	120.9	0.212	0.111	0.193	-0.019	0.045	0.0016	ols_slope	0.9659086782893357	0.9852858398157701	0	0	0.145	0.26	0.18	0.141	0.2	0.0	0.115	0.262	0.218	55	204	189	156	90	114	96	65	119
cadm1_dose		chr1:CHTOP:s:153638448|1:153638448-153642242:+	CHTOP	chr1:CHTOP:s:153638448	s	153638448	1:153638448-153642242:+	1	153638448	153642242	+	176.4	0.516	0.551	0.496	-0.02	0.006	-0.0182	ols_slope	0.6313238491202432	0.983758434534779	0	0	0.476	0.549	0.52	0.553	0.601	0.478	0.633	0.355	0.447	164	175	277	190	163	115	218	172	114
cadm1_dose		chr17:RPL19:s:39202443|17:39202445-39202993:+	RPL19	chr17:RPL19:s:39202443	s	39202443	17:39202445-39202993:+	17	39202445	39202993	+	139.3	0.031	0.104	0.011	-0.02	-0.024	-0.0102	ols_slope	0.7697656210447316	0.983758434534779	0	0	0.0	0.054	0.034	0.246	0.054	0.089	0.027	0.0	0.0	145	166	148	61	130	146	187	144	127
cadm1_dose		chr12:ARL6IP4:t:122981570|12:122981266-122981570:+	ARL6IP4	chr12:ARL6IP4:t:122981570	t	122981570	12:122981266-122981570:+	12	122981266	122981570	+	129.2	0.161	0.129	0.141	-0.02	-0.056	-0.0118	ols_slope	0.7294327857054999	0.983758434534779	0	0	0.211	0.126	0.17	0.179	0.076	0.127	0.286	0.026	0.125	95	174	135	184	171	134	98	116	56
cadm1_dose		chr19:SAFB:s:5657347|19:5657347-5661520:+	SAFB	chr19:SAFB:s:5657347	s	5657347	19:5657347-5661520:+	19	5657347	5661520	+	268.6	0.651	0.56	0.63	-0.021	-0.064	-0.0159	ols_slope	0.6456144773008202	0.983758434534779	0	0	0.722	0.642	0.624	0.605	0.615	0.443	0.633	0.58	0.68	187	321	378	190	270	201	286	300	284
cadm1_dose		chr19:BCL2L12:s:49666799|19:49666799-49668850:+	BCL2L12	chr19:BCL2L12:s:49666799	s	49666799	19:49666799-49668850:+	19	49666799	49668850	+	108.1	0.213	0.075	0.192	-0.021	-0.047	-0.0072	ols_slope	0.8635615862216609	0.983758434534779	0	0	0.188	0.24	0.202	0.01	0.0	0.219	0.25	0.154	0.181	80	121	114	105	92	96	104	123	138
cadm1_dose		chr1:SNRPE:t:203863662|1:203862222-203863662:+	SNRPE	chr1:SNRPE:t:203863662	t	203863662	1:203862222-203863662:+	1	203862222	203863662	+	126.9	0.751	0.788	0.73	-0.021	-0.044	-0.0085	ols_slope	0.8061278558471339	0.983758434534779	0	0	0.709	0.794	0.73	0.691	0.827	0.84	0.61	0.742	0.83	103	141	89	123	133	131	141	128	153
cadm1_dose		chr17:AURKB:s:8210529|17:8207840-8210529:-	AURKB	chr17:AURKB:s:8210529	s	8210529	17:8207840-8210529:-	17	8207840	8210529	-	115.6	0.336	0.408	0.314	-0.022	-0.026	-0.009	ols_slope	0.8221288915742652	0.983758434534779	0	0	0.371	0.333	0.317	0.413	0.466	0.295	0.476	0.288	0.203	97	78	161	126	174	95	105	66	138
cadm1_dose		chr20:SMIM26:s:18567596|20:18567596-18569238:+	SMIM26	chr20:SMIM26:s:18567596	s	18567596	20:18567596-18569238:+	20	18567596	18569238	+	127.7	0.733	0.714	0.71	-0.022	0.038	-0.0168	ols_slope	0.6741358981325434	0.983758434534779	1	0	0.784	0.764	0.689	0.816	0.577	0.703	0.821	0.721	0.594	88	110	180	163	111	138	84	179	96
cadm1_dose		chr8:SNHG6:s:66925436|8:66922392-66925436:-	SNHG6	chr8:SNHG6:s:66925436	s	66925436	8:66922392-66925436:-	8	66922392	66925436	-	272.7	0.312	0.196	0.29	-0.022	-0.012	-0.0112	ols_slope	0.7690322743474165	0.983758434534779	0	0	0.236	0.287	0.426	0.253	0.166	0.154	0.325	0.32	0.237	195	439	230	292	277	201	289	219	312
cadm1_dose		chr19:PTBP1:t:806407|19:805569-806407:+	PTBP1	chr19:PTBP1:t:806407	t	806407	19:805569-806407:+	19	805569	806407	+	304.0	0.603	0.631	0.581	-0.022	0.027	-0.0108	ols_slope	0.798988006891072	0.983758434534779	0	0	0.617	0.641	0.54	0.578	0.584	0.837	0.613	0.618	0.502	334	432	337	332	250	141	313	322	275
cadm1_dose		chr8:EEF1D:t:143586852|8:143586852-143588990:-	EEF1D	chr8:EEF1D:t:143586852	t	143586852	8:143586852-143588990:-	8	143586852	143588990	-	140.4	0.293	0.333	0.271	-0.022	-0.023	-0.0149	ols_slope	0.6641818042119099	0.983758434534779	0	0	0.179	0.362	0.319	0.371	0.373	0.256	0.255	0.184	0.332	156	210	119	116	118	117	141	103	184
cadm1_dose		chr9:GTF3C5:t:133056011|9:133054964-133056011:+	GTF3C5	chr9:GTF3C5:t:133056011	t	133056011	9:133054964-133056011:+	9	133054964	133056011	+	104.7	0.202	0.153	0.18	-0.022	-0.018	-0.0125	ols_slope	0.7298954555098103	0.983758434534779	0	0	0.173	0.259	0.161	0.3	0.124	0.02	0.203	0.133	0.182	98	112	87	110	89	101	138	75	132
cadm1_dose		chr16:MRPL28:t:370225|16:370225-370484:-	MRPL28	chr16:MRPL28:t:370225	t	370225	16:370225-370484:-	16	370225	370484	-	103.7	0.215	0.196	0.193	-0.022	0.037	-0.0013	ols_slope	0.9729519894142438	0.9852858398157701	1	0	0.154	0.175	0.273	0.357	0.091	0.073	0.189	0.217	0.188	52	160	165	112	77	82	159	46	80
cadm1_dose		chr12:NCOR2:s:124419956|12:124402561-124419956:-	NCOR2	chr12:NCOR2:s:124419956	s	124419956	12:124402561-124419956:-	12	124402561	124419956	-	121.7	0.778	0.849	0.755	-0.023	-0.01	-0.0127	ols_slope	0.7484220627156188	0.983758434534779	0	0	0.817	0.745	0.789	0.73	0.923	0.896	0.733	0.664	0.879	93	157	142	126	142	96	116	116	107
cadm1_dose		chr1:NASP:t:45613168|1:45608337-45613168:+	NASP	chr1:NASP:t:45613168	t	45613168	1:45608337-45613168:+	1	45608337	45613168	+	136.6	0.365	0.287	0.341	-0.024	-0.077	-0.0076	ols_slope	0.852722432478865	0.983758434534779	0	0	0.243	0.288	0.517	0.373	0.271	0.262	0.372	0.387	0.244	115	111	147	59	129	122	199	191	156
cadm1_dose		chr11:GATD1:s:771332|11:767373-771332:-	GATD1	chr11:GATD1:s:771332	s	771332	11:767373-771332:-	11	767373	771332	-	102.8	0.696	0.673	0.671	-0.025	0.003	-0.0152	ols_slope	0.738710852818984	0.983758434534779	1	0	0.562	0.86	0.59	0.716	0.645	0.667	0.738	0.657	0.526	105	164	122	81	93	120	103	99	38
cadm1_dose		chr9:TMEM141:s:136791777|9:136791777-136791946:+	TMEM141	chr9:TMEM141:s:136791777	s	136791777	9:136791777-136791946:+	9	136791777	136791946	+	100.9	0.775	0.759	0.75	-0.025	-0.068	0.0075	ols_slope	0.8636877162220181	0.983758434534779	1	0	0.582	0.867	0.8	0.776	0.667	0.871	0.839	0.705	0.75	79	128	140	85	102	70	56	112	136
cadm1_dose		chr4:MRPS18C:t:83459739|4:83456958-83459739:+	MRPS18C	chr4:MRPS18C:t:83459739	t	83459739	4:83456958-83459739:+	4	83456958	83459739	+	159.7	0.537	0.422	0.512	-0.025	0.011	-0.0027	ols_slope	0.9600612134880228	0.9852858398157701	0	0	0.45	0.536	0.638	0.46	0.333	0.491	0.717	0.398	0.494	131	220	116	137	186	167	120	186	174
cadm1_dose		chr10:CUTC:t:99736245|10:99732409-99736245:+	CUTC	chr10:CUTC:t:99736245	t	99736245	10:99732409-99736245:+	10	99732409	99736245	+	114.2	0.917	0.835	0.892	-0.026	0.016	-0.0178	ols_slope	0.6503349120307425	0.983758434534779	0	0	0.964	0.935	0.862	0.857	0.789	0.841	0.725	0.929	1.0	83	169	123	98	57	82	131	126	159
cadm1_dose		chr2:RAB10:s:26034735|2:26034735-26098661:+	RAB10	chr2:RAB10:s:26034735	s	26034735	2:26034735-26098661:+	2	26034735	26098661	+	100.7	0.958	0.934	0.929	-0.029		-0.0376	ols_slope	0.41477650945964506	0.9378044304170918	1	0	0.928	0.955	0.981	0.811	0.99	0.99	0.981	0.971	0.686	69	134	105	90	96	102	155	104	51
cadm1_dose		chr17:CEP131:s:81193925|17:81192593-81193925:-	CEP131	chr17:CEP131:s:81193925	s	81193925	17:81192593-81193925:-	17	81192593	81193925	-	158.1	0.278	0.212	0.249	-0.029	-0.015	-0.0196	ols_slope	0.5872549471123056	0.983758434534779	0	0	0.356	0.149	0.34	0.238	0.13	0.256	0.183	0.311	0.233	180	181	147	189	131	129	153	193	120
cadm1_dose		chr19:ILF3:t:10688549|19:10683970-10688549:+	ILF3	chr19:ILF3:t:10688549	t	10688549	19:10683970-10688549:+	19	10683970	10688549	+	134.9	0.046	0.14	0.015	-0.031	-0.036	-0.0151	ols_slope	0.7213591456154577	0.983758434534779	0	0	0.132	0.0	0.0	0.25	0.023	0.182	0.029	0.0	0.012	152	176	103	100	130	99	173	117	164
cadm1_dose		chr20:NOP56:t:2656400|20:2656214-2656400:+	NOP56	chr20:NOP56:t:2656400	t	2656400	20:2656214-2656400:+	20	2656214	2656400	+	139.8	0.713	0.678	0.681	-0.032	-0.081	-0.0278	ols_slope	0.4560144127166796	0.9553558989835146	0	0	0.802	0.612	0.743	0.682	0.582	0.761	0.704	0.727	0.558	126	152	144	129	146	163	169	143	86
cadm1_dose		chr1:LINC02609:s:90851482|1:90832196-90851482:-	LINC02609	chr1:LINC02609:s:90851482	s	90851482	1:90832196-90851482:-	1	90832196	90851482	-	104.3	0.906	0.988	0.874	-0.032	0.035	-0.0115	ols_slope	0.7442306221526321	0.983758434534779	0	0	1.0	0.874	0.859	1.0	0.957	1.0	0.807	0.856	1.0	75	95	85	118	94	116	135	132	89
cadm1_dose		chr2:EEF1B2:s:206159684|2:206159684-206159958:+	EEF1B2	chr2:EEF1B2:s:206159684	s	206159684	2:206159684-206159958:+	2	206159684	206159958	+	121.8	0.782	0.78	0.75	-0.032	0.011	-0.0111	ols_slope	0.8015044605221191	0.983758434534779	1	0	0.667	0.891	0.765	0.626	0.906	0.748	0.669	0.812	0.775	108	138	166	91	138	107	118	101	129
cadm1_dose		chr16:HIRIP3:t:29993808|16:29993808-29993905:-	HIRIP3	chr16:HIRIP3:t:29993808	t	29993808	16:29993808-29993905:-	16	29993808	29993905	-	123.6	0.69	0.634	0.657	-0.033	-0.098	-0.0312	ols_slope	0.35355419144458694	0.9150517798418184	0	0	0.683	0.739	0.638	0.685	0.561	0.687	0.742	0.516	0.615	104	153	130	130	164	99	159	64	109
cadm1_dose		chr5:TCOF1:t:150391956|5:150390023-150391956:+	TCOF1	chr5:TCOF1:t:150391956	t	150391956	5:150390023-150391956:+	5	150390023	150391956	+	162.6	0.423	0.384	0.39	-0.033	-0.063	-0.0295	ols_slope	0.3872289781184921	0.915092226190477	0	0	0.5	0.502	0.31	0.365	0.447	0.368	0.388	0.456	0.291	146	203	239	192	94	125	183	171	110
cadm1_dose		chr21:SLX9:s:44967181|21:44967181-44973199:+	SLX9	chr21:SLX9:s:44967181	s	44967181	21:44967181-44973199:+	21	44967181	44973199	+	140.1	0.116	0.138	0.082	-0.033	-0.032	-0.0112	ols_slope	0.7675707725050215	0.983758434534779	0	0	0.058	0.214	0.054	0.258	0.035	0.155	0.031	0.067	0.16	86	145	149	155	198	103	159	135	131
cadm1_dose		chr22:DDX17:t:38486440|22:38486440-38487878:-	DDX17	chr22:DDX17:t:38486440	t	38486440	22:38486440-38487878:-	22	38486440	38487878	-	146.9	0.616	0.596	0.583	-0.033	-0.011	-0.0152	ols_slope	0.6864882468404573	0.983758434534779	1	0	0.519	0.661	0.632	0.654	0.546	0.597	0.685	0.42	0.616	79	127	114	156	185	119	168	150	224
cadm1_dose		chr1:PABPC4:t:39570002|1:39570002-39571233:-	PABPC4	chr1:PABPC4:t:39570002	t	39570002	1:39570002-39571233:-	1	39570002	39571233	-	171.2	0.734	0.719	0.701	-0.033	-0.069	0.0032	ols_slope	0.9627832418553958	0.9852858398157701	1	0	0.701	0.577	0.905	0.513	0.89	0.682	0.541	0.816	0.844	127	215	221	117	172	148	242	158	141
cadm1_dose		chr5:TCOF1:s:150369602|5:150369602-150374616:+	TCOF1	chr5:TCOF1:s:150369602	s	150369602	5:150369602-150374616:+	5	150369602	150374616	+	101.3	0.178	0.181	0.145	-0.033	-0.031	-0.0003	ols_slope	0.9951415025253171	0.9973677698687742	0	0	0.118	0.188	0.223	0.231	0.198	0.071	0.047	0.365	0.115	110	144	112	108	126	70	86	52	104
cadm1_dose		chr11:TRPT1:s:64224284|11:64224210-64224284:-	TRPT1	chr11:TRPT1:s:64224284	s	64224284	11:64224210-64224284:-	11	64224210	64224284	-	160.3	0.61	0.588	0.577	-0.034	-0.083	-0.0148	ols_slope	0.7306501890365629	0.983758434534779	1	0	0.59	0.527	0.761	0.636	0.645	0.496	0.727	0.5	0.561	212	264	176	110	107	125	110	184	155
cadm1_dose		chr19:CIC:s:42293836|19:42293836-42293937:+	CIC	chr19:CIC:s:42293836	s	42293836	19:42293836-42293937:+	19	42293836	42293937	+	112.9	0.308	0.301	0.274	-0.034	-0.049	-0.0265	ols_slope	0.5439358974715023	0.983758434534779	1	0	0.38	0.255	0.302	0.265	0.45	0.185	0.316	0.126	0.336	92	110	106	117	111	108	152	95	125
cadm1_dose		chr2:PTMA:s:231711425|2:231711423-231711895:+	PTMA	chr2:PTMA:s:231711425	s	231711425	2:231711423-231711895:+	2	231711423	231711895	+	108.7	0.884	0.772	0.851	-0.034	-0.027	-0.0172	ols_slope	0.6259087841146753	0.983758434534779	0	0	0.956	0.894	0.775	0.744	0.808	0.752	0.758	0.848	0.915	91	141	71	86	130	117	95	105	142
cadm1_dose		chr1:ENSG00000233461:t:231522637|1:231522637-231524425:-	ENSG00000233461	chr1:ENSG00000233461:t:231522637	t	231522637	1:231522637-231524425:-	1	231522637	231524425	-	164.6	0.231	0.12	0.197	-0.034	-0.034	-0.023	ols_slope	0.5310069651719158	0.983758434534779	0	0	0.349	0.162	0.23	0.18	0.104	0.069	0.152	0.245	0.206	129	216	126	178	144	160	197	151	180
cadm1_dose		chr17:FKBP10:t:41820946|17:41820461-41820946:+	FKBP10	chr17:FKBP10:t:41820946	t	41820946	17:41820461-41820946:+	17	41820461	41820946	+	142.0	0.962	0.827	0.928	-0.034	0.026	-0.0195	ols_slope	0.6197151059458171	0.983758434534779	0	0	0.988	0.974	0.945	0.796	0.954	0.727	0.943	0.937	0.91	84	156	256	142	130	121	106	127	156
cadm1_dose		chr2:MFF:s:227325427|2:227325427-227328677:+	MFF	chr2:MFF:s:227325427	s	227325427	2:227325427-227328677:+	2	227325427	227328677	+	145.1	0.707	0.744	0.672	-0.035	-0.009	-0.0255	ols_slope	0.46553362922309444	0.9566929628070932	0	0	0.87	0.641	0.678	0.672	0.765	0.792	0.684	0.724	0.629	100	167	174	119	132	120	158	134	202
cadm1_dose		chr1:NTPCR:t:232978162|1:232970118-232978162:+	NTPCR	chr1:NTPCR:t:232978162	t	232978162	1:232970118-232978162:+	1	232970118	232978162	+	106.8	0.889	0.909	0.854	-0.035	-0.032	-0.0214	ols_slope	0.5382040284141658	0.983758434534779	0	0	0.915	0.853	0.927	1.0	0.931	0.74	0.917	0.813	0.836	71	163	109	105	131	73	109	139	61
cadm1_dose		chr11:BANF1:t:66003234|11:66002570-66003234:+	BANF1	chr11:BANF1:t:66003234	t	66003234	11:66002570-66003234:+	11	66002570	66003234	+	186.7	0.777	0.774	0.742	-0.035	-0.035	-0.0213	ols_slope	0.5360628727209222	0.983758434534779	1	0	0.813	0.767	0.766	0.74	0.88	0.626	0.811	0.661	0.746	155	223	321	204	216	107	132	121	201
cadm1_dose		chr4:HNRNPDL:t:82426129|4:82426129-82426462:-	HNRNPDL	chr4:HNRNPDL:t:82426129	t	82426129	4:82426129-82426462:-	4	82426129	82426462	-	168.9	0.714	0.844	0.679	-0.035	0.032	-0.0181	ols_slope	0.6605261813231709	0.983758434534779	0	0	0.689	0.752	0.692	0.821	0.888	0.826	0.585	0.692	0.748	161	214	185	134	143	178	142	208	155
cadm1_dose		chr12:HNRNPA1:t:54283826|12:54283225-54283826:+	HNRNPA1	chr12:HNRNPA1:t:54283826	t	54283826	12:54283225-54283826:+	12	54283225	54283826	+	105.0	0.218	0.2	0.182	-0.036	0.023	-0.0093	ols_slope	0.8468007134254479	0.983758434534779	1	0	0.033	0.375	0.208	0.205	0.265	0.092	0.13	0.292	0.139	60	80	144	117	117	76	108	106	137
cadm1_dose		chr5:NPM1:s:171405403|5:171405403-171407699:+	NPM1	chr5:NPM1:s:171405403	s	171405403	5:171405403-171407699:+	5	171405403	171407699	+	100.9	0.657	0.625	0.62	-0.037	-0.047	-0.0442	ols_slope	0.3746745385406014	0.9150517798418184	1	0	0.877	0.521	0.712	0.682	0.632	0.571	0.712	0.62	0.512	57	117	59	88	114	105	139	108	121
cadm1_dose		chr22:SMARCB1:t:23793558|22:23791867-23793558:+	SMARCB1	chr22:SMARCB1:t:23793558	t	23793558	22:23791867-23793558:+	22	23791867	23793558	+	123.9	0.526	0.413	0.489	-0.037	-0.036	-0.008	ols_slope	0.8805516344831392	0.983758434534779	0	0	0.429	0.668	0.383	0.583	0.296	0.341	0.462	0.533	0.436	140	190	94	108	108	82	119	180	94
cadm1_dose		chr6:SFT2D1:s:166342418|6:166330247-166342418:-	SFT2D1	chr6:SFT2D1:s:166342418	s	166342418	6:166330247-166342418:-	6	166330247	166342418	-	108.7	0.721	0.582	0.683	-0.038	-0.052	-0.0023	ols_slope	0.9742893460678261	0.9852858398157701	0	0	0.586	0.797	0.759	0.407	0.537	0.899	0.647	0.817	0.664	99	123	108	108	67	69	187	71	146
cadm1_dose		chr3:DNAJC19:s:180988022|3:180987022-180988022:-	DNAJC19	chr3:DNAJC19:s:180988022	s	180988022	3:180987022-180988022:-	3	180987022	180988022	-	179.1	0.976	0.955	0.937	-0.039	-0.059	-0.0359	ols_slope	0.2771519762844534	0.8930477206290177	1	0	0.981	1.0	0.954	1.0	0.96	0.915	0.979	0.984	0.756	156	168	217	190	223	247	144	185	82
cadm1_dose		chr1:S100A13:t:153626533|1:153626533-153627138:-	S100A13	chr1:S100A13:t:153626533	t	153626533	1:153626533-153627138:-	1	153626533	153627138	-	131.3	0.162	0.1	0.122	-0.039	-0.083	-0.0324	ols_slope	0.377197948276798	0.9150517798418184	0	0	0.175	0.222	0.071	0.172	0.114	0.0	0.073	0.0	0.201	154	153	126	134	167	121	109	59	159
cadm1_dose		chr20:NOP56:s:2656214|20:2656214-2656400:+	NOP56	chr20:NOP56:s:2656214	s	2656214	20:2656214-2656400:+	20	2656214	2656400	+	128.9	0.807	0.684	0.768	-0.039	-0.026	-0.008	ols_slope	0.8651275405013367	0.983758434534779	0	0	0.795	0.912	0.743	0.571	0.726	0.761	0.688	0.825	0.889	127	102	144	154	117	163	173	126	54
cadm1_dose		chr1:FAAP20:t:2189781|1:2189781-2193638:-	FAAP20	chr1:FAAP20:t:2189781	t	2189781	1:2189781-2193638:-	1	2189781	2193638	-	108.8	0.892	0.917	0.852	-0.039	-0.078	0.0023	ols_slope	0.9485136869176389	0.9852858398157701	0	0	0.71	0.88	0.98	0.924	0.878	0.936	0.832	0.906	0.845	62	166	150	145	82	110	101	53	110
cadm1_dose		chr11:AKIP1:s:8911671|11:8911671-8914825:+	AKIP1	chr11:AKIP1:s:8911671	s	8911671	11:8911671-8914825:+	11	8911671	8914825	+	100.3	0.587	0.528	0.547	-0.04	-0.047	-0.015	ols_slope	0.7417996337723595	0.983758434534779	0	0	0.478	0.662	0.582	0.472	0.377	0.687	0.618	0.523	0.49	90	139	158	72	61	83	110	86	104
cadm1_dose		chr17:ARHGDIA:t:81869957|17:81869957-81870635:-	ARHGDIA	chr17:ARHGDIA:t:81869957	t	81869957	17:81869957-81870635:-	17	81869957	81870635	-	148.4	0.355	0.244	0.315	-0.04	0.039	-0.0115	ols_slope	0.806887271707521	0.983758434534779	0	0	0.388	0.354	0.331	0.388	0.132	0.147	0.427	0.294	0.283	183	175	242	134	91	95	82	136	198
cadm1_dose		chr11:AAMDC:s:77821241|11:77821241-77841018:+	AAMDC	chr11:AAMDC:s:77821241	s	77821241	11:77821241-77841018:+	11	77821241	77841018	+	139.8	0.153	0.133	0.112	-0.041	-0.035	-0.0116	ols_slope	0.7480474158850609	0.983758434534779	1	0	0.236	0.065	0.172	0.114	0.132	0.154	0.06	0.058	0.286	89	123	174	105	182	104	248	121	112
cadm1_dose		chr12:TDG:s:103966060|12:103966060-103976917:+	TDG	chr12:TDG:s:103966060	s	103966060	12:103966060-103976917:+	12	103966060	103976917	+	113.6	0.769	0.815	0.729	-0.041	-0.122	-0.0231	ols_slope	0.5693954244782552	0.983758434534779	0	0	0.859	0.684	0.804	0.805	0.798	0.879	0.705	0.624	0.879	85	133	107	159	119	58	129	125	107
cadm1_dose		chr1:MICOS10-NBL1:t:19623473|1:19622147-19623473:+	MICOS10-NBL1	chr1:MICOS10-NBL1:t:19623473	t	19623473	1:19622147-19623473:+	1	19622147	19623473	+	102.2	0.903	0.947	0.862	-0.041	-0.056	-0.0224	ols_slope	0.5878852939052663	0.983758434534779	0	0	0.871	0.987	0.84	0.93	0.942	0.984	0.968	0.695	0.9	70	149	162	114	86	63	94	82	100
cadm1_dose		chr13:TFDP1:t:113640119|13:113637896-113640119:+	TFDP1	chr13:TFDP1:t:113640119	t	113640119	13:113637896-113640119:+	13	113637896	113640119	+	141.2	0.806	0.839	0.764	-0.041	-0.056	-0.0148	ols_slope	0.722852469756441	0.983758434534779	0	0	0.769	0.703	0.906	0.735	0.92	0.938	0.768	0.814	0.708	117	145	191	196	176	64	112	140	130
cadm1_dose		chr14:ACIN1:t:23066008|14:23066008-23067313:-	ACIN1	chr14:ACIN1:t:23066008	t	23066008	14:23066008-23067313:-	14	23066008	23067313	-	101.4	0.084	0.219	0.043	-0.041	-0.008	-0.0197	ols_slope	0.6346720178521716	0.983758434534779	0	0	0.083	0.096	0.073	0.194	0.321	0.11	0.035	0.021	0.079	120	104	96	98	112	82	115	97	89
cadm1_dose		chr10:STK32C:s:132331435|10:132324373-132331435:-	STK32C	chr10:STK32C:s:132331435	s	132331435	10:132324373-132331435:-	10	132324373	132331435	-	164.0	0.2	0.239	0.157	-0.042	-0.068	-0.0175	ols_slope	0.6374201056915915	0.983758434534779	0	0	0.151	0.192	0.24	0.298	0.32	0.083	0.213	0.087	0.177	146	172	208	242	125	157	136	149	141
cadm1_dose		chr1:MRPL24:t:156738764|1:156738764-156741011:-	MRPL24	chr1:MRPL24:t:156738764	t	156738764	1:156738764-156741011:-	1	156738764	156741011	-	207.4	0.7	0.677	0.657	-0.043	-0.006	-0.0294	ols_slope	0.3819524170321876	0.9150517798418184	1	0	0.675	0.69	0.73	0.788	0.575	0.659	0.553	0.736	0.63	194	184	222	203	186	214	199	311	154
cadm1_dose		chr19:AKAP8:t:15368322|19:15368322-15370145:-	AKAP8	chr19:AKAP8:t:15368322	t	15368322	19:15368322-15370145:-	19	15368322	15370145	-	102.3	0.946	0.893	0.901	-0.045	-0.049	-0.0363	ols_slope	0.35706118044240587	0.9150517798418184	0	0	0.909	0.977	0.94	0.879	0.93	0.831	0.691	0.978	0.94	99	131	84	91	171	83	55	91	116
cadm1_dose		chr1:ENSG00000233461:t:231522637|1:231522637-231528419:-	ENSG00000233461	chr1:ENSG00000233461:t:231522637	t	231522637	1:231522637-231528419:-	1	231522637	231528419	-	164.6	0.244	0.21	0.199	-0.045	-0.056	-0.0113	ols_slope	0.792334519746788	0.983758434534779	1	0	0.039	0.315	0.333	0.174	0.215	0.244	0.142	0.305	0.172	129	216	126	178	144	160	197	151	180
cadm1_dose		chr19:UBL5:t:9828326|19:9828064-9828326:+	UBL5	chr19:UBL5:t:9828326	t	9828326	19:9828064-9828326:+	19	9828064	9828326	+	188.0	0.288	0.241	0.242	-0.045	0.006	-0.0183	ols_slope	0.6056528190313031	0.983758434534779	0	0	0.277	0.298	0.279	0.331	0.263	0.087	0.161	0.32	0.263	166	352	201	166	186	126	186	153	156
cadm1_dose		chr19:PRKCSH:t:11447692|19:11447597-11447692:+	PRKCSH	chr19:PRKCSH:t:11447692	t	11447692	19:11447597-11447692:+	19	11447597	11447692	+	115.4	0.6	0.627	0.554	-0.045	-0.065	-0.0233	ols_slope	0.5927648136307667	0.983758434534779	0	0	0.667	0.496	0.635	0.706	0.593	0.525	0.615	0.646	0.396	84	123	200	126	113	61	91	130	111
cadm1_dose		chr19:ELAVL1:t:7963807|19:7963807-7967564:-	ELAVL1	chr19:ELAVL1:t:7963807	t	7963807	19:7963807-7967564:-	19	7963807	7967564	-	111.6	0.798	0.864	0.752	-0.046	-0.092	-0.0227	ols_slope	0.5633908021736603	0.983758434534779	0	0	0.689	0.827	0.853	0.811	0.947	0.771	0.825	0.754	0.654	103	104	150	106	190	109	103	61	78
cadm1_dose		chr6:RPP21:t:30346712|6:30346557-30346712:+	RPP21	chr6:RPP21:t:30346712	t	30346712	6:30346557-30346712:+	6	30346557	30346712	+	110.1	0.937	0.879	0.89	-0.047	-0.027	-0.0092	ols_slope	0.7912107083351866	0.983758434534779	0	0	0.922	0.957	0.93	0.77	0.977	0.921	1.0	0.949	0.805	103	116	100	152	130	89	74	78	149
cadm1_dose		chr15:MRPS11:s:88467782|15:88467782-88467910:+	MRPS11	chr15:MRPS11:s:88467782	s	88467782	15:88467782-88467910:+	15	88467782	88467910	+	121.1	0.35	0.318	0.302	-0.048	-0.017	-0.0222	ols_slope	0.586518309224265	0.983758434534779	1	0	0.432	0.438	0.178	0.303	0.265	0.412	0.299	0.372	0.244	125	169	146	119	136	97	134	78	86
cadm1_dose		chr19:RNF126:t:650296|19:650296-651610:-	RNF126	chr19:RNF126:t:650296	t	650296	19:650296-651610:-	19	650296	651610	-	108.7	0.889	0.878	0.84	-0.049	-0.013	-0.0319	ols_slope	0.3356909689147539	0.9150517798418184	1	0	0.957	0.82	0.918	0.933	0.756	0.918	0.855	0.895	0.753	116	172	134	119	90	110	69	95	73
cadm1_dose		chr7:AIMP2:s:6009498|7:6009498-6015145:+	AIMP2	chr7:AIMP2:s:6009498	s	6009498	7:6009498-6015145:+	7	6009498	6015145	+	124.7	0.923	0.873	0.874	-0.049	-0.029	-0.0275	ols_slope	0.41150725657115134	0.9378044304170918	0	0	0.983	0.901	0.889	0.768	0.969	0.961	0.924	0.897	0.787	118	152	108	203	129	102	119	97	94
cadm1_dose		chr17:ANAPC11:t:81893551|17:81891833-81893551:+	ANAPC11	chr17:ANAPC11:t:81893551	t	81893551	17:81891833-81893551:+	17	81891833	81893551	+	125.6	0.291	0.349	0.242	-0.049	-0.027	-0.0227	ols_slope	0.5720057938337489	0.983758434534779	0	0	0.255	0.238	0.354	0.243	0.415	0.444	0.303	0.219	0.189	98	181	206	140	123	72	119	96	95
cadm1_dose		chr18:TXNL4A:s:79988239|18:79973856-79988239:-	TXNL4A	chr18:TXNL4A:s:79988239	s	79988239	18:79973856-79988239:-	18	79973856	79988239	-	220.8	0.453	0.511	0.404	-0.05	-0.061	-0.026	ols_slope	0.4522957535686234	0.9553558989835146	0	0	0.476	0.515	0.381	0.415	0.498	0.615	0.429	0.426	0.361	275	270	315	159	217	174	163	209	205
cadm1_dose		chr16:SH2B1:t:28873169|16:28872758-28873169:+	SH2B1	chr16:SH2B1:t:28873169	t	28873169	16:28872758-28873169:+	16	28872758	28873169	+	152.7	0.242	0.31	0.192	-0.05	-0.027	-0.0249	ols_slope	0.4627505135701399	0.9553558989835146	0	0	0.311	0.264	0.165	0.263	0.378	0.289	0.158	0.157	0.276	167	129	188	118	143	197	184	121	127
cadm1_dose		chr9:CDKN2A:t:21971208|9:21971208-21974677:-	CDKN2A	chr9:CDKN2A:t:21971208	t	21971208	9:21971208-21974677:-	9	21971208	21974677	-	175.6	0.414	0.467	0.364	-0.05	-0.054	-0.0325	ols_slope	0.4418306933250639	0.9553558989835146	0	0	0.513	0.386	0.345	0.381	0.52	0.539	0.398	0.41	0.242	187	251	171	194	175	102	176	200	124
cadm1_dose		chr11:AAMDC:t:77842478|11:77841060-77842478:+	AAMDC	chr11:AAMDC:t:77842478	t	77842478	11:77841060-77842478:+	11	77841060	77842478	+	144.6	0.141	0.074	0.09	-0.05	-0.056	-0.0134	ols_slope	0.733111021144865	0.983758434534779	0	0	0.198	0.061	0.167	0.019	0.077	0.129	0.031	0.041	0.274	101	131	180	108	182	101	259	122	117
cadm1_dose		chr1:TRAPPC3:t:36140166|1:36140166-36149336:-	TRAPPC3	chr1:TRAPPC3:t:36140166	t	36140166	1:36140166-36149336:-	1	36140166	36149336	-	133.7	0.973	0.873	0.921	-0.051	-0.038	-0.0186	ols_slope	0.638258945511767	0.983758434534779	0	0	1.0	0.971	0.96	1.0	0.752	0.861	1.0	0.972	0.848	99	137	202	156	153	101	84	107	164
cadm1_dose		chr20:MCTS2:s:31561736|20:31561736-31566209:+	MCTS2	chr20:MCTS2:s:31561736	s	31561736	20:31561736-31566209:+	20	31561736	31566209	+	100.9	0.876	0.8	0.821	-0.055	-0.012	-0.031	ols_slope	0.45141161571087557	0.9553558989835146	0	0	0.959	0.767	0.922	0.689	0.931	0.833	0.79	0.904	0.767	74	120	154	103	58	114	105	94	86
cadm1_dose		chr12:PYM1:t:55903480|12:55903480-55927075:-	PYM1	chr12:PYM1:t:55903480	t	55903480	12:55903480-55927075:-	12	55903480	55927075	-	111.0	0.245	0.121	0.189	-0.056	-0.052	-0.0271	ols_slope	0.5768068166547885	0.983758434534779	0	0	0.363	0.151	0.272	0.035	0.185	0.111	0.099	0.323	0.202	91	152	125	86	130	81	152	93	89
cadm1_dose		chr7:FIS1:s:101244959|7:101240906-101244959:-	FIS1	chr7:FIS1:s:101244959	s	101244959	7:101240906-101244959:-	7	101240906	101244959	-	254.8	0.162	0.128	0.105	-0.057	-0.055	-0.0387	ols_slope	0.22873665439158838	0.8520392980911292	1	0	0.13	0.295	0.124	0.203	0.087	0.075	0.168	0.063	0.087	292	176	378	330	230	294	190	207	196
cadm1_dose		chr7:NUDT1:t:2244562|7:2242256-2244562:+	NUDT1	chr7:NUDT1:t:2244562	t	2244562	7:2242256-2244562:+	7	2242256	2244562	+	192.8	0.731	0.75	0.674	-0.057	-0.04	-0.0394	ols_slope	0.36869060399045556	0.9150517798418184	0	0	0.777	0.735	0.702	0.627	0.878	0.811	0.617	0.578	0.782	157	223	275	233	180	90	196	147	234
cadm1_dose		chr6:GMNN:t:24777221|6:24775244-24777221:+	GMNN	chr6:GMNN:t:24777221	t	24777221	6:24775244-24777221:+	6	24775244	24777221	+	134.0	0.507	0.487	0.446	-0.06	-0.14	-0.0373	ols_slope	0.30278077563399347	0.9150517798418184	1	0	0.636	0.483	0.444	0.471	0.473	0.521	0.517	0.318	0.503	107	201	142	102	112	94	143	148	157
cadm1_dose		chr19:RAD23A:s:12949159|19:12949159-12949277:+	RAD23A	chr19:RAD23A:s:12949159	s	12949159	19:12949159-12949277:+	19	12949159	12949277	+	158.9	0.399	0.363	0.338	-0.061	-0.041	-0.0409	ols_slope	0.3810981059867739	0.9150517798418184	1	0	0.608	0.314	0.405	0.331	0.36	0.403	0.223	0.398	0.46	79	210	237	163	136	144	206	118	137
cadm1_dose		chr16:VKORC1:s:31094556|16:31093421-31094556:-	VKORC1	chr16:VKORC1:s:31094556	s	31094556	16:31093421-31094556:-	16	31093421	31094556	-	162.0	0.623	0.485	0.562	-0.061	-0.031	-0.029	ols_slope	0.5667246765783353	0.983758434534779	0	0	0.599	0.765	0.488	0.483	0.511	0.45	0.708	0.465	0.504	162	183	162	201	180	120	161	172	117
cadm1_dose		chr19:DNM2:s:10805967|19:10805967-10808568:+	DNM2	chr19:DNM2:s:10805967	s	10805967	19:10805967-10808568:+	19	10805967	10808568	+	116.6	0.186	0.256	0.124	-0.062	-0.071	-0.0266	ols_slope	0.6532021787491981	0.983758434534779	0	0	0.011	0.275	0.253	0.114	0.216	0.429	0.115	0.029	0.234	90	102	99	105	139	119	131	136	128
cadm1_dose		chr10:NOLC1:t:102159432|10:102159338-102159432:+	NOLC1	chr10:NOLC1:t:102159432	t	102159432	10:102159338-102159432:+	10	102159338	102159432	+	161.8	0.245	0.231	0.182	-0.063	-0.083	-0.0249	ols_slope	0.48958353405180755	0.9748152144675991	1	0	0.112	0.383	0.174	0.203	0.217	0.266	0.228	0.14	0.152	98	154	115	138	203	188	246	150	164
cadm1_dose		chr11:ANAPC15:t:72111286|11:72111286-72112649:-	ANAPC15	chr11:ANAPC15:t:72111286	t	72111286	11:72111286-72112649:-	11	72111286	72112649	-	165.7	0.17	0.182	0.105	-0.065	-0.012	-0.0349	ols_slope	0.2869162510327777	0.9052005666386225	0	0	0.236	0.172	0.097	0.169	0.098	0.28	0.109	0.034	0.153	165	204	154	142	153	150	165	149	209
cadm1_dose		chr6:ACAT2:s:159763053|6:159763053-159775169:+	ACAT2	chr6:ACAT2:s:159763053	s	159763053	6:159763053-159775169:+	6	159763053	159775169	+	100.0	0.067	0.029	0.0	-0.067		-0.0492	ols_slope	0.16122890720001748	0.8098539820805224	1	0	0.0	0.25	0.045	0.089	0.0	0.0	0.0	0.0	0.0	71	44	154	90	86	101	119	101	134
cadm1_dose		chr16:KARS1:t:75641723|16:75641723-75647577:-	KARS1	chr16:KARS1:t:75641723	t	75641723	16:75641723-75647577:-	16	75641723	75647577	-	162.3	0.7	0.516	0.633	-0.067	-0.067	-0.0237	ols_slope	0.6290403002371611	0.983758434534779	0	0	0.673	0.776	0.608	0.603	0.509	0.457	0.774	0.591	0.55	107	214	143	156	175	208	137	181	140
cadm1_dose		chr7:SSBP1:t:141739123|7:141738410-141739123:+	SSBP1	chr7:SSBP1:t:141739123	t	141739123	7:141738410-141739123:+	7	141738410	141739123	+	118.8	0.232	0.185	0.164	-0.068	0.021	-0.0665	ols_slope	0.2664985943557317	0.8909803751594613	1	0	0.551	0.181	0.137	0.235	0.113	0.158	0.237	0.102	0.131	78	188	161	183	97	76	114	88	84
cadm1_dose		chr3:TRA2B:s:185937824|3:185931852-185937824:-	TRA2B	chr3:TRA2B:s:185937824	s	185937824	3:185931852-185937824:-	3	185931852	185937824	-	193.1	0.384	0.419	0.317	-0.068	-0.051	-0.0251	ols_slope	0.47456697692639066	0.9708036788265891	0	0	0.307	0.396	0.415	0.423	0.481	0.347	0.22	0.426	0.321	114	285	176	194	162	147	254	216	190
cadm1_dose		chr14:BCL2L2-PABPN1:s:23308199|14:23308199-23319734:+	BCL2L2-PABPN1	chr14:BCL2L2-PABPN1:s:23308199	s	23308199	14:23308199-23319734:+	14	23308199	23319734	+	100.1	0.293	0.308	0.224	-0.069	-0.055	-0.0353	ols_slope	0.45048389358638835	0.9553558989835146	0	0	0.207	0.347	0.314	0.22	0.356	0.347	0.343	0.281	0.033	87	98	105	109	118	98	105	89	92
cadm1_dose		chr10:DNAJC9:s:73243842|10:73243519-73243842:-	DNAJC9	chr10:DNAJC9:s:73243842	s	73243842	10:73243519-73243842:-	10	73243519	73243842	-	103.9	0.973	0.994	0.903	-0.07		-0.0493	ols_slope	0.16911843994276654	0.8213917466155131	0	0	0.989	0.966	0.967	1.0	1.0	0.98	1.0	0.884	0.742	91	118	90	143	94	100	125	112	62
cadm1_dose		chr2:MRPL33:t:27779432|2:27774530-27779432:+	MRPL33	chr2:MRPL33:t:27779432	t	27779432	2:27774530-27779432:+	2	27774530	27779432	+	132.9	0.471	0.487	0.401	-0.07	-0.067	-0.0455	ols_slope	0.31638593083081873	0.9150517798418184	0	0	0.65	0.469	0.336	0.442	0.463	0.58	0.345	0.463	0.375	103	128	134	172	136	119	116	160	128
cadm1_dose		chr1:DNAJC8:s:28232920|1:28205306-28232920:-	DNAJC8	chr1:DNAJC8:s:28232920	s	28232920	1:28205306-28232920:-	1	28205306	28232920	-	175.4	0.146	0.062	0.075	-0.071	-0.068	-0.0482	ols_slope	0.1609898872899368	0.8098539820805224	0	0	0.269	0.035	0.212	0.047	0.044	0.084	0.07	0.095	0.061	108	201	137	106	203	225	185	201	213
cadm1_dose		chr9:ANKRD18B:s:33541227|9:33541227-33543184:+	ANKRD18B	chr9:ANKRD18B:s:33541227	s	33541227	9:33541227-33543184:+	9	33541227	33543184	+	145.6	0.777	0.719	0.706	-0.071	-0.055	-0.0235	ols_slope	0.48246916327411615	0.9729364864924035	1	0	0.615	0.866	0.81	0.731	0.684	0.744	0.673	0.77	0.707	65	97	58	182	187	180	266	135	140
cadm1_dose		chr16:NUTF2:t:67865101|16:67847456-67865101:+	NUTF2	chr16:NUTF2:t:67865101	t	67865101	16:67847456-67865101:+	16	67847456	67865101	+	170.1	0.197	0.25	0.122	-0.075	-0.031	-0.031	ols_slope	0.40886492089638227	0.9378044304170918	0	0	0.163	0.173	0.238	0.264	0.331	0.151	0.228	0.113	0.047	203	202	290	182	160	159	101	106	128
cadm1_dose		chr19:PTBP1:s:805187|19:805187-805491:+	PTBP1	chr19:PTBP1:s:805187	s	805187	19:805187-805491:+	19	805187	805491	+	221.9	0.474	0.465	0.4	-0.075	0.017	-0.0418	ols_slope	0.4246661704240512	0.9512522217498747	1	0	0.508	0.478	0.438	0.39	0.444	0.726	0.382	0.494	0.297	264	297	276	236	187	84	207	251	195
cadm1_dose		chr5:RPL26L1:t:172959864|5:172959007-172959864:+	RPL26L1	chr5:RPL26L1:t:172959864	t	172959864	5:172959007-172959864:+	5	172959007	172959864	+	168.8	0.5	0.326	0.425	-0.075	-0.003	-0.0395	ols_slope	0.4448571596746827	0.9553558989835146	0	0	0.562	0.594	0.37	0.298	0.242	0.504	0.465	0.384	0.438	130	155	173	205	207	131	172	216	130
cadm1_dose		chr12:SFSWAP:s:131756644|12:131756644-131766117:+	SFSWAP	chr12:SFSWAP:s:131756644	s	131756644	12:131756644-131766117:+	12	131756644	131766117	+	126.0	0.379	0.182	0.305	-0.075	-0.036	-0.0305	ols_slope	0.5864806327614206	0.983758434534779	0	0	0.404	0.327	0.408	0.269	0.17	0.135	0.151	0.488	0.317	151	171	184	78	147	111	106	82	104
cadm1_dose		chr20:FRG1BP:t:30379584|20:30377425-30379584:+	FRG1BP	chr20:FRG1BP:t:30379584	t	30379584	20:30377425-30379584:+	20	30377425	30379584	+	114.7	0.254	0.258	0.176	-0.077	-0.081	-0.0439	ols_slope	0.17823054359660714	0.845235500505905	0	0	0.293	0.263	0.22	0.14	0.349	0.274	0.159	0.115	0.238	116	118	168	86	86	146	69	113	130
cadm1_dose		chr5:HNRNPH1:t:179623164|5:179623164-179623280:-	HNRNPH1	chr5:HNRNPH1:t:179623164	t	179623164	5:179623164-179623280:-	5	179623164	179623280	-	128.6	0.119	0.113	0.042	-0.077	-0.053	-0.0283	ols_slope	0.6162351125139978	0.983758434534779	1	0	0.0	0.0	0.288	0.29	0.0	0.0	0.0	0.0	0.118	77	130	146	138	95	120	139	151	161
cadm1_dose		chr4:MRPS18C:s:83456958|4:83456958-83459739:+	MRPS18C	chr4:MRPS18C:s:83456958	s	83456958	4:83456958-83459739:+	4	83456958	83459739	+	132.6	0.642	0.567	0.563	-0.079	-0.023	-0.0211	ols_slope	0.6962219012414498	0.983758434534779	1	0	0.557	0.648	0.718	0.67	0.47	0.59	0.768	0.387	0.642	106	182	103	94	132	139	112	191	134
cadm1_dose		chr11:ANAPC15:t:72111286|11:72111286-72111441:-	ANAPC15	chr11:ANAPC15:t:72111286	t	72111286	11:72111286-72111441:-	11	72111286	72111441	-	165.7	0.203	0.124	0.12	-0.082	-0.072	-0.04	ols_slope	0.2596465973838717	0.8812248153634433	1	0	0.073	0.216	0.325	0.155	0.059	0.16	0.158	0.134	0.081	165	204	154	142	153	150	165	149	209
cadm1_dose		chr11:ANAPC15:s:72112649|11:72111286-72112649:-	ANAPC15	chr11:ANAPC15:s:72112649	s	72112649	11:72111286-72112649:-	11	72111286	72112649	-	136.8	0.213	0.205	0.132	-0.082	-0.028	-0.0481	ols_slope	0.29844390119789205	0.9150517798418184	1	0	0.345	0.211	0.109	0.161	0.117	0.353	0.121	0.042	0.213	113	166	138	149	128	119	149	119	150
cadm1_dose		chr19:TCF3:t:1611849|19:1611849-1612206:-	TCF3	chr19:TCF3:t:1611849	t	1611849	19:1611849-1612206:-	19	1611849	1612206	-	234.2	0.501	0.55	0.419	-0.082	-0.09	-0.0366	ols_slope	0.3147018000536242	0.9150517798418184	0	0	0.437	0.443	0.586	0.573	0.604	0.434	0.46	0.382	0.405	215	203	295	241	280	175	289	262	148
cadm1_dose		chr8:SNHG6:t:66922392|8:66922392-66925436:-	SNHG6	chr8:SNHG6:t:66922392	t	66922392	8:66922392-66925436:-	8	66922392	66925436	-	158.9	0.552	0.347	0.47	-0.082	-0.094	-0.0361	ols_slope	0.4967794443251414	0.9800879524166943	0	0	0.4	0.548	0.681	0.404	0.333	0.272	0.472	0.483	0.457	115	230	144	183	138	114	199	145	162
cadm1_dose		chr19:PRKCSH:s:11447618|19:11447618-11447722:+	PRKCSH	chr19:PRKCSH:s:11447618	s	11447618	19:11447618-11447722:+	19	11447618	11447722	+	128.3	0.665	0.643	0.582	-0.083	-0.047	-0.0449	ols_slope	0.18873703181308446	0.8520392980911292	1	0	0.708	0.703	0.599	0.694	0.623	0.592	0.713	0.521	0.507	96	209	182	121	122	71	122	96	136
cadm1_dose		chr8:EEF1D:s:143597347|8:143586849-143597347:-	EEF1D	chr8:EEF1D:s:143597347	s	143597347	8:143586849-143597347:-	8	143586849	143597347	-	102.2	0.159	0.129	0.076	-0.083	-0.03	-0.042	ols_slope	0.3766392962028798	0.9150517798418184	1	0	0.045	0.062	0.382	0.103	0.189	0.099	0.077	0.133	0.028	132	129	123	78	74	81	104	90	109
cadm1_dose		chr19:USF2:s:35269699|19:35269699-35270446:+	USF2	chr19:USF2:s:35269699	s	35269699	19:35269699-35270446:+	19	35269699	35270446	+	153.4	0.661	0.478	0.576	-0.085	-0.095	-0.0333	ols_slope	0.582600930373844	0.983758434534779	0	0	0.581	0.7	0.68	0.307	0.528	0.605	0.472	0.755	0.535	129	180	178	137	178	114	193	143	129
cadm1_dose		chr19:ERCC1:t:45413745|19:45413745-45413962:-	ERCC1	chr19:ERCC1:t:45413745	t	45413745	19:45413745-45413962:-	19	45413745	45413962	-	130.9	0.612	0.648	0.525	-0.087	-0.127	-0.0448	ols_slope	0.339998387820136	0.9150517798418184	0	0	0.609	0.715	0.52	0.733	0.489	0.735	0.48	0.595	0.5	87	158	175	146	133	102	152	131	94
cadm1_dose		chr5:GRK6:s:177441053|5:177441053-177441736:+	GRK6	chr5:GRK6:s:177441053	s	177441053	5:177441053-177441736:+	5	177441053	177441736	+	102.0	0.608	0.654	0.522	-0.087	-0.029	-0.035	ols_slope	0.5717022472375289	0.983758434534779	0	0	0.635	0.558	0.626	0.698	0.578	0.686	0.435	0.358	0.816	96	104	155	106	90	70	115	95	87
cadm1_dose		chrX:NAA10:t:153932584|X:153932584-153933942:-	NAA10	chrX:NAA10:t:153932584	t	153932584	X:153932584-153933942:-	X	153932584	153933942	-	266.0	0.611	0.521	0.523	-0.088	-0.112	-0.0454	ols_slope	0.20803460663498513	0.8520392980911292	0	0	0.585	0.595	0.659	0.58	0.567	0.431	0.393	0.58	0.592	195	301	208	288	263	318	272	250	299
cadm1_dose		chr19:DNM2:t:10812263|19:10808580-10812263:+	DNM2	chr19:DNM2:t:10812263	t	10812263	19:10808580-10812263:+	19	10808580	10812263	+	117.1	0.21	0.25	0.122	-0.088	-0.096	-0.0381	ols_slope	0.5115183895289286	0.983758434534779	0	0	0.022	0.327	0.253	0.147	0.18	0.424	0.141	0.029	0.203	91	110	99	109	133	118	135	136	123
cadm1_dose		chrX:FMR1:s:147943326|X:147943326-147944868:+	FMR1	chrX:FMR1:s:147943326	s	147943326	X:147943326-147944868:+	X	147943326	147944868	+	239.7	0.628	0.687	0.539	-0.089	-0.038	-0.0258	ols_slope	0.67985712076424	0.983758434534779	0	0	0.721	0.686	0.388	0.653	0.812	0.614	0.673	0.418	0.55	452	258	237	271	197	210	196	225	111
cadm1_dose		chr3:UQCC5:t:52540423|3:52534877-52540423:+	UQCC5	chr3:UQCC5:t:52540423	t	52540423	3:52534877-52540423:+	3	52534877	52540423	+	115.6	0.164	0.083	0.074	-0.09	-0.053	-0.0615	ols_slope	0.14556629770734997	0.8098539820805224	1	0	0.339	0.144	0.106	0.015	0.05	0.214	0.079	0.039	0.101	62	181	123	133	120	98	101	103	119
cadm1_dose		chr1:FLAD1:t:154992712|1:154990528-154992712:+	FLAD1	chr1:FLAD1:t:154992712	t	154992712	1:154990528-154992712:+	1	154990528	154992712	+	108.9	0.851	0.683	0.759	-0.091	-0.095	-0.0421	ols_slope	0.2331107790331681	0.8520392980911292	0	0	0.851	0.822	0.885	0.681	0.654	0.716	0.716	0.753	0.836	134	135	113	94	107	102	88	146	61
cadm1_dose		chr16:PSMB10:t:67934948|16:67934948-67935419:-	PSMB10	chr16:PSMB10:t:67934948	t	67934948	16:67934948-67935419:-	16	67934948	67935419	-	114.4	0.805	0.803	0.715	-0.091	-0.097	-0.0358	ols_slope	0.326410129406544	0.9150517798418184	1	0	0.817	0.79	0.805	0.826	0.755	0.83	0.89	0.701	0.606	191	143	118	86	102	106	73	107	104
cadm1_dose		chr5:HNRNPH1:t:179623164|5:179623164-179623594:-	HNRNPH1	chr5:HNRNPH1:t:179623164	t	179623164	5:179623164-179623594:-	5	179623164	179623594	-	128.6	0.462	0.36	0.37	-0.091	-0.121	-0.042	ols_slope	0.3389895120836622	0.9150517798418184	0	0	0.377	0.554	0.425	0.225	0.526	0.383	0.324	0.351	0.429	77	130	146	138	95	120	139	151	161
cadm1_dose		chr3:UQCC5:t:52540423|3:52536773-52540423:+	UQCC5	chr3:UQCC5:t:52540423	t	52540423	3:52536773-52540423:+	3	52536773	52540423	+	115.6	0.366	0.379	0.276	-0.091	-0.109	-0.0311	ols_slope	0.6437385085466801	0.983758434534779	0	0	0.226	0.32	0.504	0.308	0.475	0.357	0.307	0.515	0.042	62	181	123	133	120	98	101	103	119
cadm1_dose		chr16:CARMIL2:t:67657238|16:67656881-67657238:+	CARMIL2	chr16:CARMIL2:t:67657238	t	67657238	16:67656881-67657238:+	16	67656881	67657238	+	179.6	0.259	0.271	0.167	-0.092	-0.067	-0.0506	ols_slope	0.19470680501361215	0.8520392980911292	0	0	0.306	0.138	0.345	0.266	0.341	0.19	0.103	0.137	0.245	170	203	194	229	135	105	174	190	216
cadm1_dose		chr16:INO80E:t:30005220|16:30001040-30005220:+	INO80E	chr16:INO80E:t:30005220	t	30005220	16:30001040-30005220:+	16	30001040	30005220	+	169.0	0.316	0.411	0.224	-0.092	-0.091	-0.0677	ols_slope	0.27137535029267834	0.8930477206290177	0	0	0.534	0.246	0.278	0.5	0.349	0.339	0.31	0.046	0.296	116	195	299	176	126	109	145	152	203
cadm1_dose		chr2:PPP1R7:s:241166441|2:241166441-241167044:+	PPP1R7	chr2:PPP1R7:s:241166441	s	241166441	2:241166441-241167044:+	2	241166441	241167044	+	150.4	0.786	0.739	0.693	-0.093	-0.082	-0.0514	ols_slope	0.16450159011010582	0.8098539820805224	1	0	0.704	0.783	0.865	0.779	0.748	0.679	0.713	0.78	0.55	169	207	185	140	143	112	171	127	100
cadm1_dose		chr9:SURF2:t:133357710|9:133357068-133357710:+	SURF2	chr9:SURF2:t:133357710	t	133357710	9:133357068-133357710:+	9	133357068	133357710	+	148.2	0.815	0.756	0.721	-0.093	0.002	-0.0481	ols_slope	0.28162363024627646	0.8948041585129919	1	0	0.856	0.802	0.789	0.819	0.669	0.793	0.86	0.765	0.535	146	217	133	166	160	92	121	170	129
cadm1_dose		chr21:GET1:t:39390697|21:39380486-39390697:+	GET1	chr21:GET1:t:39390697	t	39390697	21:39380486-39390697:+	21	39380486	39390697	+	114.4	0.742	0.762	0.648	-0.094	-0.054	-0.0612	ols_slope	0.14233475619987054	0.8098539820805224	0	0	0.862	0.734	0.707	0.737	0.901	0.65	0.596	0.697	0.642	65	154	188	118	101	100	104	119	81
cadm1_dose		chr19:TCF3:s:1615685|19:1615520-1615685:-	TCF3	chr19:TCF3:s:1615685	s	1615685	19:1615520-1615685:-	19	1615520	1615685	-	187.0	0.403	0.387	0.308	-0.095	-0.072	-0.0539	ols_slope	0.1360946763888833	0.8098539820805224	1	0	0.514	0.329	0.399	0.473	0.388	0.256	0.306	0.333	0.279	179	258	233	188	178	125	209	177	136
cadm1_dose		chr5:SRP19:s:112864732|5:112864732-112867403:+	SRP19	chr5:SRP19:s:112864732	s	112864732	5:112864732-112867403:+	5	112864732	112867403	+	105.2	0.973	0.862	0.878	-0.095	-0.097	-0.0496	ols_slope	0.11579498469625654	0.8098539820805224	0	0	0.976	0.948	1.0	0.852	0.78	1.0	0.897	0.879	0.852	127	97	67	108	123	81	145	91	108
cadm1_dose		chr16:GSPT1:s:11897839|16:11896785-11897839:-	GSPT1	chr16:GSPT1:s:11897839	s	11897839	16:11896785-11897839:-	16	11896785	11897839	-	125.3	0.917	0.89	0.822	-0.095	-0.095	-0.0409	ols_slope	0.24060384337790625	0.8520392980911292	1	0	0.971	0.952	0.842	0.963	0.949	0.788	0.835	0.76	0.925	105	124	133	80	138	137	109	196	106
cadm1_dose		chr14:ENSG00000288044:t:24298613|14:24292600-24298613:+	ENSG00000288044	chr14:ENSG00000288044:t:24298613	t	24298613	14:24292600-24298613:+	14	24292600	24298613	+	102.9	0.313	0.251	0.218	-0.095	-0.103	-0.0465	ols_slope	0.4062582682719934	0.9378044304170918	1	0	0.06	0.508	0.363	0.212	0.292	0.267	0.148	0.274	0.229	67	61	102	165	113	101	108	113	96
cadm1_dose		chr7:DBNL:s:44058280|7:44058280-44058428:+	DBNL	chr7:DBNL:s:44058280	s	44058280	7:44058280-44058428:+	7	44058280	44058428	+	130.0	0.386	0.256	0.29	-0.097	-0.144	-0.043	ols_slope	0.4355917972222657	0.9553558989835146	0	0	0.292	0.282	0.556	0.16	0.214	0.434	0.383	0.212	0.277	113	117	135	150	131	113	133	137	141
cadm1_dose		chrX:EOLA2:t:149937480|X:149937480-149938192:-	EOLA2	chrX:EOLA2:t:149937480	t	149937480	X:149937480-149938192:-	X	149937480	149938192	-	126.2	0.813	0.752	0.713	-0.1	-0.151	-0.0486	ols_slope	0.20740890818281063	0.8520392980911292	1	0	0.787	0.742	0.905	0.674	0.898	0.701	0.688	0.673	0.782	80	120	116	141	128	147	109	162	133
cadm1_dose		chr12:OS9:t:57718992|12:57718376-57718992:+	OS9	chr12:OS9:t:57718992	t	57718992	12:57718376-57718992:+	12	57718376	57718992	+	137.0	0.213	0.303	0.113	-0.1	-0.038	-0.0375	ols_slope	0.3723509099710867	0.9150517798418184	0	0	0.088	0.283	0.2	0.323	0.267	0.302	0.093	0.098	0.155	91	198	185	201	116	116	97	132	97
cadm1_dose		chr7:GIGYF1:t:100681771|7:100681771-100682071:-	GIGYF1	chr7:GIGYF1:t:100681771	t	100681771	7:100681771-100682071:-	7	100681771	100682071	-	103.2	0.147	0.12	0.045	-0.102	-0.056	-0.063	ols_slope	0.07288025034940637	0.8098539820805224	1	0	0.132	0.309	0.086	0.058	0.179	0.09	0.046	0.02	0.082	114	81	186	69	112	78	130	98	61
cadm1_dose		chr2:MRPL33:s:27772692|2:27772692-27774423:+	MRPL33	chr2:MRPL33:s:27772692	s	27772692	2:27772692-27774423:+	2	27772692	27774423	+	122.0	0.454	0.473	0.352	-0.102	-0.156	-0.0641	ols_slope	0.21675974607268547	0.8520392980911292	0	0	0.644	0.477	0.288	0.467	0.425	0.537	0.333	0.429	0.262	87	130	118	167	127	108	111	147	103
cadm1_dose		chr12:TMEM106C:t:47964208|12:47963704-47964208:+	TMEM106C	chr12:TMEM106C:t:47964208	t	47964208	12:47963704-47964208:+	12	47963704	47964208	+	124.2	0.395	0.341	0.293	-0.102	-0.144	-0.0521	ols_slope	0.23353106031814083	0.8520392980911292	1	0	0.504	0.299	0.392	0.391	0.429	0.165	0.239	0.33	0.313	133	147	148	133	119	97	117	109	115
cadm1_dose		chr7:BUD23:s:73687095|7:73687095-73692595:+	BUD23	chr7:BUD23:s:73687095	s	73687095	7:73687095-73692595:+	7	73687095	73692595	+	102.1	0.164	0.058	0.061	-0.103	-0.102	-0.0433	ols_slope	0.22190157610649264	0.8520392980911292	0	0	0.017	0.133	0.284	0.076	0.041	0.056	0.011	0.074	0.09	58	120	102	118	121	90	88	122	100
cadm1_dose		chr19:ERCC1:s:45414860|19:45414034-45414860:-	ERCC1	chr19:ERCC1:s:45414860	s	45414860	19:45414034-45414860:-	19	45414034	45414860	-	107.4	0.617	0.641	0.514	-0.103	-0.146	-0.0607	ols_slope	0.35627821740678006	0.9150517798418184	0	0	0.617	0.793	0.469	0.766	0.394	0.703	0.504	0.606	0.405	60	121	143	141	94	91	129	109	79
cadm1_dose		chr16:ZNF598:t:2001191|16:2001191-2001591:-	ZNF598	chr16:ZNF598:t:2001191	t	2001191	16:2001191-2001591:-	16	2001191	2001591	-	126.9	0.221	0.332	0.116	-0.104	-0.093	-0.0683	ols_slope	0.2303228957192998	0.8520392980911292	0	0	0.384	0.097	0.234	0.286	0.4	0.298	0.068	0.038	0.199	86	144	291	119	110	57	147	52	136
cadm1_dose		chr16:RPS15A:t:18789118|16:18789118-18789896:-	RPS15A	chr16:RPS15A:t:18789118	t	18789118	16:18789118-18789896:-	16	18789118	18789896	-	186.9	0.285	0.219	0.18	-0.104	-0.069	-0.0388	ols_slope	0.30429789163023946	0.9150517798418184	1	0	0.18	0.26	0.372	0.183	0.259	0.215	0.178	0.322	0.08	133	269	234	197	193	135	174	146	201
cadm1_dose		chr1:LINC02609:t:90832196|1:90832196-90851482:-	LINC02609	chr1:LINC02609:t:90832196	t	90832196	1:90832196-90851482:-	1	90832196	90851482	-	110.4	0.902	0.931	0.797	-0.105	-0.037	-0.0524	ols_slope	0.0965141777970289	0.8098539820805224	0	0	0.872	0.954	0.88	0.959	0.938	0.899	0.773	0.883	0.736	86	87	83	123	96	129	141	128	121
cadm1_dose		chr9:ENTR1:t:136407938|9:136407938-136410327:-	ENTR1	chr9:ENTR1:t:136407938	t	136407938	9:136407938-136410327:-	9	136407938	136410327	-	115.9	0.151	0.125	0.046	-0.105	-0.167	-0.0586	ols_slope	0.07524394409428717	0.8098539820805224	1	0	0.101	0.245	0.15	0.04	0.224	0.107	0.049	0.095	0.0	99	53	120	149	152	122	162	84	102
cadm1_dose		chr6:RNF8:s:37371574|6:37371574-37376925:+	RNF8	chr6:RNF8:s:37371574	s	37371574	6:37371574-37376925:+	6	37371574	37376925	+	173.4	0.192	0.066	0.087	-0.105	-0.063	-0.0542	ols_slope	0.253011405794418	0.8652603801213684	0	0	0.19	0.054	0.335	0.0	0.175	0.0	0.13	0.104	0.021	147	166	161	163	177	128	215	212	192
cadm1_dose		chr19:RANBP3:t:5928087|19:5928087-5931418:-	RANBP3	chr19:RANBP3:t:5928087	t	5928087	19:5928087-5931418:-	19	5928087	5931418	-	157.3	0.487	0.474	0.382	-0.105	-0.082	-0.044	ols_slope	0.27907741269656805	0.8930477206290177	1	0	0.462	0.378	0.602	0.408	0.462	0.598	0.391	0.328	0.459	93	196	206	169	182	107	169	183	111
cadm1_dose		chrX:CCNQ:s:153592505|X:153588394-153592505:-	CCNQ	chrX:CCNQ:s:153592505	s	153592505	X:153588394-153592505:-	X	153588394	153592505	-	110.1	0.458	0.34	0.353	-0.105	-0.108	-0.0473	ols_slope	0.39441493170547637	0.9155331057204849	0	0	0.278	0.469	0.555	0.374	0.444	0.174	0.344	0.218	0.455	72	143	119	115	144	115	93	78	112
cadm1_dose		chrX:CITED1:t:72302934|X:72302934-72307024:-	CITED1	chrX:CITED1:t:72302934	t	72302934	X:72302934-72307024:-	X	72302934	72307024	-	236.0	0.499	0.519	0.391	-0.108	-0.098	-0.0619	ols_slope	0.1705121259715239	0.8213917466155131	0	0	0.556	0.407	0.556	0.57	0.366	0.577	0.489	0.351	0.308	214	295	259	193	164	265	282	231	221
cadm1_dose		chr17:DUS1L:s:82058780|17:82058416-82058780:-	DUS1L	chr17:DUS1L:s:82058780	s	82058780	17:82058416-82058780:-	17	82058416	82058780	-	145.0	0.909	0.921	0.799	-0.11	-0.045	-0.0541	ols_slope	0.12267513426142716	0.8098539820805224	0	0	0.908	0.957	0.863	0.824	1.0	0.926	0.876	0.808	0.719	130	185	190	91	104	122	161	151	171
cadm1_dose		chr12:SFSWAP:t:131766117|12:131756644-131766117:+	SFSWAP	chr12:SFSWAP:t:131766117	t	131766117	12:131756644-131766117:+	12	131756644	131766117	+	167.9	0.307	0.141	0.196	-0.111	-0.127	-0.0617	ols_slope	0.1272581042744804	0.8098539820805224	0	0	0.279	0.245	0.424	0.138	0.157	0.123	0.124	0.255	0.198	219	229	177	152	159	122	129	157	167
cadm1_dose		chr5:ATOX1:s:151758545|5:151751779-151758545:-	ATOX1	chr5:ATOX1:s:151758545	s	151758545	5:151751779-151758545:-	5	151751779	151758545	-	100.0	0.945	0.934	0.831	-0.114	-0.045	-0.0641	ols_slope	0.1196345300485024	0.8098539820805224	1	0	0.984	0.949	0.925	0.852	0.971	1.0	0.855	0.679	0.94	64	98	147	108	104	77	138	81	83
cadm1_dose		chr4:GAR1:t:109817935|4:109816378-109817935:+	GAR1	chr4:GAR1:t:109817935	t	109817935	4:109816378-109817935:+	4	109816378	109817935	+	126.2	0.942	0.825	0.828	-0.114	-0.052	-0.0607	ols_slope	0.05763831696950671	0.8098539820805224	0	0	0.969	1.0	0.873	0.827	0.741	0.906	0.819	0.836	0.823	97	176	189	139	116	117	83	140	79
cadm1_dose		chr12:C12orf57:t:6945770|12:6944565-6945770:+	C12orf57	chr12:C12orf57:t:6945770	t	6945770	12:6944565-6945770:+	12	6944565	6945770	+	110.4	0.282	0.221	0.168	-0.114	-0.105	-0.0591	ols_slope	0.2447884771537366	0.8520392980911292	1	0	0.207	0.31	0.314	0.37	0.012	0.211	0.21	0.047	0.219	92	113	118	119	81	90	124	106	151
cadm1_dose		chr5:NOP16:s:176385220|5:176384283-176385220:-	NOP16	chr5:NOP16:s:176385220	s	176385220	5:176384283-176385220:-	5	176384283	176385220	-	256.1	0.375	0.273	0.26	-0.115	-0.165	-0.0536	ols_slope	0.1363470085466023	0.8098539820805224	1	0	0.381	0.324	0.442	0.255	0.337	0.209	0.387	0.197	0.241	210	321	231	243	282	211	194	290	323
cadm1_dose		chr4:PCGF3:s:731110|4:731110-732399:+	PCGF3	chr4:PCGF3:s:731110	s	731110	4:731110-732399:+	4	731110	732399	+	127.4	0.187	0.105	0.07	-0.117	-0.037	-0.0822	ols_slope	0.11399098276212678	0.8098539820805224	1	0	0.431	0.045	0.224	0.115	0.063	0.135	0.124	0.017	0.065	72	176	201	148	111	111	121	115	92
cadm1_dose		chr16:INO80E:s:30001040|16:30001040-30005220:+	INO80E	chr16:INO80E:s:30001040	s	30001040	16:30001040-30005220:+	16	30001040	30005220	+	122.9	0.455	0.481	0.338	-0.117	-0.101	-0.0734	ols_slope	0.2642488797757123	0.8901014897708205	0	0	0.517	0.306	0.565	0.575	0.37	0.468	0.484	0.092	0.37	120	157	147	153	119	79	93	76	162
cadm1_dose		chr7:GGCT:t:30498938|7:30498938-30500535:-	GGCT	chr7:GGCT:t:30498938	t	30498938	7:30498938-30500535:-	7	30498938	30500535	-	121.2	0.256	0.151	0.137	-0.118	-0.052	-0.0616	ols_slope	0.03720849474510482	0.7924020313288396	1	0	0.324	0.225	0.222	0.086	0.227	0.177	0.169	0.075	0.156	139	111	176	163	110	79	124	93	96
cadm1_dose		chr10:STK32C:t:132330485|10:132330485-132331435:-	STK32C	chr10:STK32C:t:132330485	t	132330485	10:132330485-132331435:-	10	132330485	132331435	-	182.7	0.788	0.698	0.667	-0.121	-0.09	-0.0587	ols_slope	0.12401660758752722	0.8098539820805224	1	0	0.785	0.764	0.814	0.81	0.599	0.655	0.56	0.743	0.707	158	182	194	210	142	220	191	183	164
cadm1_dose		chr16:ATXN2L:s:28836122|16:28836122-28836727:+	ATXN2L	chr16:ATXN2L:s:28836122	s	28836122	16:28836122-28836727:+	16	28836122	28836727	+	109.1	0.685	0.622	0.563	-0.122	-0.011	-0.0713	ols_slope	0.08374312160377795	0.8098539820805224	1	0	0.744	0.613	0.701	0.612	0.545	0.688	0.59	0.398	0.643	90	106	144	103	66	93	144	93	143
cadm1_dose		chr4:PCGF3:t:733671|4:732498-733671:+	PCGF3	chr4:PCGF3:t:733671	t	733671	4:732498-733671:+	4	732498	733671	+	123.7	0.176	0.152	0.054	-0.122	-0.058	-0.0863	ols_slope	0.11264601227655557	0.8098539820805224	1	0	0.431	0.057	0.189	0.134	0.063	0.272	0.054	0.061	0.044	72	176	185	149	111	103	112	115	90
cadm1_dose		chr6:HDDC2:t:125292909|6:125292909-125300537:-	HDDC2	chr6:HDDC2:t:125292909	t	125292909	6:125292909-125300537:-	6	125292909	125300537	-	135.1	0.769	0.698	0.647	-0.122	-0.059	-0.0706	ols_slope	0.15546022662126588	0.8098539820805224	1	0	0.733	0.685	0.923	0.577	0.75	0.831	0.703	0.68	0.534	101	219	143	137	140	71	165	122	118
cadm1_dose		chr8:CYRIB:s:129939607|8:129904585-129939607:-	CYRIB	chr8:CYRIB:s:129939607	s	129939607	8:129904585-129939607:-	8	129904585	129939607	-	148.7	0.681	0.604	0.556	-0.125	-0.116	-0.0633	ols_slope	0.3119786561894241	0.9150517798418184	1	0	0.692	0.779	0.567	0.646	0.604	0.5	0.288	0.697	0.674	130	190	178	178	144	72	146	165	135
cadm1_dose		chr5:CSNK1A1:t:149496860|5:149496860-149505482:-	CSNK1A1	chr5:CSNK1A1:t:149496860	t	149496860	5:149496860-149505482:-	5	149496860	149505482	-	167.8	0.415	0.34	0.286	-0.129	-0.13	-0.0719	ols_slope	0.1182414468649788	0.8098539820805224	1	0	0.395	0.39	0.483	0.344	0.125	0.451	0.23	0.297	0.311	157	205	120	183	104	195	139	172	235
cadm1_dose		chr9:NTMT1:s:129626295|9:129626295-129634053:+	NTMT1	chr9:NTMT1:s:129626295	s	129626295	9:129626295-129634053:+	9	129626295	129634053	+	106.4	0.25	0.126	0.121	-0.129	-0.1	-0.0526	ols_slope	0.22610421989401946	0.8520392980911292	1	0	0.161	0.392	0.144	0.142	0.037	0.173	0.047	0.161	0.173	87	148	125	134	81	110	107	62	104
cadm1_dose		chr5:TAF9:t:69366595|5:69366595-69369656:-	TAF9	chr5:TAF9:t:69366595	t	69366595	5:69366595-69369656:-	5	69366595	69369656	-	158.8	0.223	0.164	0.089	-0.134	-0.055	-0.0672	ols_slope	0.015756688592568933	0.7924020313288396	1	0	0.196	0.232	0.229	0.144	0.121	0.277	0.124	0.064	0.066	97	164	179	208	198	112	194	125	152
cadm1_dose		chr9:NTMT1:t:129634053|9:129626295-129634053:+	NTMT1	chr9:NTMT1:t:129634053	t	129634053	9:129626295-129634053:+	9	129626295	129634053	+	110.7	0.239	0.134	0.105	-0.134	-0.085	-0.0571	ols_slope	0.15104900562859647	0.8098539820805224	1	0	0.126	0.354	0.178	0.157	0.031	0.218	0.051	0.139	0.126	111	164	101	121	98	87	99	72	143
cadm1_dose		chr1:RPL22:t:6197756|1:6197756-6199369:-	RPL22	chr1:RPL22:t:6197756	t	6197756	1:6197756-6199369:-	1	6197756	6199369	-	297.0	0.174	0.071	0.039	-0.136	-0.104	-0.0687	ols_slope	0.021592387237922072	0.7924020313288396	1	0	0.077	0.263	0.176	0.112	0.056	0.046	0.019	0.025	0.06	311	331	323	267	324	260	212	280	365
cadm1_dose		chr10:CDC123:s:12246277|10:12246277-12249580:+	CDC123	chr10:CDC123:s:12246277	s	12246277	10:12246277-12249580:+	10	12246277	12249580	+	104.2	0.883	0.86	0.747	-0.136	-0.077	-0.0798	ols_slope	0.04817026257800539	0.8098539820805224	1	0	0.942	0.784	0.974	0.824	0.83	0.971	0.74	0.685	0.796	69	111	77	136	88	69	123	108	157
cadm1_dose		chr19:LSM14A:s:34209051|19:34209051-34215595:+	LSM14A	chr19:LSM14A:s:34209051	s	34209051	19:34209051-34215595:+	19	34209051	34215595	+	147.4	0.401	0.309	0.265	-0.137	-0.068	-0.0728	ols_slope	0.13583479552079836	0.8098539820805224	1	0	0.508	0.272	0.491	0.262	0.417	0.291	0.274	0.4	0.16	130	180	106	145	84	134	219	135	194
cadm1_dose		chr19:USF2:t:35270446|19:35270003-35270446:+	USF2	chr19:USF2:t:35270446	t	35270446	19:35270003-35270446:+	19	35270003	35270446	+	176.9	0.536	0.548	0.396	-0.14	-0.082	-0.0707	ols_slope	0.1536890141520278	0.8098539820805224	0	0	0.595	0.54	0.485	0.706	0.475	0.477	0.405	0.28	0.511	185	274	235	143	179	132	153	150	141
cadm1_dose		chr8:RPL8:t:144791307|8:144791307-144791370:-	RPL8	chr8:RPL8:t:144791307	t	144791307	8:144791307-144791370:-	8	144791307	144791370	-	275.7	0.923	0.785	0.778	-0.145	-0.128	-0.0682	ols_slope	0.0340546401375027	0.7924020313288396	1	0	0.892	0.947	0.915	0.791	0.801	0.753	0.874	0.778	0.694	260	492	519	234	241	158	182	189	206
cadm1_dose		chr12:NOP2:s:6566528|12:6566336-6566528:-	NOP2	chr12:NOP2:s:6566528	s	6566528	12:6566336-6566528:-	12	6566336	6566528	-	111.4	0.63	0.443	0.483	-0.148	-0.062	-0.0755	ols_slope	0.11017120658714362	0.8098539820805224	0	0	0.615	0.62	0.658	0.34	0.464	0.518	0.521	0.347	0.571	135	92	111	97	168	83	121	98	98
cadm1_dose		chr9:ENTR1:s:136410089|9:136409067-136410089:-	ENTR1	chr9:ENTR1:s:136410089	s	136410089	9:136409067-136410089:-	9	136409067	136410089	-	103.9	0.372	0.272	0.214	-0.158	-0.095	-0.1011	ols_slope	0.09312698085656075	0.8098539820805224	1	0	0.253	0.641	0.325	0.345	0.153	0.315	0.244	0.217	0.15	99	64	114	139	118	92	160	69	80
cadm1_dose		chr1:POLR3GL:t:145977482|1:145975436-145977482:+	POLR3GL	chr1:POLR3GL:t:145977482	t	145977482	1:145975436-145977482:+	1	145975436	145977482	+	162.3	0.286	0.23	0.125	-0.16	-0.1	-0.0851	ols_slope	0.047454865695776706	0.8098539820805224	1	0	0.354	0.348	0.152	0.21	0.183	0.292	0.112	0.02	0.211	175	164	165	167	175	192	169	102	152
cadm1_dose		chr19:UBA52:t:18573292|19:18571909-18573292:+	UBA52	chr19:UBA52:t:18573292	t	18573292	19:18571909-18573292:+	19	18571909	18573292	+	167.3	0.478	0.339	0.315	-0.163	-0.168	-0.0766	ols_slope	0.11351945212923696	0.8098539820805224	1	0	0.542	0.452	0.462	0.301	0.371	0.351	0.15	0.357	0.49	153	208	262	193	175	134	140	143	98
cadm1_dose		chr17:NARF:t:82483715|17:82481211-82483715:+	NARF	chr17:NARF:t:82483715	t	82483715	17:82481211-82483715:+	17	82481211	82483715	+	117.8	0.831	0.712	0.667	-0.164	-0.185	-0.0814	ols_slope	0.06789825624545862	0.8098539820805224	1	0	0.746	0.846	0.881	0.59	0.713	0.835	0.662	0.757	0.566	118	104	168	122	136	121	77	115	99
cadm1_dose		chr11:SF1:s:64766899|11:64765518-64766899:-	SF1	chr11:SF1:s:64766899	s	64766899	11:64765518-64766899:-	11	64765518	64766899	-	148.6	0.74	0.496	0.576	-0.165	-0.106	-0.0802	ols_slope	0.10330501958128241	0.8098539820805224	0	0	0.661	0.842	0.704	0.421	0.535	0.535	0.575	0.578	0.573	118	146	152	164	157	157	120	180	143
cadm1_dose		chrX:MECP2:t:154032557|X:154032557-154097603:-	MECP2	chrX:MECP2:t:154032557	t	154032557	X:154032557-154097603:-	X	154032557	154097603	-	169.4	0.472	0.361	0.307	-0.165	-0.173	-0.0882	ols_slope	0.06318388360097717	0.8098539820805224	1	0	0.617	0.328	0.52	0.453	0.386	0.277	0.329	0.25	0.358	115	183	200	117	197	188	210	192	123
cadm1_dose		chr16:MRPL28:t:370225|16:370225-370443:-	MRPL28	chr16:MRPL28:t:370225	t	370225	16:370225-370443:-	16	370225	370443	-	103.7	0.26	0.059	0.091	-0.169	-0.144	-0.0837	ols_slope	0.0311480334399907	0.7924020313288396	0	0	0.288	0.244	0.267	0.0	0.156	0.049	0.075	0.109	0.113	52	160	165	112	77	82	159	46	80
cadm1_dose		chr1:NASP:s:45606591|1:45606591-45607320:+	NASP	chr1:NASP:s:45606591	s	45606591	1:45606591-45607320:+	1	45606591	45607320	+	132.1	0.384	0.367	0.209	-0.176	-0.091	-0.0853	ols_slope	0.13045762435927147	0.8098539820805224	1	0	0.346	0.463	0.324	0.589	0.21	0.357	0.247	0.199	0.175	133	147	105	90	119	140	166	146	143
cadm1_dose		chr9:TMEM141:s:136791424|9:136791424-136791710:+	TMEM141	chr9:TMEM141:s:136791424	s	136791424	9:136791424-136791710:+	9	136791424	136791710	+	104.8	0.702	0.712	0.521	-0.181	-0.133	-0.0904	ols_slope	0.044736928053417356	0.8098539820805224	0	0	0.68	0.825	0.61	0.664	0.758	0.725	0.479	0.6	0.493	75	114	136	107	91	80	96	100	144
cadm1_dose		chr7:SRRT:s:100885040|7:100885040-100885212:+	SRRT	chr7:SRRT:s:100885040	s	100885040	7:100885040-100885212:+	7	100885040	100885212	+	152.1	0.714	0.52	0.526	-0.188	-0.173	-0.0939	ols_slope	0.0211217341350054	0.7924020313288396	0	0	0.727	0.68	0.744	0.596	0.442	0.509	0.574	0.539	0.475	121	181	160	141	120	114	136	219	177
cadm1_dose		chrX:MECP2:s:154097603|X:154032557-154097603:-	MECP2	chrX:MECP2:s:154097603	s	154097603	X:154032557-154097603:-	X	154032557	154097603	-	160.3	0.516	0.375	0.319	-0.198	-0.232	-0.0952	ols_slope	0.03454332501296797	0.7924020313288396	1	0	0.546	0.373	0.634	0.469	0.347	0.344	0.325	0.267	0.389	130	161	164	113	219	151	212	180	113
cadm1_dose		chr1:POLR3GL:s:145975436|1:145975436-145977482:+	POLR3GL	chr1:POLR3GL:s:145975436	s	145975436	1:145975436-145977482:+	1	145975436	145977482	+	122.0	0.389	0.287	0.177	-0.212	-0.138	-0.1114	ols_slope	0.0256338459709797	0.7924020313288396	1	0	0.466	0.442	0.231	0.259	0.271	0.318	0.171	0.029	0.271	133	129	108	135	118	176	111	70	118
cadm1_dose		chr16:TNRC6A:s:24729846|16:24729846-24730252:+	TNRC6A	chr16:TNRC6A:s:24729846	s	24729846	16:24729846-24730252:+	16	24729846	24730252	+	132.1	0.753	0.731	0.46	-0.293	-0.3	-0.1353	ols_slope	0.01337233241459648	0.7924020313288396	1	0	0.652	0.844	0.758	0.696	0.752	0.761	0.368	0.505	0.57	92	96	120	181	141	109	185	186	79
cadm1_dose		chr16:TNRC6A:t:24750725|16:24730300-24750725:+	TNRC6A	chr16:TNRC6A:t:24750725	t	24750725	16:24730300-24750725:+	16	24730300	24750725	+	124.4	0.776	0.738	0.458	-0.318	-0.297	-0.163	ols_slope	0.005160636899728927	0.7924020313288396	1	0	0.663	0.824	0.835	0.716	0.722	0.79	0.391	0.539	0.414	92	85	109	162	126	105	192	191	58
