contrast	rank	junction_id	gene	lsv	side	anchor	junction	chrom	start	end	strand	mean_lsv_total	psi_ctl	psi_mid	psi_treated	dpsi	dpsi_dedup	slope	test	p	padj	consistent	hit	psi_Hek_control_1	psi_Hek_control_2	psi_Hek_control_3	psi_CHX_dose_1ug_mL-1	psi_CHX_dose_1ug_mL-2	psi_CHX_dose_1ug_mL-3	psi_CHX_dose_50ug_mL-1	psi_CHX_dose_50ug_mL-2	psi_CHX_dose_50ug_mL-3	n_Hek_control_1	n_Hek_control_2	n_Hek_control_3	n_CHX_dose_1ug_mL-1	n_CHX_dose_1ug_mL-2	n_CHX_dose_1ug_mL-3	n_CHX_dose_50ug_mL-1	n_CHX_dose_50ug_mL-2	n_CHX_dose_50ug_mL-3
chx_dose	1	chr19:CLASRP:t:45068419|19:45068058-45068419:+	CLASRP	chr19:CLASRP:t:45068419	t	45068419	19:45068058-45068419:+	19	45068058	45068419	+	294.9	0.249	0.422	0.706	0.456	0.47	0.2272	ols_slope	2.8049394283675843e-05	0.005960932934062642	1	1	0.284	0.282	0.205	0.44	0.475	0.354	0.71	0.758	0.667	176	202	292	150	242	226	472	360	534
chx_dose	2	chr16:EIF3C:t:28723163|16:28721032-28723163:+	EIF3C	chr16:EIF3C:t:28723163	t	28723163	16:28721032-28723163:+	16	28721032	28723163	+	231.9	0.084	0.081	0.477	0.394	0.402	0.1927	ols_slope	0.007968211425690925	0.08798233449200395	0	1	0.026	0.14	0.091	0.011	0.027	0.204	0.448	0.421	0.544	271	242	287	177	256	211	154	228	261
chx_dose	3	chr19:AKAP8:t:15368322|19:15368322-15369066:-	AKAP8	chr19:AKAP8:t:15368322	t	15368322	19:15368322-15369066:-	19	15368322	15369066	-	110.8	0.054	0.233	0.399	0.345	0.352	0.167	ols_slope	6.529786741828243e-05	0.006921573946337937	1	1	0.091	0.023	0.06	0.258	0.264	0.19	0.329	0.471	0.375	99	131	84	97	87	116	85	138	160
chx_dose	4	chr11:HRAS:t:532755|11:532755-533276:-	HRAS	chr11:HRAS:t:532755	t	532755	11:532755-533276:-	11	532755	533276	-	385.7	0.084	0.291	0.361	0.277	0.272	0.1323	ols_slope	0.008873225213439579	0.09221194829652894	1	1	0.095	0.08	0.08	0.403	0.184	0.32	0.427	0.244	0.379	465	609	821	238	310	225	281	205	317
chx_dose	5	chr6:PSMG4:t:3267590|6:3264325-3267590:+	PSMG4	chr6:PSMG4:t:3267590	t	3267590	6:3264325-3267590:+	6	3264325	3267590	+	265.9	0.157	0.315	0.431	0.273	0.229	0.1333	ols_slope	0.00011928551060960009	0.009031617231869722	1	1	0.171	0.161	0.141	0.327	0.34	0.278	0.351	0.44	0.482	321	316	362	245	282	277	185	150	255
chx_dose	6	chr17:SNHG29:t:16440184|17:16439703-16440184:+	SNHG29	chr17:SNHG29:t:16440184	t	16440184	17:16439703-16440184:+	17	16439703	16440184	+	195.6	0.08	0.148	0.326	0.247	0.202	0.1227	ols_slope	0.002725898615103035	0.04815754220015362	1	1	0.138	0.053	0.064	0.124	0.18	0.111	0.324	0.419	0.25	224	283	358	145	250	117	102	129	152
chx_dose	7	chr17:CENPX:t:82019381|17:82019381-82019640:-	CENPX	chr17:CENPX:t:82019381	t	82019381	17:82019381-82019640:-	17	82019381	82019640	-	108.7	0.284	0.331	0.523	0.239	0.122	0.115	ols_slope	0.0066364035844581285	0.08374509285149544	1	1	0.342	0.305	0.229	0.371	0.358	0.239	0.462	0.58	0.525	114	210	205	70	134	71	65	69	40
chx_dose	8	chr1:ENSG00000233461:t:231522637|1:231522637-231527337:-	ENSG00000233461	chr1:ENSG00000233461:t:231522637	t	231522637	1:231522637-231527337:-	1	231522637	231527337	-	169.2	0.524	0.609	0.746	0.222	0.158	0.1121	ols_slope	0.002151390857213764	0.0456094861729318	1	1	0.612	0.523	0.437	0.554	0.641	0.61	0.779	0.718	0.747	129	216	126	121	198	205	154	188	186
chx_dose	9	chr18:TXNL4A:t:79973856|18:79973856-79977597:-	TXNL4A	chr18:TXNL4A:t:79973856	t	79973856	18:79973856-79977597:-	18	79973856	79977597	-	178.4	0.549	0.694	0.769	0.221	0.207	0.1123	ols_slope	0.0044905395783511074	0.06611072157016909	1	1	0.544	0.495	0.602	0.603	0.782	0.723	0.775	0.719	0.82	287	289	324	156	133	83	120	114	100
chx_dose	10	chr19:USF2:t:35270446|19:35270003-35270446:+	USF2	chr19:USF2:t:35270446	t	35270446	19:35270003-35270446:+	19	35270003	35270446	+	146.2	0.536	0.633	0.753	0.217	0.192	0.1212	ols_slope	0.0026520801753589143	0.04815754220015362	1	1	0.595	0.54	0.485	0.605	0.587	0.684	0.846	0.821	0.68	185	274	235	119	75	136	39	106	147
chx_dose		chr17:MYBBP1A:t:4545175|17:4545175-4545266:-	MYBBP1A	chr17:MYBBP1A:t:4545175	t	4545175	17:4545175-4545266:-	17	4545175	4545266	-	358.4	0.021	0.058	0.234	0.214	0.202	0.1064	ols_slope	0.0009001140613210122	0.03180403016667576	1	1	0.032	0.005	0.026	0.034	0.094	0.048	0.217	0.201	0.284	340	428	494	293	256	229	360	417	409
chx_dose		chr17:AARSD1:t:42951894|17:42951894-42954875:-	AARSD1	chr17:AARSD1:t:42951894	t	42951894	17:42951894-42954875:-	17	42951894	42954875	-	214.2	0.149	0.234	0.362	0.213	0.209	0.1045	ols_slope	0.005742326653428558	0.07986847801307743	1	1	0.091	0.148	0.2	0.29	0.27	0.145	0.287	0.345	0.434	143	115	165	176	226	200	279	267	357
chx_dose		chr17:NT5C:t:75130867|17:75130867-75130964:-	NT5C	chr17:NT5C:t:75130867	t	75130867	17:75130867-75130964:-	17	75130867	75130964	-	208.4	0.144	0.245	0.355	0.211	0.191	0.1019	ols_slope	0.009425676452486752	0.09468294994798457	1	1	0.14	0.248	0.093	0.14	0.328	0.272	0.344	0.407	0.341	186	157	302	193	198	136	195	140	369
chx_dose		chr4:TMA16:t:163507032|4:163494836-163507032:+	TMA16	chr4:TMA16:t:163507032	t	163507032	4:163494836-163507032:+	4	163494836	163507032	+	194.6	0.073	0.157	0.266	0.193	0.194	0.0908	ols_slope	0.005991825126768603	0.07986847801307743	1	1	0.082	0.111	0.025	0.114	0.168	0.182	0.321	0.152	0.29	219	307	278	132	179	159	221	132	124
chx_dose		chr16:TCF25:t:89883350|16:89878627-89883350:+	TCF25	chr16:TCF25:t:89883350	t	89883350	16:89878627-89883350:+	16	89878627	89883350	+	376.3	0.021	0.052	0.21	0.188	0.22	0.0943	ols_slope	0.0005122855248469363	0.027151132816887625	1	1	0.012	0.012	0.034	0.038	0.055	0.064	0.177	0.207	0.24	323	331	475	339	385	346	333	455	400
chx_dose		chr17:SNHG29:s:16439414|17:16439414-16439659:+	SNHG29	chr17:SNHG29:s:16439414	s	16439414	17:16439414-16439659:+	17	16439414	16439659	+	232.1	0.075	0.096	0.263	0.188	0.118	0.0997	ols_slope	0.00644674270787017	0.08333594232124854	1	1	0.062	0.034	0.116	0.085	0.11	0.083	0.333	0.295	0.181	275	320	398	164	292	157	135	166	182
chx_dose		chr11:SF1:t:64770408|11:64770408-64776497:-	SF1	chr11:SF1:t:64770408	t	64770408	11:64770408-64776497:-	11	64770408	64776497	-	117.6	0.017	0.036	0.201	0.184	0.192	0.0974	ols_slope	0.0017018118664760946	0.04194846321038207	1	1	0.0	0.005	0.038	0.0	0.061	0.07	0.257	0.187	0.184	95	188	185	115	66	71	74	150	114
chx_dose		chr12:ARL6IP4:s:122981299|12:122981299-122981655:+	ARL6IP4	chr12:ARL6IP4:s:122981299	s	122981299	12:122981299-122981655:+	12	122981299	122981655	+	411.2	0.068	0.089	0.251	0.183	0.162	0.0929	ols_slope	0.00435367516808714	0.06592708111674812	1	1	0.072	0.089	0.042	0.126	0.022	0.103	0.245	0.289	0.226	612	662	614	301	232	301	282	304	393
chx_dose		chr12:ARL6IP4:s:122981266|12:122981266-122981703:+	ARL6IP4	chr12:ARL6IP4:s:122981266	s	122981266	12:122981266-122981703:+	12	122981266	122981703	+	237.2	0.001	0.035	0.182	0.181	0.174	0.0971	ols_slope	0.003663958128103212	0.0613379413541761	1	1	0.003	0.0	0.0	0.0	0.0	0.101	0.26	0.173	0.152	309	444	333	146	192	179	123	127	282
chx_dose		chr16:SRRM2:t:2757471|16:2756606-2757471:+	SRRM2	chr16:SRRM2:t:2757471	t	2757471	16:2756606-2757471:+	16	2756606	2757471	+	257.7	0.746	0.9	0.924	0.178	0.169	0.0856	ols_slope	0.007232881136429554	0.08798233449200395	1	1	0.799	0.714	0.737	0.962	0.912	0.838	0.9	0.945	0.918	194	255	217	260	331	327	201	289	245
chx_dose		chr19:RPS9:t:54207397|19:54206724-54207397:+	RPS9	chr19:RPS9:t:54207397	t	54207397	19:54206724-54207397:+	19	54206724	54207397	+	2345.8	0.007	0.063	0.185	0.177	0.177	0.0876	ols_slope	3.374112981544892e-05	0.005960932934062642	1	1	0.007	0.01	0.004	0.058	0.072	0.059	0.157	0.179	0.211	2675	3863	3643	1545	1863	1673	1831	1767	2252
chx_dose		chr19:DDX39A:s:14410988|19:14410605-14410988:-	DDX39A	chr19:DDX39A:s:14410988	s	14410988	19:14410605-14410988:-	19	14410605	14410988	-	208.2	0.031	0.055	0.201	0.17	0.166	0.0863	ols_slope	0.0018950092901780296	0.04194846321038207	1	1	0.046	0.007	0.051	0.056	0.043	0.065	0.214	0.244	0.165	239	410	293	124	117	138	154	156	243
chx_dose		chr15:SNRPA1:t:101285801|15:101285801-101286907:-	SNRPA1	chr15:SNRPA1:t:101285801	t	101285801	15:101285801-101286907:-	15	101285801	101286907	-	268.8	0.036	0.185	0.205	0.168	0.174	0.0842	ols_slope	0.0007444319081326742	0.029294919601360776	1	1	0.022	0.039	0.045	0.172	0.195	0.185	0.189	0.208	0.215	225	307	264	250	348	243	264	178	340
chx_dose		chr9:EDF1:s:136862905|9:136862345-136862905:-	EDF1	chr9:EDF1:s:136862905	s	136862905	9:136862345-136862905:-	9	136862345	136862905	-	465.4	0.477	0.595	0.643	0.166	0.146	0.0869	ols_slope	0.0012729411820450935	0.03550835928862638	1	1	0.4	0.528	0.474	0.584	0.611	0.583	0.633	0.64	0.651	512	803	867	281	447	302	245	322	410
chx_dose		chr19:ENSG00000266953:s:34404815|19:34404815-34409160:+	ENSG00000266953	chr19:ENSG00000266953:s:34404815	s	34404815	19:34404815-34409160:+	19	34404815	34409160	+	123.2	0.0	0.013	0.164	0.164	0.18	0.0849	ols_slope	0.0018995530510361692	0.04194846321038207	1	1	0.0	0.0	0.0	0.037	0.0	0.0	0.146	0.2	0.163	131	194	191	109	115	83	89	50	147
chx_dose		chr16:ENSG00000280607:t:29810076|16:29809764-29810076:+	ENSG00000280607	chr16:ENSG00000280607:t:29810076	t	29810076	16:29809764-29810076:+	16	29809764	29810076	+	301.1	0.224	0.356	0.387	0.162	0.135	0.0815	ols_slope	0.004344872663702978	0.06592708111674812	1	1	0.235	0.225	0.217	0.338	0.334	0.404	0.446	0.396	0.323	349	489	517	210	290	203	204	222	226
chx_dose		chr9:SURF2:t:133357710|9:133357182-133357710:+	SURF2	chr9:SURF2:t:133357710	t	133357710	9:133357182-133357710:+	9	133357182	133357710	+	111.3	0.099	0.096	0.261	0.162	0.108	0.0809	ols_slope	0.007754698316330584	0.08798233449200395	0	1	0.075	0.12	0.09	0.069	0.112	0.103	0.311	0.246	0.213	146	217	133	87	98	87	90	69	75
chx_dose		chr19:DDX39A:t:14410334|19:14410334-14410547:-	DDX39A	chr19:DDX39A:t:14410334	t	14410334	19:14410334-14410547:-	19	14410334	14410547	-	219.0	0.014	0.068	0.16	0.147	0.155	0.0717	ols_slope	0.008337654704002056	0.09018279577798143	1	1	0.025	0.0	0.023	0.0	0.025	0.157	0.168	0.148	0.162	239	413	301	125	122	153	184	169	265
chx_dose		chr8:RPL8:t:144791307|8:144791307-144791849:-	RPL8	chr8:RPL8:t:144791307	t	144791307	8:144791307-144791849:-	8	144791307	144791849	-	177.3	0.077	0.408	0.438	0.361	0.316	0.1633	ols_slope	0.04098593310165371	0.2011346717025599	1	0	0.108	0.053	0.085	0.305	0.587	0.316	0.276	0.316	0.633	260	492	519	59	63	57	29	57	60
chx_dose		chr20:NOP56:t:2656400|20:2656034-2656400:+	NOP56	chr20:NOP56:t:2656400	t	2656400	20:2656034-2656400:+	20	2656034	2656400	+	123.8	0.28	0.831	0.622	0.342	0.426	0.1725	ols_slope	0.09659082892281073	0.34753500853591196	0	0	0.198	0.368	0.257	0.806	0.867	0.834	0.62	0.721	0.518	126	152	144	124	75	157	100	122	114
chx_dose		chr1:PABPC4:t:39570002|1:39570002-39571096:-	PABPC4	chr1:PABPC4:t:39570002	t	39570002	1:39570002-39571096:-	1	39570002	39571096	-	152.7	0.266	0.379	0.585	0.319	0.348	0.165	ols_slope	0.020603777697183977	0.14276228026848264	1	0	0.299	0.423	0.095	0.486	0.266	0.35	0.525	0.765	0.518	127	215	221	111	79	103	160	136	222
chx_dose		chr7:SRRT:t:100884069|7:100883090-100884069:+	SRRT	chr7:SRRT:t:100884069	t	100884069	7:100883090-100884069:+	7	100883090	100884069	+	155.9	0.075	0.103	0.387	0.313	0.358	0.1494	ols_slope	0.01766357586658085	0.14276228026848264	1	0	0.056	0.092	0.07	0.065	0.098	0.157	0.163	0.452	0.5	215	292	257	123	143	102	80	73	118
chx_dose		chr17:AARSD1:s:42954875|17:42951894-42954875:-	AARSD1	chr17:AARSD1:s:42954875	s	42954875	17:42951894-42954875:-	17	42951894	42954875	-	110.3	0.346	0.488	0.626	0.28	0.269	0.1375	ols_slope	0.012713295420970829	0.11821134338797439	1	0	0.21	0.425	0.412	0.405	0.649	0.42	0.567	0.667	0.638	62	40	80	126	94	69	141	138	243
chx_dose		chr9:CDKN2A:t:21971208|9:21971208-21974677:-	CDKN2A	chr9:CDKN2A:t:21971208	t	21971208	9:21971208-21974677:-	9	21971208	21974677	-	108.9	0.414	0.358	0.682	0.268	0.2	0.1298	ols_slope	0.15797701757904778	0.4167197581403343	0	0	0.513	0.386	0.345	0.176	0.576	0.348	0.421	0.919	0.684	187	251	171	68	59	46	57	62	79
chx_dose		chr1:CDK11B:t:1642508|1:1642508-1649498:-	CDK11B	chr1:CDK11B:t:1642508	t	1642508	1:1642508-1649498:-	1	1642508	1649498	-	185.6	0.349	0.301	0.61	0.261	0.317	0.1323	ols_slope	0.02044421413006283	0.14276228026848264	0	0	0.365	0.335	0.35	0.379	0.259	0.302	0.654	0.682	0.508	137	167	140	124	228	159	243	214	258
chx_dose		chr1:RPS27:t:153991114|1:153991034-153991114:+	RPS27	chr1:RPS27:t:153991114	t	153991114	1:153991034-153991114:+	1	153991034	153991114	+	161.1	0.112	0.244	0.372	0.261	0.201	0.1243	ols_slope	0.02293509938485509	0.14470955564253807	1	0	0.083	0.139	0.1	0.091	0.219	0.361	0.378	0.207	0.483	240	345	231	66	151	119	98	82	118
chx_dose		chr7:HOXA10:t:27172173|7:27172173-27179645:-	HOXA10	chr7:HOXA10:t:27172173	t	27172173	7:27172173-27179645:-	7	27172173	27179645	-	111.6	0.389	0.343	0.635	0.247	0.187	0.1206	ols_slope	0.09010083369391855	0.33720181256889564	0	0	0.314	0.395	0.482	0.495	0.148	0.44	0.521	0.746	0.648	185	129	139	91	108	75	73	59	145
chx_dose		chr19:USF2:s:35269699|19:35269699-35269802:+	USF2	chr19:USF2:s:35269699	s	35269699	19:35269699-35269802:+	19	35269699	35269802	+	100.1	0.324	0.39	0.549	0.225	0.242	0.1382	ols_slope	0.05247852716748723	0.23547804468406042	1	0	0.38	0.294	0.315	0.299	0.495	0.356	0.76	0.721	0.338	129	180	178	77	91	73	25	68	80
chx_dose		chr21:NDUFV3:t:42908863|21:42904276-42908863:+	NDUFV3	chr21:NDUFV3:t:42908863	t	42908863	21:42904276-42908863:+	21	42904276	42908863	+	175.6	0.281	0.278	0.505	0.224	0.211	0.1101	ols_slope	0.02845217814862441	0.16755171576412153	0	0	0.164	0.364	0.287	0.234	0.282	0.317	0.429	0.612	0.436	165	214	247	145	206	142	133	188	140
chx_dose		chr13:POLR1D:s:27622009|13:27622009-27648378:+	POLR1D	chr13:POLR1D:s:27622009	s	27622009	13:27622009-27648378:+	13	27622009	27648378	+	145.0	0.153	0.219	0.378	0.224	0.201	0.1182	ols_slope	0.11366108252442247	0.3701615456779005	1	0	0.211	0.129	0.131	0.262	0.297	0.08	0.153	0.349	0.677	228	271	283	61	145	100	72	83	62
chx_dose		chr3:TRA2B:s:185937824|3:185931852-185937824:-	TRA2B	chr3:TRA2B:s:185937824	s	185937824	3:185931852-185937824:-	3	185931852	185937824	-	142.9	0.384	0.411	0.594	0.21	0.194	0.1136	ols_slope	0.038702014827912204	0.1961559113074924	1	0	0.307	0.396	0.415	0.385	0.323	0.54	0.696	0.432	0.671	114	285	176	65	127	100	125	148	146
chx_dose		chr6:MRPL18:t:159790939|6:159790639-159790939:+	MRPL18	chr6:MRPL18:t:159790939	t	159790939	6:159790639-159790939:+	6	159790639	159790939	+	125.7	0.688	0.77	0.883	0.196	0.202	0.1023	ols_slope	0.01736648387247296	0.14276228026848264	1	0	0.66	0.704	0.683	0.632	0.818	0.863	0.985	0.841	0.835	106	226	180	133	148	124	66	69	79
chx_dose		chr5:ATG12:t:115837764|5:115837764-115840496:-	ATG12	chr5:ATG12:t:115837764	t	115837764	5:115837764-115840496:-	5	115837764	115840496	-	101.1	0.048	0.022	0.245	0.196	0.203	0.0846	ols_slope	0.053315783702051416	0.23547804468406042	0	0	0.0	0.065	0.071	0.011	0.0	0.045	0.136	0.348	0.159	96	170	85	90	73	110	66	138	82
chx_dose		chr18:TXNL4A:s:79988239|18:79986750-79988239:-	TXNL4A	chr18:TXNL4A:s:79988239	s	79988239	18:79986750-79988239:-	18	79986750	79988239	-	154.8	0.109	0.111	0.301	0.192	0.206	0.093	ols_slope	0.033694485451979665	0.19202233644676583	1	0	0.164	0.074	0.092	0.016	0.233	0.077	0.326	0.238	0.324	275	270	315	126	116	65	95	63	68
chx_dose		chr5:ATG12:s:115841389|5:115840612-115841389:-	ATG12	chr5:ATG12:s:115841389	s	115841389	5:115840612-115841389:-	5	115840612	115841389	-	101.4	0.012	0.004	0.201	0.19		0.0829	ols_slope	0.03758525214129124	0.19529591798906235	0	0	0.0	0.025	0.0	0.011	0.0	0.0	0.162	0.299	0.062	99	163	79	94	78	107	68	144	81
chx_dose		chr11:MRPL23:t:1956255|11:1955781-1956255:+	MRPL23	chr11:MRPL23:t:1956255	t	1956255	11:1955781-1956255:+	11	1955781	1956255	+	174.0	0.0	0.066	0.188	0.188	0.14	0.0873	ols_slope	0.01132585691026542	0.10719114575786916	1	0	0.0	0.0	0.0	0.125	0.021	0.057	0.195	0.266	0.063	144	189	359	128	145	122	164	188	127
chx_dose		chr19:PTBP1:t:806407|19:805569-806407:+	PTBP1	chr19:PTBP1:t:806407	t	806407	19:805569-806407:+	19	805569	806407	+	246.2	0.603	0.572	0.787	0.184	0.16	0.0911	ols_slope	0.0218183862297115	0.14276228026848264	0	0	0.617	0.641	0.54	0.606	0.597	0.515	0.755	0.817	0.772	334	432	337	180	201	198	102	208	224
chx_dose		chr6:PSMG4:s:3263759|6:3263759-3264208:+	PSMG4	chr6:PSMG4:s:3263759	s	3263759	6:3263759-3264208:+	6	3263759	3264208	+	240.6	0.114	0.198	0.294	0.179	0.151	0.088	ols_slope	0.010740309123952642	0.10349752428536182	1	0	0.07	0.113	0.15	0.182	0.224	0.185	0.164	0.34	0.357	285	293	366	198	245	254	159	144	221
chx_dose		chr1:CDK11A:t:1705732|1:1705732-1707524:-	CDK11A	chr1:CDK11A:t:1705732	t	1705732	1:1705732-1707524:-	1	1705732	1707524	-	115.8	0.223	0.18	0.398	0.176	0.191	0.0731	ols_slope	0.2928693886374827	0.5682386779439029	0	0	0.51	0.111	0.143	0.055	0.215	0.222	0.444	0.359	0.4	49	81	63	55	121	63	169	206	235
chx_dose		chr20:PIGT:s:45420429|20:45420429-45420507:+	PIGT	chr20:PIGT:s:45420429	s	45420429	20:45420429-45420507:+	20	45420429	45420507	+	109.8	0.0	0.043	0.167	0.167	0.147	0.0948	ols_slope	0.019026727891328202	0.14276228026848264	1	0	0.0	0.0	0.0	0.037	0.083	0.0	0.289	0.231	0.049	153	135	140	81	121	100	38	117	103
chx_dose		chr16:INO80E:s:30001040|16:30001040-30001413:+	INO80E	chr16:INO80E:s:30001040	s	30001040	16:30001040-30001413:+	16	30001040	30001413	+	115.3	0.481	0.607	0.647	0.166	0.134	0.0892	ols_slope	0.04509429899085611	0.21150423420490033	1	0	0.4	0.631	0.388	0.592	0.667	0.535	0.719	0.638	0.597	120	157	147	120	114	71	96	94	119
chx_dose		chr16:PSMB10:t:67934948|16:67934948-67935295:-	PSMB10	chr16:PSMB10:t:67934948	t	67934948	16:67934948-67935295:-	16	67934948	67935295	-	101.2	0.195	0.32	0.36	0.165	0.178	0.0814	ols_slope	0.02713982503655116	0.16161918280193388	1	0	0.183	0.21	0.195	0.4	0.338	0.163	0.384	0.305	0.388	191	143	118	80	77	49	73	82	98
chx_dose		chr5:NOP16:s:176385220|5:176384374-176385220:-	NOP16	chr5:NOP16:s:176385220	s	176385220	5:176384374-176385220:-	5	176384374	176385220	-	189.0	0.51	0.702	0.675	0.164	0.174	0.0833	ols_slope	0.04647156392228716	0.21523699232604337	0	0	0.567	0.492	0.485	0.64	0.637	0.813	0.737	0.678	0.628	210	321	231	164	102	150	156	149	218
chx_dose		chr17:HOXB7:t:48608095|17:48608095-48610518:-	HOXB7	chr17:HOXB7:t:48608095	t	48608095	17:48608095-48610518:-	17	48608095	48610518	-	143.2	0.749	0.907	0.911	0.161	0.153	0.079	ols_slope	0.019557303431546897	0.14276228026848264	1	0	0.736	0.68	0.833	0.912	0.937	0.858	0.944	0.872	0.907	125	128	126	125	223	148	160	125	129
chx_dose		chr19:DMKN:s:35510183|19:35509961-35510183:-	DMKN	chr19:DMKN:s:35510183	s	35510183	19:35509961-35510183:-	19	35509961	35510183	-	281.0	0.262	0.364	0.422	0.159	0.124	0.0818	ols_slope	0.013095199730847187	0.11966303202325877	1	0	0.295	0.341	0.16	0.376	0.326	0.396	0.48	0.424	0.383	332	475	470	173	236	212	173	184	274
chx_dose		chr16:RNPS1:s:2268054|16:2264331-2268054:-	RNPS1	chr16:RNPS1:s:2268054	s	2268054	16:2264331-2268054:-	16	2264331	2268054	-	122.9	0.278	0.389	0.438	0.159	0.193	0.0902	ols_slope	0.03886107676846545	0.1961559113074924	1	0	0.182	0.296	0.333	0.484	0.446	0.276	0.514	0.36	0.479	148	196	195	122	83	145	37	86	94
chx_dose		chr16:EIF3C:s:28715434|16:28715434-28720914:+	EIF3C	chr16:EIF3C:s:28715434	s	28715434	16:28715434-28720914:+	16	28715434	28720914	+	197.8	0.041	0.008	0.198	0.158	0.181	0.0775	ols_slope	0.01969300864526722	0.14276228026848264	0	0	0.019	0.033	0.068	0.0	0.008	0.018	0.167	0.18	0.237	269	215	280	175	251	171	102	161	156
chx_dose		chr17:SCO1:s:10697234|17:10695834-10697234:-	SCO1	chr17:SCO1:s:10697234	s	10697234	17:10695834-10697234:-	17	10695834	10697234	-	183.3	0.018	0.054	0.175	0.157	0.163	0.0805	ols_slope	0.021217433269379388	0.14276228026848264	1	0	0.036	0.018	0.0	0.029	0.053	0.082	0.146	0.304	0.086	196	226	194	208	208	196	89	148	185
chx_dose		chr8:SNHG6:t:66922392|8:66922392-66922613:-	SNHG6	chr8:SNHG6:t:66922392	t	66922392	8:66922392-66922613:-	8	66922392	66922613	-	122.7	0.448	0.665	0.604	0.156	0.146	0.0775	ols_slope	0.2167086444939287	0.49083581872556503	0	0	0.6	0.452	0.319	0.699	0.587	0.782	0.741	0.495	0.6	115	230	144	83	167	87	85	103	90
chx_dose		chr16:NUTF2:t:67865101|16:67847456-67865101:+	NUTF2	chr16:NUTF2:t:67865101	t	67865101	16:67847456-67865101:+	16	67847456	67865101	+	140.1	0.197	0.102	0.352	0.155	0.096	0.0786	ols_slope	0.09805179278241155	0.34877483338710147	0	0	0.163	0.173	0.238	0.02	0.145	0.147	0.347	0.383	0.315	203	202	290	100	117	68	72	120	89
chx_dose		chr19:PRKCSH:s:11447618|19:11447618-11447692:+	PRKCSH	chr19:PRKCSH:s:11447618	s	11447618	19:11447618-11447692:+	19	11447618	11447692	+	111.7	0.335	0.513	0.49	0.155	0.147	0.0692	ols_slope	0.14963880860704698	0.40505722825551294	0	0	0.292	0.297	0.401	0.553	0.543	0.435	0.344	0.45	0.611	96	209	182	85	70	69	61	120	113
chx_dose		chr19:DMKN:t:35510252|19:35510252-35510378:-	DMKN	chr19:DMKN:t:35510252	t	35510252	19:35510252-35510378:-	19	35510252	35510378	-	112.4	0.366	0.346	0.518	0.151	0.174	0.0764	ols_slope	0.13720620318173432	0.4010124047333069	0	0	0.338	0.463	0.312	0.467	0.293	0.329	0.689	0.411	0.472	130	162	221	60	116	70	74	73	106
chx_dose		chr9:HNRNPK:t:83978452|9:83978452-83980152:-	HNRNPK	chr9:HNRNPK:t:83978452	t	83978452	9:83978452-83980152:-	9	83978452	83980152	-	318.0	0.531	0.641	0.681	0.15	0.125	0.0744	ols_slope	0.021774970295831253	0.14276228026848264	1	0	0.493	0.541	0.548	0.723	0.576	0.635	0.758	0.65	0.621	410	678	551	206	236	285	186	157	153
chx_dose		chr11:MRPL23:s:1952855|11:1952855-1955610:+	MRPL23	chr11:MRPL23:s:1952855	s	1952855	11:1952855-1955610:+	11	1952855	1955610	+	172.2	0.023	0.113	0.17	0.147	0.125	0.0614	ols_slope	0.10153056457372304	0.3563655577753193	1	0	0.055	0.042	0.0	0.097	0.021	0.226	0.135	0.266	0.065	145	189	359	124	141	133	148	188	123
chx_dose		chr7:SRRT:s:100885040|7:100885040-100885215:+	SRRT	chr7:SRRT:s:100885040	s	100885040	7:100885040-100885215:+	7	100885040	100885215	+	121.4	0.286	0.441	0.432	0.147	0.134	0.0701	ols_slope	0.10789494770991052	0.3642313521417362	0	0	0.273	0.32	0.256	0.446	0.494	0.396	0.347	0.58	0.342	121	181	160	74	77	96	95	143	146
chx_dose		chr16:GSPT1:s:11897839|16:11896782-11897839:-	GSPT1	chr16:GSPT1:s:11897839	s	11897839	16:11896782-11897839:-	16	11896782	11897839	-	119.9	0.083	0.147	0.226	0.143	0.193	0.0702	ols_slope	0.0373882119551069	0.19529591798906235	1	0	0.029	0.048	0.158	0.17	0.201	0.038	0.172	0.203	0.281	105	124	133	176	139	106	99	69	128
chx_dose		chr16:ATXN2L:s:28836122|16:28836122-28836750:+	ATXN2L	chr16:ATXN2L:s:28836122	s	28836122	16:28836122-28836750:+	16	28836122	28836750	+	118.1	0.168	0.212	0.31	0.142	0.107	0.0687	ols_slope	0.14929335126382642	0.40505722825551294	1	0	0.089	0.226	0.174	0.125	0.264	0.198	0.484	0.25	0.168	90	106	144	80	159	106	153	64	161
chx_dose		chr12:TUBA1B:t:49129722|12:49129722-49130118:-	TUBA1B	chr12:TUBA1B:t:49129722	t	49129722	12:49129722-49130118:-	12	49129722	49130118	-	156.2	0.037	0.034	0.177	0.14	0.137	0.0505	ols_slope	0.19460869036277342	0.45437271318180616	0	0	0.025	0.041	0.039	0.021	0.0	0.095	0.043	0.061	0.304	197	392	282	96	118	84	23	99	115
chx_dose		chr12:SFSWAP:t:131766117|12:131764686-131766117:+	SFSWAP	chr12:SFSWAP:t:131766117	t	131766117	12:131764686-131766117:+	12	131764686	131766117	+	180.0	0.693	0.858	0.83	0.138	0.197	0.0729	ols_slope	0.07482853660887935	0.30743507288919425	0	0	0.721	0.755	0.576	0.85	0.915	0.817	0.779	0.892	0.82	219	229	177	133	177	219	140	148	178
chx_dose		chr11:SF1:s:64766899|11:64766155-64766899:-	SF1	chr11:SF1:s:64766899	s	64766899	11:64766155-64766899:-	11	64766155	64766899	-	107.2	0.26	0.347	0.398	0.138	0.091	0.0631	ols_slope	0.2775562699457086	0.5636200117671477	1	0	0.339	0.158	0.296	0.565	0.284	0.231	0.24	0.431	0.5	118	146	152	62	95	65	100	109	118
chx_dose		chr8:SHARPIN:t:144100069|8:144100069-144100742:-	SHARPIN	chr8:SHARPIN:t:144100069	t	144100069	8:144100069-144100742:-	8	144100069	144100742	-	165.1	0.058	0.226	0.194	0.137	0.143	0.0665	ols_slope	0.09621570826380534	0.34753500853591196	0	0	0.0	0.154	0.024	0.186	0.22	0.267	0.258	0.099	0.22	161	169	209	118	127	131	163	172	236
chx_dose		chr10:ANAPC16:s:72216138|10:72216138-72230365:+	ANAPC16	chr10:ANAPC16:s:72216138	s	72216138	10:72216138-72230365:+	10	72216138	72230365	+	107.8	0.245	0.303	0.383	0.137	0.126	0.0706	ols_slope	0.2970209722980991	0.5682386779439029	1	0	0.274	0.283	0.187	0.292	0.398	0.025	0.6	0.231	0.337	175	173	198	65	123	40	55	52	89
chx_dose		chr5:VDAC1:s:134004646|5:133993015-134004646:-	VDAC1	chr5:VDAC1:s:134004646	s	134004646	5:133993015-134004646:-	5	133993015	134004646	-	103.4	0.064	0.298	0.199	0.135	0.142	0.0571	ols_slope	0.300397601533428	0.5682386779439029	0	0	0.094	0.02	0.096	0.137	0.389	0.327	0.1	0.302	0.151	117	250	230	51	72	55	40	63	53
chx_dose		chr12:RNF10:s:120566980|12:120566980-120575630:+	RNF10	chr12:RNF10:s:120566980	s	120566980	12:120566980-120575630:+	12	120566980	120575630	+	112.9	0.06	0.091	0.193	0.133	0.109	0.0526	ols_slope	0.16111571409019745	0.41858494346963065	1	0	0.13	0.065	0.016	0.132	0.064	0.077	0.185	0.037	0.305	138	123	243	76	78	78	81	81	118
chx_dose		chr6:RNF8:s:37371574|6:37371574-37374619:+	RNF8	chr6:RNF8:s:37371574	s	37371574	6:37371574-37374619:+	6	37371574	37374619	+	138.8	0.793	0.923	0.925	0.132	0.098	0.0618	ols_slope	0.09012670755589285	0.33720181256889564	1	0	0.81	0.904	0.665	0.932	0.912	0.925	0.875	0.921	0.953	147	166	161	146	147	160	72	101	149
chx_dose		chr12:RNF10:t:120575630|12:120566980-120575630:+	RNF10	chr12:RNF10:t:120575630	t	120575630	12:120566980-120575630:+	12	120566980	120575630	+	145.4	0.043	0.068	0.175	0.132	0.104	0.0532	ols_slope	0.1033268503759892	0.3588648861019713	1	0	0.096	0.04	0.013	0.097	0.045	0.063	0.165	0.037	0.267	188	201	302	103	112	95	91	82	135
chx_dose		chr12:MYL6:t:56161386|12:56160320-56161386:+	MYL6	chr12:MYL6:t:56161386	t	56161386	12:56160320-56161386:+	12	56160320	56161386	+	180.9	0.499	0.565	0.629	0.13	0.207	0.0611	ols_slope	0.1121618432126031	0.3701615456779005	1	0	0.62	0.498	0.392	0.629	0.556	0.51	0.672	0.528	0.677	166	229	186	116	214	100	198	193	226
chx_dose		chr19:LSM14A:s:34209051|19:34209051-34215123:+	LSM14A	chr19:LSM14A:s:34209051	s	34209051	19:34209051-34215123:+	19	34209051	34215123	+	113.8	0.599	0.616	0.729	0.13	0.117	0.0843	ols_slope	0.12381096652237648	0.37497035575348303	1	0	0.492	0.728	0.509	0.653	0.564	0.655	0.868	0.811	0.556	130	180	106	75	117	84	76	132	124
chx_dose		chr19:FKBP8:s:18539370|19:18538436-18539370:-	FKBP8	chr19:FKBP8:s:18539370	s	18539370	19:18538436-18539370:-	19	18538436	18539370	-	130.2	0.691	0.697	0.821	0.13	0.138	0.0493	ols_slope	0.17262357112010412	0.44145422916671345	1	0	0.722	0.801	0.602	0.704	0.644	0.745	0.721	0.832	0.868	151	166	259	71	104	102	68	137	114
chx_dose		chr7:ATP5MF:t:99460193|7:99460193-99466110:-	ATP5MF	chr7:ATP5MF:t:99460193	t	99460193	7:99460193-99466110:-	7	99460193	99466110	-	234.4	0.681	0.839	0.809	0.129	0.116	0.0583	ols_slope	0.0847961526315313	0.32998241530093986	0	0	0.699	0.666	0.678	0.848	0.807	0.876	0.768	0.744	0.88	296	287	453	145	290	209	125	121	184
chx_dose		chr19:UBA52:t:18573292|19:18571887-18573292:+	UBA52	chr19:UBA52:t:18573292	t	18573292	19:18571887-18573292:+	19	18571887	18573292	+	115.7	0.398	0.419	0.527	0.129	0.24	0.0676	ols_slope	0.2700857752499645	0.5635444477969259	1	0	0.392	0.361	0.431	0.725	0.455	0.233	0.45	0.564	0.576	153	208	262	51	99	103	60	39	66
chx_dose		chr11:MRPL21:t:68892993|11:68892993-68893321:-	MRPL21	chr11:MRPL21:t:68892993	t	68892993	11:68892993-68893321:-	11	68892993	68893321	-	196.4	0.072	0.046	0.198	0.126	0.109	0.0651	ols_slope	0.03668107330334522	0.19529591798906235	0	0	0.045	0.056	0.101	0.018	0.086	0.016	0.141	0.216	0.234	157	288	307	166	210	125	163	194	158
chx_dose		chr15:COMMD4:s:75339344|15:75339344-75339964:+	COMMD4	chr15:COMMD4:s:75339344	s	75339344	15:75339344-75339964:+	15	75339344	75339964	+	161.6	0.327	0.464	0.452	0.124	0.147	0.0726	ols_slope	0.18571944716952424	0.4494773889511136	0	0	0.289	0.311	0.359	0.5	0.453	0.438	0.682	0.449	0.264	128	302	312	128	86	144	107	118	129
chx_dose		chr14:MTA1:s:105464147|14:105464147-105464462:+	MTA1	chr14:MTA1:s:105464147	s	105464147	14:105464147-105464462:+	14	105464147	105464462	+	120.2	0.107	0.155	0.23	0.124	0.147	0.0461	ols_slope	0.41482999881302224	0.6806808030058878	1	0	0.096	0.089	0.13	0.147	0.264	0.019	0.13	0.03	0.432	115	257	238	68	72	54	54	99	125
chx_dose		chr19:DNMT1:t:10141189|19:10141189-10142079:-	DNMT1	chr19:DNMT1:t:10141189	t	10141189	19:10141189-10142079:-	19	10141189	10142079	-	108.4	0.027	0.032	0.149	0.122		0.0597	ols_slope	0.04479218757049367	0.21150423420490033	1	0	0.0	0.036	0.031	0.116	0.0	0.009	0.108	0.233	0.084	68	169	128	69	105	108	65	133	131
chx_dose		chr20:EIF6:s:35284175|20:35280118-35284175:-	EIF6	chr20:EIF6:s:35284175	s	35284175	20:35280118-35284175:-	20	35280118	35284175	-	102.7	0.206	0.23	0.328	0.122	0.109	0.0633	ols_slope	0.331612328610824	0.5897803159856937	1	0	0.218	0.226	0.178	0.386	0.176	0.185	0.622	0.2	0.18	101	137	146	70	136	81	82	60	111
chx_dose		chr7:HOTAIRM1:t:27099778|7:27099239-27099778:+	HOTAIRM1	chr7:HOTAIRM1:t:27099778	t	27099778	7:27099239-27099778:+	7	27099239	27099778	+	127.3	0.118	0.165	0.237	0.119	0.105	0.0517	ols_slope	0.09449855918850496	0.34753500853591196	1	0	0.197	0.069	0.111	0.138	0.22	0.117	0.294	0.131	0.262	122	174	153	94	150	120	85	84	164
chx_dose		chrX:CITED1:t:72302934|X:72302934-72306476:-	CITED1	chrX:CITED1:t:72302934	t	72302934	X:72302934-72306476:-	X	72302934	72306476	-	139.1	0.288	0.296	0.407	0.119	0.11	0.0544	ols_slope	0.18333446372135345	0.4494773889511136	1	0	0.276	0.393	0.178	0.344	0.241	0.404	0.296	0.382	0.495	214	295	259	61	145	47	71	55	105
chx_dose		chr19:TCF3:t:1611849|19:1611849-1612206:-	TCF3	chr19:TCF3:t:1611849	t	1611849	19:1611849-1612206:-	19	1611849	1612206	-	168.1	0.501	0.489	0.619	0.118	0.036	0.0673	ols_slope	0.03658612707015686	0.19529591798906235	0	0	0.437	0.443	0.586	0.5	0.51	0.461	0.655	0.645	0.57	215	203	295	128	145	152	116	110	149
chx_dose		chr10:STK32C:t:132330485|10:132330485-132331481:-	STK32C	chr10:STK32C:t:132330485	t	132330485	10:132330485-132331481:-	10	132330485	132331481	-	114.4	0.212	0.164	0.329	0.118	0.153	0.0688	ols_slope	0.1417883141657648	0.4025531245553304	0	0	0.215	0.236	0.186	0.164	0.078	0.284	0.484	0.3	0.266	158	182	194	73	103	74	62	60	124
chx_dose		chr5:TCOF1:t:150391956|5:150391657-150391956:+	TCOF1	chr5:TCOF1:t:150391956	t	150391956	5:150391657-150391956:+	5	150391657	150391956	+	154.7	0.577	0.705	0.694	0.118	0.132	0.0616	ols_slope	0.14996025841046678	0.40505722825551294	0	0	0.5	0.498	0.69	0.802	0.672	0.647	0.667	0.761	0.63	146	203	239	116	137	116	105	184	146
chx_dose		chr17:COASY:t:42564982|17:42564577-42564982:+	COASY	chr17:COASY:t:42564982	t	42564982	17:42564577-42564982:+	17	42564577	42564982	+	117.9	0.018	0.0	0.132	0.114		0.05	ols_slope	0.12237372861806281	0.37497035575348303	0	0	0.019	0.031	0.0	0.0	0.0	0.0	0.014	0.101	0.235	161	191	153	85	101	67	69	119	115
chx_dose		chr1:PARK7:t:7962762|1:7961735-7962762:+	PARK7	chr1:PARK7:t:7962762	t	7962762	1:7961735-7962762:+	1	7961735	7962762	+	133.6	0.47	0.466	0.585	0.114	0.123	0.0536	ols_slope	0.18736540350313716	0.4494773889511136	0	0	0.52	0.407	0.493	0.51	0.439	0.446	0.702	0.429	0.612	148	226	300	102	107	83	57	63	116
chx_dose		chr17:RNASEK:t:7013665|17:7012757-7013665:+	RNASEK	chr17:RNASEK:t:7013665	t	7013665	17:7012757-7013665:+	17	7012757	7013665	+	239.9	0.17	0.218	0.281	0.111	0.124	0.0543	ols_slope	0.0843616272496077	0.32998241530093986	1	0	0.244	0.12	0.159	0.227	0.194	0.24	0.195	0.397	0.257	308	350	492	163	248	217	113	116	152
chx_dose		chr1:DNAJC8:s:28232920|1:28229023-28232920:-	DNAJC8	chr1:DNAJC8:s:28232920	s	28232920	1:28229023-28232920:-	1	28229023	28232920	-	133.1	0.841	0.974	0.952	0.111	0.089	0.0658	ols_slope	0.08793041389687171	0.3352742400384317	0	0	0.731	0.935	0.788	0.979	0.974	0.969	0.971	0.88	1.0	108	201	137	146	195	163	68	83	97
chx_dose		chr9:REXO4:s:133417619|9:133414833-133417619:-	REXO4	chr9:REXO4:s:133417619	s	133417619	9:133414833-133417619:-	9	133414833	133417619	-	113.9	0.087	0.06	0.198	0.111	0.131	0.0582	ols_slope	0.111309686971881	0.3701615456779005	0	0	0.138	0.034	0.097	0.048	0.052	0.095	0.323	0.18	0.117	130	146	103	125	134	74	93	100	120
chx_dose		chr8:SNHG6:s:66925436|8:66922725-66925436:-	SNHG6	chr8:SNHG6:s:66925436	s	66925436	8:66922725-66925436:-	8	66922725	66925436	-	225.0	0.683	0.814	0.793	0.111	0.081	0.0604	ols_slope	0.131843730640157	0.3925684114566473	0	0	0.764	0.711	0.561	0.816	0.765	0.894	0.856	0.736	0.806	195	439	230	141	294	179	153	208	186
chx_dose		chr19:UBL5:t:9828326|19:9828064-9828326:+	UBL5	chr19:UBL5:t:9828326	t	9828326	19:9828064-9828326:+	19	9828064	9828326	+	142.3	0.288	0.286	0.399	0.111	0.102	0.0565	ols_slope	0.18087059211300724	0.4494773889511136	0	0	0.277	0.298	0.279	0.4	0.353	0.116	0.395	0.465	0.333	166	352	201	60	139	95	76	99	93
chx_dose		chr4:HNRNPDL:t:82426129|4:82426129-82427189:-	HNRNPDL	chr4:HNRNPDL:t:82426129	t	82426129	4:82426129-82427189:-	4	82426129	82427189	-	163.6	0.286	0.283	0.396	0.111	0.087	0.0478	ols_slope	0.2819481572544217	0.5660322853971345	0	0	0.311	0.248	0.308	0.287	0.318	0.236	0.314	0.26	0.579	161	214	185	164	176	148	172	100	152
chx_dose		chr15:MRPS11:s:88467782|15:88467782-88467907:+	MRPS11	chr15:MRPS11:s:88467782	s	88467782	15:88467782-88467907:+	15	88467782	88467907	+	124.3	0.65	0.718	0.759	0.109	0.132	0.0454	ols_slope	0.29687908854788947	0.5682386779439029	1	0	0.568	0.562	0.822	0.68	0.764	0.701	0.774	0.631	0.82	125	169	146	153	157	87	106	65	111
chx_dose		chr16:ATXN2L:s:28836122|16:28836122-28836325:+	ATXN2L	chr16:ATXN2L:s:28836122	s	28836122	16:28836122-28836325:+	16	28836122	28836325	+	118.1	0.032	0.128	0.14	0.108	0.113	0.0613	ols_slope	0.06303186247252603	0.2716007082149496	1	0	0.022	0.047	0.028	0.025	0.113	0.226	0.078	0.219	0.168	90	106	144	80	159	106	153	64	161
chx_dose		chr5:RPL26L1:t:172959864|5:172959468-172959864:+	RPL26L1	chr5:RPL26L1:t:172959864	t	172959864	5:172959468-172959864:+	5	172959468	172959864	+	119.6	0.463	0.542	0.57	0.107	0.133	0.0712	ols_slope	0.1501887677713527	0.40505722825551294	1	0	0.4	0.368	0.595	0.65	0.46	0.523	0.459	0.625	0.706	130	155	173	120	124	153	98	72	51
chx_dose		chr11:PTPMT1:t:47571470|11:47569891-47571470:+	PTPMT1	chr11:PTPMT1:t:47571470	t	47571470	11:47569891-47571470:+	11	47569891	47571470	+	226.2	0.538	0.506	0.646	0.107	0.078	0.0645	ols_slope	0.18613213986211852	0.4494773889511136	0	0	0.427	0.571	0.575	0.429	0.535	0.508	0.559	0.819	0.581	218	312	388	105	273	187	170	166	217
chx_dose		chr12:NCOR2:s:124333129|12:124332467-124333129:-	NCOR2	chr12:NCOR2:s:124333129	s	124333129	12:124332467-124333129:-	12	124332467	124333129	-	107.6	0.815	0.852	0.919	0.104	0.09	0.0541	ols_slope	0.07262006497635314	0.3030601136808438	1	0	0.843	0.775	0.852	0.908	0.75	0.897	1.0	0.889	0.906	140	236	155	98	88	78	39	81	53
chx_dose		chr1:RBM34:t:235155112|1:235155112-235160510:-	RBM34	chr1:RBM34:t:235155112	t	235155112	1:235155112-235160510:-	1	235155112	235160510	-	116.4	0.675	0.861	0.778	0.104	0.091	0.0263	ols_slope	0.6357443147601896	0.8459570243821771	0	0	0.608	0.635	0.93	0.884	0.739	0.972	0.767	0.768	0.796	97	115	43	129	153	141	103	125	142
chx_dose		chr17:NCOR1:s:16137310|17:16126206-16137310:-	NCOR1	chr17:NCOR1:s:16137310	s	16137310	17:16126206-16137310:-	17	16126206	16137310	-	201.8	0.552	0.505	0.655	0.103	0.094	0.0501	ols_slope	0.10495105159585953	0.3588648861019713	0	0	0.593	0.531	0.541	0.529	0.49	0.5	0.589	0.662	0.714	172	228	183	170	200	216	180	299	168
chx_dose		chr2:PPP1R7:s:241166441|2:241166441-241169780:+	PPP1R7	chr2:PPP1R7:s:241166441	s	241166441	2:241166441-241169780:+	2	241166441	241169780	+	128.3	0.214	0.27	0.317	0.103	0.103	0.0508	ols_slope	0.13839984503848846	0.4010124047333069	1	0	0.296	0.217	0.135	0.185	0.208	0.378	0.36	0.279	0.314	169	207	185	65	120	119	86	86	118
chx_dose		chr12:SFSWAP:s:131756644|12:131756644-131764455:+	SFSWAP	chr12:SFSWAP:s:131756644	s	131756644	12:131756644-131764455:+	12	131756644	131764455	+	121.1	0.621	0.778	0.723	0.103	0.098	0.0461	ols_slope	0.2746621873337346	0.5635444477969259	0	0	0.596	0.673	0.592	0.783	0.852	0.735	0.592	0.758	0.788	151	171	184	92	81	151	76	66	118
chx_dose		chr12:OS9:t:57718992|12:57718376-57718992:+	OS9	chr12:OS9:t:57718992	t	57718992	12:57718376-57718992:+	12	57718376	57718992	+	126.2	0.213	0.199	0.315	0.102	0.085	0.0602	ols_slope	0.08591994964439566	0.32998241530093986	0	0	0.088	0.283	0.2	0.247	0.215	0.146	0.333	0.235	0.364	91	198	185	97	130	130	75	98	132
chx_dose		chr15:SNAPC5:t:66494552|15:66494552-66495329:-	SNAPC5	chr15:SNAPC5:t:66494552	t	66494552	15:66494552-66495329:-	15	66494552	66495329	-	138.0	0.576	0.69	0.678	0.102	0.098	0.046	ols_slope	0.2753924754328369	0.5635444477969259	0	0	0.626	0.516	0.598	0.779	0.644	0.658	0.523	0.702	0.79	187	215	164	122	135	149	86	84	100
chx_dose		chr12:SLC25A3:s:98594135|12:98594135-98595432:+	SLC25A3	chr12:SLC25A3:s:98594135	s	98594135	12:98594135-98595432:+	12	98594135	98595432	+	137.8	0.022	0.0	0.124	0.102		0.0437	ols_slope	0.3108366598820745	0.5740189189459912	0	0	0.01	0.033	0.02	0.0	0.0	0.0	0.0	0.306	0.02	192	246	297	128	83	108	63	72	51
chx_dose		chr11:ANAPC15:t:72111286|11:72111286-72111411:-	ANAPC15	chr11:ANAPC15:t:72111286	t	72111286	11:72111286-72111411:-	11	72111286	72111411	-	105.7	0.627	0.674	0.728	0.101	0.066	0.065	ols_slope	0.239351454189067	0.521984344251074	1	0	0.691	0.613	0.578	0.495	0.816	0.793	0.879	0.78	0.613	165	204	154	97	49	87	33	82	80
chx_dose		chr16:ENSG00000280607:s:29808741|16:29808741-29809539:+	ENSG00000280607	chr16:ENSG00000280607:s:29808741	s	29808741	16:29808741-29809539:+	16	29808741	29809539	+	265.8	0.184	0.172	0.282	0.098	0.086	0.0546	ols_slope	0.07803866284865774	0.3138254355324516	0	0	0.089	0.233	0.192	0.103	0.192	0.209	0.315	0.221	0.305	293	494	501	155	239	153	165	172	220
chx_dose		chr3:IMPDH2:s:49028430|3:49027916-49028430:-	IMPDH2	chr3:IMPDH2:s:49028430	s	49028430	3:49027916-49028430:-	3	49027916	49028430	-	189.4	0.252	0.299	0.35	0.098	0.128	0.0655	ols_slope	0.18350358333458702	0.4494773889511136	1	0	0.264	0.232	0.259	0.299	0.446	0.14	0.526	0.353	0.269	250	284	370	157	177	164	57	116	130
chx_dose		chr17:CEP131:s:81192317|17:81191335-81192317:-	CEP131	chr17:CEP131:s:81192317	s	81192317	17:81191335-81192317:-	17	81191335	81192317	-	102.8	0.687	0.781	0.783	0.096	0.106	0.0477	ols_slope	0.21060677702474867	0.48531126879616	1	0	0.683	0.672	0.707	0.798	0.89	0.592	0.817	0.769	0.761	82	131	116	84	118	76	115	65	138
chx_dose		chr16:METTL26:t:634797|16:634797-634888:-	METTL26	chr16:METTL26:t:634797	t	634797	16:634797-634888:-	16	634797	634888	-	336.1	0.47	0.677	0.565	0.096	0.097	0.0488	ols_slope	0.2603420299986267	0.5475447456320324	0	0	0.471	0.416	0.517	0.661	0.679	0.689	0.641	0.559	0.497	291	464	518	221	349	273	312	279	318
chx_dose		chr16:KARS1:t:75641723|16:75641723-75647577:-	KARS1	chr16:KARS1:t:75641723	t	75641723	16:75641723-75647577:-	16	75641723	75647577	-	114.2	0.7	0.714	0.794	0.093	0.109	0.0586	ols_slope	0.11338672235357353	0.3701615456779005	1	0	0.673	0.776	0.608	0.595	0.8	0.718	0.85	0.812	0.746	107	214	143	131	175	103	40	48	67
chx_dose		chr16:HIRIP3:s:29995102|16:29993808-29995102:-	HIRIP3	chr16:HIRIP3:s:29995102	s	29995102	16:29993808-29995102:-	16	29993808	29995102	-	274.3	0.132	0.21	0.222	0.091	0.123	0.0537	ols_slope	0.0787524206147473	0.3138254355324516	1	0	0.115	0.117	0.165	0.137	0.249	0.223	0.346	0.222	0.151	286	341	285	270	397	310	153	162	265
chx_dose		chr22:TRMT2A:s:20115671|22:20115554-20115671:-	TRMT2A	chr22:TRMT2A:s:20115671	s	20115671	22:20115554-20115671:-	22	20115554	20115671	-	102.8	0.036	0.051	0.125	0.089	0.088	0.0508	ols_slope	0.10365273079895988	0.3588648861019713	1	0	0.038	0.078	0.0	0.0	0.0	0.108	0.209	0.167	0.045	132	116	145	60	64	111	91	72	134
chx_dose		chr19:DMKN:t:35505986|19:35505986-35509910:-	DMKN	chr19:DMKN:t:35505986	t	35505986	19:35505986-35509910:-	19	35505986	35509910	-	228.6	0.187	0.195	0.276	0.089	0.061	0.0392	ols_slope	0.22964386529287018	0.513549572173929	1	0	0.251	0.274	0.062	0.184	0.155	0.255	0.303	0.238	0.28	287	380	406	141	200	161	145	126	211
chx_dose		chrX:MECP2:t:154032557|X:154032557-154056940:-	MECP2	chrX:MECP2:t:154032557	t	154032557	X:154032557-154056940:-	X	154032557	154056940	-	126.9	0.046	0.084	0.134	0.087	0.078	0.0523	ols_slope	0.12766985738045467	0.3844603659752328	1	0	0.0	0.033	0.085	0.024	0.011	0.213	0.22	0.117	0.095	115	183	200	85	88	89	100	103	179
chx_dose		chr1:POLR3GL:s:145974991|1:145974991-145977482:+	POLR3GL	chr1:POLR3GL:s:145974991	s	145974991	1:145974991-145977482:+	1	145974991	145977482	+	112.4	0.119	0.054	0.206	0.087	0.126	0.0453	ols_slope	0.15882526631008967	0.4167197581403343	0	0	0.138	0.114	0.111	0.128	0.035	0.024	0.262	0.221	0.153	130	167	180	78	114	125	65	68	85
chx_dose		chr17:CEP131:s:81193925|17:81192843-81193925:-	CEP131	chr17:CEP131:s:81193925	s	81193925	17:81192843-81193925:-	17	81192843	81193925	-	151.3	0.722	0.81	0.809	0.086	0.074	0.0459	ols_slope	0.15055900748365292	0.40505722825551294	0	0	0.644	0.851	0.66	0.75	0.845	0.81	0.806	0.82	0.805	180	181	147	92	155	121	139	111	236
chx_dose		chr1:RPL22:t:6197756|1:6197756-6199561:-	RPL22	chr1:RPL22:t:6197756	t	6197756	1:6197756-6199561:-	1	6197756	6199561	-	211.8	0.775	0.891	0.861	0.086	0.061	0.0457	ols_slope	0.2103614775627693	0.48531126879616	0	0	0.92	0.686	0.728	0.876	0.932	0.836	0.822	0.908	0.877	311	331	323	170	264	146	152	87	122
chx_dose		chr12:MYL6:s:56160320|12:56160320-56161386:+	MYL6	chr12:MYL6:s:56160320	s	56160320	12:56160320-56161386:+	12	56160320	56161386	+	152.2	0.65	0.612	0.736	0.086	0.113	0.0364	ols_slope	0.4483151963188458	0.7165584470783085	0	0	0.811	0.591	0.579	0.709	0.607	0.52	0.796	0.618	0.785	127	193	126	103	196	98	167	165	195
chx_dose		chr19:SUPT5H:s:39445637|19:39445637-39445881:+	SUPT5H	chr19:SUPT5H:s:39445637	s	39445637	19:39445637-39445881:+	19	39445637	39445881	+	145.3	0.051	0.188	0.136	0.085	0.124	0.0476	ols_slope	0.14028604653664858	0.4025531245553304	0	0	0.067	0.044	0.049	0.114	0.185	0.256	0.229	0.098	0.119	120	225	162	105	130	117	96	143	210
chx_dose		chr7:BUD31:t:99410033|7:99409245-99410033:+	BUD31	chr7:BUD31:t:99410033	t	99410033	7:99409245-99410033:+	7	99409245	99410033	+	186.3	0.374	0.428	0.459	0.085	0.1	0.0463	ols_slope	0.2989660364816301	0.5682386779439029	1	0	0.263	0.445	0.351	0.282	0.492	0.533	0.511	0.481	0.344	217	434	302	117	118	90	141	162	96
chx_dose		chr17:UBB:t:16381901|17:16381184-16381901:+	UBB	chr17:UBB:t:16381901	t	16381901	17:16381184-16381901:+	17	16381184	16381901	+	270.2	0.855	0.866	0.939	0.085	0.1	0.0414	ols_slope	0.3823413268819821	0.6605143798566434	1	0	0.8	0.955	0.808	0.671	0.978	0.994	0.912	0.959	0.94	520	513	494	213	184	161	91	122	134
chx_dose		chr11:BANF1:t:66003234|11:66002570-66003234:+	BANF1	chr11:BANF1:t:66003234	t	66003234	11:66002570-66003234:+	11	66002570	66003234	+	131.8	0.777	0.637	0.861	0.085	0.039	0.041	ols_slope	0.5211857819746243	0.7702821788851777	0	0	0.813	0.767	0.766	0.432	0.633	0.79	0.919	0.851	0.822	155	223	321	44	150	62	74	67	90
chx_dose		chr17:SAT2:t:7626793|17:7626793-7626942:-	SAT2	chr17:SAT2:t:7626793	t	7626793	17:7626793-7626942:-	17	7626793	7626942	-	115.2	0.176	0.24	0.259	0.083	0.096	0.0321	ols_slope	0.48382253129363306	0.7387882090885171	1	0	0.294	0.166	0.114	0.0	0.31	0.265	0.205	0.28	0.28	109	187	176	45	113	117	83	82	125
chx_dose		chr15:SNAPC5:s:66497641|15:66495419-66497641:-	SNAPC5	chr15:SNAPC5:s:66497641	s	66497641	15:66495419-66497641:-	15	66495419	66497641	-	131.8	0.582	0.643	0.664	0.082	0.087	0.0363	ols_slope	0.3912344940786781	0.6710494558631048	1	0	0.632	0.546	0.574	0.757	0.622	0.557	0.506	0.675	0.788	190	229	155	111	127	115	83	77	99
chx_dose		chr19:PTBP1:s:805187|19:805187-805491:+	PTBP1	chr19:PTBP1:s:805187	s	805187	19:805187-805491:+	19	805187	805491	+	174.0	0.474	0.475	0.556	0.082	0.095	0.035	ols_slope	0.411008193462597	0.6806808030058878	1	0	0.508	0.478	0.438	0.514	0.529	0.377	0.597	0.667	0.37	264	297	276	146	172	154	62	114	81
chx_dose		chr7:NUDT1:t:2244562|7:2242975-2244562:+	NUDT1	chr7:NUDT1:t:2244562	t	2244562	7:2242975-2244562:+	7	2242975	2244562	+	130.1	0.214	0.208	0.296	0.082	0.122	0.0405	ols_slope	0.40180711887743925	0.6806808030058878	0	0	0.178	0.247	0.207	0.346	0.118	0.214	0.468	0.132	0.276	157	223	275	78	127	98	62	53	98
chx_dose		chrX:GRIPAP1:s:48982978|X:48981872-48982978:-	GRIPAP1	chrX:GRIPAP1:s:48982978	s	48982978	X:48981872-48982978:-	X	48981872	48982978	-	109.3	0.833	0.867	0.915	0.081	0.118	0.0551	ols_slope	0.12005118590687293	0.37497035575348303	1	0	0.913	0.757	0.803	1.0	0.811	0.846	0.927	1.0	0.877	115	70	127	62	106	117	137	63	187
chx_dose		chr18:RPL17:t:49491584|18:49491584-49492257:-	RPL17	chr18:RPL17:t:49491584	t	49491584	18:49491584-49492257:-	18	49491584	49492257	-	232.7	0.182	0.197	0.263	0.081	0.078	0.0384	ols_slope	0.2833305197005126	0.5666610394010252	1	0	0.223	0.134	0.191	0.121	0.231	0.201	0.162	0.212	0.404	282	322	425	140	295	189	148	137	156
chx_dose		chrX:FMR1:s:147943326|X:147943326-147944943:+	FMR1	chrX:FMR1:s:147943326	s	147943326	X:147943326-147944943:+	X	147943326	147944943	+	195.6	0.243	0.268	0.323	0.08	0.061	0.0497	ols_slope	0.40213818534993023	0.6806808030058878	1	0	0.188	0.198	0.397	0.423	0.142	0.167	0.195	0.49	0.396	452	258	237	189	106	156	154	49	159
chx_dose		chr16:METTL26:s:636093|16:635774-636093:-	METTL26	chr16:METTL26:s:636093	s	636093	16:635774-636093:-	16	635774	636093	-	182.1	0.113	0.206	0.191	0.079	0.059	0.0401	ols_slope	0.21918465554665634	0.4934224743974169	0	0	0.091	0.123	0.117	0.202	0.247	0.158	0.299	0.067	0.206	186	268	308	99	174	139	127	134	204
chx_dose		chr16:INO80E:t:30005220|16:30001530-30005220:+	INO80E	chr16:INO80E:t:30005220	t	30005220	16:30001530-30005220:+	16	30001530	30005220	+	148.3	0.62	0.608	0.696	0.076	0.089	0.0587	ols_slope	0.2730085373115885	0.5635444477969259	0	0	0.353	0.697	0.672	0.521	0.59	0.73	0.682	0.647	0.747	116	195	299	96	139	89	110	133	158
chx_dose		chr19:LIG1:s:48153871|19:48151339-48153871:-	LIG1	chr19:LIG1:s:48153871	s	48153871	19:48151339-48153871:-	19	48151339	48153871	-	102.0	0.636	0.66	0.711	0.075	-0.021	0.0281	ols_slope	0.5564149278904086	0.7948784684148694	1	0	0.625	0.621	0.677	0.792	0.679	0.534	0.578	0.88	0.634	72	116	62	96	112	118	116	133	93
chx_dose		chr17:CEP131:t:81192593|17:81192593-81192735:-	CEP131	chr17:CEP131:t:81192593	t	81192593	17:81192593-81192735:-	17	81192593	81192735	-	144.9	0.72	0.799	0.794	0.074	0.046	0.0403	ols_slope	0.2506032078312694	0.531278800602291	0	0	0.595	0.836	0.724	0.72	0.853	0.779	0.791	0.848	0.758	158	165	181	82	163	104	129	132	190
chx_dose		chr2:HTRA2:t:74532819|2:74531925-74532819:+	HTRA2	chr2:HTRA2:t:74532819	t	74532819	2:74531925-74532819:+	2	74531925	74532819	+	135.7	0.273	0.28	0.346	0.073	0.097	0.0396	ols_slope	0.3315322717421549	0.5897803159856937	1	0	0.359	0.301	0.178	0.412	0.194	0.237	0.438	0.364	0.273	170	146	197	131	134	131	73	118	121
chx_dose		chr11:TRPT1:s:64224284|11:64224210-64224284:-	TRPT1	chr11:TRPT1:s:64224284	s	64224284	11:64224210-64224284:-	11	64224210	64224284	-	147.3	0.61	0.615	0.684	0.073	0.034	0.0133	ols_slope	0.7348824733890675	0.8966483868335535	1	0	0.59	0.527	0.761	0.566	0.661	0.621	0.664	0.537	0.756	212	264	176	129	124	124	137	41	119
chx_dose		chrX:OFD1:t:13767126|X:13763855-13767126:+	OFD1	chrX:OFD1:t:13767126	t	13767126	X:13763855-13767126:+	X	13763855	13767126	+	128.2	0.845	0.882	0.916	0.072	0.072	0.0401	ols_slope	0.23870043246347056	0.521984344251074	1	0	0.85	0.91	0.757	0.755	0.951	0.958	0.907	0.895	0.955	60	89	70	155	182	96	215	153	134
chx_dose		chrX:OFD1:s:13762444|X:13762444-13763744:+	OFD1	chrX:OFD1:s:13762444	s	13762444	X:13762444-13763744:+	X	13762444	13763744	+	134.7	0.853	0.882	0.923	0.07	0.076	0.0434	ols_slope	0.24129464970096814	0.521984344251074	1	0	0.873	0.919	0.726	0.756	0.95	0.959	0.916	0.905	0.958	71	99	62	156	179	97	237	168	143
chx_dose		chr7:CALD1:t:134928753|7:134891673-134928753:+	CALD1	chr7:CALD1:t:134928753	t	134928753	7:134891673-134928753:+	7	134891673	134928753	+	118.4	0.663	0.705	0.733	0.07	-0.06	0.0394	ols_slope	0.36899159869764037	0.6433077214136493	1	0	0.613	0.681	0.697	0.783	0.783	0.545	0.791	0.831	0.605	155	160	145	120	152	132	67	59	76
chx_dose		chrX:KDM5C:t:53193636|X:53193636-53193781:-	KDM5C	chrX:KDM5C:t:53193636	t	53193636	X:53193636-53193781:-	X	53193636	53193781	-	100.9	0.393	0.524	0.462	0.069	-0.017	0.0243	ols_slope	0.6466298996164288	0.8525220069569833	0	0	0.342	0.4	0.424	0.667	0.506	0.452	0.594	0.429	0.289	120	165	158	63	162	84	69	42	45
chx_dose		chr19:PIH1D1:s:49447023|19:49446694-49447023:-	PIH1D1	chr19:PIH1D1:s:49447023	s	49447023	19:49446694-49447023:-	19	49446694	49447023	-	134.7	0.919	0.913	0.988	0.068		0.0315	ols_slope	0.4100647149307071	0.6806808030058878	0	0	0.944	0.962	0.873	1.0	0.993	0.736	1.0	0.984	0.984	143	157	221	48	149	91	87	125	191
chx_dose		chr15:POLG:t:89327349|15:89327349-89328684:-	POLG	chr15:POLG:t:89327349	t	89327349	15:89327349-89328684:-	15	89327349	89328684	-	123.3	0.027	0.063	0.094	0.067	0.045	0.0343	ols_slope	0.30709751112901984	0.5710936171873001	1	0	0.011	0.066	0.0	0.027	0.0	0.244	0.113	0.081	0.089	90	167	186	112	65	45	124	74	247
chx_dose		chr8:CHCHD7:s:56214667|8:56214667-56216388:+	CHCHD7	chr8:CHCHD7:s:56214667	s	56214667	8:56214667-56216388:+	8	56214667	56216388	+	110.1	0.092	0.136	0.159	0.067	0.049	0.0354	ols_slope	0.48710998134393124	0.7387882090885171	1	0	0.094	0.069	0.116	0.265	0.111	0.053	0.382	0.034	0.075	160	144	121	98	135	113	68	59	93
chx_dose		chr16:ATP2A1-AS1:s:28879541|16:28879107-28879541:-	ATP2A1-AS1	chr16:ATP2A1-AS1:s:28879541	s	28879541	16:28879107-28879541:-	16	28879107	28879541	-	240.7	0.264	0.203	0.33	0.066	0.068	0.0386	ols_slope	0.24066035987026202	0.521984344251074	0	0	0.211	0.178	0.351	0.242	0.211	0.162	0.266	0.36	0.345	247	230	376	186	279	235	154	172	287
chx_dose		chr2:BOLA3:s:74145188|2:74135658-74145188:-	BOLA3	chr2:BOLA3:s:74145188	s	74145188	2:74135658-74145188:-	2	74135658	74145188	-	215.4	0.363	0.294	0.429	0.066	0.085	0.0298	ols_slope	0.49811834682018885	0.745770406256215	0	0	0.461	0.367	0.294	0.292	0.242	0.376	0.564	0.413	0.324	254	449	381	137	244	157	94	121	102
chx_dose		chr12:YBX3:s:10713210|12:10704148-10713210:-	YBX3	chr12:YBX3:s:10713210	s	10713210	12:10704148-10713210:-	12	10704148	10713210	-	131.9	0.279	0.421	0.345	0.066	0.002	0.0247	ols_slope	0.5351072194074434	0.7812860228262949	0	0	0.267	0.284	0.28	0.416	0.442	0.407	0.184	0.386	0.409	116	232	250	113	86	86	76	101	127
chx_dose		chr9:CLTA:t:36204067|9:36191273-36204067:+	CLTA	chr9:CLTA:t:36204067	t	36204067	9:36191273-36204067:+	9	36191273	36204067	+	124.1	0.155	0.148	0.221	0.066	0.013	0.0193	ols_slope	0.7551605383868922	0.9037014291715137	0	0	0.185	0.238	0.056	0.328	0.0	0.049	0.0	0.256	0.339	173	172	196	125	99	81	73	86	112
chx_dose		chr16:FUS:s:31182664|16:31182664-31183857:+	FUS	chr16:FUS:s:31182664	s	31182664	16:31182664-31183857:+	16	31182664	31183857	+	236.6	0.653	0.694	0.717	0.065	0.049	0.0346	ols_slope	0.41039528609074516	0.6806808030058878	1	0	0.749	0.628	0.618	0.799	0.624	0.717	0.778	0.848	0.577	255	336	477	159	290	152	108	158	194
chx_dose		chr1:EFHD2:s:15426018|1:15426018-15427149:+	EFHD2	chr1:EFHD2:s:15426018	s	15426018	1:15426018-15427149:+	1	15426018	15427149	+	185.4	0.863	0.92	0.928	0.065	0.035	-0.0055	ols_slope	0.8982346865364855	0.9536816351323516	1	0	0.938	0.833	0.845	0.961	0.847	0.988	0.922	0.688	0.973	240	293	491	127	144	81	77	32	184
chx_dose		chr10:STK32C:s:132331435|10:132324373-132331435:-	STK32C	chr10:STK32C:s:132331435	s	132331435	10:132324373-132331435:-	10	132324373	132331435	-	110.7	0.2	0.15	0.263	0.064	0.021	0.0402	ols_slope	0.2152988792965192	0.49083581872556503	0	0	0.151	0.192	0.24	0.062	0.202	0.145	0.319	0.263	0.242	146	172	208	65	119	62	47	57	120
chx_dose		chr10:RPP38:t:15103304|10:15102336-15103304:+	RPP38	chr10:RPP38:t:15103304	t	15103304	10:15102336-15103304:+	10	15102336	15103304	+	141.4	0.404	0.512	0.467	0.062	0.021	0.0422	ols_slope	0.27483090774982244	0.5635444477969259	0	0	0.268	0.454	0.484	0.533	0.54	0.484	0.577	0.426	0.457	127	152	124	45	124	157	111	249	184
chx_dose		chr17:ANAPC11:t:81894466|17:81891833-81894466:+	ANAPC11	chr17:ANAPC11:t:81894466	t	81894466	17:81891833-81894466:+	17	81891833	81894466	+	127.2	0.046	0.052	0.108	0.062	0.048	0.0356	ols_slope	0.2930129275263433	0.5682386779439029	1	0	0.05	0.081	0.014	0.045	0.099	0.0	0.108	0.25	0.0	141	248	286	66	111	90	65	60	78
chx_dose		chr3:ELP6:t:47496197|3:47496197-47498285:-	ELP6	chr3:ELP6:t:47496197	t	47496197	3:47496197-47498285:-	3	47496197	47498285	-	141.3	0.849	0.87	0.911	0.062	0.025	0.0246	ols_slope	0.506353626085373	0.7538410725428307	1	0	0.884	0.833	0.839	0.709	0.959	0.869	0.802	0.976	0.926	121	144	224	79	146	122	106	127	203
chx_dose		chr1:PHGDH:s:119712160|1:119712160-119721266:+	PHGDH	chr1:PHGDH:s:119712160	s	119712160	1:119712160-119721266:+	1	119712160	119721266	+	160.4	0.031	0.006	0.093	0.061	0.033	0.0317	ols_slope	0.40837016852934094	0.6806808030058878	0	0	0.008	0.024	0.063	0.019	0.0	0.0	0.27	0.015	0.0	258	339	268	106	104	142	74	68	85
chx_dose		chr1:POLR3GL:t:145977482|1:145977152-145977482:+	POLR3GL	chr1:POLR3GL:t:145977482	t	145977482	1:145977152-145977482:+	1	145977152	145977482	+	113.6	0.601	0.555	0.662	0.061	-0.034	0.0214	ols_slope	0.6822870498302251	0.8776477144204359	0	0	0.543	0.537	0.727	0.491	0.573	0.63	0.641	0.467	0.827	175	164	165	116	110	73	78	60	81
chx_dose		chr8:RPL7:t:73292797|8:73292797-73293865:-	RPL7	chr8:RPL7:t:73292797	t	73292797	8:73292797-73293865:-	8	73292797	73293865	-	115.2	0.202	0.164	0.262	0.06	0.055	0.0295	ols_slope	0.4479310939313236	0.7165584470783085	0	0	0.117	0.241	0.243	0.138	0.252	0.056	0.246	0.186	0.347	171	141	218	80	135	90	57	70	75
chx_dose		chr7:GGCT:s:30504568|7:30498938-30504568:-	GGCT	chr7:GGCT:s:30504568	s	30504568	7:30498938-30504568:-	7	30498938	30504568	-	169.7	0.399	0.347	0.458	0.059	0.004	0.0292	ols_slope	0.49959944923499	0.745880867871957	0	0	0.423	0.406	0.38	0.431	0.358	0.268	0.5	0.298	0.586	222	212	361	130	148	157	94	104	99
chx_dose		chr3:AP2M1:t:184180848|3:184180251-184180848:+	AP2M1	chr3:AP2M1:t:184180848	t	184180848	3:184180251-184180848:+	3	184180251	184180848	+	160.9	0.32	0.251	0.378	0.058	0.037	0.0293	ols_slope	0.47343523101819707	0.7368220455235288	0	0	0.307	0.373	0.297	0.362	0.256	0.144	0.346	0.323	0.484	241	236	400	94	164	104	52	93	64
chx_dose		chr16:NHERF2:s:2037600|16:2037600-2037825:+	NHERF2	chr16:NHERF2:s:2037600	s	2037600	16:2037600-2037825:+	16	2037600	2037825	+	112.7	0.691	0.657	0.748	0.057	0.035	0.0369	ols_slope	0.38230910844326427	0.6605143798566434	0	0	0.62	0.69	0.739	0.511	0.796	0.654	0.722	0.836	0.713	166	197	249	45	49	78	54	61	115
chx_dose		chr16:HIRIP3:t:29993808|16:29993808-29995102:-	HIRIP3	chr16:HIRIP3:t:29993808	t	29993808	16:29993808-29995102:-	16	29993808	29995102	-	136.1	0.31	0.422	0.366	0.056	0.123	0.0331	ols_slope	0.45131655475074783	0.7183116336873765	0	0	0.317	0.261	0.362	0.42	0.532	0.325	0.525	0.336	0.278	104	153	130	88	186	212	101	107	144
chx_dose		chr10:UPF2:t:12035441|10:12035441-12042754:-	UPF2	chr10:UPF2:t:12035441	t	12035441	10:12035441-12042754:-	10	12035441	12042754	-	110.8	0.756	0.851	0.812	0.056	0.069	0.0279	ols_slope	0.4846927081321628	0.7387882090885171	0	0	0.792	0.758	0.714	0.727	0.952	0.836	0.699	0.807	0.926	96	91	84	121	165	110	103	119	108
chx_dose		chr2:INO80B:s:74455598|2:74455598-74455801:+	INO80B	chr2:INO80B:s:74455598	s	74455598	2:74455598-74455801:+	2	74455598	74455801	+	121.3	0.015	0.02	0.07	0.055		0.0358	ols_slope	0.3431070542495441	0.6041419892101606	1	0	0.047	0.006	0.0	0.049	0.0	0.024	0.0	0.268	0.0	128	162	175	61	127	169	97	71	102
chx_dose		chr15:PKM:t:72219110|15:72219110-72230895:-	PKM	chr15:PKM:t:72219110	t	72219110	15:72219110-72230895:-	15	72219110	72230895	-	109.6	0.027	0.031	0.082	0.055		0.0272	ols_slope	0.41481522172079677	0.6806808030058878	1	0	0.019	0.019	0.038	0.0	0.05	0.021	0.239	0.0	0.0	108	209	234	61	119	48	71	51	85
chx_dose		chr5:SDHA:t:236427|5:233645-236427:+	SDHA	chr5:SDHA:t:236427	t	236427	5:233645-236427:+	5	233645	236427	+	142.6	0.0	0.0	0.054	0.054		0.0423	ols_slope	0.2443409520077099	0.5242943504618877	1	0	0.0	0.0	0.0	0.0	0.0	0.0	0.254	0.0	0.0	121	210	166	179	156	153	63	129	106
chx_dose		chr12:ENSG00000257379:t:53467220|12:53465973-53467220:+	ENSG00000257379	chr12:ENSG00000257379:t:53467220	t	53467220	12:53465973-53467220:+	12	53465973	53467220	+	136.8	0.792	0.791	0.846	0.054	0.035	0.0293	ols_slope	0.5116551187835255	0.7596000362892676	0	0	0.904	0.741	0.734	0.728	0.898	0.744	0.908	0.951	0.696	198	185	214	125	128	121	87	81	92
chx_dose		chr19:ERCC1:t:45413745|19:45413745-45413962:-	ERCC1	chr19:ERCC1:t:45413745	t	45413745	19:45413745-45413962:-	19	45413745	45413962	-	114.4	0.612	0.731	0.666	0.054	0.094	0.0105	ols_slope	0.8433616199974564	0.941014018102425	0	0	0.609	0.715	0.52	0.676	0.741	0.759	0.68	0.434	0.794	87	158	175	68	158	79	103	76	126
chx_dose		chr8:PUF60:t:143821913|8:143821913-143829279:-	PUF60	chr8:PUF60:t:143821913	t	143821913	8:143821913-143829279:-	8	143821913	143829279	-	170.0	0.238	0.253	0.291	0.053	-0.038	0.0207	ols_slope	0.593438331801748	0.8206375856642606	1	0	0.114	0.222	0.326	0.156	0.32	0.298	0.15	0.323	0.313	140	338	258	154	128	141	60	164	147
chx_dose		chr19:DMKN:s:35505717|19:35502886-35505717:-	DMKN	chr19:DMKN:s:35505717	s	35505717	19:35502886-35505717:-	19	35502886	35505717	-	186.8	0.337	0.323	0.389	0.052	0.016	0.0267	ols_slope	0.4590693142866691	0.7252627770271384	0	0	0.358	0.23	0.407	0.179	0.394	0.364	0.365	0.394	0.396	226	244	305	145	218	129	85	127	202
chx_dose		chr5:TAF9:t:69366595|5:69366595-69369462:-	TAF9	chr5:TAF9:t:69366595	t	69366595	5:69366595-69369462:-	5	69366595	69369462	-	117.0	0.777	0.93	0.829	0.051	0.008	0.0302	ols_slope	0.591628751052093	0.8206375856642606	0	0	0.804	0.768	0.771	0.77	0.992	1.0	0.873	0.651	1.0	97	164	179	87	120	91	71	129	115
chx_dose		chrX:MECP2:s:154097603|X:154032557-154097603:-	MECP2	chrX:MECP2:s:154097603	s	154097603	X:154032557-154097603:-	X	154032557	154097603	-	113.9	0.516	0.618	0.568	0.051	0.036	0.0214	ols_slope	0.7145797529483763	0.8966483868335535	0	0	0.546	0.373	0.634	0.785	0.596	0.474	0.417	0.678	0.587	130	161	164	79	89	78	84	90	150
chx_dose		chr6:SYNCRIP:s:85614980|6:85612920-85614980:-	SYNCRIP	chr6:SYNCRIP:s:85614980	s	85614980	6:85612920-85614980:-	6	85612920	85614980	-	307.9	0.132	0.213	0.182	0.05	0.027	0.0182	ols_slope	0.596123529208944	0.8206375856642606	0	0	0.171	0.161	0.07	0.253	0.195	0.203	0.092	0.111	0.308	350	461	431	182	257	231	239	289	331
chx_dose		chr5:TCOF1:s:150369602|5:150369602-150374616:+	TCOF1	chr5:TCOF1:s:150369602	s	150369602	5:150369602-150374616:+	5	150369602	150374616	+	102.7	0.178	0.036	0.228	0.05	0.059	0.0129	ols_slope	0.8130905526421806	0.9335902917886977	0	0	0.118	0.188	0.223	0.098	0.0	0.0	0.014	0.267	0.324	110	144	112	102	109	66	69	101	111
chx_dose		chr1:HNRNPR:s:23344210|1:23341017-23344210:-	HNRNPR	chr1:HNRNPR:s:23344210	s	23344210	1:23341017-23344210:-	1	23341017	23344210	-	100.8	0.167	0.265	0.216	0.048	0.093	0.0157	ols_slope	0.703674158484435	0.8879697714208347	0	0	0.051	0.188	0.234	0.273	0.217	0.327	0.109	0.149	0.308	118	160	158	121	83	49	64	47	107
chx_dose		chr10:NOLC1:t:102159432|10:102159338-102159432:+	NOLC1	chr10:NOLC1:t:102159432	t	102159432	10:102159338-102159432:+	10	102159338	102159432	+	126.2	0.245	0.193	0.292	0.047	0.049	0.0362	ols_slope	0.4077163296390387	0.6806808030058878	0	0	0.112	0.383	0.174	0.132	0.187	0.239	0.205	0.37	0.311	98	154	115	106	155	159	122	108	119
chx_dose		chr16:METTL26:t:635340|16:635340-635611:-	METTL26	chr16:METTL26:t:635340	t	635340	16:635340-635611:-	16	635340	635611	-	133.4	0.325	0.512	0.372	0.047	0.123	0.0388	ols_slope	0.43630419076348276	0.7050037228800179	0	0	0.306	0.312	0.344	0.482	0.626	0.433	0.523	0.36	0.312	134	176	259	85	115	134	65	89	144
chx_dose		chr11:ANAPC15:s:72111411|11:72111286-72111411:-	ANAPC15	chr11:ANAPC15:s:72111411	s	72111411	11:72111286-72111411:-	11	72111286	72111411	-	103.9	0.63	0.77	0.676	0.047	0.063	0.018	ols_slope	0.61916193448281	0.8387543598534766	0	0	0.671	0.648	0.563	0.738	0.8	0.775	0.592	0.736	0.662	170	193	158	65	50	89	49	87	74
chx_dose		chr1:NDUFS5:t:39028722|1:39026398-39028722:+	NDUFS5	chr1:NDUFS5:t:39028722	t	39028722	1:39026398-39028722:+	1	39026398	39028722	+	466.0	0.469	0.462	0.516	0.047	0.021	0.019	ols_slope	0.6219442706083327	0.8387543598534766	0	0	0.479	0.49	0.438	0.382	0.59	0.379	0.522	0.392	0.607	691	772	740	364	451	338	255	255	328
chx_dose		chr17:CHD3:s:7907488|17:7907488-7907600:+	CHD3	chr17:CHD3:s:7907488	s	7907488	17:7907488-7907600:+	17	7907488	7907600	+	123.0	0.726	0.787	0.774	0.047	0.077	0.0132	ols_slope	0.7921100229433788	0.9254220643552052	0	0	0.62	0.812	0.71	0.72	0.887	0.696	0.568	0.759	0.895	100	170	238	82	150	102	74	58	133
chx_dose		chr8:PUF60:s:143829279|8:143821913-143829279:-	PUF60	chr8:PUF60:s:143829279	s	143829279	8:143821913-143829279:-	8	143821913	143829279	-	176.1	0.232	0.242	0.278	0.046	-0.025	0.0211	ols_slope	0.6492351577978533	0.8538328377986657	1	0	0.094	0.23	0.326	0.157	0.279	0.294	0.096	0.39	0.291	170	326	258	153	147	143	94	136	158
chx_dose		chr1:GUK1:s:228147699|1:228147699-228148370:+	GUK1	chr1:GUK1:s:228147699	s	228147699	1:228147699-228148370:+	1	228147699	228148370	+	109.7	0.854	0.881	0.898	0.044	0.032	0.0349	ols_slope	0.3205193866628197	0.5843022277787079	1	0	0.825	0.778	0.925	0.919	0.786	0.964	0.81	0.964	0.965	120	167	228	86	84	56	105	55	86
chx_dose		chr12:ENSG00000257379:s:53461143|12:53461143-53462480:+	ENSG00000257379	chr12:ENSG00000257379:s:53461143	s	53461143	12:53461143-53462480:+	12	53461143	53462480	+	247.6	0.484	0.566	0.528	0.044	0.032	0.0154	ols_slope	0.7030132206590978	0.8879697714208347	0	0	0.445	0.492	0.494	0.564	0.462	0.701	0.441	0.462	0.62	254	508	522	165	223	177	68	145	166
chx_dose		chr22:DDX17:t:38486440|22:38486440-38487878:-	DDX17	chr22:DDX17:t:38486440	t	38486440	22:38486440-38487878:-	22	38486440	38487878	-	112.6	0.616	0.728	0.659	0.043	0.091	0.0353	ols_slope	0.2878840532392398	0.5682386779439029	0	0	0.519	0.661	0.632	0.737	0.748	0.692	0.714	0.586	0.724	79	127	114	114	107	91	84	174	123
chx_dose		chr3:AP2M1:s:184180251|3:184180251-184180848:+	AP2M1	chr3:AP2M1:s:184180251	s	184180251	3:184180251-184180848:+	3	184180251	184180848	+	140.1	0.366	0.302	0.409	0.043	0.024	0.0298	ols_slope	0.5232105366012528	0.7702821788851777	0	0	0.378	0.396	0.341	0.382	0.307	0.2	0.375	0.323	0.596	196	222	349	89	137	75	48	93	52
chx_dose		chr1:EFHD2:t:15428592|1:15427284-15428592:+	EFHD2	chr1:EFHD2:t:15428592	t	15428592	1:15427284-15428592:+	1	15427284	15428592	+	262.0	0.904	0.944	0.947	0.043	0.007	-0.0126	ols_slope	0.7387276207130261	0.8966483868335535	1	0	0.961	0.886	0.882	0.972	0.886	0.992	0.952	0.722	0.979	384	428	645	178	193	133	124	36	237
chx_dose		chr16:RNPS1:t:2264760|16:2264760-2267662:-	RNPS1	chr16:RNPS1:t:2264760	t	2264760	16:2264760-2267662:-	16	2264760	2267662	-	108.0	0.149	0.089	0.19	0.042	0.085	0.0435	ols_slope	0.4336071550242848	0.7027883552381374	0	0	0.106	0.184	0.147	0.127	0.131	0.034	0.471	0.068	0.16	160	201	163	79	84	117	34	59	75
chx_dose		chr16:VKORC1:s:31094556|16:31091342-31094556:-	VKORC1	chr16:VKORC1:s:31094556	s	31094556	16:31091342-31094556:-	16	31091342	31094556	-	111.9	0.345	0.573	0.386	0.041	-0.025	0.0154	ols_slope	0.820039922725898	0.9335902917886977	0	0	0.37	0.219	0.463	0.559	0.705	0.385	0.25	0.487	0.407	162	183	162	93	122	78	68	80	59
chx_dose		chrX:NAA10:t:153932584|X:153932584-153933960:-	NAA10	chrX:NAA10:t:153932584	t	153932584	X:153932584-153933960:-	X	153932584	153933960	-	179.2	0.389	0.324	0.429	0.039	0.08	0.0218	ols_slope	0.7553579870244916	0.9037014291715137	0	0	0.415	0.405	0.341	0.303	0.0	0.558	0.458	0.431	0.404	195	301	208	165	139	206	120	123	156
chx_dose		chr3:FAIM:t:138621406|3:138609146-138621406:+	FAIM	chr3:FAIM:t:138621406	t	138621406	3:138609146-138621406:+	3	138609146	138621406	+	142.1	0.038	0.188	0.074	0.036	0.057	0.0217	ols_slope	0.553847850342355	0.7933496234633732	0	0	0.102	0.0	0.035	0.172	0.159	0.25	0.157	0.088	0.022	206	322	284	99	113	80	51	34	90
chx_dose		chr9:ANKRD18B:s:33541227|9:33541227-33543184:+	ANKRD18B	chr9:ANKRD18B:s:33541227	s	33541227	9:33541227-33543184:+	9	33541227	33543184	+	106.7	0.777	0.784	0.812	0.035	0.032	0.0196	ols_slope	0.608919122950003	0.8296327382095156	1	0	0.615	0.866	0.81	0.745	0.812	0.784	0.729	0.915	0.766	65	97	58	94	133	97	140	165	111
chx_dose		chr1:RNF220:t:44632342|1:44632208-44632342:+	RNF220	chr1:RNF220:t:44632342	t	44632342	1:44632208-44632342:+	1	44632208	44632342	+	107.7	0.628	0.67	0.662	0.034	0.107	0.0165	ols_slope	0.6856226164850386	0.8776477144204359	0	0	0.68	0.656	0.574	0.589	0.87	0.613	0.736	0.639	0.634	125	163	204	90	69	111	53	72	82
chx_dose		chr1:NASP:t:45613168|1:45608337-45613168:+	NASP	chr1:NASP:t:45613168	t	45613168	1:45608337-45613168:+	1	45608337	45613168	+	135.4	0.365	0.328	0.399	0.034	0.041	0.0219	ols_slope	0.6778357186525484	0.8776477144204359	0	0	0.243	0.288	0.517	0.181	0.424	0.383	0.272	0.5	0.408	115	111	147	144	132	154	114	128	174
chx_dose		chr19:ILF3:s:10682704|19:10682704-10683124:+	ILF3	chr19:ILF3:s:10682704	s	10682704	19:10682704-10683124:+	19	10682704	10683124	+	276.7	0.364	0.433	0.398	0.034	0.029	0.0145	ols_slope	0.7422746658469572	0.8966483868335535	0	0	0.366	0.408	0.327	0.416	0.504	0.379	0.232	0.575	0.382	232	412	495	214	272	280	151	167	267
chx_dose		chr16:TNRC6A:s:24729846|16:24729846-24750725:+	TNRC6A	chr16:TNRC6A:s:24729846	s	24729846	16:24729846-24750725:+	16	24729846	24750725	+	118.0	0.208	0.108	0.242	0.034	0.029	0.012	ols_slope	0.8180484080668472	0.9335902917886977	0	0	0.337	0.156	0.15	0.162	0.041	0.144	0.185	0.417	0.114	92	96	120	99	145	125	130	132	123
chx_dose		chr11:INCENP:t:62144981|11:62141044-62144981:+	INCENP	chr11:INCENP:t:62144981	t	62144981	11:62141044-62144981:+	11	62141044	62144981	+	138.9	0.812	0.854	0.844	0.033	0.027	0.0152	ols_slope	0.6888706588658515	0.8776477144204359	0	0	0.783	0.879	0.75	0.779	0.926	0.842	0.776	0.985	0.743	157	256	208	86	108	101	58	132	144
chx_dose		chr7:ATP5MF:s:99460085|7:99458355-99460085:-	ATP5MF	chr7:ATP5MF:s:99460085	s	99460085	7:99458355-99460085:-	7	99458355	99460085	-	186.4	0.26	0.194	0.293	0.033	-0.011	0.0116	ols_slope	0.7335784092017397	0.8966483868335535	0	0	0.288	0.271	0.226	0.111	0.245	0.176	0.183	0.345	0.327	219	251	266	108	237	187	115	148	147
chx_dose		chr5:GRK6:s:177441053|5:177441053-177441736:+	GRK6	chr5:GRK6:s:177441053	s	177441053	5:177441053-177441736:+	5	177441053	177441736	+	102.3	0.608	0.697	0.641	0.032	0.04	0.0251	ols_slope	0.5308296461924911	0.7790326287355857	0	0	0.635	0.558	0.626	0.761	0.596	0.742	0.569	0.6	0.8	96	104	155	88	94	89	130	85	80
chx_dose		chrX:CITED1:t:72302934|X:72302934-72305824:-	CITED1	chrX:CITED1:t:72302934	t	72302934	X:72302934-72305824:-	X	72302934	72305824	-	139.1	0.189	0.194	0.221	0.032	0.003	0.0082	ols_slope	0.8693003070092276	0.9529124956280618	1	0	0.15	0.193	0.216	0.066	0.2	0.34	0.352	0.018	0.238	214	295	259	61	145	47	71	55	105
chx_dose		chr15:TPM1:t:63056984|15:63044152-63056984:+	TPM1	chr15:TPM1:t:63056984	t	63056984	15:63044152-63056984:+	15	63044152	63056984	+	214.9	0.399	0.253	0.43	0.031	0.029	0.0158	ols_slope	0.7648078555808008	0.9129463140941991	0	0	0.443	0.383	0.384	0.201	0.337	0.222	0.38	0.328	0.597	262	397	315	179	175	171	108	183	144
chx_dose		chr11:INCENP:s:62141044|11:62141044-62144981:+	INCENP	chr11:INCENP:s:62141044	s	62141044	11:62141044-62144981:+	11	62141044	62144981	+	140.1	0.796	0.878	0.827	0.031	0.017	0.0086	ols_slope	0.8256828590591084	0.9335902917886977	0	0	0.783	0.846	0.743	0.798	0.901	0.924	0.714	0.956	0.754	157	266	210	84	111	92	63	136	142
chx_dose		chrX:EOLA2:t:149934137|X:149934137-149937432:-	EOLA2	chrX:EOLA2:t:149934137	t	149934137	X:149934137-149937432:-	X	149934137	149937432	-	106.9	0.831	0.898	0.862	0.031	0.054	0.0046	ols_slope	0.8924779355228731	0.9536816351323516	0	0	0.918	0.78	0.832	0.868	0.859	0.976	0.742	0.868	0.948	98	168	119	91	92	83	89	106	116
chx_dose		chr1:HNRNPR:s:23344210|1:23338608-23344210:-	HNRNPR	chr1:HNRNPR:s:23344210	s	23344210	1:23338608-23344210:-	1	23338608	23344210	-	100.8	0.658	0.593	0.688	0.03	-0.001	0.0288	ols_slope	0.6327250150382897	0.8459570243821771	0	0	0.797	0.606	0.608	0.562	0.711	0.469	0.875	0.766	0.542	118	160	158	121	83	49	64	47	107
chx_dose		chr16:TNRC6A:t:24750725|16:24729846-24750725:+	TNRC6A	chr16:TNRC6A:t:24750725	t	24750725	16:24729846-24750725:+	16	24729846	24750725	+	114.3	0.224	0.106	0.254	0.03	0.003	0.0112	ols_slope	0.8256163427586238	0.9335902917886977	0	0	0.337	0.176	0.165	0.157	0.043	0.133	0.233	0.401	0.111	92	85	109	102	140	135	103	137	126
chx_dose		chr16:METTL26:s:636093|16:634797-636093:-	METTL26	chr16:METTL26:s:636093	s	636093	16:634797-636093:-	16	634797	636093	-	182.1	0.402	0.388	0.43	0.029	0.046	0.0187	ols_slope	0.6051863025101314	0.8296327382095156	0	0	0.409	0.455	0.351	0.354	0.506	0.266	0.457	0.507	0.363	186	268	308	99	174	139	127	134	204
chx_dose		chr22:CRELD2:t:49919729|22:49919312-49919729:+	CRELD2	chr22:CRELD2:t:49919729	t	49919729	22:49919312-49919729:+	22	49919312	49919729	+	107.1	0.919	0.923	0.948	0.029		0.0186	ols_slope	0.6368619862801671	0.8459570243821771	1	0	0.875	0.946	0.918	0.707	0.983	0.973	0.906	1.0	0.945	112	184	171	58	117	112	53	48	109
chx_dose		chr14:ACIN1:s:23064354|14:23064221-23064354:-	ACIN1	chr14:ACIN1:s:23064354	s	23064354	14:23064221-23064354:-	14	23064221	23064354	-	175.9	0.192	0.138	0.221	0.029	0.011	0.0036	ols_slope	0.9246703430029991	0.9604137614492808	0	0	0.259	0.12	0.212	0.137	0.126	0.159	0.127	0.118	0.369	158	216	240	146	174	107	173	152	217
chx_dose		chr20:ADRM1:t:62303567|20:62303045-62303567:+	ADRM1	chr20:ADRM1:t:62303567	t	62303567	20:62303045-62303567:+	20	62303045	62303567	+	110.1	0.092	0.118	0.121	0.028	-0.018	0.0276	ols_slope	0.47406852362928914	0.7368220455235288	1	0	0.076	0.109	0.087	0.103	0.07	0.244	0.167	0.0	0.271	118	202	253	58	100	45	60	96	59
chx_dose		chr2:PTMA:s:231711425|2:231711423-231711895:+	PTMA	chr2:PTMA:s:231711425	s	231711425	2:231711423-231711895:+	2	231711423	231711895	+	100.9	0.884	0.892	0.913	0.028	0.015	0.0215	ols_slope	0.5320939841552491	0.7790326287355857	1	0	0.956	0.894	0.775	0.784	0.881	0.982	0.85	0.975	0.929	91	141	71	74	159	109	100	79	84
chx_dose		chr16:PAM16:s:4343206|16:4341504-4343206:-	PAM16	chr16:PAM16:s:4343206	s	4343206	16:4341504-4343206:-	16	4341504	4343206	-	114.4	0.927	0.826	0.955	0.028	0.004	0.0101	ols_slope	0.7838698453078479	0.9254220643552052	0	0	0.888	0.934	0.944	0.887	0.816	0.75	0.841	0.986	1.0	134	211	216	115	98	80	44	71	61
chx_dose		chr1:AURKAIP1:t:1374790|1:1374790-1374996:-	AURKAIP1	chr1:AURKAIP1:t:1374790	t	1374790	1:1374790-1374996:-	1	1374790	1374996	-	100.8	0.225	0.204	0.253	0.027	0.035	0.0255	ols_slope	0.5521943764672448	0.7933496234633732	0	0	0.11	0.171	0.344	0.048	0.25	0.304	0.254	0.295	0.229	136	170	209	62	88	56	59	44	83
chx_dose		chr5:MACROH2A1:s:135360496|5:135353045-135360496:-	MACROH2A1	chr5:MACROH2A1:s:135360496	s	135360496	5:135353045-135360496:-	5	135353045	135360496	-	107.3	0.844	0.898	0.869	0.025	0.066	0.0242	ols_slope	0.4878790060018509	0.7387882090885171	0	0	0.698	0.897	0.861	0.925	0.788	0.938	0.824	0.932	0.845	106	223	216	67	52	96	74	74	58
chx_dose		chr19:RANBP3:t:5928087|19:5928087-5931418:-	RANBP3	chr19:RANBP3:t:5928087	t	5928087	19:5928087-5931418:-	19	5928087	5931418	-	132.7	0.487	0.391	0.512	0.025	0.057	0.0142	ols_slope	0.7783719637572015	0.9249711676935354	0	0	0.462	0.378	0.602	0.543	0.398	0.24	0.442	0.547	0.537	93	196	206	94	128	100	113	117	147
chx_dose		chr4:MRPS18C:t:83459739|4:83456958-83459739:+	MRPS18C	chr4:MRPS18C:t:83459739	t	83459739	4:83456958-83459739:+	4	83456958	83459739	+	113.0	0.537	0.429	0.562	0.024	0.079	0.0052	ols_slope	0.9071027993138289	0.9536816351323516	0	0	0.45	0.536	0.638	0.34	0.49	0.403	0.467	0.577	0.612	131	220	116	100	206	139	30	26	49
chx_dose		chr10:TIMM23:s:45972730|10:45972730-45982522:+	TIMM23	chr10:TIMM23:s:45972730	s	45972730	10:45972730-45982522:+	10	45972730	45982522	+	120.7	0.016	0.0	0.04	0.023		0.0331	ols_slope	0.34121343630992473	0.6028104041475337	0	0	0.0	0.017	0.027	0.0	0.0	0.0	0.242	0.0	0.0	158	232	225	72	112	85	33	79	90
chx_dose		chr11:PTPMT1:s:47565986|11:47565986-47569699:+	PTPMT1	chr11:PTPMT1:s:47565986	s	47565986	11:47565986-47569699:+	11	47565986	47569699	+	128.8	0.237	0.175	0.26	0.023	0.037	0.0265	ols_slope	0.5774442548793842	0.8117916580532457	0	0	0.224	0.198	0.276	0.318	0.112	0.14	0.148	0.455	0.254	161	167	228	88	143	107	88	55	122
chx_dose		chr19:PTOV1:s:49857782|19:49857782-49857903:+	PTOV1	chr19:PTOV1:s:49857782	s	49857782	19:49857782-49857903:+	19	49857782	49857903	+	127.6	0.908	0.872	0.93	0.022	0.024	0.012	ols_slope	0.7220058715112375	0.8966483868335535	0	0	0.915	0.971	0.846	1.0	0.854	0.789	0.861	1.0	0.944	130	210	228	63	96	76	108	75	162
chx_dose		chr5:CSNK1A1:t:149496860|5:149496860-149505482:-	CSNK1A1	chr5:CSNK1A1:t:149496860	t	149496860	5:149496860-149505482:-	5	149496860	149505482	-	145.7	0.415	0.353	0.435	0.021	-0.026	-0.0066	ols_slope	0.8889614636404726	0.9536816351323516	0	0	0.395	0.39	0.483	0.429	0.358	0.273	0.541	0.212	0.476	157	205	120	177	159	183	74	66	170
chx_dose		chr19:ENSG00000267157:s:5785382|19:5784439-5785382:-	ENSG00000267157	chr19:ENSG00000267157:s:5785382	s	5785382	19:5784439-5785382:-	19	5784439	5785382	-	135.0	0.115	0.141	0.134	0.019	-0.021	0.0118	ols_slope	0.7377053428844456	0.8966483868335535	0	0	0.055	0.16	0.125	0.091	0.079	0.282	0.082	0.236	0.092	91	106	72	99	114	85	207	203	238
chx_dose		chr12:PSMD9:t:121903005|12:121888994-121903005:+	PSMD9	chr12:PSMD9:t:121903005	t	121903005	12:121888994-121903005:+	12	121888994	121903005	+	101.0	0.08	0.113	0.098	0.019	0.033	0.0069	ols_slope	0.8478296940982933	0.9440120543531417	0	0	0.082	0.106	0.049	0.068	0.173	0.0	0.021	0.242	0.015	147	161	143	73	104	27	96	91	67
chx_dose		chr12:RNF10:s:120563070|12:120563070-120563346:+	RNF10	chr12:RNF10:s:120563070	s	120563070	12:120563070-120563346:+	12	120563070	120563346	+	103.6	0.839	0.875	0.857	0.019	0.04	0.0063	ols_slope	0.8706247567988977	0.9529124956280618	0	0	0.82	0.844	0.849	0.754	0.833	0.973	1.0	0.769	0.782	167	173	205	69	60	111	53	39	55
chx_dose		chr19:SMARCA4:s:11041560|19:11041560-11058257:+	SMARCA4	chr19:SMARCA4:s:11041560	s	11041560	19:11041560-11058257:+	19	11041560	11058257	+	302.1	0.322	0.285	0.339	0.017	-0.023	0.0175	ols_slope	0.6855813760232239	0.8776477144204359	0	0	0.425	0.265	0.272	0.305	0.305	0.239	0.523	0.322	0.222	379	347	390	282	292	255	214	258	302
chx_dose		chr3:CNBP:t:129171538|3:129171538-129171654:-	CNBP	chr3:CNBP:t:129171538	t	129171538	3:129171538-129171654:-	3	129171538	129171654	-	110.4	0.612	0.743	0.629	0.017	0.028	0.0052	ols_slope	0.9259838341520424	0.9604137614492808	0	0	0.671	0.545	0.632	0.833	0.753	0.613	0.444	0.804	0.631	143	167	136	96	178	80	45	46	103
chx_dose		chr2:BOLA3:t:74135658|2:74135658-74145188:-	BOLA3	chr2:BOLA3:t:74135658	t	74135658	2:74135658-74145188:-	2	74135658	74145188	-	109.6	0.702	0.669	0.72	0.017	0.026	-0.0035	ols_slope	0.9360992823849599	0.9631861374336015	0	0	0.842	0.647	0.671	0.556	0.641	0.819	0.746	0.769	0.623	139	255	167	72	92	72	71	65	53
chx_dose		chr19:RAD23A:s:12949159|19:12949159-12949274:+	RAD23A	chr19:RAD23A:s:12949159	s	12949159	19:12949159-12949274:+	19	12949159	12949274	+	159.3	0.601	0.51	0.616	0.015	0.003	0.0298	ols_slope	0.4906740009742155	0.7387989219214045	0	0	0.392	0.686	0.595	0.558	0.54	0.439	0.653	0.553	0.646	79	210	237	138	150	157	95	159	209
chx_dose		chr12:RPL6:t:112408656|12:112408656-112409586:-	RPL6	chr12:RPL6:t:112408656	t	112408656	12:112408656-112409586:-	12	112408656	112409586	-	544.3	0.325	0.428	0.34	0.015	0.008	0.0038	ols_slope	0.912605927443667	0.9558915840813113	0	0	0.311	0.299	0.364	0.335	0.467	0.45	0.349	0.229	0.418	789	1026	989	322	507	440	252	249	325
chx_dose		chr19:PRKCSH:t:11447692|19:11447597-11447692:+	PRKCSH	chr19:PRKCSH:t:11447692	t	11447692	19:11447597-11447692:+	19	11447597	11447692	+	119.4	0.6	0.61	0.614	0.014	-0.04	0.0158	ols_slope	0.7223204144427425	0.8966483868335535	1	0	0.667	0.496	0.635	0.548	0.71	0.5	0.759	0.638	0.496	84	123	200	104	131	60	87	149	137
chx_dose		chr1:MRPL24:t:156738764|1:156738764-156741011:-	MRPL24	chr1:MRPL24:t:156738764	t	156738764	1:156738764-156741011:-	1	156738764	156741011	-	137.0	0.7	0.625	0.714	0.014	0.02	0.0103	ols_slope	0.8405103251712643	0.9398655015142423	0	0	0.675	0.69	0.73	0.738	0.526	0.604	0.643	0.922	0.593	194	184	222	164	154	154	56	51	54
chx_dose		chr20:SNHG17:t:38422241|20:38422241-38425934:-	SNHG17	chr20:SNHG17:t:38422241	t	38422241	20:38422241-38425934:-	20	38422241	38425934	-	102.0	0.629	0.543	0.642	0.013	0.045	-0.015	ols_slope	0.7900337425046157	0.9254220643552052	0	0	0.72	0.733	0.551	0.5	0.745	0.403	0.592	0.571	0.751	25	15	49	58	55	62	184	233	237
chx_dose		chr6:HMGA1:t:34242711|6:34240882-34242711:+	HMGA1	chr6:HMGA1:t:34242711	t	34242711	6:34240882-34242711:+	6	34240882	34242711	+	168.6	0.248	0.329	0.261	0.013	0.012	0.0119	ols_slope	0.8614174807770811	0.9529124956280618	0	0	0.299	0.253	0.208	0.615	0.246	0.114	0.219	0.429	0.184	211	292	303	135	122	132	73	91	158
chx_dose		chr17:CNTROB:s:7948619|17:7948619-7949081:+	CNTROB	chr17:CNTROB:s:7948619	s	7948619	17:7948619-7949081:+	17	7948619	7949081	+	104.7	0.289	0.329	0.302	0.013	0.041	0.0037	ols_slope	0.948086436245774	0.9681807537769946	0	0	0.197	0.356	0.295	0.365	0.236	0.432	0.252	0.512	0.106	71	90	88	52	110	81	143	166	141
chx_dose		chrX:DDX3X:s:41347012|X:41347012-41347311:+	DDX3X	chrX:DDX3X:s:41347012	s	41347012	X:41347012-41347311:+	X	41347012	41347311	+	177.2	0.637	0.632	0.648	0.012	0.005	0.0083	ols_slope	0.823271182448439	0.9335902917886977	0	0	0.618	0.65	0.637	0.443	0.748	0.635	0.667	0.608	0.681	275	363	361	97	155	74	96	102	72
chx_dose		chr19:VASP:s:45522581|19:45522581-45522717:+	VASP	chr19:VASP:s:45522581	s	45522581	19:45522581-45522717:+	19	45522581	45522717	+	125.2	0.818	0.833	0.83	0.012	-0.017	-0.005	ols_slope	0.90230818817623	0.9536816351323516	0	0	0.717	0.865	0.824	0.767	0.927	0.738	0.814	0.655	0.905	127	251	210	60	123	80	70	58	148
chx_dose		chr12:PSMD9:s:121888994|12:121888994-121903005:+	PSMD9	chr12:PSMD9:s:121888994	s	121888994	12:121888994-121903005:+	12	121888994	121903005	+	125.4	0.067	0.088	0.077	0.01	0.012	0.024	ols_slope	0.6304063126531164	0.8458616346991183	0	0	0.121	0.072	0.034	0.057	0.189	0.0	0.022	0.344	0.006	99	237	205	87	95	80	92	64	170
chx_dose		chrX:MECP2:t:154032557|X:154032557-154097603:-	MECP2	chrX:MECP2:t:154032557	t	154032557	X:154032557-154097603:-	X	154032557	154097603	-	126.9	0.472	0.58	0.482	0.01	-0.019	-0.0052	ols_slope	0.9309180968403914	0.9631861374336015	0	0	0.617	0.328	0.52	0.729	0.602	0.416	0.35	0.592	0.492	115	183	200	85	88	89	100	103	179
chx_dose		chr5:GRK6:t:177441734|5:177441053-177441736:+	GRK6	chr5:GRK6:t:177441734	t	177441734	5:177441053-177441736:+	5	177441053	177441736	+	100.4	0.632	0.708	0.641	0.009	0.04	0.0113	ols_slope	0.7927200324854021	0.9254220643552052	0	0	0.701	0.558	0.642	0.798	0.596	0.742	0.569	0.6	0.8	87	104	151	84	94	89	130	85	80
chx_dose		chr12:YBX3:t:10704148|12:10704148-10713210:-	YBX3	chr12:YBX3:t:10704148	t	10704148	12:10704148-10713210:-	12	10704148	10713210	-	184.3	0.212	0.305	0.22	0.008	-0.044	-0.0001	ols_slope	0.9980867768839606	0.999072295163784	0	0	0.187	0.227	0.211	0.416	0.242	0.285	0.119	0.224	0.281	166	291	332	113	157	123	118	174	185
chx_dose		chr1:NASP:s:45606591|1:45606591-45607320:+	NASP	chr1:NASP:s:45606591	s	45606591	1:45606591-45607320:+	1	45606591	45607320	+	141.2	0.384	0.392	0.392	0.007	0.057	-0.0059	ols_slope	0.8791966233247586	0.9529124956280618	1	0	0.346	0.463	0.324	0.298	0.415	0.463	0.484	0.229	0.383	133	147	105	168	130	177	161	83	167
chx_dose		chr16:RPS15A:t:18789118|16:18789118-18790309:-	RPS15A	chr16:RPS15A:t:18789118	t	18789118	16:18789118-18790309:-	16	18789118	18790309	-	123.2	0.684	0.846	0.691	0.007	-0.095	-0.0083	ols_slope	0.8652612394107837	0.9529124956280618	0	0	0.774	0.688	0.628	0.756	0.9	0.887	0.644	0.602	0.793	133	269	234	90	110	53	45	83	92
chx_dose		chr16:CARMIL2:t:67657238|16:67656645-67657238:+	CARMIL2	chr16:CARMIL2:t:67657238	t	67657238	16:67656645-67657238:+	16	67656645	67657238	+	172.4	0.741	0.668	0.748	0.007	0.0	0.0055	ols_slope	0.873899057947949	0.9529124956280618	0	0	0.694	0.862	0.655	0.693	0.701	0.598	0.751	0.786	0.706	170	203	194	137	107	102	253	192	194
chx_dose		chr19:TCF3:s:1615685|19:1612430-1615685:-	TCF3	chr19:TCF3:s:1615685	s	1615685	19:1612430-1615685:-	19	1612430	1615685	-	136.1	0.137	0.007	0.143	0.006	0.048	-0.0042	ols_slope	0.9023915784485138	0.9536816351323516	0	0	0.201	0.109	0.12	0.0	0.008	0.016	0.196	0.079	0.129	179	258	233	116	119	62	102	63	93
chx_dose		chr1:NENF:s:212433120|1:212433120-212442564:+	NENF	chr1:NENF:s:212433120	s	212433120	1:212433120-212442564:+	1	212433120	212442564	+	104.8	0.824	0.852	0.829	0.005	-0.046	0.0205	ols_slope	0.6608482746731307	0.8648137915475542	0	0	0.708	0.847	0.862	0.853	0.784	1.0	0.722	1.0	0.818	113	177	239	116	97	43	54	38	66
chx_dose		chrX:BCAP31:t:153723288|X:153723288-153724333:-	BCAP31	chrX:BCAP31:t:153723288	t	153723288	X:153723288-153724333:-	X	153723288	153724333	-	104.1	0.638	0.684	0.642	0.004	-0.016	0.0141	ols_slope	0.811797478298178	0.9335902917886977	0	0	0.6	0.644	0.657	0.538	0.614	0.815	0.763	0.81	0.413	160	177	251	39	70	81	38	58	63
chx_dose		chr5:GRK6:s:177441053|5:177441053-177441734:+	GRK6	chr5:GRK6:s:177441053	s	177441053	5:177441053-177441734:+	5	177441053	177441734	+	102.3	0.355	0.288	0.359	0.004	-0.04	-0.0051	ols_slope	0.9083874151128141	0.9536816351323516	0	0	0.271	0.442	0.348	0.193	0.404	0.258	0.431	0.4	0.2	96	104	155	88	94	89	130	85	80
chx_dose		chr12:NAP1L1:t:76068994|12:76068994-76084566:-	NAP1L1	chr12:NAP1L1:t:76068994	t	76068994	12:76068994-76084566:-	12	76068994	76084566	-	112.6	0.013	0.045	0.017	0.004		-0.0013	ols_slope	0.9696557526224846	0.9807873889750603	0	0	0.035	0.0	0.011	0.24	0.0	0.008	0.0	0.0	0.038	141	217	190	50	120	120	34	62	79
chx_dose		chr6:PFDN6:t:33289769|6:33289620-33289769:+	PFDN6	chr6:PFDN6:t:33289769	t	33289769	6:33289620-33289769:+	6	33289620	33289769	+	146.6	0.656	0.651	0.661	0.004	0.011	-0.0001	ols_slope	0.999072295163784	0.999072295163784	0	0	0.658	0.649	0.665	0.414	0.722	0.841	0.635	0.661	0.676	196	322	236	111	133	88	63	62	108
chx_dose		chr16:SH2B1:t:28873169|16:28872758-28873169:+	SH2B1	chr16:SH2B1:t:28873169	t	28873169	16:28872758-28873169:+	16	28872758	28873169	+	130.1	0.242	0.204	0.245	0.003	0.019	-0.0081	ols_slope	0.836971069436195	0.9398192093245411	0	0	0.311	0.264	0.165	0.271	0.113	0.226	0.09	0.348	0.253	167	129	188	70	80	124	100	135	178
chx_dose		chr9:PRPF4:s:113275770|9:113275770-113276544:+	PRPF4	chr9:PRPF4:s:113275770	s	113275770	9:113275770-113276544:+	9	113275770	113276544	+	161.8	0.215	0.279	0.218	0.003	0.013	0.0013	ols_slope	0.9715346777583145	0.9807873889750603	0	0	0.238	0.161	0.306	0.399	0.219	0.204	0.33	0.222	0.162	130	310	147	163	146	142	94	126	198
chx_dose		chr1:CHTOP:s:153638448|1:153638448-153642245:+	CHTOP	chr1:CHTOP:s:153638448	s	153638448	1:153638448-153642245:+	1	153638448	153642245	+	210.6	0.435	0.519	0.438	0.002	-0.002	0.0089	ols_slope	0.813019340079722	0.9335902917886977	0	0	0.415	0.389	0.477	0.4	0.527	0.613	0.542	0.362	0.43	164	175	277	150	241	168	192	235	293
chx_dose		chr1:SRSF11:s:70250503|1:70250503-70250610:+	SRSF11	chr1:SRSF11:s:70250503	s	70250503	1:70250503-70250610:+	1	70250503	70250610	+	177.0	0.312	0.316	0.313	0.001	0.006	0.0132	ols_slope	0.7351895336720644	0.8966483868335535	0	0	0.359	0.335	0.226	0.327	0.412	0.237	0.254	0.483	0.262	145	206	133	165	204	270	209	116	145
chx_dose		chr19:PRMT1:s:49677316|19:49677316-49680486:+	PRMT1	chr19:PRMT1:s:49677316	s	49677316	19:49677316-49680486:+	19	49677316	49680486	+	128.1	0.871	0.769	0.873	0.001	-0.055	0.0051	ols_slope	0.897084908270074	0.9536816351323516	0	0	0.975	0.844	0.813	0.839	0.758	0.714	0.98	0.847	0.835	160	205	187	112	157	112	50	85	85
chx_dose		chr5:RPS14:t:150447735|5:150447735-150449702:-	RPS14	chr5:RPS14:t:150447735	t	150447735	5:150447735-150449702:-	5	150447735	150449702	-	883.9	0.386	0.421	0.387	0.001	-0.015	-0.0007	ols_slope	0.9848024031357849	0.9922913947946121	0	0	0.389	0.378	0.391	0.274	0.559	0.392	0.379	0.452	0.323	1275	1470	1792	576	741	584	430	564	523
chx_dose		chr19:SAFB:s:5657347|19:5657347-5661517:+	SAFB	chr19:SAFB:s:5657347	s	5657347	19:5657347-5661517:+	19	5657347	5661517	+	208.1	0.349	0.374	0.349	0.0	0.052	0.0041	ols_slope	0.9086966523430894	0.9536816351323516	0	0	0.278	0.358	0.376	0.231	0.343	0.497	0.315	0.302	0.42	187	321	378	91	207	159	216	126	188
chx_dose		chr19:SAFB:s:5657347|19:5657347-5661520:+	SAFB	chr19:SAFB:s:5657347	s	5657347	19:5657347-5661520:+	19	5657347	5661520	+	208.1	0.651	0.626	0.651	-0.0	-0.052	-0.0041	ols_slope	0.9086966523430897	0.9536816351323516	0	0	0.722	0.642	0.624	0.769	0.657	0.503	0.685	0.698	0.58	187	321	378	91	207	159	216	126	188
chx_dose		chr1:SRSF11:s:70250503|1:70250503-70250607:+	SRSF11	chr1:SRSF11:s:70250503	s	70250503	1:70250503-70250607:+	1	70250503	70250607	+	177.0	0.688	0.684	0.687	-0.001	-0.006	-0.0132	ols_slope	0.7351895336720647	0.8966483868335535	0	0	0.641	0.665	0.774	0.673	0.588	0.763	0.746	0.517	0.738	145	206	133	165	204	270	209	116	145
chx_dose		chrX:BCAP31:t:153723288|X:153723288-153723507:-	BCAP31	chrX:BCAP31:t:153723288	t	153723288	X:153723288-153723507:-	X	153723288	153723507	-	104.1	0.284	0.216	0.283	-0.001	0.024	-0.0078	ols_slope	0.8274897840118043	0.9335902917886977	0	0	0.331	0.288	0.251	0.308	0.271	0.123	0.237	0.19	0.397	160	177	251	39	70	81	38	58	63
chx_dose		chr19:PRMT1:s:49677316|19:49677316-49679871:+	PRMT1	chr19:PRMT1:s:49677316	s	49677316	19:49677316-49679871:+	19	49677316	49679871	+	128.1	0.129	0.231	0.127	-0.001	0.055	-0.0051	ols_slope	0.8970849082700741	0.9536816351323516	0	0	0.025	0.156	0.187	0.161	0.242	0.286	0.02	0.153	0.165	160	205	187	112	157	112	50	85	85
chx_dose		chr16:SH2B1:t:28873169|16:28872705-28873169:+	SH2B1	chr16:SH2B1:t:28873169	t	28873169	16:28872705-28873169:+	16	28872705	28873169	+	130.1	0.758	0.796	0.755	-0.003	-0.019	0.0081	ols_slope	0.8369710694361946	0.9398192093245411	0	0	0.689	0.736	0.835	0.729	0.887	0.774	0.91	0.652	0.747	167	129	188	70	80	124	100	135	178
chx_dose		chr9:PRPF4:s:113275770|9:113275770-113276547:+	PRPF4	chr9:PRPF4:s:113275770	s	113275770	9:113275770-113276547:+	9	113275770	113276547	+	161.8	0.785	0.721	0.782	-0.003	-0.013	-0.0013	ols_slope	0.9715346777583144	0.9807873889750603	0	0	0.762	0.839	0.694	0.601	0.781	0.796	0.67	0.778	0.838	130	310	147	163	146	142	94	126	198
chx_dose		chr1:MRPL24:t:156738764|1:156738764-156741052:-	MRPL24	chr1:MRPL24:t:156738764	t	156738764	1:156738764-156741052:-	1	156738764	156741052	-	137.0	0.265	0.347	0.261	-0.004	-0.02	-0.0053	ols_slope	0.9152360613069767	0.9567556459422044	0	0	0.294	0.272	0.234	0.244	0.455	0.351	0.357	0.059	0.352	194	184	222	164	154	154	56	51	54
chx_dose		chr12:NAP1L1:t:76068994|12:76068994-76074202:-	NAP1L1	chr12:NAP1L1:t:76068994	t	76068994	12:76068994-76074202:-	12	76068994	76074202	-	112.6	0.987	0.955	0.983	-0.004		0.0013	ols_slope	0.9696557526224842	0.9807873889750603	0	0	0.965	1.0	0.989	0.76	1.0	0.992	1.0	1.0	0.962	141	217	190	50	120	120	34	62	79
chx_dose		chr6:PFDN6:t:33289769|6:33289628-33289769:+	PFDN6	chr6:PFDN6:t:33289769	t	33289769	6:33289628-33289769:+	6	33289628	33289769	+	146.6	0.344	0.349	0.339	-0.004	-0.011	0.0001	ols_slope	0.9990722951637842	0.999072295163784	0	0	0.342	0.351	0.335	0.586	0.278	0.159	0.365	0.339	0.324	196	322	236	111	133	88	63	62	108
chx_dose		chr1:NENF:s:212433120|1:212433120-212444338:+	NENF	chr1:NENF:s:212433120	s	212433120	1:212433120-212444338:+	1	212433120	212444338	+	104.8	0.176	0.148	0.171	-0.005	0.046	-0.0205	ols_slope	0.660848274673131	0.8648137915475542	0	0	0.292	0.153	0.138	0.147	0.216	0.0	0.278	0.0	0.182	113	177	239	116	97	43	54	38	66
chx_dose		chr8:RPL7:t:73292797|8:73292797-73293598:-	RPL7	chr8:RPL7:t:73292797	t	73292797	8:73292797-73293598:-	8	73292797	73293598	-	115.2	0.728	0.754	0.723	-0.006	-0.021	-0.006	ols_slope	0.8635350954817684	0.9529124956280618	0	0	0.819	0.759	0.638	0.825	0.659	0.833	0.754	0.771	0.653	171	141	218	80	135	90	57	70	75
chx_dose		chr1:NASP:s:45606591|1:45606591-45613168:+	NASP	chr1:NASP:s:45606591	s	45606591	1:45606591-45613168:+	1	45606591	45613168	+	141.2	0.616	0.608	0.608	-0.007	-0.057	0.0059	ols_slope	0.8791966233247589	0.9529124956280618	1	0	0.654	0.537	0.676	0.702	0.585	0.537	0.516	0.771	0.617	133	147	105	168	130	177	161	83	167
chx_dose		chr16:CARMIL2:t:67657238|16:67656881-67657238:+	CARMIL2	chr16:CARMIL2:t:67657238	t	67657238	16:67656881-67657238:+	16	67656881	67657238	+	172.4	0.259	0.332	0.252	-0.007	-0.0	-0.0055	ols_slope	0.8738990579479495	0.9529124956280618	0	0	0.306	0.138	0.345	0.307	0.299	0.402	0.249	0.214	0.294	170	203	194	137	107	102	253	192	194
chx_dose		chr19:PRMT1:t:49680486|19:49677316-49680486:+	PRMT1	chr19:PRMT1:t:49680486	t	49680486	19:49677316-49680486:+	19	49677316	49680486	+	137.9	0.775	0.792	0.768	-0.007	0.023	-0.0021	ols_slope	0.9526431586208457	0.9709632193635542	0	0	0.876	0.82	0.655	0.847	0.815	0.708	0.831	0.692	0.816	178	211	232	111	146	113	59	104	87
chx_dose		chr16:METTL26:s:635280|16:634797-635280:-	METTL26	chr16:METTL26:s:635280	s	635280	16:634797-635280:-	16	634797	635280	-	148.4	0.378	0.231	0.37	-0.008	0.022	-0.0125	ols_slope	0.7448882465897606	0.8972517515740298	0	0	0.368	0.437	0.328	0.236	0.168	0.283	0.284	0.372	0.402	152	245	259	110	113	127	67	94	169
chx_dose		chr14:HNRNPC:s:21269297|14:21263336-21269297:-	HNRNPC	chr14:HNRNPC:s:21269297	s	21269297	14:21263336-21269297:-	14	21263336	21269297	-	201.4	0.743	0.854	0.735	-0.008	-0.039	0.0069	ols_slope	0.8786150500291028	0.9529124956280618	0	0	0.692	0.791	0.704	0.864	0.797	0.903	0.68	0.643	0.906	227	546	372	103	148	145	75	112	85
chx_dose		chr19:ILF3:s:10682704|19:10682704-10683136:+	ILF3	chr19:ILF3:s:10682704	s	10682704	19:10682704-10683136:+	19	10682704	10683136	+	276.7	0.608	0.544	0.6	-0.008	-0.018	-0.0042	ols_slope	0.9227440839890204	0.9604137614492808	0	0	0.634	0.585	0.614	0.542	0.496	0.593	0.768	0.425	0.614	232	412	495	214	272	280	151	167	267
chx_dose		chr16:METTL26:s:635280|16:634956-635280:-	METTL26	chr16:METTL26:s:635280	s	635280	16:634956-635280:-	16	634956	635280	-	148.4	0.581	0.714	0.573	-0.008	-0.053	-0.0029	ols_slope	0.9372903646240437	0.9631861374336015	0	0	0.625	0.502	0.629	0.755	0.699	0.693	0.567	0.628	0.544	152	245	259	110	113	127	67	94	169
chx_dose		chr12:YBX3:t:10704148|12:10704148-10709907:-	YBX3	chr12:YBX3:t:10704148	t	10704148	12:10704148-10709907:-	12	10704148	10709907	-	184.3	0.788	0.695	0.78	-0.008	0.044	0.0001	ols_slope	0.9980867768839609	0.999072295163784	0	0	0.813	0.773	0.789	0.584	0.758	0.715	0.881	0.776	0.719	166	291	332	113	157	123	118	174	185
chx_dose		chr5:GRK6:t:177441734|5:177441053-177441734:+	GRK6	chr5:GRK6:t:177441734	t	177441734	5:177441053-177441734:+	5	177441053	177441734	+	100.4	0.368	0.292	0.359	-0.009	-0.04	-0.0113	ols_slope	0.7927200324854022	0.9254220643552052	0	0	0.299	0.442	0.358	0.202	0.404	0.258	0.431	0.4	0.2	87	104	151	84	94	89	130	85	80
chx_dose		chr12:PSMD9:s:121888994|12:121888994-121894738:+	PSMD9	chr12:PSMD9:s:121888994	s	121888994	12:121888994-121894738:+	12	121888994	121894738	+	125.4	0.933	0.912	0.923	-0.01	-0.012	-0.024	ols_slope	0.6304063126531165	0.8458616346991183	0	0	0.879	0.928	0.966	0.943	0.811	1.0	0.978	0.656	0.994	99	237	205	87	95	80	92	64	170
chx_dose		chr1:AURKAIP1:t:1374790|1:1374790-1375153:-	AURKAIP1	chr1:AURKAIP1:t:1374790	t	1374790	1:1374790-1375153:-	1	1374790	1375153	-	100.8	0.757	0.782	0.747	-0.01	-0.035	-0.0167	ols_slope	0.6988613445968753	0.8879697714208347	0	0	0.882	0.788	0.651	0.952	0.716	0.696	0.746	0.705	0.771	136	170	209	62	88	56	59	44	83
chx_dose		chrX:DDX3X:s:41347012|X:41347012-41347314:+	DDX3X	chrX:DDX3X:s:41347012	s	41347012	X:41347012-41347314:+	X	41347012	41347314	+	177.2	0.363	0.368	0.352	-0.012	-0.005	-0.0083	ols_slope	0.8232711824484387	0.9335902917886977	0	0	0.382	0.35	0.363	0.557	0.252	0.365	0.333	0.392	0.319	275	363	361	97	155	74	96	102	72
chx_dose		chr19:VASP:s:45522581|19:45522581-45522720:+	VASP	chr19:VASP:s:45522581	s	45522581	19:45522581-45522720:+	19	45522581	45522720	+	125.2	0.182	0.167	0.17	-0.012	0.017	0.005	ols_slope	0.9023081881762298	0.9536816351323516	0	0	0.283	0.135	0.176	0.233	0.073	0.263	0.186	0.345	0.095	127	251	210	60	123	80	70	58	148
chx_dose		chr20:SNHG17:t:38422241|20:38422241-38426418:-	SNHG17	chr20:SNHG17:t:38422241	t	38422241	20:38422241-38426418:-	20	38422241	38426418	-	102.0	0.371	0.457	0.358	-0.013	-0.045	0.015	ols_slope	0.7900337425046153	0.9254220643552052	0	0	0.28	0.267	0.449	0.5	0.255	0.597	0.408	0.429	0.249	25	15	49	58	55	62	184	233	237
chx_dose		chr6:HMGA1:t:34242711|6:34240915-34242711:+	HMGA1	chr6:HMGA1:t:34242711	t	34242711	6:34240915-34242711:+	6	34240915	34242711	+	168.6	0.752	0.671	0.739	-0.013	-0.012	-0.0119	ols_slope	0.861417480777081	0.9529124956280618	0	0	0.701	0.747	0.792	0.385	0.754	0.886	0.781	0.571	0.816	211	292	303	135	122	132	73	91	158
chx_dose		chr17:CNTROB:s:7948619|17:7948619-7949084:+	CNTROB	chr17:CNTROB:s:7948619	s	7948619	17:7948619-7949084:+	17	7948619	7949084	+	104.7	0.711	0.671	0.698	-0.013	-0.041	-0.0037	ols_slope	0.9480864362457737	0.9681807537769946	0	0	0.803	0.644	0.705	0.635	0.764	0.568	0.748	0.488	0.894	71	90	88	52	110	81	143	166	141
chx_dose		chr19:PRKCSH:t:11447692|19:11447618-11447692:+	PRKCSH	chr19:PRKCSH:t:11447692	t	11447692	19:11447618-11447692:+	19	11447618	11447692	+	119.4	0.4	0.39	0.386	-0.014	0.04	-0.0158	ols_slope	0.7223204144427428	0.8966483868335535	1	0	0.333	0.504	0.365	0.452	0.29	0.5	0.241	0.362	0.504	84	123	200	104	131	60	87	149	137
chx_dose		chr2:UBE2E3:t:180982017|2:180980973-180982017:+	UBE2E3	chr2:UBE2E3:t:180982017	t	180982017	2:180980973-180982017:+	2	180980973	180982017	+	113.4	0.841	0.926	0.827	-0.014	-0.006	-0.0044	ols_slope	0.9061974770335178	0.9536816351323516	0	0	0.931	0.828	0.752	0.879	0.968	0.926	0.77	0.778	0.937	189	268	153	58	62	95	61	72	63
chx_dose		chr19:RAD23A:s:12949159|19:12949159-12949277:+	RAD23A	chr19:RAD23A:s:12949159	s	12949159	19:12949159-12949277:+	19	12949159	12949277	+	159.3	0.399	0.49	0.384	-0.015	-0.003	-0.0298	ols_slope	0.49067400097421576	0.7387989219214045	0	0	0.608	0.314	0.405	0.442	0.46	0.561	0.347	0.447	0.354	79	210	237	138	150	157	95	159	209
chx_dose		chr16:PPP4C:s:30076475|16:30076475-30081258:+	PPP4C	chr16:PPP4C:s:30076475	s	30076475	16:30076475-30081258:+	16	30076475	30081258	+	126.6	0.915	0.971	0.9	-0.015	0.003	-0.0147	ols_slope	0.6857576818486674	0.8776477144204359	0	0	0.819	0.991	0.894	0.965	1.0	0.946	0.757	0.915	0.945	127	228	265	114	103	92	37	82	91
chx_dose		chr16:RNPS1:t:2264760|16:2264760-2268054:-	RNPS1	chr16:RNPS1:t:2264760	t	2264760	16:2264760-2268054:-	16	2264760	2268054	-	108.0	0.742	0.764	0.726	-0.016	-0.054	-0.0209	ols_slope	0.7426955506036416	0.8966483868335535	0	0	0.756	0.687	0.798	0.797	0.548	0.897	0.529	0.932	0.653	160	201	163	79	84	117	34	59	75
chx_dose		chr16:RPS15A:t:18789118|16:18789118-18789896:-	RPS15A	chr16:RPS15A:t:18789118	t	18789118	16:18789118-18789896:-	16	18789118	18789896	-	123.2	0.285	0.142	0.268	-0.016	0.059	-0.0016	ols_slope	0.9708099132745909	0.9807873889750603	0	0	0.18	0.26	0.372	0.211	0.1	0.113	0.244	0.373	0.185	133	269	234	90	110	53	45	83	92
chx_dose		chr19:SMARCA4:s:11041560|19:11041560-11058254:+	SMARCA4	chr19:SMARCA4:s:11041560	s	11041560	19:11041560-11058254:+	19	11041560	11058254	+	302.1	0.678	0.715	0.661	-0.017	0.023	-0.0175	ols_slope	0.6855813760232239	0.8776477144204359	0	0	0.575	0.735	0.728	0.695	0.695	0.761	0.477	0.678	0.778	379	347	390	282	292	255	214	258	302
chx_dose		chr2:BOLA3:t:74135658|2:74135658-74142271:-	BOLA3	chr2:BOLA3:t:74135658	t	74135658	2:74135658-74142271:-	2	74135658	74142271	-	109.6	0.298	0.331	0.28	-0.017	-0.026	0.0035	ols_slope	0.9360992823849597	0.9631861374336015	0	0	0.158	0.353	0.329	0.444	0.359	0.181	0.254	0.231	0.377	139	255	167	72	92	72	71	65	53
chx_dose		chr14:HNRNPC:s:21269297|14:21234229-21269297:-	HNRNPC	chr14:HNRNPC:s:21269297	s	21269297	14:21234229-21269297:-	14	21234229	21269297	-	201.4	0.214	0.104	0.195	-0.019	-0.016	-0.0208	ols_slope	0.5407580808942175	0.7873675353679541	0	0	0.282	0.165	0.245	0.136	0.088	0.097	0.213	0.259	0.094	227	546	372	103	148	145	75	112	85
chx_dose		chr16:ALDOA:t:30067233|16:30065927-30067233:+	ALDOA	chr16:ALDOA:t:30067233	t	30067233	16:30065927-30067233:+	16	30065927	30067233	+	232.7	0.732	0.57	0.711	-0.021	-0.014	-0.0138	ols_slope	0.7414517894800038	0.8966483868335535	0	0	0.724	0.703	0.775	0.636	0.562	0.5	0.699	0.649	0.772	301	600	453	132	130	108	123	111	136
chx_dose		chr19:PTOV1:s:49857782|19:49857782-49857908:+	PTOV1	chr19:PTOV1:s:49857782	s	49857782	19:49857782-49857908:+	19	49857782	49857908	+	127.6	0.092	0.128	0.07	-0.022	-0.024	-0.012	ols_slope	0.7220058715112379	0.8966483868335535	0	0	0.085	0.029	0.154	0.0	0.146	0.211	0.139	0.0	0.056	130	210	228	63	96	76	108	75	162
chx_dose		chr10:TIMM23:s:45972730|10:45972730-45975453:+	TIMM23	chr10:TIMM23:s:45972730	s	45972730	10:45972730-45975453:+	10	45972730	45975453	+	120.7	0.984	1.0	0.96	-0.023		-0.0331	ols_slope	0.34121343630992473	0.6028104041475337	0	0	1.0	0.983	0.973	1.0	1.0	1.0	0.758	1.0	1.0	158	232	225	72	112	85	33	79	90
chx_dose		chr11:PTPMT1:s:47565986|11:47565986-47571470:+	PTPMT1	chr11:PTPMT1:s:47565986	s	47565986	11:47565986-47571470:+	11	47565986	47571470	+	128.8	0.763	0.825	0.74	-0.023	-0.037	-0.0265	ols_slope	0.5774442548793842	0.8117916580532457	0	0	0.776	0.802	0.724	0.682	0.888	0.86	0.852	0.545	0.746	161	167	228	88	143	107	88	55	122
chx_dose		chr3:CNBP:t:129171538|3:129171538-129171633:-	CNBP	chr3:CNBP:t:129171538	t	129171538	3:129171538-129171633:-	3	129171538	129171633	-	110.4	0.312	0.243	0.289	-0.023	-0.044	-0.0195	ols_slope	0.5939772172971888	0.8206375856642606	0	0	0.322	0.317	0.294	0.167	0.236	0.35	0.356	0.13	0.33	143	167	136	96	178	80	45	46	103
chx_dose		chr20:NOP56:t:2656773|20:2656549-2656773:+	NOP56	chr20:NOP56:t:2656773	t	2656773	20:2656549-2656773:+	20	2656549	2656773	+	142.2	0.787	0.933	0.764	-0.023	0.046	-0.0115	ols_slope	0.7893051335222175	0.9254220643552052	0	0	0.844	0.825	0.707	0.942	0.968	0.903	0.779	0.694	0.834	167	137	188	120	95	145	113	170	145
chx_dose		chr4:MRPS18C:t:83459739|4:83458429-83459739:+	MRPS18C	chr4:MRPS18C:t:83459739	t	83459739	4:83458429-83459739:+	4	83458429	83459739	+	113.0	0.463	0.571	0.438	-0.024	-0.079	-0.0052	ols_slope	0.9071027993138285	0.9536816351323516	0	0	0.55	0.464	0.362	0.66	0.51	0.597	0.533	0.423	0.388	131	220	116	100	206	139	30	26	49
chx_dose		chr12:RPL6:t:112408656|12:112408656-112409410:-	RPL6	chr12:RPL6:t:112408656	t	112408656	12:112408656-112409410:-	12	112408656	112409410	-	544.3	0.656	0.557	0.631	-0.025	-0.011	-0.0077	ols_slope	0.8279008247937508	0.9335902917886977	0	0	0.653	0.685	0.629	0.652	0.509	0.543	0.627	0.755	0.538	789	1026	989	322	507	440	252	249	325
chx_dose		chr16:RNPS1:t:2264760|16:2264760-2267574:-	RNPS1	chr16:RNPS1:t:2264760	t	2264760	16:2264760-2267574:-	16	2264760	2267574	-	108.0	0.086	0.146	0.06	-0.026	-0.03	-0.0198	ols_slope	0.6657282626163992	0.8690541359278117	0	0	0.138	0.114	0.0	0.076	0.321	0.068	0.0	0.0	0.133	160	201	163	79	84	117	34	59	75
chx_dose		chr11:ANAPC15:t:72111286|11:72111286-72112649:-	ANAPC15	chr11:ANAPC15:t:72111286	t	72111286	11:72111286-72112649:-	11	72111286	72112649	-	105.7	0.17	0.227	0.144	-0.027	0.02	-0.0204	ols_slope	0.5751494176675461	0.8117916580532457	0	0	0.236	0.172	0.097	0.32	0.184	0.149	0.061	0.098	0.225	165	204	154	97	49	87	33	82	80
chx_dose		chr19:TCF3:s:1615685|19:1612433-1615685:-	TCF3	chr19:TCF3:s:1615685	s	1615685	19:1612433-1615685:-	19	1612433	1615685	-	136.1	0.442	0.33	0.415	-0.027	-0.02	-0.0039	ols_slope	0.9460445372842391	0.9681807537769946	0	0	0.279	0.55	0.446	0.224	0.42	0.355	0.265	0.397	0.591	179	258	233	116	119	62	102	63	93
chx_dose		chr20:ADRM1:t:62303567|20:62303049-62303567:+	ADRM1	chr20:ADRM1:t:62303567	t	62303567	20:62303049-62303567:+	20	62303049	62303567	+	110.1	0.908	0.882	0.879	-0.028	0.018	-0.0276	ols_slope	0.47406852362928925	0.7368220455235288	1	0	0.924	0.891	0.913	0.897	0.93	0.756	0.833	1.0	0.729	118	202	253	58	100	45	60	96	59
chx_dose		chr22:CRELD2:t:49919729|22:49919300-49919729:+	CRELD2	chr22:CRELD2:t:49919729	t	49919729	22:49919300-49919729:+	22	49919300	49919729	+	107.1	0.081	0.077	0.052	-0.029		-0.0186	ols_slope	0.6368619862801673	0.8459570243821771	1	0	0.125	0.054	0.082	0.293	0.017	0.027	0.094	0.0	0.055	112	184	171	58	117	112	53	48	109
chx_dose		chr2:MZT2B:s:130182452|2:130182452-130190468:+	MZT2B	chr2:MZT2B:s:130182452	s	130182452	2:130182452-130190468:+	2	130182452	130190468	+	116.8	0.058	0.11	0.028	-0.029	-0.048	-0.0122	ols_slope	0.7377175121214787	0.8966483868335535	0	0	0.124	0.014	0.051	0.0	0.241	0.082	0.115	0.0	0.0	170	220	197	78	79	61	61	113	72
chx_dose		chr15:TPM1:t:63056984|15:63048707-63056984:+	TPM1	chr15:TPM1:t:63056984	t	63056984	15:63048707-63056984:+	15	63048707	63056984	+	214.9	0.597	0.739	0.568	-0.029	-0.029	-0.0153	ols_slope	0.7698378148156672	0.9168854873085474	0	0	0.557	0.607	0.616	0.799	0.663	0.754	0.62	0.672	0.396	262	397	315	179	175	171	108	183	144
chx_dose		chr14:ACIN1:s:23064354|14:23064257-23064354:-	ACIN1	chr14:ACIN1:s:23064354	s	23064354	14:23064257-23064354:-	14	23064257	23064354	-	175.9	0.808	0.862	0.779	-0.029	-0.011	-0.0036	ols_slope	0.9246703430029992	0.9604137614492808	0	0	0.741	0.88	0.787	0.863	0.874	0.841	0.873	0.882	0.631	158	216	240	146	174	107	173	152	217
chx_dose		chr16:TNRC6A:t:24750725|16:24730300-24750725:+	TNRC6A	chr16:TNRC6A:t:24750725	t	24750725	16:24730300-24750725:+	16	24730300	24750725	+	114.3	0.776	0.894	0.746	-0.03	-0.003	-0.0112	ols_slope	0.8256163427586242	0.9335902917886977	0	0	0.663	0.824	0.835	0.843	0.957	0.867	0.767	0.599	0.889	92	85	109	102	140	135	103	137	126
chx_dose		chr19:ERCC1:t:45413745|19:45413745-45414860:-	ERCC1	chr19:ERCC1:t:45413745	t	45413745	19:45413745-45414860:-	19	45413745	45414860	-	114.4	0.295	0.246	0.266	-0.03	-0.048	0.008	ols_slope	0.8981262388315102	0.9536816351323516	0	0	0.264	0.158	0.434	0.309	0.259	0.165	0.262	0.539	0.103	87	158	175	68	158	79	103	76	126
chx_dose		chr11:INCENP:s:62141044|11:62141044-62141499:+	INCENP	chr11:INCENP:s:62141044	s	62141044	11:62141044-62141499:+	11	62141044	62141499	+	140.1	0.204	0.122	0.173	-0.031	-0.017	-0.0086	ols_slope	0.8256828590591085	0.9335902917886977	0	0	0.217	0.154	0.257	0.202	0.099	0.076	0.286	0.044	0.246	157	266	210	84	111	92	63	136	142
chx_dose		chr11:INCENP:t:62144981|11:62141511-62144981:+	INCENP	chr11:INCENP:t:62144981	t	62144981	11:62141511-62144981:+	11	62141511	62144981	+	138.9	0.188	0.146	0.156	-0.033	-0.027	-0.0152	ols_slope	0.6888706588658513	0.8776477144204359	0	0	0.217	0.121	0.25	0.221	0.074	0.158	0.224	0.015	0.257	157	256	208	86	108	101	58	132	144
chx_dose		chr7:ATP5MF:s:99460085|7:99459263-99460085:-	ATP5MF	chr7:ATP5MF:s:99460085	s	99460085	7:99459263-99460085:-	7	99459263	99460085	-	186.4	0.74	0.806	0.707	-0.033	0.011	-0.0116	ols_slope	0.7335784092017397	0.8966483868335535	0	0	0.712	0.729	0.774	0.889	0.755	0.824	0.817	0.655	0.673	219	251	266	108	237	187	115	148	147
chx_dose		chr1:NASP:t:45613168|1:45606591-45613168:+	NASP	chr1:NASP:t:45613168	t	45613168	1:45606591-45613168:+	1	45606591	45613168	+	135.4	0.635	0.672	0.601	-0.034	-0.041	-0.0219	ols_slope	0.6778357186525489	0.8776477144204359	0	0	0.757	0.712	0.483	0.819	0.576	0.617	0.728	0.5	0.592	115	111	147	144	132	154	114	128	174
chx_dose		chr10:ANAPC16:s:72216138|10:72216138-72223887:+	ANAPC16	chr10:ANAPC16:s:72216138	s	72216138	10:72216138-72223887:+	10	72216138	72223887	+	107.8	0.229	0.14	0.194	-0.035	-0.121	-0.0317	ols_slope	0.4699476403653041	0.7368220455235288	0	0	0.251	0.156	0.273	0.077	0.171	0.15	0.018	0.135	0.337	175	173	198	65	123	40	55	52	89
chx_dose		chr9:ANKRD18B:s:33541227|9:33541227-33543181:+	ANKRD18B	chr9:ANKRD18B:s:33541227	s	33541227	9:33541227-33543181:+	9	33541227	33543181	+	106.7	0.223	0.216	0.188	-0.035	-0.032	-0.0196	ols_slope	0.6089191229500026	0.8296327382095156	1	0	0.385	0.134	0.19	0.255	0.188	0.216	0.271	0.085	0.234	65	97	58	94	133	97	140	165	111
chx_dose		chr18:TXNL4A:s:79988239|18:79977701-79988239:-	TXNL4A	chr18:TXNL4A:s:79988239	s	79988239	18:79977701-79988239:-	18	79977701	79988239	-	154.8	0.437	0.524	0.403	-0.035	-0.049	-0.016	ols_slope	0.7413454320673953	0.8966483868335535	0	0	0.36	0.411	0.527	0.492	0.534	0.569	0.389	0.254	0.559	275	270	315	126	116	65	95	63	68
chx_dose		chr3:FAIM:t:138621406|3:138608937-138621406:+	FAIM	chr3:FAIM:t:138621406	t	138621406	3:138608937-138621406:+	3	138608937	138621406	+	142.1	0.962	0.812	0.926	-0.036	-0.057	-0.0217	ols_slope	0.5538478503423546	0.7933496234633732	0	0	0.898	1.0	0.965	0.828	0.841	0.75	0.843	0.912	0.978	206	322	284	99	113	80	51	34	90
chx_dose		chr7:NUDT1:t:2244562|7:2242256-2244562:+	NUDT1	chr7:NUDT1:t:2244562	t	2244562	7:2242256-2244562:+	7	2242256	2244562	+	130.1	0.731	0.673	0.695	-0.036	-0.091	-0.0212	ols_slope	0.5850748470872725	0.8203430395668108	0	0	0.777	0.735	0.702	0.628	0.717	0.653	0.532	0.83	0.724	157	223	275	78	127	98	62	53	98
chx_dose		chr19:PIH1D1:s:49447023|19:49446794-49447023:-	PIH1D1	chr19:PIH1D1:s:49447023	s	49447023	19:49446794-49447023:-	19	49446794	49447023	-	134.7	0.05	0.087	0.012	-0.037		-0.0176	ols_slope	0.64581123992358	0.8525220069569833	0	0	0.056	0.0	0.081	0.0	0.007	0.264	0.0	0.016	0.016	143	157	221	48	149	91	87	125	191
chx_dose		chr6:MRPL18:t:159798051|6:159797518-159798051:+	MRPL18	chr6:MRPL18:t:159798051	t	159798051	6:159797518-159798051:+	6	159797518	159798051	+	103.4	0.945	0.893	0.906	-0.039	-0.041	-0.0474	ols_slope	0.2964817617344403	0.5682386779439029	0	0	0.929	1.0	0.92	0.812	0.914	0.946	0.656	0.931	0.977	112	109	162	101	163	92	32	72	88
chx_dose		chrX:NAA10:t:153932584|X:153932584-153933942:-	NAA10	chrX:NAA10:t:153932584	t	153932584	X:153932584-153933942:-	X	153932584	153933942	-	179.2	0.611	0.676	0.571	-0.039	-0.08	-0.0218	ols_slope	0.7553579870244915	0.9037014291715137	0	0	0.585	0.595	0.659	0.697	1.0	0.442	0.542	0.569	0.596	195	301	208	165	139	206	120	123	156
chx_dose		chr16:VKORC1:s:31094556|16:31093421-31094556:-	VKORC1	chr16:VKORC1:s:31094556	s	31094556	16:31093421-31094556:-	16	31093421	31094556	-	111.9	0.623	0.427	0.585	-0.039	0.025	-0.0162	ols_slope	0.8096318963856718	0.9335902917886977	0	0	0.599	0.765	0.488	0.441	0.295	0.615	0.75	0.512	0.492	162	183	162	93	122	78	68	80	59
chx_dose		chr17:NT5C:s:75131044|17:75130867-75131044:-	NT5C	chr17:NT5C:s:75131044	s	75131044	17:75130867-75131044:-	17	75130867	75131044	-	151.7	0.916	0.837	0.877	-0.039	-0.06	-0.0027	ols_slope	0.9377434847466761	0.9631861374336015	0	0	0.963	0.828	0.927	0.894	0.745	0.89	0.839	1.0	0.864	163	122	262	141	145	100	124	66	242
chx_dose		chr22:DDX17:t:38486440|22:38486440-38487872:-	DDX17	chr22:DDX17:t:38486440	t	38486440	22:38486440-38487872:-	22	38486440	38487872	-	112.6	0.384	0.272	0.341	-0.043	-0.091	-0.0353	ols_slope	0.28788405323924005	0.5682386779439029	0	0	0.481	0.339	0.368	0.263	0.252	0.308	0.286	0.414	0.276	79	127	114	114	107	91	84	174	123
chx_dose		chr3:AP2M1:s:184180251|3:184180251-184180644:+	AP2M1	chr3:AP2M1:s:184180251	s	184180251	3:184180251-184180644:+	3	184180251	184180644	+	140.1	0.634	0.698	0.591	-0.043	-0.024	-0.0298	ols_slope	0.5232105366012525	0.7702821788851777	0	0	0.622	0.604	0.659	0.618	0.693	0.8	0.625	0.677	0.404	196	222	349	89	137	75	48	93	52
chx_dose		chr1:EFHD2:t:15428592|1:15426018-15428592:+	EFHD2	chr1:EFHD2:t:15428592	t	15428592	1:15426018-15428592:+	1	15426018	15428592	+	262.0	0.096	0.056	0.053	-0.043	-0.007	0.0126	ols_slope	0.7387276207130254	0.8966483868335535	1	0	0.039	0.114	0.118	0.028	0.114	0.008	0.048	0.278	0.021	384	428	645	178	193	133	124	36	237
chx_dose		chr1:GUK1:s:228147699|1:228147699-228148664:+	GUK1	chr1:GUK1:s:228147699	s	228147699	1:228147699-228148664:+	1	228147699	228148664	+	109.7	0.146	0.119	0.102	-0.044	-0.032	-0.0349	ols_slope	0.3205193866628197	0.5843022277787079	1	0	0.175	0.222	0.075	0.081	0.214	0.036	0.19	0.036	0.035	120	167	228	86	84	56	105	55	86
chx_dose		chr12:ENSG00000257379:s:53461143|12:53461143-53462492:+	ENSG00000257379	chr12:ENSG00000257379:s:53461143	s	53461143	12:53461143-53462492:+	12	53461143	53462492	+	247.6	0.516	0.434	0.472	-0.044	-0.032	-0.0154	ols_slope	0.7030132206590977	0.8879697714208347	0	0	0.555	0.508	0.506	0.436	0.538	0.299	0.559	0.538	0.38	254	508	522	165	223	177	68	145	166
chx_dose		chr12:RNF10:s:120563070|12:120563070-120563331:+	RNF10	chr12:RNF10:s:120563070	s	120563070	12:120563070-120563331:+	12	120563070	120563331	+	103.6	0.161	0.113	0.116	-0.046	-0.04	-0.0234	ols_slope	0.4821796004346811	0.7387882090885171	0	0	0.18	0.156	0.151	0.203	0.167	0.027	0.0	0.128	0.218	167	173	205	69	60	111	53	39	55
chx_dose		chr14:HNRNPC:t:21234229|14:21234229-21263310:-	HNRNPC	chr14:HNRNPC:t:21234229	t	21234229	14:21234229-21263310:-	14	21234229	21263310	-	177.8	0.743	0.853	0.697	-0.046	0.025	-0.008	ols_slope	0.8405589579580205	0.9398655015142423	0	0	0.7	0.809	0.674	0.831	0.888	0.828	0.708	0.624	0.802	213	470	307	83	134	122	65	125	81
chx_dose		chr19:LIG1:s:48153871|19:48151336-48153871:-	LIG1	chr19:LIG1:s:48153871	s	48153871	19:48151336-48153871:-	19	48151336	48153871	-	102.0	0.3	0.31	0.254	-0.046	0.021	-0.0081	ols_slope	0.8680502373606526	0.9529124956280618	0	0	0.153	0.379	0.323	0.208	0.268	0.432	0.328	0.113	0.366	72	116	62	96	112	118	116	133	93
chx_dose		chr10:NOLC1:t:102159432|10:102159308-102159432:+	NOLC1	chr10:NOLC1:t:102159432	t	102159432	10:102159308-102159432:+	10	102159308	102159432	+	126.2	0.755	0.807	0.708	-0.047	-0.049	-0.0362	ols_slope	0.40771632963903853	0.6806808030058878	0	0	0.888	0.617	0.826	0.868	0.813	0.761	0.795	0.63	0.689	98	154	115	106	155	159	122	108	119
chx_dose		chr7:GGCT:s:30504568|7:30500681-30504568:-	GGCT	chr7:GGCT:s:30504568	s	30504568	7:30500681-30504568:-	7	30500681	30504568	-	169.7	0.576	0.605	0.529	-0.047	-0.009	-0.023	ols_slope	0.5588491708467579	0.7962098401848969	0	0	0.55	0.561	0.601	0.569	0.601	0.637	0.468	0.702	0.404	222	212	361	130	148	157	94	104	99
chx_dose		chr11:ANAPC15:s:72111411|11:72111281-72111411:-	ANAPC15	chr11:ANAPC15:s:72111411	s	72111411	11:72111281-72111411:-	11	72111281	72111411	-	103.9	0.37	0.23	0.324	-0.047	-0.063	-0.018	ols_slope	0.6191619344828103	0.8387543598534766	0	0	0.329	0.352	0.437	0.262	0.2	0.225	0.408	0.264	0.338	170	193	158	65	50	89	49	87	74
chx_dose		chr1:NDUFS5:t:39028722|1:39026402-39028722:+	NDUFS5	chr1:NDUFS5:t:39028722	t	39028722	1:39026402-39028722:+	1	39026402	39028722	+	466.0	0.531	0.538	0.484	-0.047	-0.021	-0.019	ols_slope	0.6219442706083322	0.8387543598534766	0	0	0.521	0.51	0.562	0.618	0.41	0.621	0.478	0.608	0.393	691	772	740	364	451	338	255	255	328
chx_dose		chr16:TNRC6A:s:24729846|16:24729846-24730252:+	TNRC6A	chr16:TNRC6A:s:24729846	s	24729846	16:24729846-24730252:+	16	24729846	24730252	+	118.0	0.753	0.848	0.706	-0.047	-0.029	-0.0208	ols_slope	0.6747251008077214	0.8776477144204359	0	0	0.652	0.844	0.758	0.768	0.924	0.824	0.723	0.561	0.846	92	96	120	99	145	125	130	132	123
chx_dose		chr17:CHD3:s:7907488|17:7907488-7907893:+	CHD3	chr17:CHD3:s:7907488	s	7907488	17:7907488-7907893:+	17	7907488	7907893	+	123.0	0.274	0.213	0.226	-0.047	-0.077	-0.0132	ols_slope	0.7921100229433786	0.9254220643552052	0	0	0.38	0.188	0.29	0.28	0.113	0.304	0.432	0.241	0.105	100	170	238	82	150	102	74	58	133
chx_dose		chr8:PUF60:s:143829279|8:143824399-143829279:-	PUF60	chr8:PUF60:s:143829279	s	143829279	8:143824399-143829279:-	8	143824399	143829279	-	176.1	0.654	0.688	0.606	-0.048	0.005	-0.0289	ols_slope	0.42851543333264025	0.69853381430524	0	0	0.806	0.638	0.574	0.739	0.701	0.622	0.691	0.551	0.601	170	326	258	153	147	143	94	136	158
chx_dose		chr19:RANBP3:t:5928087|19:5928087-5931403:-	RANBP3	chr19:RANBP3:t:5928087	t	5928087	19:5928087-5931403:-	19	5928087	5931403	-	132.7	0.507	0.609	0.459	-0.048	-0.057	-0.0261	ols_slope	0.6077110558885139	0.8296327382095156	0	0	0.538	0.607	0.398	0.457	0.602	0.76	0.504	0.453	0.429	93	196	206	94	128	100	113	117	147
chx_dose		chr4:GAR1:t:109817935|4:109816378-109817935:+	GAR1	chr4:GAR1:t:109817935	t	109817935	4:109816378-109817935:+	4	109816378	109817935	+	121.3	0.942	0.95	0.893	-0.049	0.017	-0.0384	ols_slope	0.3019090981284122	0.5682386779439029	0	0	0.969	1.0	0.873	1.0	0.963	0.882	0.729	0.926	0.957	97	176	189	59	187	76	70	122	116
chx_dose		chr16:CARMIL2:s:67656645|16:67656645-67656833:+	CARMIL2	chr16:CARMIL2:s:67656645	s	67656645	16:67656645-67656833:+	16	67656645	67656833	+	158.3	0.074	0.091	0.024	-0.05	-0.029	-0.0277	ols_slope	0.44886302722641214	0.7165584470783085	0	0	0.154	0.0	0.083	0.05	0.0	0.242	0.021	0.05	0.0	156	193	180	121	95	91	235	180	174
chx_dose		chr1:PHGDH:s:119712160|1:119712160-119721169:+	PHGDH	chr1:PHGDH:s:119712160	s	119712160	1:119712160-119721169:+	1	119712160	119721169	+	160.4	0.957	0.977	0.907	-0.05	-0.033	-0.0252	ols_slope	0.4980527257951598	0.745770406256215	0	0	0.953	0.976	0.937	0.972	1.0	0.965	0.73	0.985	1.0	258	339	268	106	104	142	74	68	85
chx_dose		chr6:SYNCRIP:s:85614980|6:85612923-85614980:-	SYNCRIP	chr6:SYNCRIP:s:85614980	s	85614980	6:85612923-85614980:-	6	85612923	85614980	-	307.9	0.868	0.787	0.818	-0.05	-0.027	-0.0182	ols_slope	0.5961235292089435	0.8206375856642606	0	0	0.829	0.839	0.93	0.747	0.805	0.797	0.908	0.889	0.692	350	461	431	182	257	231	239	289	331
chx_dose		chr5:TCOF1:s:150369602|5:150369602-150372005:+	TCOF1	chr5:TCOF1:s:150369602	s	150369602	5:150369602-150372005:+	5	150369602	150372005	+	102.7	0.787	0.921	0.737	-0.05	-0.104	-0.0133	ols_slope	0.8253377948612914	0.9335902917886977	0	0	0.882	0.722	0.777	0.902	0.89	1.0	0.986	0.703	0.613	110	144	112	102	109	66	69	101	111
chx_dose		chr5:TAF9:t:69366595|5:69366595-69369656:-	TAF9	chr5:TAF9:t:69366595	t	69366595	5:69366595-69369656:-	5	69366595	69369656	-	117.0	0.223	0.07	0.171	-0.051	-0.008	-0.0302	ols_slope	0.591628751052093	0.8206375856642606	0	0	0.196	0.232	0.229	0.23	0.008	0.0	0.127	0.349	0.0	97	164	179	87	120	91	71	129	115
chx_dose		chrX:MECP2:s:154097603|X:154092307-154097603:-	MECP2	chrX:MECP2:s:154097603	s	154097603	X:154092307-154097603:-	X	154092307	154097603	-	113.9	0.484	0.382	0.432	-0.051	-0.036	-0.0214	ols_slope	0.7145797529483767	0.8966483868335535	0	0	0.454	0.627	0.366	0.215	0.404	0.526	0.583	0.322	0.413	130	161	164	79	89	78	84	90	150
chx_dose		chr14:HNRNPC:t:21234229|14:21234229-21269297:-	HNRNPC	chr14:HNRNPC:t:21234229	t	21234229	14:21234229-21269297:-	14	21234229	21269297	-	177.8	0.247	0.121	0.196	-0.052	-0.025	-0.0352	ols_slope	0.3119745359645475	0.5741198057680909	0	0	0.3	0.191	0.296	0.169	0.097	0.115	0.246	0.232	0.099	213	470	307	83	134	122	65	125	81
chx_dose		chr19:DMKN:s:35505717|19:35503447-35505717:-	DMKN	chr19:DMKN:s:35505717	s	35505717	19:35503447-35505717:-	19	35503447	35505717	-	186.8	0.663	0.677	0.611	-0.052	-0.016	-0.0267	ols_slope	0.4590693142866693	0.7252627770271384	0	0	0.642	0.77	0.593	0.821	0.606	0.636	0.635	0.606	0.604	226	244	305	145	218	129	85	127	202
chx_dose		chr8:PUF60:t:143821913|8:143821913-143824312:-	PUF60	chr8:PUF60:t:143821913	t	143821913	8:143821913-143824312:-	8	143821913	143824312	-	170.0	0.762	0.747	0.709	-0.053	0.038	-0.0207	ols_slope	0.5934383318017484	0.8206375856642606	1	0	0.886	0.778	0.674	0.844	0.68	0.702	0.85	0.677	0.687	140	338	258	154	128	141	60	164	147
chx_dose		chr5:CSNK1A1:t:149496860|5:149496860-149505446:-	CSNK1A1	chr5:CSNK1A1:t:149496860	t	149496860	5:149496860-149505446:-	5	149496860	149505446	-	145.7	0.585	0.622	0.532	-0.053	0.026	-0.0096	ols_slope	0.8596865212483423	0.9529124956280618	0	0	0.605	0.61	0.517	0.531	0.604	0.727	0.392	0.788	0.494	157	205	120	177	159	183	74	66	170
chx_dose		chr5:SDHA:t:236427|5:235339-236427:+	SDHA	chr5:SDHA:t:236427	t	236427	5:235339-236427:+	5	235339	236427	+	142.6	1.0	1.0	0.946	-0.054		-0.0423	ols_slope	0.2443409520077099	0.5242943504618877	1	0	1.0	1.0	1.0	1.0	1.0	1.0	0.746	1.0	1.0	121	210	166	179	156	153	63	129	106
chx_dose		chr15:PKM:t:72219110|15:72219110-72231115:-	PKM	chr15:PKM:t:72219110	t	72219110	15:72219110-72231115:-	15	72219110	72231115	-	109.6	0.973	0.969	0.918	-0.055		-0.0272	ols_slope	0.4148152217207963	0.6806808030058878	1	0	0.981	0.981	0.962	1.0	0.95	0.979	0.761	1.0	1.0	108	209	234	61	119	48	71	51	85
chx_dose		chr16:METTL26:t:635340|16:635340-636093:-	METTL26	chr16:METTL26:t:635340	t	635340	16:635340-636093:-	16	635340	636093	-	133.4	0.647	0.488	0.591	-0.056	-0.129	-0.0382	ols_slope	0.3825998388980934	0.6605143798566434	0	0	0.694	0.631	0.633	0.518	0.374	0.567	0.477	0.64	0.611	134	176	259	85	115	134	65	89	144
chx_dose		chr10:UPF2:t:12035441|10:12035441-12042913:-	UPF2	chr10:UPF2:t:12035441	t	12035441	10:12035441-12042913:-	10	12035441	12042913	-	110.8	0.244	0.149	0.188	-0.056	-0.069	-0.0279	ols_slope	0.48469270813216286	0.7387882090885171	0	0	0.208	0.242	0.286	0.273	0.048	0.164	0.301	0.193	0.074	96	91	84	121	165	110	103	119	108
chx_dose		chr3:AP2M1:t:184180848|3:184180650-184180848:+	AP2M1	chr3:AP2M1:t:184180848	t	184180848	3:184180650-184180848:+	3	184180650	184180848	+	160.9	0.68	0.749	0.622	-0.058	-0.037	-0.0293	ols_slope	0.4734352310181969	0.7368220455235288	0	0	0.693	0.627	0.703	0.638	0.744	0.856	0.654	0.677	0.516	241	236	400	94	164	104	52	93	64
chx_dose		chr2:INO80B:s:74455598|2:74455598-74455817:+	INO80B	chr2:INO80B:s:74455598	s	74455598	2:74455598-74455817:+	2	74455598	74455817	+	121.3	0.974	0.969	0.915	-0.059		-0.0361	ols_slope	0.3231216184285259	0.5844862039833403	1	0	0.914	0.994	1.0	0.951	0.969	0.976	0.959	0.732	1.0	128	162	175	61	127	169	97	71	102
chx_dose		chr9:CLTA:t:36204067|9:36199096-36204067:+	CLTA	chr9:CLTA:t:36204067	t	36204067	9:36199096-36204067:+	9	36199096	36204067	+	124.1	0.839	0.816	0.779	-0.061	-0.013	-0.0164	ols_slope	0.7990632034109268	0.9307769182588819	1	0	0.815	0.744	0.944	0.616	0.96	0.951	1.0	0.744	0.661	173	172	196	125	99	81	73	86	112
chx_dose		chr10:STK32C:s:132331435|10:132330485-132331435:-	STK32C	chr10:STK32C:s:132331435	s	132331435	10:132330485-132331435:-	10	132330485	132331435	-	110.7	0.8	0.85	0.737	-0.064	-0.021	-0.0402	ols_slope	0.2152988792965193	0.49083581872556503	0	0	0.849	0.808	0.76	0.938	0.798	0.855	0.681	0.737	0.758	146	172	208	65	119	62	47	57	120
chx_dose		chr7:HOTAIRM1:t:27099778|7:27099366-27099778:+	HOTAIRM1	chr7:HOTAIRM1:t:27099778	t	27099778	7:27099366-27099778:+	7	27099366	27099778	+	127.3	0.808	0.805	0.745	-0.064	-0.079	-0.0207	ols_slope	0.5647554093625476	0.8024674717483922	1	0	0.664	0.862	0.863	0.809	0.76	0.858	0.694	0.857	0.713	122	174	153	94	150	120	85	84	164
chx_dose		chr16:FUS:s:31182664|16:31182664-31183860:+	FUS	chr16:FUS:s:31182664	s	31182664	16:31182664-31183860:+	16	31182664	31183860	+	236.6	0.347	0.306	0.283	-0.065	-0.049	-0.0346	ols_slope	0.41039528609074494	0.6806808030058878	1	0	0.251	0.372	0.382	0.201	0.376	0.283	0.222	0.152	0.423	255	336	477	159	290	152	108	158	194
chx_dose		chr1:EFHD2:s:15426018|1:15426018-15428592:+	EFHD2	chr1:EFHD2:s:15426018	s	15426018	1:15426018-15428592:+	1	15426018	15428592	+	185.4	0.137	0.08	0.072	-0.065	-0.035	0.0055	ols_slope	0.8982346865364854	0.9536816351323516	1	0	0.062	0.167	0.155	0.039	0.153	0.012	0.078	0.312	0.027	240	293	491	127	144	81	77	32	184
chx_dose		chr16:ATP2A1-AS1:s:28879541|16:28879104-28879541:-	ATP2A1-AS1	chr16:ATP2A1-AS1:s:28879541	s	28879541	16:28879104-28879541:-	16	28879104	28879541	-	240.7	0.736	0.797	0.67	-0.066	-0.068	-0.0386	ols_slope	0.2406603598702618	0.521984344251074	0	0	0.789	0.822	0.649	0.758	0.789	0.838	0.734	0.64	0.655	247	230	376	186	279	235	154	172	287
chx_dose		chr2:BOLA3:s:74145188|2:74142360-74145188:-	BOLA3	chr2:BOLA3:s:74145188	s	74145188	2:74142360-74145188:-	2	74142360	74145188	-	215.4	0.637	0.695	0.571	-0.066	-0.085	-0.0298	ols_slope	0.4808033437198062	0.7387882090885171	0	0	0.539	0.633	0.706	0.708	0.734	0.624	0.436	0.587	0.676	254	449	381	137	244	157	94	121	102
chx_dose		chr15:POLG:t:89327349|15:89327349-89328455:-	POLG	chr15:POLG:t:89327349	t	89327349	15:89327349-89328455:-	15	89327349	89328455	-	123.3	0.973	0.937	0.906	-0.067	-0.045	-0.0343	ols_slope	0.30709751112901973	0.5710936171873001	1	0	0.989	0.934	1.0	0.973	1.0	0.756	0.887	0.919	0.911	90	167	186	112	65	45	124	74	247
chx_dose		chr8:CHCHD7:s:56214667|8:56214667-56216432:+	CHCHD7	chr8:CHCHD7:s:56214667	s	56214667	8:56214667-56216432:+	8	56214667	56216432	+	110.1	0.908	0.864	0.841	-0.067	-0.049	-0.0354	ols_slope	0.48710998134393085	0.7387882090885171	1	0	0.906	0.931	0.884	0.735	0.889	0.947	0.618	0.966	0.925	160	144	121	98	135	113	68	59	93
chx_dose		chr12:ENSG00000257379:t:53467220|12:53462567-53467220:+	ENSG00000257379	chr12:ENSG00000257379:t:53467220	t	53467220	12:53462567-53467220:+	12	53462567	53467220	+	136.8	0.173	0.139	0.104	-0.069	-0.046	-0.0362	ols_slope	0.3090327526119618	0.5726830730221669	1	0	0.061	0.254	0.206	0.216	0.047	0.157	0.069	0.049	0.185	198	185	214	125	128	121	87	81	92
chx_dose		chrX:KDM5C:t:53193636|X:53193636-53193772:-	KDM5C	chrX:KDM5C:t:53193636	t	53193636	X:53193636-53193772:-	X	53193636	53193772	-	100.9	0.607	0.476	0.538	-0.069	0.017	-0.0243	ols_slope	0.6466298996164288	0.8525220069569833	0	0	0.658	0.6	0.576	0.333	0.494	0.548	0.406	0.571	0.711	120	165	158	63	162	84	69	42	45
chx_dose		chrX:OFD1:s:13762444|X:13762444-13767126:+	OFD1	chrX:OFD1:s:13762444	s	13762444	X:13762444-13767126:+	X	13762444	13767126	+	134.7	0.147	0.118	0.077	-0.07	-0.076	-0.0434	ols_slope	0.24129464970096778	0.521984344251074	1	0	0.127	0.081	0.274	0.244	0.05	0.041	0.084	0.095	0.042	71	99	62	156	179	97	237	168	143
chx_dose		chr7:CALD1:t:134928753|7:134867804-134928753:+	CALD1	chr7:CALD1:t:134928753	t	134928753	7:134867804-134928753:+	7	134867804	134928753	+	118.4	0.337	0.295	0.267	-0.07	0.06	-0.0394	ols_slope	0.36899159869764037	0.6433077214136493	1	0	0.387	0.319	0.303	0.217	0.217	0.455	0.209	0.169	0.395	155	160	145	120	152	132	67	59	76
chx_dose		chr16:HIRIP3:t:29993808|16:29993808-29993905:-	HIRIP3	chr16:HIRIP3:t:29993808	t	29993808	16:29993808-29993905:-	16	29993808	29993905	-	136.1	0.69	0.558	0.619	-0.071	-0.123	-0.0389	ols_slope	0.41222031340916376	0.6806808030058878	0	0	0.683	0.739	0.638	0.58	0.414	0.675	0.475	0.664	0.688	104	153	130	88	186	212	101	107	144
chx_dose		chrX:OFD1:t:13767126|X:13762444-13767126:+	OFD1	chrX:OFD1:t:13767126	t	13767126	X:13762444-13767126:+	X	13762444	13767126	+	128.2	0.155	0.118	0.084	-0.072	-0.072	-0.0401	ols_slope	0.2387004324634705	0.521984344251074	1	0	0.15	0.09	0.243	0.245	0.049	0.042	0.093	0.105	0.045	60	89	70	155	182	96	215	153	134
chx_dose		chr2:HTRA2:t:74532819|2:74532714-74532819:+	HTRA2	chr2:HTRA2:t:74532819	t	74532819	2:74532714-74532819:+	2	74532714	74532819	+	135.7	0.727	0.72	0.654	-0.073	-0.097	-0.0396	ols_slope	0.3315322717421544	0.5897803159856937	1	0	0.641	0.699	0.822	0.588	0.806	0.763	0.562	0.636	0.727	170	146	197	131	134	131	73	118	121
chx_dose		chr17:CEP131:t:81192593|17:81192593-81193925:-	CEP131	chr17:CEP131:t:81192593	t	81192593	17:81192593-81193925:-	17	81192593	81193925	-	144.9	0.28	0.201	0.206	-0.074	-0.046	-0.0403	ols_slope	0.2506032078312694	0.531278800602291	0	0	0.405	0.164	0.276	0.28	0.147	0.221	0.209	0.152	0.242	158	165	181	82	163	104	129	132	190
chx_dose		chr11:ANAPC15:t:72111286|11:72111286-72111441:-	ANAPC15	chr11:ANAPC15:t:72111286	t	72111286	11:72111286-72111441:-	11	72111286	72111441	-	105.7	0.203	0.099	0.128	-0.074	-0.086	-0.0447	ols_slope	0.3023458626041144	0.5682386779439029	0	0	0.073	0.216	0.325	0.186	0.0	0.057	0.061	0.122	0.163	165	204	154	97	49	87	33	82	80
chx_dose		chr17:ANAPC11:t:81894466|17:81893614-81894466:+	ANAPC11	chr17:ANAPC11:t:81894466	t	81894466	17:81893614-81894466:+	17	81893614	81894466	+	127.2	0.683	0.79	0.606	-0.077	-0.094	-0.0416	ols_slope	0.4233186577134802	0.6924657055189646	0	0	0.674	0.685	0.685	0.788	0.676	0.933	0.615	0.5	0.679	141	248	286	66	111	90	65	60	78
chx_dose		chr17:CEP131:s:81192317|17:81191350-81192317:-	CEP131	chr17:CEP131:s:81192317	s	81192317	17:81191350-81192317:-	17	81191350	81192317	-	102.8	0.198	0.144	0.119	-0.078	-0.064	-0.0394	ols_slope	0.25988427872935593	0.5475447456320324	1	0	0.11	0.214	0.241	0.179	0.034	0.276	0.122	0.062	0.145	82	131	116	84	118	76	115	65	138
chx_dose		chr19:PTBP1:s:805187|19:805187-806407:+	PTBP1	chr19:PTBP1:s:805187	s	805187	19:805187-806407:+	19	805187	806407	+	174.0	0.523	0.525	0.444	-0.08	-0.095	-0.0337	ols_slope	0.4296641952141665	0.69853381430524	0	0	0.485	0.522	0.562	0.486	0.471	0.623	0.403	0.333	0.63	264	297	276	146	172	154	62	114	81
chx_dose		chrX:GRIPAP1:s:48982978|X:48981691-48982978:-	GRIPAP1	chrX:GRIPAP1:s:48982978	s	48982978	X:48981691-48982978:-	X	48981691	48982978	-	109.3	0.167	0.133	0.085	-0.081	-0.118	-0.0551	ols_slope	0.12005118590687312	0.37497035575348303	1	0	0.087	0.243	0.197	0.0	0.189	0.154	0.073	0.0	0.123	115	70	127	62	106	117	137	63	187
chx_dose		chr15:SNAPC5:s:66497641|15:66494552-66497641:-	SNAPC5	chr15:SNAPC5:s:66497641	s	66497641	15:66494552-66497641:-	15	66494552	66497641	-	131.8	0.418	0.357	0.336	-0.082	-0.087	-0.0363	ols_slope	0.3912344940786781	0.6710494558631048	1	0	0.368	0.454	0.426	0.243	0.378	0.443	0.494	0.325	0.212	190	229	155	111	127	115	83	77	99
chx_dose		chr17:SAT2:t:7626793|17:7626793-7627142:-	SAT2	chr17:SAT2:t:7626793	t	7626793	17:7626793-7627142:-	17	7626793	7627142	-	115.2	0.824	0.76	0.741	-0.083	-0.096	-0.0321	ols_slope	0.48382253129363306	0.7387882090885171	1	0	0.706	0.834	0.886	1.0	0.69	0.735	0.795	0.72	0.72	109	187	176	45	113	117	83	82	125
chx_dose		chr10:DNAJB12:t:72334617|10:72334617-72335779:-	DNAJB12	chr10:DNAJB12:t:72334617	t	72334617	10:72334617-72335779:-	10	72334617	72335779	-	170.0	0.747	0.733	0.662	-0.084	-0.114	-0.0385	ols_slope	0.3219174537950617	0.5843022277787079	1	0	0.794	0.808	0.637	0.746	0.855	0.602	0.657	0.714	0.637	136	198	171	134	173	176	169	133	240
chx_dose		chr11:BANF1:t:66003234|11:66002513-66003234:+	BANF1	chr11:BANF1:t:66003234	t	66003234	11:66002513-66003234:+	11	66002513	66003234	+	131.8	0.187	0.309	0.104	-0.084	-0.039	-0.0397	ols_slope	0.5493369494680956	0.7933203902400291	0	0	0.148	0.175	0.215	0.568	0.273	0.21	0.081	0.075	0.144	155	223	321	44	150	62	74	67	90
chx_dose		chr17:CEP131:s:81193925|17:81192593-81193925:-	CEP131	chr17:CEP131:s:81193925	s	81193925	17:81192593-81193925:-	17	81192593	81193925	-	151.3	0.278	0.19	0.191	-0.086	-0.074	-0.0459	ols_slope	0.15055900748365264	0.40505722825551294	0	0	0.356	0.149	0.34	0.25	0.155	0.19	0.194	0.18	0.195	180	181	147	92	155	121	139	111	236
chx_dose		chr12:MYL6:s:56160320|12:56160320-56160625:+	MYL6	chr12:MYL6:s:56160320	s	56160320	12:56160320-56160625:+	12	56160320	56160625	+	152.2	0.35	0.388	0.264	-0.086	-0.113	-0.0364	ols_slope	0.44831519631884564	0.7165584470783085	0	0	0.189	0.409	0.421	0.291	0.393	0.48	0.204	0.382	0.215	127	193	126	103	196	98	167	165	195
chx_dose		chr1:POLR3GL:s:145974991|1:145974991-145975306:+	POLR3GL	chr1:POLR3GL:s:145974991	s	145974991	1:145974991-145975306:+	1	145974991	145975306	+	112.4	0.881	0.946	0.794	-0.087	-0.126	-0.0453	ols_slope	0.15882526631008967	0.4167197581403343	0	0	0.862	0.886	0.889	0.872	0.965	0.976	0.738	0.779	0.847	130	167	180	78	114	125	65	68	85
chx_dose		chr5:SRP19:s:112864732|5:112864732-112867403:+	SRP19	chr5:SRP19:s:112864732	s	112864732	5:112864732-112867403:+	5	112864732	112867403	+	103.9	0.973	0.833	0.886	-0.087	-0.048	-0.043	ols_slope	0.292561857472606	0.5682386779439029	0	0	0.976	0.948	1.0	0.941	0.713	0.867	0.792	0.917	0.958	127	97	67	85	101	90	130	120	118
chx_dose		chr17:UBB:t:16381901|17:16381036-16381901:+	UBB	chr17:UBB:t:16381901	t	16381901	17:16381036-16381901:+	17	16381036	16381901	+	270.2	0.087	0.118	0.0	-0.087	-0.087	-0.0437	ols_slope	0.35787759022563387	0.6280633205946554	0	0	0.138	0.0	0.123	0.31	0.0	0.0	0.0	0.0	0.0	520	513	494	213	184	161	91	122	134
chx_dose		chrX:FMR1:s:147943326|X:147943326-147944868:+	FMR1	chrX:FMR1:s:147943326	s	147943326	X:147943326-147944868:+	X	147943326	147944868	+	195.6	0.628	0.599	0.541	-0.087	-0.093	-0.0478	ols_slope	0.45978923222852547	0.7252627770271384	1	0	0.721	0.686	0.388	0.487	0.613	0.724	0.688	0.367	0.453	452	258	237	189	106	156	154	49	159
chx_dose		chr19:TCF3:s:1615685|19:1615520-1615685:-	TCF3	chr19:TCF3:s:1615685	s	1615685	19:1615520-1615685:-	19	1615520	1615685	-	136.1	0.403	0.62	0.314	-0.089	-0.029	-0.0436	ols_slope	0.5461896184771283	0.7909303218384645	0	0	0.514	0.329	0.399	0.767	0.529	0.516	0.343	0.444	0.194	179	258	233	116	119	62	102	63	93
chx_dose		chr19:UBA52:t:18573292|19:18571909-18573292:+	UBA52	chr19:UBA52:t:18573292	t	18573292	19:18571909-18573292:+	19	18571909	18573292	+	115.7	0.478	0.431	0.388	-0.09	-0.225	-0.0585	ols_slope	0.278663571805964	0.5637087521265685	1	0	0.542	0.452	0.462	0.196	0.414	0.563	0.45	0.231	0.424	153	208	262	51	99	103	60	39	66
chx_dose		chr16:HIRIP3:s:29995102|16:29994843-29995102:-	HIRIP3	chr16:HIRIP3:s:29995102	s	29995102	16:29994843-29995102:-	16	29994843	29995102	-	274.3	0.868	0.79	0.778	-0.091	-0.123	-0.0537	ols_slope	0.0787524206147473	0.3138254355324516	1	0	0.885	0.883	0.835	0.863	0.751	0.777	0.654	0.778	0.849	286	341	285	270	397	310	153	162	265
chx_dose		chr22:TRMT2A:s:20115671|22:20115447-20115671:-	TRMT2A	chr22:TRMT2A:s:20115671	s	20115671	22:20115447-20115671:-	22	20115447	20115671	-	102.8	0.947	0.949	0.855	-0.091	-0.088	-0.0546	ols_slope	0.134190385993044	0.39732348925314703	0	0	0.924	0.922	0.986	1.0	1.0	0.892	0.758	0.792	0.955	132	116	145	60	64	111	91	72	134
chx_dose		chr1:RNF220:t:44632342|1:44632212-44632342:+	RNF220	chr1:RNF220:t:44632342	t	44632342	1:44632212-44632342:+	1	44632212	44632342	+	107.7	0.358	0.33	0.266	-0.092	-0.107	-0.0488	ols_slope	0.28552417153543014	0.5682386779439029	1	0	0.32	0.319	0.412	0.411	0.13	0.387	0.17	0.222	0.366	125	163	204	90	69	111	53	72	82
chx_dose		chr7:EIF3B:s:2379511|7:2379511-2380203:+	EIF3B	chr7:EIF3B:s:2379511	s	2379511	7:2379511-2380203:+	7	2379511	2380203	+	114.7	0.462	0.328	0.367	-0.094	-0.025	-0.0453	ols_slope	0.3280087619731411	0.5897803159856937	0	0	0.429	0.433	0.514	0.236	0.363	0.341	0.212	0.383	0.509	112	134	146	55	113	91	118	149	114
chx_dose		chr12:RPL41:t:56117188|12:56116799-56117188:+	RPL41	chr12:RPL41:t:56117188	t	56117188	12:56116799-56117188:+	12	56116799	56117188	+	235.4	0.897	0.883	0.802	-0.095	-0.093	-0.0524	ols_slope	0.15697804975706045	0.4167197581403343	1	0	0.865	0.875	0.942	0.8	0.887	0.927	0.646	0.886	0.835	288	392	395	125	230	219	127	167	176
chx_dose		chr19:PRMT1:t:49680486|19:49679925-49680486:+	PRMT1	chr19:PRMT1:t:49680486	t	49680486	19:49679925-49680486:+	19	49679925	49680486	+	137.9	0.153	0.162	0.056	-0.097	-0.071	-0.0463	ols_slope	0.17324996163523848	0.44145422916671345	0	0	0.039	0.156	0.237	0.135	0.123	0.239	0.017	0.058	0.08	178	211	232	111	146	113	59	104	87
chx_dose		chrX:MECP2:t:154032557|X:154032557-154092183:-	MECP2	chrX:MECP2:t:154032557	t	154032557	X:154032557-154092183:-	X	154032557	154092183	-	126.9	0.482	0.332	0.385	-0.097	-0.059	-0.047	ols_slope	0.32167771115309857	0.5843022277787079	0	0	0.383	0.639	0.395	0.247	0.375	0.371	0.43	0.291	0.413	115	183	200	85	88	89	100	103	179
chx_dose		chr16:ENSG00000280607:s:29808741|16:29808741-29810076:+	ENSG00000280607	chr16:ENSG00000280607:s:29808741	s	29808741	16:29808741-29810076:+	16	29808741	29810076	+	265.8	0.816	0.828	0.718	-0.098	-0.086	-0.0546	ols_slope	0.07803866284865774	0.3138254355324516	0	0	0.911	0.767	0.808	0.897	0.808	0.791	0.685	0.779	0.695	293	494	501	155	239	153	165	172	220
chx_dose		chr2:DYNC1I2:t:171690146|2:171687873-171690146:+	DYNC1I2	chr2:DYNC1I2:t:171690146	t	171690146	2:171687873-171690146:+	2	171687873	171690146	+	157.9	0.93	0.838	0.832	-0.098	-0.099	-0.0556	ols_slope	0.09098086641009827	0.33720181256889564	1	0	0.938	0.963	0.86	0.82	0.849	0.839	0.912	0.687	0.829	242	268	157	128	205	124	125	67	105
chx_dose		chr3:IMPDH2:s:49028430|3:49028322-49028430:-	IMPDH2	chr3:IMPDH2:s:49028430	s	49028430	3:49028322-49028430:-	3	49028322	49028430	-	189.4	0.748	0.701	0.65	-0.098	-0.128	-0.0655	ols_slope	0.18350358333458702	0.4494773889511136	1	0	0.736	0.768	0.741	0.701	0.554	0.86	0.474	0.647	0.731	250	284	370	157	177	164	57	116	130
chx_dose		chr7:LAMTOR4:t:100153399|7:100149579-100153399:+	LAMTOR4	chr7:LAMTOR4:t:100153399	t	100153399	7:100149579-100153399:+	7	100149579	100153399	+	119.6	0.958	0.953	0.859	-0.099	-0.067	-0.0384	ols_slope	0.29215693341650795	0.5682386779439029	1	0	0.945	0.931	0.995	1.0	0.953	0.903	0.913	1.0	0.728	164	189	193	75	64	72	126	68	125
chx_dose		chr1:RBM34:t:235155112|1:235155112-235160892:-	RBM34	chr1:RBM34:t:235155112	t	235155112	1:235155112-235160892:-	1	235155112	235160892	-	116.4	0.282	0.097	0.184	-0.099	-0.091	-0.0279	ols_slope	0.5437340826967747	0.7895316817240838	0	0	0.32	0.33	0.07	0.093	0.163	0.028	0.184	0.192	0.176	97	115	43	129	153	141	103	125	142
chx_dose		chr12:OS9:t:57718992|12:57718421-57718992:+	OS9	chr12:OS9:t:57718992	t	57718992	12:57718421-57718992:+	12	57718421	57718992	+	126.2	0.787	0.801	0.685	-0.102	-0.085	-0.0602	ols_slope	0.08591994964439559	0.32998241530093986	0	0	0.912	0.717	0.8	0.753	0.785	0.854	0.667	0.765	0.636	91	198	185	97	130	130	75	98	132
chx_dose		chr15:SNAPC5:t:66494552|15:66494552-66497641:-	SNAPC5	chr15:SNAPC5:t:66494552	t	66494552	15:66494552-66497641:-	15	66494552	66497641	-	138.0	0.424	0.31	0.322	-0.102	-0.098	-0.046	ols_slope	0.27539247543283735	0.5635444477969259	0	0	0.374	0.484	0.402	0.221	0.356	0.342	0.477	0.298	0.21	187	215	164	122	135	149	86	84	100
chx_dose		chr10:ANAPC16:s:72216138|10:72216138-72220053:+	ANAPC16	chr10:ANAPC16:s:72216138	s	72216138	10:72216138-72220053:+	10	72216138	72220053	+	107.8	0.526	0.557	0.423	-0.102	-0.005	-0.0389	ols_slope	0.5678983024949323	0.8047756693110004	0	0	0.474	0.561	0.54	0.631	0.431	0.825	0.382	0.635	0.326	175	173	198	65	123	40	55	52	89
chx_dose		chr17:NCOR1:s:16137310|17:16126209-16137310:-	NCOR1	chr17:NCOR1:s:16137310	s	16137310	17:16126209-16137310:-	17	16126209	16137310	-	201.8	0.448	0.495	0.345	-0.103	-0.094	-0.0501	ols_slope	0.10495105159585945	0.3588648861019713	0	0	0.407	0.469	0.459	0.471	0.51	0.5	0.411	0.338	0.286	172	228	183	170	200	216	180	299	168
chx_dose		chr9:REXO4:s:133417619|9:133415011-133417619:-	REXO4	chr9:REXO4:s:133417619	s	133417619	9:133415011-133417619:-	9	133415011	133417619	-	113.9	0.905	0.934	0.802	-0.103	-0.131	-0.0548	ols_slope	0.12363694992672823	0.37497035575348303	0	0	0.862	0.945	0.903	0.952	0.948	0.878	0.677	0.82	0.883	130	146	103	125	134	74	93	100	120
chx_dose		chr2:PPP1R7:s:241166441|2:241166441-241167044:+	PPP1R7	chr2:PPP1R7:s:241166441	s	241166441	2:241166441-241167044:+	2	241166441	241167044	+	128.3	0.786	0.73	0.683	-0.103	-0.103	-0.0508	ols_slope	0.13839984503848804	0.4010124047333069	1	0	0.704	0.783	0.865	0.815	0.792	0.622	0.64	0.721	0.686	169	207	185	65	120	119	86	86	118
chx_dose		chr12:SFSWAP:s:131756644|12:131756644-131766117:+	SFSWAP	chr12:SFSWAP:s:131756644	s	131756644	12:131756644-131766117:+	12	131756644	131766117	+	121.1	0.379	0.222	0.277	-0.103	-0.098	-0.0461	ols_slope	0.2746621873337344	0.5635444477969259	0	0	0.404	0.327	0.408	0.217	0.148	0.265	0.408	0.242	0.212	151	171	184	92	81	151	76	66	118
chx_dose		chr12:NCOR2:s:124333129|12:124332464-124333129:-	NCOR2	chr12:NCOR2:s:124333129	s	124333129	12:124332464-124333129:-	12	124332464	124333129	-	107.6	0.185	0.148	0.081	-0.104	-0.09	-0.0541	ols_slope	0.07262006497635314	0.3030601136808438	1	0	0.157	0.225	0.148	0.092	0.25	0.103	0.0	0.111	0.094	140	236	155	98	88	78	39	81	53
chx_dose		chr17:RNASEK:t:7013665|17:7012761-7013665:+	RNASEK	chr17:RNASEK:t:7013665	t	7013665	17:7012761-7013665:+	17	7012761	7013665	+	239.9	0.821	0.769	0.717	-0.104	-0.123	-0.0517	ols_slope	0.09644754170710754	0.34753500853591196	1	0	0.756	0.874	0.823	0.773	0.774	0.76	0.805	0.595	0.743	308	350	492	163	248	217	113	116	152
chx_dose		chr16:METTL26:s:636093|16:635340-636093:-	METTL26	chr16:METTL26:s:636093	s	636093	16:635340-636093:-	16	635340	636093	-	182.1	0.483	0.396	0.378	-0.104	-0.105	-0.0576	ols_slope	0.219712648976963	0.4934224743974169	1	0	0.5	0.414	0.532	0.444	0.247	0.547	0.244	0.425	0.431	186	268	308	99	174	139	127	134	204
chx_dose		chr8:PABPC1:t:100717888|8:100717888-100718086:-	PABPC1	chr8:PABPC1:t:100717888	t	100717888	8:100717888-100718086:-	8	100717888	100718086	-	131.9	0.942	0.847	0.837	-0.105		-0.0518	ols_slope	0.11946922842901246	0.37497035575348303	1	0	0.945	0.97	0.906	0.945	0.881	0.725	0.892	0.829	0.789	201	231	203	91	101	102	93	70	95
chx_dose		chr19:DMKN:t:35510252|19:35510252-35510370:-	DMKN	chr19:DMKN:t:35510252	t	35510252	19:35510252-35510370:-	19	35510252	35510370	-	112.4	0.532	0.598	0.427	-0.105	-0.148	-0.0541	ols_slope	0.1770032963289605	0.4467226050207099	0	0	0.538	0.469	0.575	0.533	0.647	0.571	0.311	0.466	0.481	130	162	221	60	116	70	74	73	106
chx_dose		chr10:RPP38:t:15103304|10:15097409-15103304:+	RPP38	chr10:RPP38:t:15103304	t	15103304	10:15097409-15103304:+	10	15097409	15103304	+	141.4	0.335	0.242	0.23	-0.105	-0.13	-0.0568	ols_slope	0.19352353122293342	0.45437271318180616	1	0	0.48	0.342	0.177	0.356	0.226	0.223	0.153	0.229	0.277	127	152	124	45	124	157	111	249	184
chx_dose		chr11:PTPMT1:t:47571470|11:47565986-47571470:+	PTPMT1	chr11:PTPMT1:t:47571470	t	47571470	11:47565986-47571470:+	11	47565986	47571470	+	226.2	0.462	0.494	0.354	-0.107	-0.078	-0.0645	ols_slope	0.18613213986211863	0.4494773889511136	0	0	0.573	0.429	0.425	0.571	0.465	0.492	0.441	0.181	0.419	218	312	388	105	273	187	170	166	217
chx_dose		chr3:CMC1:t:28263290|3:28241812-28263290:+	CMC1	chr3:CMC1:t:28263290	t	28263290	3:28241812-28263290:+	3	28241812	28263290	+	162.4	0.918	0.911	0.809	-0.108	-0.06	-0.0466	ols_slope	0.1883278084678173	0.4496114346303746	1	0	0.892	0.956	0.905	0.987	0.839	0.931	0.832	0.709	0.932	203	206	210	153	199	145	95	148	103
chx_dose		chr15:MRPS11:s:88467782|15:88467782-88467910:+	MRPS11	chr15:MRPS11:s:88467782	s	88467782	15:88467782-88467910:+	15	88467782	88467910	+	124.3	0.35	0.282	0.241	-0.109	-0.132	-0.0454	ols_slope	0.2968790885478894	0.5682386779439029	1	0	0.432	0.438	0.178	0.32	0.236	0.299	0.226	0.369	0.18	125	169	146	153	157	87	106	65	111
chx_dose		chr7:BUD31:t:99410033|7:99409004-99410033:+	BUD31	chr7:BUD31:t:99410033	t	99410033	7:99409004-99410033:+	7	99409004	99410033	+	186.3	0.626	0.548	0.516	-0.11	-0.1	-0.0587	ols_slope	0.14273235836199955	0.4025531245553304	1	0	0.737	0.555	0.649	0.65	0.508	0.467	0.489	0.475	0.625	217	434	302	117	118	90	141	162	96
chx_dose		chr12:MYG1:t:53306197|12:53306060-53306197:+	MYG1	chr12:MYG1:t:53306197	t	53306197	12:53306060-53306197:+	12	53306060	53306197	+	106.1	0.927	0.978	0.818	-0.11	-0.039	-0.0508	ols_slope	0.24540521152172778	0.5244546859133699	0	0	0.87	0.947	0.932	1.0	0.974	0.96	0.779	0.699	0.967	77	188	148	81	117	75	95	83	91
chx_dose		chr8:SNHG6:s:66925436|8:66922392-66925436:-	SNHG6	chr8:SNHG6:s:66925436	s	66925436	8:66922392-66925436:-	8	66922392	66925436	-	225.0	0.312	0.184	0.201	-0.111	-0.081	-0.0603	ols_slope	0.11523897176764826	0.3701615456779005	0	0	0.236	0.287	0.426	0.177	0.235	0.106	0.144	0.25	0.194	195	439	230	141	294	179	153	208	186
chx_dose		chr19:UBL5:t:9828326|19:9827984-9828326:+	UBL5	chr19:UBL5:t:9828326	t	9828326	19:9827984-9828326:+	19	9827984	9828326	+	142.3	0.712	0.714	0.601	-0.111	-0.102	-0.0565	ols_slope	0.18087059211300713	0.4494773889511136	0	0	0.723	0.702	0.721	0.6	0.647	0.884	0.605	0.535	0.667	166	352	201	60	139	95	76	99	93
chx_dose		chr17:BIRC5:s:78214789|17:78214789-78216663:+	BIRC5	chr17:BIRC5:s:78214789	s	78214789	17:78214789-78216663:+	17	78214789	78216663	+	124.8	0.688	0.694	0.577	-0.111	-0.119	-0.0492	ols_slope	0.2046344552581118	0.4756853565210494	0	0	0.653	0.658	0.735	0.538	0.702	0.801	0.602	0.635	0.514	98	149	170	106	104	146	108	104	138
chx_dose		chr4:HNRNPDL:t:82426129|4:82426129-82426462:-	HNRNPDL	chr4:HNRNPDL:t:82426129	t	82426129	4:82426129-82426462:-	4	82426129	82426462	-	163.6	0.714	0.717	0.604	-0.111	-0.087	-0.0478	ols_slope	0.2819481572544217	0.5660322853971345	0	0	0.689	0.752	0.692	0.713	0.682	0.764	0.686	0.74	0.421	161	214	185	164	176	148	172	100	152
chx_dose		chr18:RPL17:t:49491584|18:49491584-49492274:-	RPL17	chr18:RPL17:t:49491584	t	49491584	18:49491584-49492274:-	18	49491584	49492274	-	232.7	0.713	0.708	0.601	-0.112	-0.096	-0.0542	ols_slope	0.09083251942481559	0.33720181256889564	1	0	0.713	0.717	0.711	0.75	0.678	0.725	0.635	0.693	0.487	282	322	425	140	295	189	148	137	156
chx_dose		chr17:COASY:t:42564982|17:42564898-42564982:+	COASY	chr17:COASY:t:42564982	t	42564982	17:42564898-42564982:+	17	42564898	42564982	+	117.9	0.982	1.0	0.868	-0.114		-0.05	ols_slope	0.12237372861806296	0.37497035575348303	0	0	0.981	0.969	1.0	1.0	1.0	1.0	0.986	0.899	0.765	161	191	153	85	101	67	69	119	115
chx_dose		chr1:PARK7:t:7962762|1:7961793-7962762:+	PARK7	chr1:PARK7:t:7962762	t	7962762	1:7961793-7962762:+	1	7961793	7962762	+	133.6	0.53	0.534	0.415	-0.114	-0.123	-0.0536	ols_slope	0.18736540350313696	0.4494773889511136	0	0	0.48	0.593	0.507	0.49	0.561	0.554	0.298	0.571	0.388	148	226	300	102	107	83	57	63	116
chx_dose		chr16:UBE2I:t:1314019|16:1309773-1314019:+	UBE2I	chr16:UBE2I:t:1314019	t	1314019	16:1309773-1314019:+	16	1309773	1314019	+	326.4	0.852	0.864	0.736	-0.116	-0.102	-0.0568	ols_slope	0.11500849676818108	0.3701615456779005	0	0	0.807	0.886	0.855	0.902	0.913	0.78	0.639	0.745	0.824	425	466	780	204	254	241	205	153	210
chx_dose		chr12:PSMD9:t:121903005|12:121899845-121903005:+	PSMD9	chr12:PSMD9:t:121903005	t	121903005	12:121899845-121903005:+	12	121899845	121903005	+	101.0	0.911	0.868	0.795	-0.116	-0.033	-0.0636	ols_slope	0.1897027779381969	0.45086310451679085	1	0	0.891	0.894	0.951	0.932	0.798	0.963	0.979	0.659	0.716	147	161	143	73	104	27	96	91	67
chx_dose		chr11:ENSG00000286264:t:64242383|11:64241132-64242383:+	ENSG00000286264	chr11:ENSG00000286264:t:64242383	t	64242383	11:64241132-64242383:+	11	64241132	64242383	+	440.4	0.829	0.792	0.712	-0.117	-0.11	-0.0595	ols_slope	0.046702366259424505	0.21523699232604337	1	0	0.794	0.869	0.82	0.849	0.697	0.841	0.703	0.768	0.655	597	712	749	299	353	333	286	345	290
chx_dose		chr11:MRPL21:t:68892993|11:68892993-68893402:-	MRPL21	chr11:MRPL21:t:68892993	t	68892993	11:68892993-68893402:-	11	68892993	68893402	-	196.4	0.919	0.954	0.802	-0.117	-0.109	-0.0611	ols_slope	0.05058633240771502	0.23112720841456003	0	0	0.955	0.92	0.899	0.982	0.914	0.984	0.859	0.784	0.766	157	288	307	166	210	125	163	194	158
chx_dose		chr19:DMKN:s:35510183|19:35505986-35510183:-	DMKN	chr19:DMKN:s:35510183	s	35510183	19:35505986-35510183:-	19	35505986	35510183	-	281.0	0.562	0.515	0.445	-0.117	-0.096	-0.0591	ols_slope	0.06029512272382787	0.26193782822646533	1	0	0.515	0.493	0.666	0.509	0.568	0.462	0.457	0.38	0.482	332	475	470	173	236	212	173	184	274
chx_dose		chr6:RNF8:s:37371574|6:37371574-37376925:+	RNF8	chr6:RNF8:s:37371574	s	37371574	6:37371574-37376925:+	6	37371574	37376925	+	138.8	0.192	0.077	0.075	-0.117	-0.098	-0.0548	ols_slope	0.15729829632359552	0.4167197581403343	1	0	0.19	0.054	0.335	0.068	0.088	0.075	0.125	0.079	0.047	147	166	161	146	147	160	72	101	149
chx_dose		chr19:TCF3:t:1611849|19:1611849-1615284:-	TCF3	chr19:TCF3:t:1611849	t	1611849	19:1611849-1615284:-	19	1611849	1615284	-	168.1	0.499	0.511	0.381	-0.118	-0.036	-0.0673	ols_slope	0.03658612707015689	0.19529591798906235	0	0	0.563	0.557	0.414	0.5	0.49	0.539	0.345	0.355	0.43	215	203	295	128	145	152	116	110	149
chx_dose		chr16:KIF22:s:29802937|16:29802937-29803448:+	KIF22	chr16:KIF22:s:29802937	s	29802937	16:29802937-29803448:+	16	29802937	29803448	+	141.1	0.937	0.893	0.818	-0.118	-0.144	-0.0631	ols_slope	0.11405682989037633	0.3701615456779005	1	0	0.881	0.978	0.949	0.909	0.917	0.864	0.654	0.948	0.828	143	138	177	44	144	140	133	153	198
chx_dose		chr10:STK32C:t:132330485|10:132330485-132331435:-	STK32C	chr10:STK32C:t:132330485	t	132330485	10:132330485-132331435:-	10	132330485	132331435	-	114.4	0.788	0.836	0.671	-0.118	-0.153	-0.0688	ols_slope	0.1417883141657648	0.4025531245553304	0	0	0.785	0.764	0.814	0.836	0.922	0.716	0.516	0.7	0.734	158	182	194	73	103	74	62	60	124
chx_dose		chr5:TCOF1:t:150391956|5:150390023-150391956:+	TCOF1	chr5:TCOF1:t:150391956	t	150391956	5:150390023-150391956:+	5	150390023	150391956	+	154.7	0.423	0.295	0.306	-0.118	-0.132	-0.0616	ols_slope	0.14996025841046676	0.40505722825551294	0	0	0.5	0.502	0.31	0.198	0.328	0.353	0.333	0.239	0.37	146	203	239	116	137	116	105	184	146
chx_dose		chr19:RAD23A:s:12948358|19:12948358-12948496:+	RAD23A	chr19:RAD23A:s:12948358	s	12948358	19:12948358-12948496:+	19	12948358	12948496	+	284.9	0.985	0.943	0.864	-0.122	-0.127	-0.0694	ols_slope	0.02568393084704743	0.15828469010389695	1	0	0.997	0.992	0.969	0.954	0.962	0.902	0.729	0.926	0.886	327	488	421	153	316	184	166	272	237
chx_dose		chr19:DNMT1:t:10141189|19:10141189-10142027:-	DNMT1	chr19:DNMT1:t:10141189	t	10141189	19:10141189-10142027:-	19	10141189	10142027	-	108.4	0.973	0.968	0.851	-0.122		-0.0597	ols_slope	0.04479218757049363	0.21150423420490033	1	0	1.0	0.964	0.969	0.884	1.0	0.991	0.892	0.767	0.916	68	169	128	69	105	108	65	133	131
chx_dose		chr20:EIF6:s:35284175|20:35280829-35284175:-	EIF6	chr20:EIF6:s:35284175	s	35284175	20:35280829-35284175:-	20	35280829	35284175	-	102.7	0.794	0.77	0.672	-0.122	-0.109	-0.0633	ols_slope	0.3316123286108239	0.5897803159856937	1	0	0.782	0.774	0.822	0.614	0.824	0.815	0.378	0.8	0.82	101	137	146	70	136	81	82	60	111
chx_dose		chr19:ENSG00000267157:s:5785382|19:5785275-5785382:-	ENSG00000267157	chr19:ENSG00000267157:s:5785382	s	5785382	19:5785275-5785382:-	19	5785275	5785382	-	135.0	0.859	0.822	0.736	-0.123	-0.069	-0.0639	ols_slope	0.04468837222941979	0.21150423420490033	1	0	0.868	0.84	0.875	0.889	0.842	0.718	0.768	0.645	0.786	91	106	72	99	114	85	207	203	238
chx_dose		chr5:RPL26L1:t:172959864|5:172959007-172959864:+	RPL26L1	chr5:RPL26L1:t:172959864	t	172959864	5:172959007-172959864:+	5	172959007	172959864	+	119.6	0.5	0.332	0.376	-0.124	-0.118	-0.0776	ols_slope	0.11799739479288546	0.37497035575348303	0	0	0.562	0.594	0.37	0.267	0.347	0.373	0.449	0.375	0.235	130	155	173	120	124	153	98	72	51
chx_dose		chr14:MTA1:s:105464147|14:105464147-105464415:+	MTA1	chr14:MTA1:s:105464147	s	105464147	14:105464147-105464415:+	14	105464147	105464415	+	120.2	0.893	0.845	0.77	-0.124	-0.147	-0.0461	ols_slope	0.41482999881302207	0.6806808030058878	1	0	0.904	0.911	0.87	0.853	0.736	0.981	0.87	0.97	0.568	115	257	238	68	72	54	54	99	125
chx_dose		chr16:NUTF2:t:67865101|16:67846985-67865101:+	NUTF2	chr16:NUTF2:t:67865101	t	67865101	16:67846985-67865101:+	16	67846985	67865101	+	140.1	0.774	0.877	0.648	-0.126	-0.096	-0.0629	ols_slope	0.17656248123461132	0.4467226050207099	0	0	0.773	0.807	0.752	0.98	0.855	0.765	0.653	0.617	0.685	203	202	290	100	117	68	72	120	89
chx_dose		chr16:KARS1:t:75641723|16:75641723-75644282:-	KARS1	chr16:KARS1:t:75641723	t	75641723	16:75641723-75644282:-	16	75641723	75644282	-	114.2	0.295	0.267	0.168	-0.128	-0.109	-0.0771	ols_slope	0.06850935549302611	0.29047966729043073	1	0	0.327	0.224	0.378	0.374	0.177	0.282	0.15	0.062	0.254	107	214	143	131	175	103	40	48	67
chx_dose		chr7:ATP5MF:t:99460193|7:99460193-99466128:-	ATP5MF	chr7:ATP5MF:t:99460193	t	99460193	7:99460193-99466128:-	7	99460193	99466128	-	234.4	0.319	0.161	0.191	-0.129	-0.116	-0.0583	ols_slope	0.08479615263153122	0.32998241530093986	0	0	0.301	0.334	0.322	0.152	0.193	0.124	0.232	0.256	0.12	296	287	453	145	290	209	125	121	184
chx_dose		chr12:MYL6:t:56161386|12:56160670-56161386:+	MYL6	chr12:MYL6:t:56161386	t	56161386	12:56160670-56161386:+	12	56160670	56161386	+	180.9	0.501	0.435	0.371	-0.13	-0.207	-0.0611	ols_slope	0.11216184321260331	0.3701615456779005	1	0	0.38	0.502	0.608	0.371	0.444	0.49	0.328	0.472	0.323	166	229	186	116	214	100	198	193	226
chx_dose		chr19:LSM14A:s:34209051|19:34209051-34215595:+	LSM14A	chr19:LSM14A:s:34209051	s	34209051	19:34209051-34215595:+	19	34209051	34215595	+	113.8	0.401	0.384	0.271	-0.13	-0.117	-0.0843	ols_slope	0.12381096652237641	0.37497035575348303	1	0	0.508	0.272	0.491	0.347	0.436	0.345	0.132	0.189	0.444	130	180	106	75	117	84	76	132	124
chx_dose		chr19:FKBP8:s:18539370|19:18538433-18539370:-	FKBP8	chr19:FKBP8:s:18539370	s	18539370	19:18538433-18539370:-	19	18538433	18539370	-	130.2	0.309	0.303	0.179	-0.13	-0.138	-0.0493	ols_slope	0.17262357112010412	0.44145422916671345	1	0	0.278	0.199	0.398	0.296	0.356	0.255	0.279	0.168	0.132	151	166	259	71	104	102	68	137	114
chx_dose		chr12:MMAB:t:109561104|12:109561104-109561419:-	MMAB	chr12:MMAB:t:109561104	t	109561104	12:109561104-109561419:-	12	109561104	109561419	-	137.1	0.923	0.944	0.79	-0.133	-0.14	-0.0648	ols_slope	0.03513902135753359	0.19529591798906235	0	0	0.874	0.98	0.897	0.938	0.98	0.913	0.78	0.773	0.809	143	245	261	113	99	92	100	66	115
chx_dose		chr8:SHARPIN:t:144100069|8:144100069-144103050:-	SHARPIN	chr8:SHARPIN:t:144100069	t	144100069	8:144100069-144103050:-	8	144100069	144103050	-	165.1	0.935	0.774	0.802	-0.133	-0.143	-0.0647	ols_slope	0.09704751181757541	0.34753500853591196	0	0	1.0	0.846	0.957	0.814	0.78	0.733	0.742	0.901	0.771	161	169	209	118	127	131	163	172	236
chx_dose		chr15:COMMD4:s:75339344|15:75339344-75339701:+	COMMD4	chr15:COMMD4:s:75339344	s	75339344	15:75339344-75339701:+	15	75339344	75339701	+	161.6	0.664	0.525	0.531	-0.133	-0.147	-0.0772	ols_slope	0.1384627737098022	0.4010124047333069	0	0	0.711	0.669	0.641	0.5	0.5	0.562	0.318	0.542	0.698	128	302	312	128	86	144	107	118	129
chx_dose		chr12:RNF10:s:120566980|12:120566980-120571190:+	RNF10	chr12:RNF10:s:120566980	s	120566980	12:120566980-120571190:+	12	120566980	120571190	+	112.9	0.94	0.909	0.807	-0.133	-0.109	-0.0526	ols_slope	0.16111571409019745	0.41858494346963065	1	0	0.87	0.935	0.984	0.868	0.936	0.923	0.815	0.963	0.695	138	123	243	76	78	78	81	81	118
chx_dose		chr1:DNAJC8:s:28232920|1:28205306-28232920:-	DNAJC8	chr1:DNAJC8:s:28232920	s	28232920	1:28205306-28232920:-	1	28205306	28232920	-	133.1	0.146	0.026	0.012	-0.134	-0.089	-0.0789	ols_slope	0.03629891387130202	0.19529591798906235	1	0	0.269	0.035	0.212	0.021	0.026	0.031	0.029	0.012	0.0	108	201	137	146	195	163	68	83	97
chx_dose		chr12:SLC25A3:s:98594135|12:98594135-98595726:+	SLC25A3	chr12:SLC25A3:s:98594135	s	98594135	12:98594135-98595726:+	12	98594135	98595726	+	137.8	0.974	1.0	0.839	-0.135		-0.0639	ols_slope	0.1428342113447441	0.4025531245553304	0	0	0.974	0.967	0.98	1.0	1.0	1.0	1.0	0.694	0.843	192	246	297	128	83	108	63	72	51
chx_dose		chr5:VDAC1:s:134004646|5:133993018-134004646:-	VDAC1	chr5:VDAC1:s:134004646	s	134004646	5:133993018-134004646:-	5	133993018	134004646	-	103.4	0.936	0.702	0.801	-0.135	-0.142	-0.0571	ols_slope	0.300397601533428	0.5682386779439029	0	0	0.906	0.98	0.904	0.863	0.611	0.673	0.9	0.698	0.849	117	250	230	51	72	55	40	63	53
chx_dose		chr1:ENSG00000233461:t:231522637|1:231522637-231528419:-	ENSG00000233461	chr1:ENSG00000233461:t:231522637	t	231522637	1:231522637-231528419:-	1	231522637	231528419	-	169.2	0.244	0.147	0.108	-0.136	-0.105	-0.0611	ols_slope	0.18742359048716248	0.4494773889511136	1	0	0.039	0.315	0.333	0.24	0.076	0.161	0.091	0.165	0.065	129	216	126	121	198	205	154	188	186
chx_dose		chr11:SF1:s:64766899|11:64765518-64766899:-	SF1	chr11:SF1:s:64766899	s	64766899	11:64765518-64766899:-	11	64765518	64766899	-	107.2	0.74	0.653	0.602	-0.138	-0.091	-0.0631	ols_slope	0.27755626994570837	0.5636200117671477	1	0	0.661	0.842	0.704	0.435	0.716	0.769	0.76	0.569	0.5	118	146	152	62	95	65	100	109	118
chx_dose		chr17:FTSJ3:s:63823816|17:63822168-63823816:-	FTSJ3	chr17:FTSJ3:s:63823816	s	63823816	17:63822168-63823816:-	17	63822168	63823816	-	119.9	0.979	0.986	0.839	-0.14		-0.0713	ols_slope	0.007584243935946879	0.08798233449200395	0	0	1.0	0.942	1.0	0.982	0.979	1.0	0.813	0.857	0.844	129	156	137	112	143	98	91	91	122
chx_dose		chr12:TUBA1B:t:49129722|12:49129722-49131297:-	TUBA1B	chr12:TUBA1B:t:49129722	t	49129722	12:49129722-49131297:-	12	49129722	49131297	-	156.2	0.963	0.966	0.823	-0.14	-0.137	-0.0505	ols_slope	0.1946086903627736	0.45437271318180616	0	0	0.975	0.959	0.961	0.979	1.0	0.905	0.957	0.939	0.696	197	392	282	96	118	84	23	99	115
chx_dose		chr16:GSPT1:s:11897839|16:11896785-11897839:-	GSPT1	chr16:GSPT1:s:11897839	s	11897839	16:11896785-11897839:-	16	11896785	11897839	-	119.9	0.917	0.853	0.774	-0.143	-0.193	-0.0702	ols_slope	0.037388211955106936	0.19529591798906235	1	0	0.971	0.952	0.842	0.83	0.799	0.962	0.828	0.797	0.719	105	124	133	176	139	106	99	69	128
chx_dose		chr5:NOP16:s:176385220|5:176384283-176385220:-	NOP16	chr5:NOP16:s:176385220	s	176385220	5:176384283-176385220:-	5	176384283	176385220	-	189.0	0.375	0.209	0.231	-0.144	-0.153	-0.0775	ols_slope	0.06499608095858081	0.2778058299036115	0	0	0.381	0.324	0.442	0.317	0.196	0.1	0.199	0.221	0.261	210	321	231	164	102	150	156	149	218
chx_dose		chr11:MRPL23:s:1952855|11:1952855-1956255:+	MRPL23	chr11:MRPL23:s:1952855	s	1952855	11:1952855-1956255:+	11	1952855	1956255	+	172.2	0.977	0.887	0.83	-0.147	-0.125	-0.0614	ols_slope	0.10153056457372304	0.3563655577753193	1	0	0.945	0.958	1.0	0.903	0.979	0.774	0.865	0.734	0.935	145	189	359	124	141	133	148	188	123
chx_dose		chr7:SRRT:s:100885040|7:100885040-100885212:+	SRRT	chr7:SRRT:s:100885040	s	100885040	7:100885040-100885212:+	7	100885040	100885212	+	121.4	0.714	0.559	0.568	-0.147	-0.134	-0.0701	ols_slope	0.10789494770991048	0.3642313521417362	0	0	0.727	0.68	0.744	0.554	0.506	0.604	0.653	0.42	0.658	121	181	160	74	77	96	95	143	146
chx_dose		chr16:INO80E:t:30005220|16:30001040-30005220:+	INO80E	chr16:INO80E:t:30005220	t	30005220	16:30001040-30005220:+	16	30001040	30005220	+	148.3	0.316	0.256	0.17	-0.147	-0.115	-0.0904	ols_slope	0.12283721220265965	0.37497035575348303	1	0	0.534	0.246	0.278	0.469	0.158	0.18	0.2	0.158	0.158	116	195	299	96	139	89	110	133	158
chx_dose		chr1:MRPL20:t:1402256|1:1402256-1405808:-	MRPL20	chr1:MRPL20:t:1402256	t	1402256	1:1402256-1405808:-	1	1402256	1405808	-	316.6	0.918	0.917	0.77	-0.148	-0.16	-0.068	ols_slope	0.015125042342739497	0.1336045406941989	1	0	0.892	0.892	0.954	0.912	0.897	0.95	0.738	0.823	0.769	277	388	500	226	360	258	263	175	402
chx_dose		chr12:RNF10:t:120575630|12:120571291-120575630:+	RNF10	chr12:RNF10:t:120575630	t	120575630	12:120571291-120575630:+	12	120571291	120575630	+	145.4	0.948	0.897	0.795	-0.152	-0.104	-0.0641	ols_slope	0.04462453850618863	0.21150423420490033	1	0	0.904	0.93	0.987	0.825	0.929	0.937	0.835	0.89	0.711	188	201	302	103	112	95	91	82	135
chx_dose		chr12:SFSWAP:t:131766117|12:131756644-131766117:+	SFSWAP	chr12:SFSWAP:t:131766117	t	131766117	12:131756644-131766117:+	12	131756644	131766117	+	180.0	0.307	0.136	0.155	-0.153	-0.197	-0.0795	ols_slope	0.060275729617916565	0.26193782822646533	0	0	0.279	0.245	0.424	0.15	0.068	0.183	0.221	0.108	0.14	219	229	177	133	177	219	140	148	178
chx_dose		chr1:POLR3GL:t:145977482|1:145975436-145977482:+	POLR3GL	chr1:POLR3GL:t:145977482	t	145977482	1:145975436-145977482:+	1	145975436	145977482	+	113.6	0.286	0.388	0.132	-0.153	-0.075	-0.0694	ols_slope	0.2397882271256869	0.521984344251074	0	0	0.354	0.348	0.152	0.422	0.391	0.329	0.141	0.283	0.012	175	164	165	116	110	73	78	60	81
chx_dose		chr19:PRKCSH:s:11447618|19:11447618-11447722:+	PRKCSH	chr19:PRKCSH:s:11447618	s	11447618	19:11447618-11447722:+	19	11447618	11447722	+	111.7	0.665	0.487	0.51	-0.155	-0.147	-0.0692	ols_slope	0.1496388086070468	0.40505722825551294	0	0	0.708	0.703	0.599	0.447	0.457	0.565	0.656	0.55	0.389	96	209	182	85	70	69	61	120	113
chx_dose		chr8:SNHG6:t:66922392|8:66922392-66925436:-	SNHG6	chr8:SNHG6:t:66922392	t	66922392	8:66922392-66925436:-	8	66922392	66925436	-	122.7	0.552	0.335	0.396	-0.156	-0.146	-0.0775	ols_slope	0.2167086444939287	0.49083581872556503	0	0	0.4	0.548	0.681	0.301	0.413	0.218	0.259	0.505	0.4	115	230	144	83	167	87	85	103	90
chx_dose		chr6:PAK1IP1:s:10695069|6:10695069-10697323:+	PAK1IP1	chr6:PAK1IP1:s:10695069	s	10695069	6:10695069-10697323:+	6	10695069	10697323	+	104.8	0.826	0.799	0.669	-0.157	-0.079	-0.0936	ols_slope	0.00784074334064203	0.08798233449200395	1	0	0.878	0.781	0.862	0.785	0.797	0.81	0.551	0.69	0.719	74	155	87	79	133	116	69	116	114
chx_dose		chr17:SCO1:s:10697234|17:10695831-10697234:-	SCO1	chr17:SCO1:s:10697234	s	10697234	17:10695831-10697234:-	17	10695831	10697234	-	183.3	0.982	0.946	0.825	-0.157	-0.163	-0.0805	ols_slope	0.02121743326937941	0.14276228026848264	1	0	0.964	0.982	1.0	0.971	0.947	0.918	0.854	0.696	0.914	196	226	194	208	208	196	89	148	185
chx_dose		chr18:TXNL4A:s:79988239|18:79973856-79988239:-	TXNL4A	chr18:TXNL4A:s:79988239	s	79988239	18:79973856-79988239:-	18	79973856	79988239	-	154.8	0.453	0.365	0.296	-0.157	-0.156	-0.0771	ols_slope	0.19382369188937032	0.45437271318180616	1	0	0.476	0.515	0.381	0.492	0.233	0.354	0.284	0.508	0.118	275	270	315	126	116	65	95	63	68
chx_dose		chr16:EIF3C:s:28715434|16:28715434-28723163:+	EIF3C	chr16:EIF3C:s:28715434	s	28715434	16:28715434-28723163:+	16	28715434	28723163	+	197.8	0.959	0.992	0.802	-0.158	-0.181	-0.0775	ols_slope	0.019693008645267178	0.14276228026848264	0	0	0.981	0.967	0.932	1.0	0.992	0.982	0.833	0.82	0.763	269	215	280	175	251	171	102	161	156
chx_dose		chr16:RNPS1:s:2268054|16:2264760-2268054:-	RNPS1	chr16:RNPS1:s:2268054	s	2268054	16:2264760-2268054:-	16	2264760	2268054	-	122.9	0.722	0.611	0.562	-0.159	-0.193	-0.0902	ols_slope	0.03886107676846548	0.1961559113074924	1	0	0.818	0.704	0.667	0.516	0.554	0.724	0.486	0.64	0.521	148	196	195	122	83	145	37	86	94
chx_dose		chr2:SRSF7:t:38748653|2:38748653-38749528:-	SRSF7	chr2:SRSF7:t:38748653	t	38748653	2:38748653-38749528:-	2	38748653	38749528	-	145.7	0.968	0.928	0.808	-0.16	-0.219	-0.0746	ols_slope	0.02689979468160347	0.16161918280193388	1	0	1.0	1.0	0.887	0.85	1.0	0.893	0.789	0.765	0.885	91	156	97	100	168	121	166	238	174
chx_dose		chr17:HOXB7:t:48608095|17:48608095-48625752:-	HOXB7	chr17:HOXB7:t:48608095	t	48608095	17:48608095-48625752:-	17	48608095	48625752	-	143.2	0.251	0.093	0.089	-0.161	-0.153	-0.079	ols_slope	0.019557303431546862	0.14276228026848264	1	0	0.264	0.32	0.167	0.088	0.063	0.142	0.056	0.128	0.093	125	128	126	125	223	148	160	125	129
chx_dose		chr16:ENSG00000280607:t:29810076|16:29808741-29810076:+	ENSG00000280607	chr16:ENSG00000280607:t:29810076	t	29810076	16:29808741-29810076:+	16	29808741	29810076	+	301.1	0.776	0.644	0.613	-0.162	-0.135	-0.0815	ols_slope	0.004344872663702978	0.06592708111674812	1	0	0.765	0.775	0.783	0.662	0.666	0.596	0.554	0.604	0.677	349	489	517	210	290	203	204	222	226
chx_dose		chr12:ARL6IP4:s:122981266|12:122981266-122981594:+	ARL6IP4	chr12:ARL6IP4:s:122981266	s	122981266	12:122981266-122981594:+	12	122981266	122981594	+	237.2	0.932	0.923	0.769	-0.163	-0.151	-0.0926	ols_slope	0.02481479388006132	0.1547275383109706	1	0	0.932	0.941	0.919	0.952	0.99	0.827	0.65	0.764	0.823	309	444	333	146	192	179	123	127	282
chx_dose		chr19:ENSG00000266953:s:34404815|19:34404815-34404929:+	ENSG00000266953	chr19:ENSG00000266953:s:34404815	s	34404815	19:34404815-34404929:+	19	34404815	34404929	+	123.2	1.0	0.987	0.836	-0.164	-0.18	-0.0849	ols_slope	0.0018995530510361677	0.04194846321038207	1	0	1.0	1.0	1.0	0.963	1.0	1.0	0.854	0.8	0.837	131	194	191	109	115	83	89	50	147
chx_dose		chr16:PSMB10:t:67934948|16:67934948-67935419:-	PSMB10	chr16:PSMB10:t:67934948	t	67934948	16:67934948-67935419:-	16	67934948	67935419	-	101.2	0.805	0.68	0.64	-0.165	-0.178	-0.0814	ols_slope	0.02713982503655116	0.16161918280193388	1	0	0.817	0.79	0.805	0.6	0.662	0.837	0.616	0.695	0.612	191	143	118	80	77	49	73	82	98
chx_dose		chr9:EDF1:s:136862905|9:136862496-136862905:-	EDF1	chr9:EDF1:s:136862905	s	136862905	9:136862496-136862905:-	9	136862496	136862905	-	465.4	0.523	0.405	0.357	-0.166	-0.146	-0.0869	ols_slope	0.0012729411820450968	0.03550835928862638	1	0	0.6	0.472	0.526	0.416	0.389	0.417	0.367	0.36	0.349	512	803	867	281	447	302	245	322	410
chx_dose		chr16:SRRM2:t:2757471|16:2752846-2757471:+	SRRM2	chr16:SRRM2:t:2757471	t	2757471	16:2752846-2757471:+	16	2752846	2757471	+	257.7	0.209	0.084	0.042	-0.167	-0.126	-0.0823	ols_slope	0.002468496867881284	0.04815754220015362	1	0	0.186	0.239	0.194	0.023	0.073	0.144	0.045	0.055	0.024	194	255	217	260	331	327	201	289	245
chx_dose		chr20:PIGT:s:45420429|20:45420429-45420527:+	PIGT	chr20:PIGT:s:45420429	s	45420429	20:45420429-45420527:+	20	45420429	45420527	+	109.8	1.0	0.957	0.833	-0.167	-0.147	-0.0948	ols_slope	0.019026727891328202	0.14276228026848264	1	0	1.0	1.0	1.0	0.963	0.917	1.0	0.711	0.769	0.951	153	135	140	81	121	100	38	117	103
chx_dose		chr15:SNRPA1:t:101285801|15:101285801-101286213:-	SNRPA1	chr15:SNRPA1:t:101285801	t	101285801	15:101285801-101286213:-	15	101285801	101286213	-	268.8	0.964	0.815	0.795	-0.168	-0.174	-0.0842	ols_slope	0.0007444319081326742	0.029294919601360776	1	0	0.978	0.961	0.955	0.828	0.805	0.815	0.811	0.792	0.785	225	307	264	250	348	243	264	178	340
chx_dose		chr19:DDX39A:s:14410988|19:14410334-14410988:-	DDX39A	chr19:DDX39A:s:14410988	s	14410988	19:14410334-14410988:-	19	14410334	14410988	-	208.2	0.969	0.945	0.799	-0.17	-0.166	-0.0863	ols_slope	0.0018950092901780346	0.04194846321038207	1	0	0.954	0.993	0.949	0.944	0.957	0.935	0.786	0.756	0.835	239	410	293	124	117	138	154	156	243
chx_dose		chrX:CITED1:t:72302934|X:72302934-72307024:-	CITED1	chrX:CITED1:t:72302934	t	72302934	X:72302934-72307024:-	X	72302934	72307024	-	139.1	0.499	0.482	0.325	-0.174	-0.113	-0.0726	ols_slope	0.3044431189167847	0.5701584912575827	1	0	0.556	0.407	0.556	0.59	0.538	0.17	0.338	0.545	0.2	214	295	259	61	145	47	71	55	105
chx_dose		chr1:CDK11A:t:1705732|1:1705732-1707408:-	CDK11A	chr1:CDK11A:t:1705732	t	1705732	1:1705732-1707408:-	1	1705732	1707408	-	115.8	0.777	0.82	0.602	-0.176	-0.191	-0.0731	ols_slope	0.29286938863748274	0.5682386779439029	0	0	0.49	0.889	0.857	0.945	0.785	0.778	0.556	0.641	0.6	49	81	63	55	121	63	169	206	235
chx_dose		chr6:MRPL18:t:159790939|6:159790060-159790939:+	MRPL18	chr6:MRPL18:t:159790939	t	159790939	6:159790060-159790939:+	6	159790060	159790939	+	125.7	0.26	0.183	0.079	-0.18	-0.188	-0.092	ols_slope	0.0175980469229102	0.14276228026848264	1	0	0.292	0.27	0.228	0.308	0.135	0.105	0.015	0.159	0.063	106	226	180	133	148	124	66	69	79
chx_dose		chr12:ARL6IP4:s:122981299|12:122981299-122981594:+	ARL6IP4	chr12:ARL6IP4:s:122981299	s	122981299	12:122981299-122981594:+	12	122981299	122981594	+	411.2	0.745	0.721	0.564	-0.181	-0.135	-0.0943	ols_slope	0.03261481005188081	0.18788966660322642	1	0	0.783	0.681	0.775	0.661	0.849	0.681	0.574	0.47	0.628	612	662	614	301	232	301	282	304	393
chx_dose		chr11:MRPL23:t:1956255|11:1952855-1956255:+	MRPL23	chr11:MRPL23:t:1956255	t	1956255	11:1952855-1956255:+	11	1952855	1956255	+	174.0	0.978	0.894	0.795	-0.183	-0.14	-0.0815	ols_slope	0.010504056246209042	0.1030953668609406	1	0	0.951	0.958	1.0	0.875	0.952	0.844	0.78	0.734	0.906	144	189	359	128	145	122	164	188	127
chx_dose		chr19:PTBP1:t:806407|19:805187-806407:+	PTBP1	chr19:PTBP1:t:806407	t	806407	19:805187-806407:+	19	805187	806407	+	246.2	0.397	0.428	0.213	-0.184	-0.16	-0.0911	ols_slope	0.0218183862297115	0.14276228026848264	0	0	0.383	0.359	0.46	0.394	0.403	0.485	0.245	0.183	0.228	334	432	337	180	201	198	102	208	224
chx_dose		chr3:TRA2B:s:185937824|3:185926734-185937824:-	TRA2B	chr3:TRA2B:s:185937824	s	185937824	3:185926734-185937824:-	3	185926734	185937824	-	142.9	0.583	0.545	0.399	-0.184	-0.174	-0.0961	ols_slope	0.0734608084314248	0.3041736599113683	1	0	0.623	0.593	0.54	0.523	0.677	0.39	0.296	0.554	0.329	114	285	176	65	127	100	125	148	146
chx_dose		chr16:TCF25:t:89883350|16:89873859-89883350:+	TCF25	chr16:TCF25:t:89883350	t	89883350	16:89873859-89883350:+	16	89873859	89883350	+	376.3	0.979	0.948	0.79	-0.188	-0.22	-0.0943	ols_slope	0.0005122855248469363	0.027151132816887625	1	0	0.988	0.988	0.966	0.962	0.945	0.936	0.823	0.793	0.76	323	331	475	339	385	346	333	455	400
chx_dose		chr17:CENPX:t:82019381|17:82019381-82019857:-	CENPX	chr17:CENPX:t:82019381	t	82019381	17:82019381-82019857:-	17	82019381	82019857	-	108.7	0.647	0.636	0.454	-0.192	-0.122	-0.0902	ols_slope	0.032366833284260974	0.18788966660322642	1	0	0.588	0.638	0.688	0.629	0.575	0.761	0.477	0.42	0.475	114	210	205	70	134	71	65	69	40
chx_dose		chr7:HOXA10:t:27172173|7:27172173-27173348:-	HOXA10	chr7:HOXA10:t:27172173	t	27172173	7:27172173-27173348:-	7	27172173	27173348	-	111.6	0.528	0.617	0.336	-0.192	-0.167	-0.0881	ols_slope	0.17319052277526886	0.44145422916671345	0	0	0.622	0.442	0.482	0.505	0.769	0.533	0.452	0.254	0.31	185	129	139	91	108	75	73	59	145
chx_dose		chr11:SF1:t:64770408|11:64770408-64773429:-	SF1	chr11:SF1:t:64770408	t	64770408	11:64770408-64773429:-	11	64770408	64773429	-	117.6	0.983	0.952	0.79	-0.193	-0.192	-0.1018	ols_slope	0.0006144414849369183	0.029294919601360776	1	0	1.0	0.995	0.962	0.974	0.939	0.93	0.743	0.813	0.789	95	188	185	115	66	71	74	150	114
chx_dose		chr5:ATG12:t:115837764|5:115837764-115841389:-	ATG12	chr5:ATG12:t:115837764	t	115837764	5:115837764-115841389:-	5	115837764	115841389	-	101.1	0.952	0.978	0.755	-0.196	-0.203	-0.0846	ols_slope	0.053315783702051416	0.23547804468406042	0	0	1.0	0.935	0.929	0.989	1.0	0.955	0.864	0.652	0.841	96	170	85	90	73	110	66	138	82
chx_dose		chr4:TMA16:t:163507032|4:163494804-163507032:+	TMA16	chr4:TMA16:t:163507032	t	163507032	4:163494804-163507032:+	4	163494804	163507032	+	194.6	0.924	0.838	0.727	-0.197	-0.194	-0.0938	ols_slope	0.006027809661364335	0.07986847801307743	1	0	0.918	0.883	0.975	0.871	0.832	0.818	0.679	0.848	0.685	219	307	278	132	179	159	221	132	124
chx_dose		chr17:MYBBP1A:t:4545175|17:4545175-4545258:-	MYBBP1A	chr17:MYBBP1A:t:4545175	t	4545175	17:4545175-4545258:-	17	4545175	4545258	-	358.4	0.974	0.919	0.766	-0.208	-0.202	-0.1034	ols_slope	0.00025420184145082543	0.016840871996117186	1	0	0.956	0.995	0.968	0.928	0.906	0.921	0.783	0.799	0.716	340	428	494	293	256	229	360	417	409
chx_dose		chr21:NDUFV3:t:42908863|21:42897047-42908863:+	NDUFV3	chr21:NDUFV3:t:42908863	t	42908863	21:42897047-42908863:+	21	42897047	42908863	+	175.6	0.677	0.684	0.464	-0.213	-0.206	-0.102	ols_slope	0.03996580987382507	0.19982904936912538	0	0	0.745	0.612	0.688	0.766	0.626	0.683	0.519	0.351	0.564	165	214	247	145	206	142	133	188	140
chx_dose		chr19:USF2:t:35270446|19:35269699-35270446:+	USF2	chr19:USF2:t:35270446	t	35270446	19:35269699-35270446:+	19	35269699	35270446	+	146.2	0.464	0.367	0.247	-0.217	-0.192	-0.1212	ols_slope	0.0026520801753589104	0.04815754220015362	1	0	0.405	0.46	0.515	0.395	0.413	0.316	0.154	0.179	0.32	185	274	235	119	75	136	39	106	147
chx_dose		chr13:POLR1D:s:27622009|13:27622009-27622874:+	POLR1D	chr13:POLR1D:s:27622009	s	27622009	13:27622009-27622874:+	13	27622009	27622874	+	145.0	0.84	0.758	0.622	-0.218	-0.201	-0.1145	ols_slope	0.1316284691947555	0.3925684114566473	1	0	0.768	0.871	0.869	0.738	0.655	0.92	0.847	0.651	0.323	228	271	283	61	145	100	72	83	62
chx_dose		chr18:TXNL4A:t:79973856|18:79973856-79988239:-	TXNL4A	chr18:TXNL4A:t:79973856	t	79973856	18:79973856-79988239:-	18	79973856	79988239	-	178.4	0.433	0.301	0.201	-0.233	-0.207	-0.1203	ols_slope	0.009468294994798458	0.09468294994798457	1	0	0.456	0.481	0.37	0.397	0.203	0.277	0.225	0.281	0.08	287	289	324	156	133	83	120	114	100
chx_dose		chr16:INO80E:s:30001040|16:30001040-30005220:+	INO80E	chr16:INO80E:s:30001040	s	30001040	16:30001040-30005220:+	16	30001040	30005220	+	115.3	0.455	0.272	0.22	-0.235	-0.184	-0.1207	ols_slope	0.020492572058573185	0.14276228026848264	1	0	0.517	0.306	0.565	0.375	0.193	0.225	0.229	0.223	0.21	120	157	147	120	114	71	96	94	119
chx_dose		chr6:PSMG4:s:3263759|6:3263759-3267590:+	PSMG4	chr6:PSMG4:s:3263759	s	3263759	6:3263759-3267590:+	6	3263759	3267590	+	240.6	0.872	0.786	0.634	-0.238	-0.151	-0.119	ols_slope	0.0010321602845503198	0.03217911475362761	1	0	0.895	0.887	0.842	0.818	0.759	0.787	0.736	0.576	0.597	285	293	366	198	245	254	159	144	221
chx_dose		chr17:NT5C:t:75130867|17:75130867-75131044:-	NT5C	chr17:NT5C:t:75130867	t	75130867	17:75130867-75131044:-	17	75130867	75131044	-	208.4	0.777	0.613	0.538	-0.238	-0.257	-0.1201	ols_slope	0.004704015704138991	0.06738184657280176	1	0	0.844	0.643	0.805	0.653	0.545	0.654	0.533	0.471	0.566	186	157	302	193	198	136	195	140	369
chx_dose		chr5:ATG12:s:115841389|5:115837764-115841389:-	ATG12	chr5:ATG12:s:115841389	s	115841389	5:115837764-115841389:-	5	115837764	115841389	-	101.4	0.979	0.957	0.737	-0.242		-0.105	ols_slope	0.01576866847070224	0.13700646376183914	1	0	0.97	0.975	1.0	0.947	0.936	0.981	0.838	0.625	0.852	99	163	79	94	78	107	68	144	81
chx_dose		chr19:DDX39A:t:14410334|19:14410334-14410988:-	DDX39A	chr19:DDX39A:t:14410334	t	14410334	19:14410334-14410988:-	19	14410334	14410988	-	219.0	0.958	0.895	0.715	-0.243	-0.249	-0.1235	ols_slope	0.001022322212701767	0.03217911475362761	1	0	0.954	0.985	0.924	0.936	0.918	0.843	0.658	0.698	0.766	239	413	301	125	122	153	184	169	265
chx_dose		chr9:CDKN2A:t:21971208|9:21971208-21994138:-	CDKN2A	chr9:CDKN2A:t:21971208	t	21971208	9:21971208-21994138:-	9	21971208	21994138	-	108.9	0.537	0.584	0.293	-0.244	-0.2	-0.1227	ols_slope	0.14355196328482536	0.4025531245553304	0	0	0.465	0.522	0.637	0.75	0.356	0.63	0.491	0.081	0.316	187	251	171	68	59	46	57	62	79
chx_dose		chr19:USF2:s:35269699|19:35269699-35270446:+	USF2	chr19:USF2:s:35269699	s	35269699	19:35269699-35270446:+	19	35269699	35270446	+	100.1	0.661	0.502	0.416	-0.245	-0.258	-0.1424	ols_slope	0.03515523333153519	0.19529591798906235	1	0	0.581	0.7	0.68	0.61	0.341	0.589	0.24	0.279	0.588	129	180	178	77	91	73	25	68	80
chx_dose		chr17:AARSD1:t:42951894|17:42951894-42953723:-	AARSD1	chr17:AARSD1:t:42951894	t	42951894	17:42951894-42953723:-	17	42951894	42953723	-	214.2	0.804	0.743	0.557	-0.247	-0.208	-0.121	ols_slope	0.0007738280649416054	0.029294919601360776	1	0	0.825	0.791	0.794	0.71	0.704	0.815	0.573	0.596	0.515	143	115	165	176	226	200	279	267	357
chx_dose		chr17:SNHG29:t:16440184|17:16439414-16440184:+	SNHG29	chr17:SNHG29:t:16440184	t	16440184	17:16439414-16440184:+	17	16439414	16440184	+	195.6	0.92	0.852	0.674	-0.247	-0.202	-0.1227	ols_slope	0.002725898615103024	0.04815754220015362	1	0	0.862	0.947	0.936	0.876	0.82	0.889	0.676	0.581	0.75	224	283	358	145	250	117	102	129	152
chx_dose		chr17:AARSD1:s:42954875|17:42953778-42954875:-	AARSD1	chr17:AARSD1:s:42954875	s	42954875	17:42953778-42954875:-	17	42953778	42954875	-	110.3	0.61	0.509	0.356	-0.254	-0.269	-0.1314	ols_slope	0.02249627574147018	0.14470955564253807	1	0	0.79	0.575	0.487	0.595	0.351	0.565	0.369	0.333	0.362	62	40	80	126	94	69	141	138	243
chx_dose		chr6:PSMG4:t:3267590|6:3263759-3267590:+	PSMG4	chr6:PSMG4:t:3267590	t	3267590	6:3263759-3267590:+	6	3263759	3267590	+	265.9	0.824	0.682	0.563	-0.261	-0.229	-0.1274	ols_slope	0.00011410578205752691	0.009031617231869722	1	0	0.794	0.823	0.851	0.661	0.66	0.722	0.632	0.553	0.518	321	316	362	245	282	277	185	150	255
chx_dose		chr1:CDK11B:t:1642508|1:1642508-1645125:-	CDK11B	chr1:CDK11B:t:1642508	t	1642508	1:1642508-1645125:-	1	1642508	1645125	-	185.6	0.651	0.699	0.39	-0.261	-0.317	-0.1323	ols_slope	0.020444214130062803	0.14276228026848264	0	0	0.635	0.665	0.65	0.621	0.741	0.698	0.346	0.318	0.492	137	167	140	124	228	159	243	214	258
chx_dose		chr1:RPS27:t:153991114|1:153990802-153991114:+	RPS27	chr1:RPS27:t:153991114	t	153991114	1:153990802-153991114:+	1	153990802	153991114	+	161.1	0.888	0.756	0.628	-0.261	-0.201	-0.1243	ols_slope	0.02293509938485509	0.14470955564253807	1	0	0.917	0.861	0.9	0.909	0.781	0.639	0.622	0.793	0.517	240	345	231	66	151	119	98	82	118
chx_dose		chr17:SNHG29:s:16439414|17:16439414-16440184:+	SNHG29	chr17:SNHG29:s:16439414	s	16439414	17:16439414-16440184:+	17	16439414	16440184	+	232.1	0.802	0.711	0.534	-0.267	-0.216	-0.132	ols_slope	0.0037034228742144058	0.0613379413541761	1	0	0.702	0.838	0.842	0.774	0.702	0.662	0.511	0.452	0.626	275	320	398	164	292	157	135	166	182
chx_dose		chr11:HRAS:t:532755|11:532755-533452:-	HRAS	chr11:HRAS:t:532755	t	532755	11:532755-533452:-	11	532755	533452	-	385.7	0.916	0.709	0.639	-0.277	-0.272	-0.1323	ols_slope	0.008873225213439568	0.09221194829652894	1	0	0.905	0.92	0.92	0.597	0.816	0.68	0.573	0.756	0.621	465	609	821	238	310	225	281	205	317
chx_dose		chr16:ATXN2L:s:28836122|16:28836122-28836727:+	ATXN2L	chr16:ATXN2L:s:28836122	s	28836122	16:28836122-28836727:+	16	28836122	28836727	+	118.1	0.685	0.542	0.386	-0.299	-0.222	-0.1416	ols_slope	0.014568521340401376	0.1308697679730971	1	0	0.744	0.613	0.701	0.675	0.522	0.472	0.222	0.484	0.503	90	106	144	80	159	106	153	64	161
chx_dose		chr7:SRRT:t:100884069|7:100882241-100884069:+	SRRT	chr7:SRRT:t:100884069	t	100884069	7:100882241-100884069:+	7	100882241	100884069	+	155.9	0.925	0.897	0.613	-0.313	-0.358	-0.1494	ols_slope	0.01766357586658085	0.14276228026848264	1	0	0.944	0.908	0.93	0.935	0.902	0.843	0.838	0.548	0.5	215	292	257	123	143	102	80	73	118
chx_dose		chr1:PABPC4:t:39570002|1:39570002-39571233:-	PABPC4	chr1:PABPC4:t:39570002	t	39570002	1:39570002-39571233:-	1	39570002	39571233	-	152.7	0.734	0.621	0.415	-0.319	-0.348	-0.165	ols_slope	0.02060377769718394	0.14276228026848264	1	0	0.701	0.577	0.905	0.514	0.734	0.65	0.475	0.235	0.482	127	215	221	111	79	103	160	136	222
chx_dose		chr19:AKAP8:t:15368322|19:15368322-15370145:-	AKAP8	chr19:AKAP8:t:15368322	t	15368322	19:15368322-15370145:-	19	15368322	15370145	-	110.8	0.946	0.767	0.601	-0.345	-0.352	-0.167	ols_slope	6.529786741828219e-05	0.006921573946337937	1	0	0.909	0.977	0.94	0.742	0.736	0.81	0.671	0.529	0.625	99	131	84	97	87	116	85	138	160
chx_dose		chr8:RPL8:t:144791307|8:144791307-144791370:-	RPL8	chr8:RPL8:t:144791307	t	144791307	8:144791307-144791370:-	8	144791307	144791370	-	177.3	0.923	0.592	0.562	-0.361	-0.316	-0.1633	ols_slope	0.04098593310165368	0.2011346717025599	1	0	0.892	0.947	0.915	0.695	0.413	0.684	0.724	0.684	0.367	260	492	519	59	63	57	29	57	60
chx_dose		chr20:NOP56:t:2656400|20:2656214-2656400:+	NOP56	chr20:NOP56:t:2656400	t	2656400	20:2656214-2656400:+	20	2656214	2656400	+	123.8	0.713	0.166	0.327	-0.386	-0.426	-0.1965	ols_slope	0.0528336669831276	0.23547804468406042	0	0	0.802	0.612	0.743	0.194	0.133	0.159	0.26	0.279	0.439	126	152	144	124	75	157	100	122	114
chx_dose		chr16:EIF3C:t:28723163|16:28715434-28723163:+	EIF3C	chr16:EIF3C:t:28723163	t	28723163	16:28715434-28723163:+	16	28715434	28723163	+	231.9	0.916	0.919	0.523	-0.394	-0.402	-0.1927	ols_slope	0.007968211425690916	0.08798233449200395	0	0	0.974	0.86	0.909	0.989	0.973	0.796	0.552	0.579	0.456	271	242	287	177	256	211	154	228	261
chx_dose		chr19:CLASRP:t:45068419|19:45068054-45068419:+	CLASRP	chr19:CLASRP:t:45068419	t	45068419	19:45068054-45068419:+	19	45068054	45068419	+	294.9	0.739	0.568	0.274	-0.465	-0.47	-0.2311	ols_slope	1.4796207004874903e-05	0.005960932934062642	1	0	0.699	0.718	0.777	0.56	0.525	0.619	0.29	0.225	0.292	176	202	292	150	242	226	472	360	534
