contrast	rank	junction_id	gene	lsv	side	anchor	junction	chrom	start	end	strand	mean_lsv_total	psi_ctl	psi_mid	psi_treated	dpsi	dpsi_dedup	slope	test	p	padj	consistent	hit	psi_Hek_control_1	psi_Hek_control_2	psi_Hek_control_3	psi_CHX_dose_50ug_mL-1	psi_CHX_dose_50ug_mL-2	psi_CHX_dose_50ug_mL-3	n_Hek_control_1	n_Hek_control_2	n_Hek_control_3	n_CHX_dose_50ug_mL-1	n_CHX_dose_50ug_mL-2	n_CHX_dose_50ug_mL-3
chx_high	1	chr19:AKAP8L:s:15399301|19:15398766-15399301:-	AKAP8L	chr19:AKAP8L:s:15399301	s	15399301	19:15398766-15399301:-	19	15398766	15399301	-	101.8	0.321		0.781	0.459	0.487		welch	0.001434261106284105	0.09369707094572077	1	1	0.262	0.327	0.366	0.784	0.806	0.763	65	49	82	139	103	173
chx_high	2	chr19:CLASRP:t:45068419|19:45068058-45068419:+	CLASRP	chr19:CLASRP:t:45068419	t	45068419	19:45068058-45068419:+	19	45068058	45068419	+	339.3	0.249		0.706	0.456	0.47		welch	0.00025424971917843573	0.024746972666701075	1	1	0.284	0.282	0.205	0.71	0.758	0.667	176	202	292	472	360	534
chx_high	3	chr16:EIF3C:t:28723163|16:28721032-28723163:+	EIF3C	chr16:EIF3C:t:28723163	t	28723163	16:28721032-28723163:+	16	28721032	28723163	+	240.5	0.084		0.477	0.394	0.402		welch	0.0016044018997554905	0.09369707094572077	1	1	0.026	0.14	0.091	0.448	0.421	0.544	271	242	287	154	228	261
chx_high	4	chr15:SNRPA1:t:101285801|15:101285801-101286907:-	SNRPA1	chr15:SNRPA1:t:101285801	t	101285801	15:101285801-101286907:-	15	101285801	101286907	-	263.0	0.036		0.205	0.168	0.174		welch	8.480654687680651e-05	0.016509007792018335	1	1	0.022	0.039	0.045	0.189	0.208	0.215	225	307	264	264	178	340
chx_high	5	chr11:DEAF1:t:644654|11:644654-646326:-	DEAF1	chr11:DEAF1:t:644654	t	644654	11:644654-646326:-	11	644654	646326	-	225.0	0.067		0.219	0.152	0.118		welch	1.5496341617931743e-05	0.009049863504872137	1	1	0.062	0.075	0.063	0.229	0.214	0.218	208	348	365	96	154	179
chx_high	6	chr19:DDX39A:t:14410334|19:14410334-14410547:-	DDX39A	chr19:DDX39A:t:14410334	t	14410334	19:14410334-14410547:-	19	14410334	14410547	-	261.8	0.014		0.16	0.147	0.155		welch	0.00022614953129807976	0.024746972666701075	1	1	0.025	0.0	0.023	0.168	0.148	0.162	239	413	301	184	169	265
chx_high	7	chr8:RPL8:t:144791307|8:144791307-144791849:-	RPL8	chr8:RPL8:t:144791307	t	144791307	8:144791307-144791849:-	8	144791307	144791849	-	236.2	0.077		0.438	0.361	0.316		welch	0.0991571205252229	0.4094519542037817	1	0	0.108	0.053	0.085	0.276	0.316	0.633	260	492	519	29	57	60
chx_high	8	chr16:TMEM208:t:67228796|16:67228657-67228796:+	TMEM208	chr16:TMEM208:t:67228796	t	67228796	16:67228657-67228796:+	16	67228657	67228796	+	107.7	0.047		0.393	0.346	0.345		welch	0.16302512470761235	0.4830374393167784	1	0	0.034	0.103	0.027	0.216	0.206	0.624	116	78	149	102	68	133
chx_high	9	chr19:AKAP8:t:15368322|19:15368322-15369066:-	AKAP8	chr19:AKAP8:t:15368322	t	15368322	19:15368322-15369066:-	19	15368322	15369066	-	116.2	0.054		0.399	0.345	0.352		welch	0.006471603845421064	0.13579217745189653	1	0	0.091	0.023	0.06	0.329	0.471	0.375	99	131	84	85	138	160
chx_high	10	chr20:NOP56:t:2656400|20:2656034-2656400:+	NOP56	chr20:NOP56:t:2656400	t	2656400	20:2656034-2656400:+	20	2656034	2656400	+	126.3	0.28		0.622	0.342	0.426		welch	0.01172417840222477	0.15561182242952876	1	0	0.198	0.368	0.257	0.62	0.721	0.518	126	152	144	100	122	114
chx_high		chr1:PABPC4:t:39570002|1:39570002-39571096:-	PABPC4	chr1:PABPC4:t:39570002	t	39570002	1:39570002-39571096:-	1	39570002	39571096	-	180.2	0.266		0.585	0.319	0.348		welch	0.0596864144777094	0.3112220183480562	1	0	0.299	0.423	0.095	0.525	0.765	0.518	127	215	221	160	136	222
chx_high		chr7:SRRT:t:100884069|7:100883090-100884069:+	SRRT	chr7:SRRT:t:100884069	t	100884069	7:100883090-100884069:+	7	100883090	100884069	+	172.5	0.075		0.387	0.313	0.358		welch	0.10376522127082136	0.4094519542037817	1	0	0.056	0.092	0.07	0.163	0.452	0.5	215	292	257	80	73	118
chx_high		chr19:AKAP8:s:15370145|19:15369224-15370145:-	AKAP8	chr19:AKAP8:s:15370145	s	15370145	19:15369224-15370145:-	19	15369224	15370145	-	104.7	0.007		0.301	0.294	0.227		welch	0.038583386423824764	0.2652407029512198	1	0	0.0	0.0	0.025	0.186	0.387	0.286	90	128	81	70	119	140
chx_high		chr17:AARSD1:s:42954875|17:42951894-42954875:-	AARSD1	chr17:AARSD1:s:42954875	s	42954875	17:42951894-42954875:-	17	42951894	42954875	-	117.3	0.346		0.626	0.28	0.269		welch	0.04297975237497722	0.2728279933368119	1	0	0.21	0.425	0.412	0.567	0.667	0.638	62	40	80	141	138	243
chx_high		chr11:HRAS:t:532755|11:532755-533276:-	HRAS	chr11:HRAS:t:532755	t	532755	11:532755-533276:-	11	532755	533276	-	449.7	0.084		0.361	0.277	0.272		welch	0.03938619457336965	0.2652407029512198	1	0	0.095	0.08	0.08	0.427	0.244	0.379	465	609	821	281	205	317
chx_high		chr6:PSMG4:t:3267590|6:3264325-3267590:+	PSMG4	chr6:PSMG4:t:3267590	t	3267590	6:3264325-3267590:+	6	3264325	3267590	+	264.8	0.157		0.431	0.273	0.229		welch	0.016304185017306357	0.19836758437722735	1	0	0.171	0.161	0.141	0.351	0.44	0.482	321	316	362	185	150	255
chx_high		chr9:CDKN2A:t:21971208|9:21971208-21974677:-	CDKN2A	chr9:CDKN2A:t:21971208	t	21971208	9:21971208-21974677:-	9	21971208	21974677	-	134.5	0.414		0.682	0.268	0.2		welch	0.2057127051457329	0.5140263429281569	0	0	0.513	0.386	0.345	0.421	0.919	0.684	187	251	171	57	62	79
chx_high		chr17:NARF:t:82483715|17:82483304-82483715:+	NARF	chr17:NARF:t:82483715	t	82483715	17:82483304-82483715:+	17	82483304	82483715	+	100.5	0.169		0.437	0.267	0.231		welch	0.008835792368445316	0.13579217745189653	1	0	0.254	0.154	0.119	0.475	0.388	0.447	118	104	168	61	67	85
chx_high		chr1:CDK11B:t:1642508|1:1642508-1649498:-	CDK11B	chr1:CDK11B:t:1642508	t	1642508	1:1642508-1649498:-	1	1642508	1649498	-	193.2	0.349		0.61	0.261	0.317		welch	0.036542933776199854	0.26025699177196	1	0	0.365	0.335	0.35	0.654	0.682	0.508	137	167	140	243	214	258
chx_high		chr1:RPS27:t:153991114|1:153991034-153991114:+	RPS27	chr1:RPS27:t:153991114	t	153991114	1:153991034-153991114:+	1	153991034	153991114	+	185.7	0.112		0.372	0.261	0.201		welch	0.08481735086072745	0.39117825978762166	1	0	0.083	0.139	0.1	0.378	0.207	0.483	240	345	231	98	82	118
chx_high		chr17:SNHG29:t:16440184|17:16439703-16440184:+	SNHG29	chr17:SNHG29:t:16440184	t	16440184	17:16439703-16440184:+	17	16439703	16440184	+	208.0	0.08		0.326	0.247	0.202		welch	0.020135097945568416	0.21458957830714925	1	0	0.138	0.053	0.064	0.324	0.419	0.25	224	283	358	102	129	152
chx_high		chr7:HOXA10:t:27172173|7:27172173-27179645:-	HOXA10	chr7:HOXA10:t:27172173	t	27172173	7:27172173-27179645:-	7	27172173	27179645	-	121.7	0.389		0.635	0.247	0.187		welch	0.045590391685032906	0.28026093414799175	1	0	0.314	0.395	0.482	0.521	0.746	0.648	185	129	139	73	59	145
chx_high		chr17:CENPX:t:82019381|17:82019381-82019640:-	CENPX	chr17:CENPX:t:82019381	t	82019381	17:82019381-82019640:-	17	82019381	82019640	-	117.2	0.284		0.523	0.239	0.122		welch	0.008471651301187657	0.13579217745189653	1	0	0.342	0.305	0.229	0.462	0.58	0.525	114	210	205	65	69	40
chx_high		chr8:EEF1D:t:143586852|8:143586852-143588990:-	EEF1D	chr8:EEF1D:t:143586852	t	143586852	8:143586852-143588990:-	8	143586852	143588990	-	109.5	0.293		0.523	0.23	0.236		welch	0.03276671038716645	0.25178630086980536	1	0	0.179	0.362	0.319	0.569	0.522	0.467	156	210	119	58	69	45
chx_high		chr19:USF2:s:35269699|19:35269699-35269802:+	USF2	chr19:USF2:s:35269699	s	35269699	19:35269699-35269802:+	19	35269699	35269802	+	110.0	0.324		0.549	0.225	0.242		welch	0.1727623773467959	0.48706062555519536	0	0	0.38	0.294	0.315	0.76	0.721	0.338	129	180	178	25	68	80
chx_high		chr21:NDUFV3:t:42908863|21:42904276-42908863:+	NDUFV3	chr21:NDUFV3:t:42908863	t	42908863	21:42904276-42908863:+	21	42904276	42908863	+	181.2	0.281		0.505	0.224	0.211		welch	0.05825256304878948	0.3110871368250878	1	0	0.164	0.364	0.287	0.429	0.612	0.436	165	214	247	133	188	140
chx_high		chr13:POLR1D:s:27622009|13:27622009-27648378:+	POLR1D	chr13:POLR1D:s:27622009	s	27622009	13:27622009-27648378:+	13	27622009	27648378	+	166.5	0.153		0.378	0.224	0.201		welch	0.2605331717470751	0.5679001118957052	0	0	0.211	0.129	0.131	0.153	0.349	0.677	228	271	283	72	83	62
chx_high		chr1:ENSG00000233461:t:231522637|1:231522637-231527337:-	ENSG00000233461	chr1:ENSG00000233461:t:231522637	t	231522637	1:231522637-231527337:-	1	231522637	231527337	-	166.5	0.524		0.746	0.222	0.158		welch	0.03615773698974329	0.26025699177196	1	0	0.612	0.523	0.437	0.779	0.718	0.747	129	216	126	154	188	186
chx_high		chr18:TXNL4A:t:79973856|18:79973856-79977597:-	TXNL4A	chr18:TXNL4A:t:79973856	t	79973856	18:79973856-79977597:-	18	79973856	79977597	-	205.7	0.549		0.769	0.221	0.207		welch	0.00620016558710863	0.13579217745189653	1	0	0.544	0.495	0.602	0.775	0.719	0.82	287	289	324	120	114	100
chx_high		chr19:USF2:t:35270446|19:35270003-35270446:+	USF2	chr19:USF2:t:35270446	t	35270446	19:35270003-35270446:+	19	35270003	35270446	+	164.3	0.536		0.753	0.217	0.192		welch	0.023071550688233643	0.21731912261174915	1	0	0.595	0.54	0.485	0.846	0.821	0.68	185	274	235	39	106	147
chx_high		chr17:MYBBP1A:t:4545175|17:4545175-4545266:-	MYBBP1A	chr17:MYBBP1A:t:4545175	t	4545175	17:4545175-4545266:-	17	4545175	4545266	-	408.0	0.021		0.234	0.214	0.202		welch	0.0083145227840312	0.13579217745189653	1	0	0.032	0.005	0.026	0.217	0.201	0.284	340	428	494	360	417	409
chx_high		chr17:AARSD1:t:42951894|17:42951894-42954875:-	AARSD1	chr17:AARSD1:t:42951894	t	42951894	17:42951894-42954875:-	17	42951894	42954875	-	221.0	0.149		0.362	0.213	0.209		welch	0.020209634943310288	0.21458957830714925	1	0	0.091	0.148	0.2	0.287	0.345	0.434	143	115	165	279	267	357
chx_high		chr17:NT5C:t:75130867|17:75130867-75130964:-	NT5C	chr17:NT5C:t:75130867	t	75130867	17:75130867-75130964:-	17	75130867	75130964	-	224.8	0.144		0.355	0.211	0.191		welch	0.031032238252694508	0.24320489891562488	1	0	0.14	0.248	0.093	0.344	0.407	0.341	186	157	302	195	140	369
chx_high		chr3:TRA2B:s:185937824|3:185931852-185937824:-	TRA2B	chr3:TRA2B:s:185937824	s	185937824	3:185931852-185937824:-	3	185931852	185937824	-	165.7	0.384		0.594	0.21	0.194		welch	0.09918861088868847	0.4094519542037817	1	0	0.307	0.396	0.415	0.696	0.432	0.671	114	285	176	125	148	146
chx_high		chr6:MRPL18:t:159790939|6:159790639-159790939:+	MRPL18	chr6:MRPL18:t:159790939	t	159790939	6:159790639-159790939:+	6	159790639	159790939	+	121.0	0.688		0.883	0.196	0.202		welch	0.04547827375343676	0.28026093414799175	1	0	0.66	0.704	0.683	0.985	0.841	0.835	106	226	180	66	69	79
chx_high		chr5:ATG12:t:115837764|5:115837764-115840496:-	ATG12	chr5:ATG12:t:115837764	t	115837764	5:115837764-115840496:-	5	115837764	115840496	-	106.2	0.048		0.245	0.196	0.203		welch	0.11623403852576528	0.42642979452418506	1	0	0.0	0.065	0.071	0.136	0.348	0.159	96	170	85	66	138	82
chx_high		chr4:TMA16:t:163507032|4:163494836-163507032:+	TMA16	chr4:TMA16:t:163507032	t	163507032	4:163494836-163507032:+	4	163494836	163507032	+	213.5	0.073		0.266	0.193	0.194		welch	0.05475818028227129	0.30455978366520414	1	0	0.082	0.111	0.025	0.321	0.152	0.29	219	307	278	221	132	124
chx_high		chr18:TXNL4A:s:79988239|18:79986750-79988239:-	TXNL4A	chr18:TXNL4A:s:79988239	s	79988239	18:79986750-79988239:-	18	79986750	79988239	-	181.0	0.109		0.301	0.192	0.206		welch	0.009584535180669084	0.13745574624330004	1	0	0.164	0.074	0.092	0.326	0.238	0.324	275	270	315	95	63	68
chx_high		chr5:ATG12:s:115841389|5:115840612-115841389:-	ATG12	chr5:ATG12:s:115841389	s	115841389	5:115840612-115841389:-	5	115840612	115841389	-	105.7	0.012		0.201	0.19			welch	0.13510450555524056	0.45607532511133236	1	0	0.0	0.025	0.0	0.162	0.299	0.062	99	163	79	68	144	81
chx_high		chr16:TCF25:t:89883350|16:89878627-89883350:+	TCF25	chr16:TCF25:t:89883350	t	89883350	16:89878627-89883350:+	16	89878627	89883350	+	386.2	0.021		0.21	0.188	0.22		welch	0.004122851863411066	0.13579217745189653	1	0	0.012	0.012	0.034	0.177	0.207	0.24	323	331	475	333	455	400
chx_high		chr17:SNHG29:s:16439414|17:16439414-16439659:+	SNHG29	chr17:SNHG29:s:16439414	s	16439414	17:16439414-16439659:+	17	16439414	16439659	+	246.0	0.075		0.263	0.188	0.118		welch	0.030247760171392895	0.2428115645933954	1	0	0.062	0.034	0.116	0.333	0.295	0.181	275	320	398	135	166	182
chx_high		chr11:MRPL23:t:1956255|11:1955781-1956255:+	MRPL23	chr11:MRPL23:t:1956255	t	1956255	11:1955781-1956255:+	11	1955781	1956255	+	195.2	0.0		0.188	0.188	0.14		welch	0.09899843729621625	0.4094519542037817	1	0	0.0	0.0	0.0	0.195	0.266	0.063	144	189	359	164	188	127
chx_high		chr11:SF1:t:64770408|11:64770408-64776497:-	SF1	chr11:SF1:t:64770408	t	64770408	11:64770408-64776497:-	11	64770408	64776497	-	134.3	0.017		0.201	0.184	0.192		welch	0.005655762076111004	0.13579217745189653	1	0	0.0	0.005	0.038	0.257	0.187	0.184	95	188	185	74	150	114
chx_high		chr19:PTBP1:t:806407|19:805569-806407:+	PTBP1	chr19:PTBP1:t:806407	t	806407	19:805569-806407:+	19	805569	806407	+	272.8	0.603		0.787	0.184	0.16		welch	0.011418429998019385	0.15507821206612374	1	0	0.617	0.641	0.54	0.755	0.817	0.772	334	432	337	102	208	224
chx_high		chr12:ARL6IP4:s:122981299|12:122981299-122981655:+	ARL6IP4	chr12:ARL6IP4:s:122981299	s	122981299	12:122981299-122981655:+	12	122981299	122981655	+	477.8	0.068		0.251	0.183	0.162		welch	0.0018957745600528808	0.10064839482462568	1	0	0.072	0.089	0.042	0.245	0.289	0.226	612	662	614	282	304	393
chx_high		chr12:ARL6IP4:s:122981266|12:122981266-122981703:+	ARL6IP4	chr12:ARL6IP4:s:122981266	s	122981266	12:122981266-122981703:+	12	122981266	122981703	+	269.7	0.001		0.182	0.181	0.174		welch	0.02754393937591657	0.2369859708758753	1	0	0.003	0.0	0.0	0.26	0.173	0.152	309	444	333	123	127	282
chx_high		chr6:PSMG4:s:3263759|6:3263759-3264208:+	PSMG4	chr6:PSMG4:s:3263759	s	3263759	6:3263759-3264208:+	6	3263759	3264208	+	244.7	0.114		0.294	0.179	0.151		welch	0.09073748623107913	0.40774712711106514	1	0	0.07	0.113	0.15	0.164	0.34	0.357	285	293	366	159	144	221
chx_high		chr16:SRRM2:t:2757471|16:2756606-2757471:+	SRRM2	chr16:SRRM2:t:2757471	t	2757471	16:2756606-2757471:+	16	2756606	2757471	+	233.5	0.746		0.924	0.178	0.169		welch	0.009609541072029418	0.13745574624330004	1	0	0.799	0.714	0.737	0.9	0.945	0.918	194	255	217	201	289	245
chx_high		chr19:RPS9:t:54207397|19:54206724-54207397:+	RPS9	chr19:RPS9:t:54207397	t	54207397	19:54206724-54207397:+	19	54206724	54207397	+	2671.8	0.007		0.185	0.177	0.177		welch	0.007605965284317886	0.13579217745189653	1	0	0.007	0.01	0.004	0.157	0.179	0.211	2675	3863	3643	1831	1767	2252
chx_high		chr1:CDK11A:t:1705732|1:1705732-1707524:-	CDK11A	chr1:CDK11A:t:1705732	t	1705732	1:1705732-1707524:-	1	1705732	1707524	-	133.8	0.223		0.398	0.176	0.191		welch	0.37169151253178273	0.6396561662327643	0	0	0.51	0.111	0.143	0.444	0.359	0.4	49	81	63	169	206	235
chx_high		chr11:ARFIP2:s:6478737|11:6478652-6478737:-	ARFIP2	chr11:ARFIP2:s:6478737	s	6478737	11:6478652-6478737:-	11	6478652	6478737	-	102.5	0.051		0.224	0.173	0.21		welch	0.0280000547781428	0.2369859708758753	1	0	0.108	0.077	0.0	0.247	0.151	0.253	102	130	178	77	53	75
chx_high		chr19:DDX39A:s:14410988|19:14410605-14410988:-	DDX39A	chr19:DDX39A:s:14410988	s	14410988	19:14410605-14410988:-	19	14410605	14410988	-	249.2	0.031		0.201	0.17	0.166		welch	0.00582874281190904	0.13579217745189653	1	0	0.046	0.007	0.051	0.214	0.244	0.165	239	410	293	154	156	243
chx_high		chr20:PIGT:s:45420429|20:45420429-45420507:+	PIGT	chr20:PIGT:s:45420429	s	45420429	20:45420429-45420507:+	20	45420429	45420507	+	114.3	0.0		0.167	0.167	0.147		welch	0.12047519887360748	0.42642979452418506	1	0	0.0	0.0	0.0	0.289	0.231	0.049	153	135	140	38	117	103
chx_high		chr9:EDF1:s:136862905|9:136862345-136862905:-	EDF1	chr9:EDF1:s:136862905	s	136862905	9:136862345-136862905:-	9	136862345	136862905	-	526.5	0.477		0.643	0.166	0.146		welch	0.039967777157033126	0.2652407029512198	1	0	0.4	0.528	0.474	0.633	0.64	0.651	512	803	867	245	322	410
chx_high		chr16:INO80E:s:30001040|16:30001040-30001413:+	INO80E	chr16:INO80E:s:30001040	s	30001040	16:30001040-30001413:+	16	30001040	30001413	+	122.2	0.481		0.647	0.166	0.134		welch	0.13862038895795709	0.4599676542695849	0	0	0.4	0.631	0.388	0.719	0.638	0.597	120	157	147	96	94	119
chx_high		chr16:PSMB10:t:67934948|16:67934948-67935295:-	PSMB10	chr16:PSMB10:t:67934948	t	67934948	16:67934948-67935295:-	16	67934948	67935295	-	117.5	0.195		0.36	0.165	0.178		welch	0.019868901263477956	0.21458957830714925	1	0	0.183	0.21	0.195	0.384	0.305	0.388	191	143	118	73	82	98
chx_high		chr19:ENSG00000266953:s:34404815|19:34404815-34409160:+	ENSG00000266953	chr19:ENSG00000266953:s:34404815	s	34404815	19:34404815-34409160:+	19	34404815	34409160	+	133.7	0.0		0.164	0.164	0.18		welch	0.008663248777544963	0.13579217745189653	1	0	0.0	0.0	0.0	0.146	0.2	0.163	131	194	191	89	50	147
chx_high		chr5:NOP16:s:176385220|5:176384374-176385220:-	NOP16	chr5:NOP16:s:176385220	s	176385220	5:176384374-176385220:-	5	176384374	176385220	-	214.2	0.51		0.675	0.164	0.174		welch	0.016194706551072184	0.19836758437722735	1	0	0.567	0.492	0.485	0.737	0.678	0.628	210	321	231	156	149	218
chx_high		chr9:SURF2:t:133357710|9:133357182-133357710:+	SURF2	chr9:SURF2:t:133357710	t	133357710	9:133357182-133357710:+	9	133357182	133357710	+	121.7	0.099		0.261	0.162	0.108		welch	0.01704087308352768	0.2030993853220442	1	0	0.075	0.12	0.09	0.311	0.246	0.213	146	217	133	90	69	75
chx_high		chr16:ENSG00000280607:t:29810076|16:29809764-29810076:+	ENSG00000280607	chr16:ENSG00000280607:t:29810076	t	29810076	16:29809764-29810076:+	16	29809764	29810076	+	334.5	0.224		0.387	0.162	0.135		welch	0.042270795318371364	0.27213153835582365	1	0	0.235	0.225	0.217	0.446	0.396	0.323	349	489	517	204	222	226
chx_high		chr17:HOXB7:t:48608095|17:48608095-48610518:-	HOXB7	chr17:HOXB7:t:48608095	t	48608095	17:48608095-48610518:-	17	48608095	48610518	-	132.2	0.749		0.911	0.161	0.153		welch	0.05409401178861527	0.30455978366520414	1	0	0.736	0.68	0.833	0.944	0.872	0.907	125	128	126	160	125	129
chx_high		chr16:RNPS1:s:2268054|16:2264331-2268054:-	RNPS1	chr16:RNPS1:s:2268054	s	2268054	16:2264331-2268054:-	16	2264331	2268054	-	126.0	0.278		0.438	0.159	0.193		welch	0.0497701144879318	0.2906574686095223	1	0	0.182	0.296	0.333	0.514	0.36	0.479	148	196	195	37	86	94
chx_high		chr19:DMKN:s:35510183|19:35509961-35510183:-	DMKN	chr19:DMKN:s:35510183	s	35510183	19:35509961-35510183:-	19	35509961	35510183	-	318.0	0.262		0.422	0.159	0.124		welch	0.07587799632993408	0.36927291547234586	1	0	0.295	0.341	0.16	0.48	0.424	0.383	332	475	470	173	184	274
chx_high		chr16:EIF3C:s:28715434|16:28715434-28720914:+	EIF3C	chr16:EIF3C:s:28715434	s	28715434	16:28715434-28720914:+	16	28715434	28720914	+	197.2	0.041		0.198	0.158	0.181		welch	0.006004216369282761	0.13579217745189653	1	0	0.019	0.033	0.068	0.167	0.18	0.237	269	215	280	102	161	156
chx_high		chr22:CHCHD10:s:23767833|22:23767593-23767833:-	CHCHD10	chr22:CHCHD10:s:23767833	s	23767833	22:23767593-23767833:-	22	23767593	23767833	-	107.5	0.643		0.8	0.157	0.145		welch	0.02227657740065485	0.21731912261174915	1	0	0.616	0.586	0.703	0.833	0.759	0.81	73	157	185	72	79	79
chx_high		chr17:SCO1:s:10697234|17:10695834-10697234:-	SCO1	chr17:SCO1:s:10697234	s	10697234	17:10695834-10697234:-	17	10695834	10697234	-	173.0	0.018		0.175	0.157	0.163		welch	0.12788415828699318	0.43675057567019887	1	0	0.036	0.018	0.0	0.146	0.304	0.086	196	226	194	89	148	185
chx_high		chr4:OCIAD1:t:48832619|4:48831496-48832619:+	OCIAD1	chr4:OCIAD1:t:48832619	t	48832619	4:48831496-48832619:+	4	48831496	48832619	+	100.7	0.137		0.293	0.156	0.172		welch	0.16784426720630632	0.48706062555519536	0	0	0.055	0.098	0.282	0.255	0.273	0.333	109	153	103	47	99	93
chx_high		chr8:SNHG6:t:66922392|8:66922392-66922613:-	SNHG6	chr8:SNHG6:t:66922392	t	66922392	8:66922392-66922613:-	8	66922392	66922613	-	127.8	0.448		0.604	0.156	0.146		welch	0.2256267123390873	0.5322211658600459	0	0	0.6	0.452	0.319	0.741	0.495	0.6	115	230	144	85	103	90
chx_high		chr16:NUTF2:t:67865101|16:67847456-67865101:+	NUTF2	chr16:NUTF2:t:67865101	t	67865101	16:67847456-67865101:+	16	67847456	67865101	+	162.7	0.197		0.352	0.155	0.096		welch	0.007512461138342252	0.13579217745189653	1	0	0.163	0.173	0.238	0.347	0.383	0.315	203	202	290	72	120	89
chx_high		chr1:ENSG00000233461:s:231527337|1:231522637-231527337:-	ENSG00000233461	chr1:ENSG00000233461:s:231527337	s	231527337	1:231522637-231527337:-	1	231522637	231527337	-	121.0	0.794		0.949	0.155	0.114		welch	0.015008103270239565	0.19053765890912838	1	0	0.775	0.779	0.859	0.984	0.957	0.914	102	145	64	122	141	152
chx_high		chr19:PRKCSH:s:11447618|19:11447618-11447692:+	PRKCSH	chr19:PRKCSH:s:11447618	s	11447618	19:11447618-11447692:+	19	11447618	11447692	+	130.2	0.335		0.49	0.155	0.147		welch	0.20874734753046348	0.5140263429281569	0	0	0.292	0.297	0.401	0.344	0.45	0.611	96	209	182	61	120	113
chx_high		chr10:NPM3:s:101783272|10:101782597-101783272:-	NPM3	chr10:NPM3:s:101783272	s	101783272	10:101782597-101783272:-	10	101782597	101783272	-	317.7	0.16		0.312	0.152	0.156		welch	0.026551445215273112	0.23494006069271967	1	0	0.225	0.146	0.126	0.328	0.286	0.32	333	535	397	204	206	231
chx_high		chr11:ARFIP2:t:6478198|11:6478198-6478578:-	ARFIP2	chr11:ARFIP2:t:6478198	t	6478198	11:6478198-6478578:-	11	6478198	6478578	-	101.3	0.049		0.201	0.152	0.185		welch	0.029684157025242602	0.2428115645933954	1	0	0.108	0.07	0.0	0.205	0.167	0.222	102	129	178	73	54	72
chx_high		chr19:DMKN:t:35510252|19:35510252-35510378:-	DMKN	chr19:DMKN:t:35510252	t	35510252	19:35510252-35510378:-	19	35510252	35510378	-	127.7	0.366		0.518	0.151	0.174		welch	0.2081287861807652	0.5140263429281569	0	0	0.338	0.463	0.312	0.689	0.411	0.472	130	162	221	74	73	106
chx_high		chr9:HNRNPK:t:83978452|9:83978452-83980152:-	HNRNPK	chr9:HNRNPK:t:83978452	t	83978452	9:83978452-83980152:-	9	83978452	83980152	-	355.8	0.531		0.681	0.15	0.125		welch	0.05426788189613628	0.30455978366520414	1	0	0.493	0.541	0.548	0.758	0.65	0.621	410	678	551	186	157	153
chx_high		chr11:SF1:t:64765518|11:64765518-64765950:-	SF1	chr11:SF1:t:64765518	t	64765518	11:64765518-64765950:-	11	64765518	64765950	-	101.2	0.064		0.214	0.15	0.16		welch	0.08506787498806156	0.39117825978762166	1	0	0.0	0.015	0.153	0.156	0.174	0.314	84	130	131	90	86	86
chx_high		chr17:CENPX:s:82019857|17:82019694-82019857:-	CENPX	chr17:CENPX:s:82019857	s	82019857	17:82019694-82019857:-	17	82019694	82019857	-	105.7	0.28		0.428	0.148	0.084		welch	0.11106550198779046	0.42393629516908254	1	0	0.183	0.309	0.291	0.358	0.521	0.343	82	194	199	53	71	35
chx_high		chr11:MRPL23:s:1952855|11:1952855-1955610:+	MRPL23	chr11:MRPL23:s:1952855	s	1952855	11:1952855-1955610:+	11	1952855	1955610	+	192.0	0.023		0.17	0.147	0.125		welch	0.16459666168499812	0.4830374393167784	1	0	0.055	0.042	0.0	0.135	0.266	0.065	145	189	359	148	188	123
chx_high		chr7:SRRT:s:100885040|7:100885040-100885215:+	SRRT	chr7:SRRT:s:100885040	s	100885040	7:100885040-100885215:+	7	100885040	100885215	+	141.0	0.286		0.432	0.147	0.134		welch	0.21124370257321515	0.5140263429281569	1	0	0.273	0.32	0.256	0.347	0.58	0.342	121	181	160	95	143	146
chx_high		chr22:SMARCB1:t:23793558|22:23791867-23793558:+	SMARCB1	chr22:SMARCB1:t:23793558	t	23793558	22:23791867-23793558:+	22	23791867	23793558	+	101.2	0.526		0.672	0.146	0.117		welch	0.17007730018526052	0.48706062555519536	0	0	0.429	0.668	0.383	0.667	0.758	0.594	140	190	94	57	62	64
chx_high		chr18:NARS1:s:57621707|18:57620648-57621707:-	NARS1	chr18:NARS1:s:57621707	s	57621707	18:57620648-57621707:-	18	57620648	57621707	-	129.8	0.132		0.276	0.145	0.106		welch	0.02133906355712844	0.21731912261174915	1	0	0.185	0.092	0.152	0.308	0.26	0.258	124	260	178	78	73	66
chx_high		chr16:GSPT1:s:11897839|16:11896782-11897839:-	GSPT1	chr16:GSPT1:s:11897839	s	11897839	16:11896782-11897839:-	16	11896782	11897839	-	109.7	0.083		0.226	0.143	0.193		welch	0.055937552249046736	0.30530402349012464	1	0	0.029	0.048	0.158	0.172	0.203	0.281	105	124	133	99	69	128
chx_high		chr16:ATXN2L:s:28836122|16:28836122-28836750:+	ATXN2L	chr16:ATXN2L:s:28836122	s	28836122	16:28836122-28836750:+	16	28836122	28836750	+	119.7	0.168		0.31	0.142	0.107		welch	0.2826435661015719	0.5757608296409431	0	0	0.089	0.226	0.174	0.484	0.25	0.168	90	106	144	153	64	161
chx_high		chr11:HRAS:s:533452|11:533358-533452:-	HRAS	chr11:HRAS:s:533452	s	533452	11:533358-533452:-	11	533358	533452	-	440.8	0.065		0.205	0.141	0.157		welch	0.12682212288496642	0.43675057567019887	1	0	0.074	0.061	0.062	0.119	0.169	0.288	474	641	848	193	201	288
chx_high		chr12:TUBA1B:t:49129722|12:49129722-49130118:-	TUBA1B	chr12:TUBA1B:t:49129722	t	49129722	12:49129722-49130118:-	12	49129722	49130118	-	184.7	0.037		0.177	0.14	0.137		welch	0.3530147669168305	0.6362982218500907	1	0	0.025	0.041	0.039	0.043	0.061	0.304	197	392	282	23	99	115
chx_high		chr9:NTMT1:t:129634053|9:129632801-129634053:+	NTMT1	chr9:NTMT1:t:129634053	t	129634053	9:129632801-129634053:+	9	129632801	129634053	+	102.0	0.12		0.258	0.139	0.136		welch	0.17136807767340312	0.48706062555519536	0	0	0.045	0.165	0.129	0.344	0.345	0.114	111	164	101	64	84	88
chx_high		chr12:SFSWAP:t:131766117|12:131764686-131766117:+	SFSWAP	chr12:SFSWAP:t:131766117	t	131766117	12:131764686-131766117:+	12	131764686	131766117	+	181.8	0.693		0.83	0.138	0.197		welch	0.09995549998402155	0.4094519542037817	1	0	0.721	0.755	0.576	0.779	0.892	0.82	219	229	177	140	148	178
chx_high		chr11:SF1:s:64766899|11:64766155-64766899:-	SF1	chr11:SF1:s:64766899	s	64766899	11:64766155-64766899:-	11	64766155	64766899	-	123.8	0.26		0.398	0.138	0.091		welch	0.26261186778455337	0.5680197436525157	0	0	0.339	0.158	0.296	0.24	0.431	0.5	118	146	152	100	109	118
chx_high		chr8:SHARPIN:t:144100069|8:144100069-144100742:-	SHARPIN	chr8:SHARPIN:t:144100069	t	144100069	8:144100069-144100742:-	8	144100069	144100742	-	185.0	0.058		0.194	0.137	0.143		welch	0.12088041486331534	0.42642979452418506	0	0	0.0	0.154	0.024	0.258	0.099	0.22	161	169	209	163	172	236
chx_high		chr10:ANAPC16:s:72216138|10:72216138-72230365:+	ANAPC16	chr10:ANAPC16:s:72216138	s	72216138	10:72216138-72230365:+	10	72216138	72230365	+	123.7	0.245		0.383	0.137	0.126		welch	0.326428997942257	0.6129727807018588	0	0	0.274	0.283	0.187	0.6	0.231	0.337	175	173	198	55	52	89
chx_high		chr1:MRPL20:t:1402256|1:1402256-1402461:-	MRPL20	chr1:MRPL20:t:1402256	t	1402256	1:1402256-1402461:-	1	1402256	1402461	-	334.2	0.054		0.19	0.136	0.146		welch	0.05371794349814217	0.30455978366520414	1	0	0.069	0.067	0.036	0.243	0.126	0.184	277	388	500	263	175	402
chx_high		chr6:GMNN:t:24777221|6:24775244-24777221:+	GMNN	chr6:GMNN:t:24777221	t	24777221	6:24775244-24777221:+	6	24775244	24777221	+	121.7	0.507		0.643	0.136	0.03		welch	0.15767697034608683	0.4830374393167784	0	0	0.636	0.483	0.444	0.671	0.56	0.747	107	201	142	76	125	79
chx_high		chr5:VDAC1:s:134004646|5:133993015-134004646:-	VDAC1	chr5:VDAC1:s:134004646	s	134004646	5:133993015-134004646:-	5	133993015	134004646	-	125.5	0.064		0.199	0.135	0.142		welch	0.19071877428248324	0.501710649463831	1	0	0.094	0.02	0.096	0.1	0.302	0.151	117	250	230	40	63	53
chx_high		chr12:RNF10:s:120566980|12:120566980-120575630:+	RNF10	chr12:RNF10:s:120566980	s	120566980	12:120566980-120575630:+	12	120566980	120575630	+	130.7	0.06		0.193	0.133	0.109		welch	0.3093616655985414	0.5962614280843175	0	0	0.13	0.065	0.016	0.185	0.037	0.305	138	123	243	81	81	118
chx_high		chr9:AK1:s:127871822|9:127868475-127871822:-	AK1	chr9:AK1:s:127871822	s	127871822	9:127868475-127871822:-	9	127868475	127871822	-	105.7	0.036		0.168	0.132	0.107		welch	0.022363394929615258	0.21731912261174915	1	0	0.0	0.033	0.061	0.171	0.218	0.118	95	123	148	105	78	85
chx_high		chr6:RNF8:s:37371574|6:37371574-37374619:+	RNF8	chr6:RNF8:s:37371574	s	37371574	6:37371574-37374619:+	6	37371574	37374619	+	132.7	0.793		0.925	0.132	0.098		welch	0.21064823132118204	0.5140263429281569	0	0	0.81	0.904	0.665	0.875	0.921	0.953	147	166	161	72	101	149
chx_high		chr12:RNF10:t:120575630|12:120566980-120575630:+	RNF10	chr12:RNF10:t:120575630	t	120575630	12:120566980-120575630:+	12	120566980	120575630	+	166.5	0.043		0.175	0.132	0.104		welch	0.24641566824234304	0.553487500975109	0	0	0.096	0.04	0.013	0.165	0.037	0.267	188	201	302	91	82	135
chx_high		chr5:TCOF1:s:150390023|5:150390023-150391543:+	TCOF1	chr5:TCOF1:s:150390023	s	150390023	5:150390023-150391543:+	5	150390023	150391543	+	102.8	0.329		0.459	0.131	0.156		welch	0.1864623931648161	0.501710649463831	0	0	0.207	0.32	0.426	0.557	0.482	0.341	92	150	129	79	85	82
chx_high		chr12:NCOR2:s:124419956|12:124402558-124419956:-	NCOR2	chr12:NCOR2:s:124419956	s	124419956	12:124402558-124419956:-	12	124402558	124419956	-	101.5	0.184		0.313	0.13	0.11		welch	0.1093261255182185	0.42282422054728214	1	0	0.172	0.217	0.155	0.422	0.236	0.308	93	157	142	45	55	117
chx_high		chr12:MYL6:t:56161386|12:56160320-56161386:+	MYL6	chr12:MYL6:t:56161386	t	56161386	12:56160320-56161386:+	12	56160320	56161386	+	199.7	0.499		0.629	0.13	0.207		welch	0.2160740874515869	0.521434987899698	0	0	0.62	0.498	0.392	0.672	0.528	0.677	166	229	186	198	193	226
chx_high		chr19:LSM14A:s:34209051|19:34209051-34215123:+	LSM14A	chr19:LSM14A:s:34209051	s	34209051	19:34209051-34215123:+	19	34209051	34215123	+	124.7	0.599		0.729	0.13	0.117		welch	0.243111514633109	0.5491958243200459	0	0	0.492	0.728	0.509	0.868	0.811	0.556	130	180	106	76	132	124
chx_high		chr19:FKBP8:s:18539370|19:18538436-18539370:-	FKBP8	chr19:FKBP8:s:18539370	s	18539370	19:18538436-18539370:-	19	18538436	18539370	-	149.2	0.691		0.821	0.13	0.138		welch	0.2521924337226925	0.557880232174441	0	0	0.722	0.801	0.602	0.721	0.832	0.868	151	166	259	68	137	114
chx_high		chr21:SLX9:s:44967181|21:44967181-44973196:+	SLX9	chr21:SLX9:s:44967181	s	44967181	21:44967181-44973196:+	21	44967181	44973196	+	100.7	0.763		0.893	0.13	0.104		welch	0.32572449238899637	0.6129727807018588	0	0	0.849	0.593	0.879	0.928	0.866	0.878	86	145	149	83	67	74
chx_high		chr19:UBA52:t:18573292|19:18571887-18573292:+	UBA52	chr19:UBA52:t:18573292	t	18573292	19:18571887-18573292:+	19	18571887	18573292	+	131.3	0.398		0.527	0.129	0.24		welch	0.058124735836990134	0.3110871368250878	1	0	0.392	0.361	0.431	0.45	0.564	0.576	153	208	262	60	39	66
chx_high		chr7:ATP5MF:t:99460193|7:99460193-99466110:-	ATP5MF	chr7:ATP5MF:t:99460193	t	99460193	7:99460193-99466110:-	7	99460193	99466110	-	244.3	0.681		0.809	0.129	0.116		welch	0.10244985953321979	0.4094519542037817	1	0	0.699	0.666	0.678	0.768	0.744	0.88	296	287	453	125	121	184
chx_high		chr11:MRPL21:t:68892993|11:68892993-68893321:-	MRPL21	chr11:MRPL21:t:68892993	t	68892993	11:68892993-68893321:-	11	68892993	68893321	-	211.2	0.072		0.198	0.126	0.109		welch	0.025200426483219913	0.23360395343175286	1	0	0.045	0.056	0.101	0.141	0.216	0.234	157	288	307	163	194	158
chx_high		chr15:COMMD4:s:75339344|15:75339344-75339964:+	COMMD4	chr15:COMMD4:s:75339344	s	75339344	15:75339344-75339964:+	15	75339344	75339964	+	182.7	0.327		0.452	0.124	0.147		welch	0.3530049415578367	0.6362982218500907	0	0	0.289	0.311	0.359	0.682	0.449	0.264	128	302	312	107	118	129
chx_high		chr14:MTA1:s:105464147|14:105464147-105464462:+	MTA1	chr14:MTA1:s:105464147	s	105464147	14:105464147-105464462:+	14	105464147	105464462	+	148.0	0.107		0.23	0.124	0.147		welch	0.5256636878925975	0.7495482940197047	0	0	0.096	0.089	0.13	0.13	0.03	0.432	115	257	238	54	99	125
chx_high		chr19:DNMT1:t:10141189|19:10141189-10142079:-	DNMT1	chr19:DNMT1:t:10141189	t	10141189	19:10141189-10142079:-	19	10141189	10142079	-	115.7	0.027		0.149	0.122			welch	0.11599490622778098	0.42642979452418506	1	0	0.0	0.036	0.031	0.108	0.233	0.084	68	169	128	65	133	131
chx_high		chr20:EIF6:s:35284175|20:35280118-35284175:-	EIF6	chr20:EIF6:s:35284175	s	35284175	20:35280118-35284175:-	20	35280118	35284175	-	106.2	0.206		0.328	0.122	0.109		welch	0.4724220104581041	0.728524898316949	0	0	0.218	0.226	0.178	0.622	0.2	0.18	101	137	146	82	60	111
chx_high		chr7:HOTAIRM1:t:27099778|7:27099239-27099778:+	HOTAIRM1	chr7:HOTAIRM1:t:27099778	t	27099778	7:27099239-27099778:+	7	27099239	27099778	+	130.3	0.118		0.237	0.119	0.105		welch	0.17847769498084212	0.48706062555519536	0	0	0.197	0.069	0.111	0.294	0.131	0.262	122	174	153	85	84	164
chx_high		chrX:CITED1:t:72302934|X:72302934-72306476:-	CITED1	chrX:CITED1:t:72302934	t	72302934	X:72302934-72306476:-	X	72302934	72306476	-	166.5	0.288		0.407	0.119	0.11		welch	0.27011243055933154	0.5704736090980237	0	0	0.276	0.393	0.178	0.296	0.382	0.495	214	295	259	71	55	105
chx_high		chr19:TCF3:t:1611849|19:1611849-1612206:-	TCF3	chr19:TCF3:t:1611849	t	1611849	19:1611849-1612206:-	19	1611849	1612206	-	181.3	0.501		0.619	0.118	0.036		welch	0.09109906351773928	0.40774712711106514	0	0	0.437	0.443	0.586	0.655	0.645	0.57	215	203	295	116	110	149
chx_high		chr10:STK32C:t:132330485|10:132330485-132331481:-	STK32C	chr10:STK32C:t:132330485	t	132330485	10:132330485-132331481:-	10	132330485	132331481	-	130.0	0.212		0.329	0.118	0.153		welch	0.17397140925652768	0.48706062555519536	1	0	0.215	0.236	0.186	0.484	0.3	0.266	158	182	194	62	60	124
chx_high		chr5:TCOF1:t:150391956|5:150391657-150391956:+	TCOF1	chr5:TCOF1:t:150391956	t	150391956	5:150391657-150391956:+	5	150391657	150391956	+	170.5	0.577		0.694	0.118	0.132		welch	0.18951869757474107	0.501710649463831	0	0	0.5	0.498	0.69	0.667	0.761	0.63	146	203	239	105	184	146
chx_high		chr12:FKBP4:s:2795244|12:2795244-2797728:+	FKBP4	chr12:FKBP4:s:2795244	s	2795244	12:2795244-2797728:+	12	2795244	2797728	+	104.2	0.036		0.152	0.115	0.088		welch	0.06561608810994964	0.3332156126627007	1	0	0.082	0.04	0.0	0.228	0.147	0.101	110	149	155	57	75	79
chx_high		chr17:COASY:t:42564982|17:42564577-42564982:+	COASY	chr17:COASY:t:42564982	t	42564982	17:42564577-42564982:+	17	42564577	42564982	+	134.7	0.018		0.132	0.114			welch	0.25760006972517585	0.5655580478176793	0	0	0.019	0.031	0.0	0.014	0.101	0.235	161	191	153	69	119	115
chx_high		chr1:PARK7:t:7962762|1:7961735-7962762:+	PARK7	chr1:PARK7:t:7962762	t	7962762	1:7961735-7962762:+	1	7961735	7962762	+	151.7	0.47		0.585	0.114	0.123		welch	0.31578445485329876	0.6046495791289392	0	0	0.52	0.407	0.493	0.702	0.429	0.612	148	226	300	57	63	116
chx_high		chr3:NAA50:s:113745941|3:113724095-113745941:-	NAA50	chr3:NAA50:s:113745941	s	113745941	3:113724095-113745941:-	3	113724095	113745941	-	113.0	0.671		0.784	0.113	0.105		welch	0.159989456953909	0.4830374393167784	0	0	0.754	0.627	0.653	0.857	0.9	0.688	142	204	170	42	40	80
chx_high		chr12:MAGOHB:s:10613438|12:10612978-10613438:-	MAGOHB	chr12:MAGOHB:s:10613438	s	10613438	12:10612978-10613438:-	12	10612978	10613438	-	107.3	0.034		0.147	0.113			welch	0.2848107795764519	0.5757608296409431	0	0	0.0	0.062	0.055	0.229	0.0	0.198	167	112	127	70	72	96
chx_high		chr20:FRG1BP:t:30379584|20:30377721-30379584:+	FRG1BP	chr20:FRG1BP:t:30379584	t	30379584	20:30377721-30379584:+	20	30377721	30379584	+	120.8	0.692		0.805	0.113	0.002		welch	0.41346199622773055	0.6744743178687002	0	0	0.629	0.653	0.762	0.618	0.833	0.82	116	118	168	34	150	139
chx_high		chr11:AKIP1:s:8911671|11:8911671-8912452:+	AKIP1	chr11:AKIP1:s:8911671	s	8911671	11:8911671-8912452:+	11	8911671	8912452	+	103.8	0.413		0.525	0.112	0.082		welch	0.36003330017871177	0.6396561662327643	0	0	0.522	0.338	0.418	0.527	0.405	0.573	90	139	158	91	42	103
chx_high		chr1:DNAJC8:s:28232920|1:28229023-28232920:-	DNAJC8	chr1:DNAJC8:s:28232920	s	28232920	1:28229023-28232920:-	1	28229023	28232920	-	115.7	0.841		0.952	0.111	0.089		welch	0.1521034755917701	0.48302720734446825	0	0	0.731	0.935	0.788	0.971	0.88	1.0	108	201	137	68	83	97
chx_high		chr8:SNHG6:s:66925436|8:66922725-66925436:-	SNHG6	chr8:SNHG6:s:66925436	s	66925436	8:66922725-66925436:-	8	66922725	66925436	-	235.2	0.683		0.793	0.111	0.081		welch	0.17797287841509246	0.48706062555519536	0	0	0.764	0.711	0.561	0.856	0.736	0.806	195	439	230	153	208	186
chx_high		chr9:REXO4:s:133417619|9:133414833-133417619:-	REXO4	chr9:REXO4:s:133417619	s	133417619	9:133414833-133417619:-	9	133414833	133417619	-	115.3	0.087		0.198	0.111	0.131		welch	0.1873721162449538	0.501710649463831	0	0	0.138	0.034	0.097	0.323	0.18	0.117	130	146	103	93	100	120
chx_high		chr17:RNASEK:t:7013665|17:7012757-7013665:+	RNASEK	chr17:RNASEK:t:7013665	t	7013665	17:7012757-7013665:+	17	7012757	7013665	+	255.2	0.17		0.281	0.111	0.124		welch	0.21003054859970938	0.5140263429281569	0	0	0.244	0.12	0.159	0.195	0.397	0.257	308	350	492	113	116	152
chx_high		chr4:HNRNPDL:t:82426129|4:82426129-82427189:-	HNRNPDL	chr4:HNRNPDL:t:82426129	t	82426129	4:82426129-82427189:-	4	82426129	82427189	-	164.0	0.286		0.396	0.111	0.087		welch	0.43594316236949204	0.693707920500772	0	0	0.311	0.248	0.308	0.314	0.26	0.579	161	214	185	172	100	152
chx_high		chr15:MRPS11:s:88467782|15:88467782-88467907:+	MRPS11	chr15:MRPS11:s:88467782	s	88467782	15:88467782-88467907:+	15	88467782	88467907	+	120.3	0.65		0.759	0.109	0.132		welch	0.4343754334246147	0.693707920500772	0	0	0.568	0.562	0.822	0.774	0.631	0.82	125	169	146	106	65	111
chx_high		chr16:ATXN2L:s:28836122|16:28836122-28836325:+	ATXN2L	chr16:ATXN2L:s:28836122	s	28836122	16:28836122-28836325:+	16	28836122	28836325	+	119.7	0.032		0.14	0.108	0.113		welch	0.091463824745804	0.40774712711106514	1	0	0.022	0.047	0.028	0.078	0.219	0.168	90	106	144	153	64	161
chx_high		chr5:RPL26L1:t:172959864|5:172959468-172959864:+	RPL26L1	chr5:RPL26L1:t:172959864	t	172959864	5:172959468-172959864:+	5	172959468	172959864	+	113.2	0.463		0.57	0.107	0.133		welch	0.2340481858515859	0.5402535199103801	0	0	0.4	0.368	0.595	0.459	0.625	0.706	130	155	173	98	72	51
chx_high		chr11:PTPMT1:t:47571470|11:47569891-47571470:+	PTPMT1	chr11:PTPMT1:t:47571470	t	47571470	11:47569891-47571470:+	11	47569891	47571470	+	245.2	0.538		0.646	0.107	0.078		welch	0.26834774716636445	0.569873033982389	0	0	0.427	0.571	0.575	0.559	0.819	0.581	218	312	388	170	166	217
chx_high		chr11:MDK:t:46382056|11:46381885-46382056:+	MDK	chr11:MDK:t:46382056	t	46382056	11:46381885-46382056:+	11	46381885	46382056	+	136.0	0.06		0.164	0.104	0.077		welch	0.22613551707392227	0.5322211658600459	0	0	0.028	0.122	0.025	0.091	0.101	0.25	109	222	284	44	69	88
chx_high		chr1:RBM34:t:235155112|1:235155112-235160510:-	RBM34	chr1:RBM34:t:235155112	t	235155112	1:235155112-235160510:-	1	235155112	235160510	-	104.2	0.675		0.778	0.104	0.091		welch	0.6619975386848683	0.8544662087204259	0	0	0.608	0.635	0.93	0.767	0.768	0.796	97	115	43	103	125	142
chx_high		chr2:PPP1R7:s:241166441|2:241166441-241169780:+	PPP1R7	chr2:PPP1R7:s:241166441	s	241166441	2:241166441-241169780:+	2	241166441	241169780	+	141.8	0.214		0.317	0.103	0.103		welch	0.14704608163140456	0.47974810990357697	0	0	0.296	0.217	0.135	0.36	0.279	0.314	169	207	185	86	86	118
chx_high		chr3:ENSG00000289750:s:15059368|3:15052633-15059368:-	ENSG00000289750	chr3:ENSG00000289750:s:15059368	s	15059368	3:15052633-15059368:-	3	15052633	15059368	-	102.5	0.002		0.105	0.103			welch	0.19701853114249634	0.5046439569614822	0	0	0.008	0.0	0.0	0.157	0.206	0.0	126	116	173	51	63	86
chx_high		chr12:SFSWAP:s:131756644|12:131756644-131764455:+	SFSWAP	chr12:SFSWAP:s:131756644	s	131756644	12:131756644-131764455:+	12	131756644	131764455	+	127.7	0.621		0.723	0.103	0.098		welch	0.26685294658048864	0.569873033982389	0	0	0.596	0.673	0.592	0.592	0.758	0.788	151	171	184	76	66	118
chx_high		chr12:OS9:t:57718992|12:57718376-57718992:+	OS9	chr12:OS9:t:57718992	t	57718992	12:57718376-57718992:+	12	57718376	57718992	+	129.8	0.213		0.315	0.102	0.085		welch	0.16331753671454788	0.4830374393167784	0	0	0.088	0.283	0.2	0.333	0.235	0.364	91	198	185	75	98	132
chx_high		chr15:SNAPC5:t:66494552|15:66494552-66495329:-	SNAPC5	chr15:SNAPC5:t:66494552	t	66494552	15:66494552-66495329:-	15	66494552	66495329	-	139.3	0.576		0.678	0.102	0.098		welch	0.36699460618144514	0.6396561662327643	0	0	0.626	0.516	0.598	0.523	0.702	0.79	187	215	164	86	84	100
chx_high		chr12:SLC25A3:s:98594135|12:98594135-98595432:+	SLC25A3	chr12:SLC25A3:s:98594135	s	98594135	12:98594135-98595432:+	12	98594135	98595432	+	153.5	0.022		0.124	0.102			welch	0.4698637457852775	0.728524898316949	0	0	0.01	0.033	0.02	0.0	0.306	0.02	192	246	297	63	72	51
chx_high		chr11:ANAPC15:t:72111286|11:72111286-72111411:-	ANAPC15	chr11:ANAPC15:t:72111286	t	72111286	11:72111286-72111411:-	11	72111286	72111411	-	119.7	0.627		0.728	0.101	0.066		welch	0.23111748923739045	0.5356056099787144	0	0	0.691	0.613	0.578	0.879	0.78	0.613	165	204	154	33	82	80
chx_high		chr11:SF1:s:64767570|11:64767251-64767570:-	SF1	chr11:SF1:s:64767570	s	64767570	11:64767251-64767570:-	11	64767251	64767570	-	124.3	0.853		0.953	0.099	0.112		welch	0.11986296504026443	0.42642979452418506	0	0	0.835	0.884	0.831	1.0	1.0	0.87	133	173	124	95	106	115
chx_high		chr16:ENSG00000280607:s:29808741|16:29808741-29809539:+	ENSG00000280607	chr16:ENSG00000280607:s:29808741	s	29808741	16:29808741-29809539:+	16	29808741	29809539	+	307.5	0.184		0.282	0.098	0.086		welch	0.11298499782957147	0.42569831440303063	0	0	0.089	0.233	0.192	0.315	0.221	0.305	293	494	501	165	172	220
chx_high		chr3:IMPDH2:s:49028430|3:49027916-49028430:-	IMPDH2	chr3:IMPDH2:s:49028430	s	49028430	3:49027916-49028430:-	3	49027916	49028430	-	201.2	0.252		0.35	0.098	0.128		welch	0.22394835961992143	0.5322211658600459	1	0	0.264	0.232	0.259	0.526	0.353	0.269	250	284	370	57	116	130
chx_high		chr7:LAMTOR4:t:100153399|7:100149565-100153399:+	LAMTOR4	chr7:LAMTOR4:t:100153399	t	100153399	7:100149565-100153399:+	7	100149565	100153399	+	144.2	0.018		0.116	0.098	0.067		welch	0.34765502497488115	0.6344704205791581	0	0	0.012	0.037	0.005	0.071	0.0	0.224	164	189	193	126	68	125
chx_high		chr10:PRXL2A:s:80408643|10:80408643-80420465:+	PRXL2A	chr10:PRXL2A:s:80408643	s	80408643	10:80408643-80420465:+	10	80408643	80420465	+	115.5	0.836		0.932	0.096	0.063		welch	0.07789219114132141	0.37286098054534184	1	0	0.902	0.838	0.775	1.0	0.929	0.915	193	179	218	14	42	47
chx_high		chrX:CDK16:t:47223551|X:47219105-47223551:+	CDK16	chrX:CDK16:t:47223551	t	47223551	X:47219105-47223551:+	X	47219105	47223551	+	111.3	0.743		0.839	0.096	0.045		welch	0.8771024021677697	0.9364310838500504	0	0	0.738	0.787	0.714	0.519	0.962	0.828	122	150	203	27	79	87
chx_high		chr16:ZNF598:t:2001191|16:2001191-2001582:-	ZNF598	chr16:ZNF598:t:2001191	t	2001191	16:2001191-2001582:-	16	2001191	2001582	-	110.5	0.779		0.873	0.094	0.025		welch	0.3353545247365034	0.6158712026607487	0	0	0.616	0.903	0.766	0.923	0.78	0.903	86	144	291	39	41	62
chx_high		chr11:RRP8:s:6603403|11:6602264-6603403:-	RRP8	chr11:RRP8:s:6603403	s	6603403	11:6602264-6603403:-	11	6602264	6603403	-	118.5	0.024		0.118	0.093	0.075		welch	0.1027961840371891	0.4094519542037817	0	0	0.0	0.064	0.0	0.205	0.063	0.118	82	125	122	88	142	152
chx_high		chr16:KARS1:t:75641723|16:75641723-75647577:-	KARS1	chr16:KARS1:t:75641723	t	75641723	16:75641723-75647577:-	16	75641723	75647577	-	103.2	0.7		0.794	0.093	0.109		welch	0.12408835698142481	0.43393772740809633	0	0	0.673	0.776	0.608	0.85	0.812	0.746	107	214	143	40	48	67
chx_high		chr16:KIF22:t:29803997|16:29802937-29803997:+	KIF22	chr16:KIF22:t:29803997	t	29803997	16:29802937-29803997:+	16	29802937	29803997	+	141.3	0.05		0.142	0.092	0.1		welch	0.17673528540787448	0.48706062555519536	0	0	0.082	0.024	0.035	0.218	0.051	0.162	184	127	171	101	117	148
chx_high		chr7:WIPI2:t:5230834|7:5229705-5230834:+	WIPI2	chr7:WIPI2:t:5230834	t	5230834	7:5229705-5230834:+	7	5229705	5230834	+	103.8	0.212		0.303	0.091	0.076		welch	0.1556108379180707	0.4830374393167784	1	0	0.253	0.125	0.258	0.276	0.405	0.276	91	144	190	58	42	98
chx_high		chr16:HIRIP3:s:29995102|16:29993808-29995102:-	HIRIP3	chr16:HIRIP3:s:29995102	s	29995102	16:29993808-29995102:-	16	29993808	29995102	-	248.7	0.132		0.222	0.091	0.123		welch	0.19462933390386739	0.5046439569614822	0	0	0.115	0.117	0.165	0.346	0.222	0.151	286	341	285	153	162	265
chx_high		chr1:DFFA:s:10467189|1:10463209-10467189:-	DFFA	chr1:DFFA:s:10467189	s	10467189	1:10463209-10467189:-	1	10463209	10467189	-	106.8	0.059		0.15	0.091	0.099		welch	0.283240884752838	0.5757608296409431	0	0	0.115	0.067	0.0	0.054	0.133	0.25	104	180	124	56	105	72
chx_high		chr2:ATRAID:t:27213176|2:27212467-27213176:+	ATRAID	chr2:ATRAID:t:27213176	t	27213176	2:27212467-27213176:+	2	27212467	27213176	+	123.2	0.558		0.649	0.091	0.03		welch	0.5658251054788191	0.7722238102227423	0	0	0.471	0.595	0.579	0.455	0.737	0.63	119	168	190	44	118	100
chx_high		chr16:PPP4C:t:30076314|16:30076094-30076314:+	PPP4C	chr16:PPP4C:t:30076314	t	30076314	16:30076094-30076314:+	16	30076094	30076314	+	568.8	0.697		0.786	0.09	0.069		welch	0.38025376331681177	0.645547086561099	0	0	0.655	0.689	0.736	0.803	0.641	0.851	606	1011	828	284	234	450
chx_high		chr22:TRMT2A:s:20115671|22:20115554-20115671:-	TRMT2A	chr22:TRMT2A:s:20115671	s	20115671	22:20115554-20115671:-	22	20115554	20115671	-	115.0	0.036		0.125	0.089	0.088		welch	0.16339495913151264	0.4830374393167784	0	0	0.038	0.078	0.0	0.209	0.167	0.045	132	116	145	91	72	134
chx_high		chr3:ENSG00000289750:t:15053467|3:15053467-15065060:-	ENSG00000289750	chr3:ENSG00000289750:t:15053467	t	15053467	3:15053467-15065060:-	3	15053467	15065060	-	110.7	0.078		0.167	0.089	0.054		welch	0.2911916367304675	0.5764607316969258	0	0	0.138	0.079	0.028	0.232	0.057	0.189	145	126	178	56	53	106
chx_high		chr19:DMKN:t:35505986|19:35505986-35509910:-	DMKN	chr19:DMKN:t:35505986	t	35505986	19:35505986-35509910:-	19	35505986	35509910	-	259.2	0.187		0.276	0.089	0.061		welch	0.3647829614504688	0.6396561662327643	0	0	0.251	0.274	0.062	0.303	0.238	0.28	287	380	406	145	126	211
chx_high		chr17:CEP131:s:81193925|17:81192843-81193925:-	CEP131	chr17:CEP131:s:81193925	s	81193925	17:81192843-81193925:-	17	81192843	81193925	-	165.7	0.722		0.809	0.086	0.074		welch	0.3004000549463636	0.5867345554805229	0	0	0.644	0.851	0.66	0.806	0.82	0.805	180	181	147	139	111	236
chx_high		chr1:RPL22:t:6197756|1:6197756-6199561:-	RPL22	chr1:RPL22:t:6197756	t	6197756	1:6197756-6199561:-	1	6197756	6199561	-	221.0	0.775		0.861	0.086	0.061		welch	0.3321520504077405	0.6142607912374345	0	0	0.92	0.686	0.728	0.822	0.908	0.877	311	331	323	152	87	122
chx_high		chr12:MYL6:s:56160320|12:56160320-56161386:+	MYL6	chr12:MYL6:s:56160320	s	56160320	12:56160320-56161386:+	12	56160320	56161386	+	162.2	0.65		0.736	0.086	0.113		welch	0.48884620551272656	0.7315041136267753	0	0	0.811	0.591	0.579	0.796	0.618	0.785	127	193	126	167	165	195
chx_high		chr7:BUD31:t:99410033|7:99409245-99410033:+	BUD31	chr7:BUD31:t:99410033	t	99410033	7:99409245-99410033:+	7	99409245	99410033	+	225.3	0.374		0.459	0.085	0.1		welch	0.2769891186623601	0.5756642181452608	0	0	0.263	0.445	0.351	0.511	0.481	0.344	217	434	302	141	162	96
chx_high		chr1:NTPCR:s:232950744|1:232950744-232956346:+	NTPCR	chr1:NTPCR:s:232950744	s	232950744	1:232950744-232956346:+	1	232950744	232956346	+	102.3	0.076		0.16	0.084	0.002		welch	0.4124308828776406	0.6744743178687002	0	0	0.026	0.111	0.061	0.0	0.286	0.17	77	162	131	86	105	53
chx_high		chr15:SNAPC5:s:66497641|15:66495419-66497641:-	SNAPC5	chr15:SNAPC5:s:66497641	s	66497641	15:66495419-66497641:-	15	66495419	66497641	-	138.8	0.582		0.664	0.082	0.087		welch	0.4740401735623983	0.728524898316949	0	0	0.632	0.546	0.574	0.506	0.675	0.788	190	229	155	83	77	99
chx_high		chr7:NUDT1:t:2244562|7:2242975-2244562:+	NUDT1	chr7:NUDT1:t:2244562	t	2244562	7:2242975-2244562:+	7	2242975	2244562	+	144.7	0.214		0.296	0.082	0.122		welch	0.49426559053329233	0.7315041136267753	0	0	0.178	0.247	0.207	0.468	0.132	0.276	157	223	275	62	53	98
chx_high		chr19:PTBP1:s:805187|19:805187-805491:+	PTBP1	chr19:PTBP1:s:805187	s	805187	19:805187-805491:+	19	805187	805491	+	182.3	0.474		0.556	0.082	0.095		welch	0.5188862889915153	0.7463783073178447	0	0	0.508	0.478	0.438	0.597	0.667	0.37	264	297	276	62	114	81
chx_high		chrX:GRIPAP1:s:48982978|X:48981872-48982978:-	GRIPAP1	chrX:GRIPAP1:s:48982978	s	48982978	X:48981872-48982978:-	X	48981872	48982978	-	116.5	0.833		0.915	0.081	0.118		welch	0.1368455012021714	0.4566729868689605	0	0	0.913	0.757	0.803	0.927	1.0	0.877	115	70	127	137	63	187
chx_high		chr18:RPL17:t:49491584|18:49491584-49492257:-	RPL17	chr18:RPL17:t:49491584	t	49491584	18:49491584-49492257:-	18	49491584	49492257	-	245.0	0.182		0.263	0.081	0.078		welch	0.41198618591856345	0.6744743178687002	0	0	0.223	0.134	0.191	0.162	0.212	0.404	282	322	425	148	137	156
chx_high		chrX:FMR1:s:147943326|X:147943326-147944943:+	FMR1	chrX:FMR1:s:147943326	s	147943326	X:147943326-147944943:+	X	147943326	147944943	+	218.2	0.243		0.323	0.08	0.061		welch	0.421347556519975	0.6837325285131816	0	0	0.188	0.198	0.397	0.195	0.49	0.396	452	258	237	154	49	159
chx_high		chr16:METTL26:s:636093|16:635774-636093:-	METTL26	chr16:METTL26:s:636093	s	636093	16:635774-636093:-	16	635774	636093	-	204.5	0.113		0.191	0.079	0.059		welch	0.35561625233446115	0.6390150503486932	0	0	0.091	0.123	0.117	0.299	0.067	0.206	186	268	308	127	134	204
chx_high		chr7:CHCHD3:s:133081856|7:133081048-133081856:-	CHCHD3	chr7:CHCHD3:s:133081856	s	133081856	7:133081048-133081856:-	7	133081048	133081856	-	112.5	0.041		0.119	0.078	0.051		welch	0.4565178841200214	0.7109505182029133	0	0	0.077	0.018	0.048	0.586	0.033	0.031	104	220	166	29	60	96
chx_high		chr17:CNTROB:s:7936817|17:7936817-7937167:+	CNTROB	chr17:CNTROB:s:7936817	s	7936817	17:7936817-7937167:+	17	7936817	7937167	+	102.3	0.081		0.157	0.077	0.05		welch	0.8211784407098531	0.9204764095480888	0	0	0.137	0.08	0.041	0.0	0.068	0.25	102	112	146	41	73	140
chx_high		chr16:INO80E:t:30005220|16:30001530-30005220:+	INO80E	chr16:INO80E:t:30005220	t	30005220	16:30001530-30005220:+	16	30001530	30005220	+	168.5	0.62		0.696	0.076	0.089		welch	0.4016610577728176	0.6702001649695014	0	0	0.353	0.697	0.672	0.682	0.647	0.747	116	195	299	110	133	158
chx_high		chr22:RRP7A:s:42519713|22:42516136-42519713:-	RRP7A	chr22:RRP7A:s:42519713	s	42519713	22:42516136-42519713:-	22	42516136	42519713	-	112.7	0.025		0.101	0.076			welch	0.48336317492950265	0.7315041136267753	0	0	0.081	0.011	0.005	0.224	0.0	0.05	123	189	206	58	40	60
chx_high		chr2:DYNC1I2:t:171690146|2:171687627-171690146:+	DYNC1I2	chr2:DYNC1I2:t:171690146	t	171690146	2:171687627-171690146:+	2	171687627	171690146	+	160.7	0.07		0.145	0.074	0.099		welch	0.24207544743234563	0.5491958243200459	0	0	0.062	0.037	0.14	0.088	0.254	0.143	242	268	157	125	67	105
chx_high		chr17:CEP131:t:81192593|17:81192593-81192735:-	CEP131	chr17:CEP131:t:81192593	t	81192593	17:81192593-81192735:-	17	81192593	81192735	-	159.2	0.72		0.794	0.074	0.046		welch	0.3706139214704721	0.6396561662327643	0	0	0.595	0.836	0.724	0.791	0.848	0.758	158	165	181	129	132	190
chx_high		chr2:HTRA2:t:74532819|2:74531925-74532819:+	HTRA2	chr2:HTRA2:t:74532819	t	74532819	2:74531925-74532819:+	2	74531925	74532819	+	137.5	0.273		0.346	0.073	0.097		welch	0.33237398977915944	0.6142607912374345	0	0	0.359	0.301	0.178	0.438	0.364	0.273	170	146	197	73	118	121
chx_high		chr11:TRPT1:s:64224284|11:64224210-64224284:-	TRPT1	chr11:TRPT1:s:64224284	s	64224284	11:64224210-64224284:-	11	64224210	64224284	-	158.2	0.61		0.684	0.073	0.034		welch	0.7934584414805023	0.9043134701318808	0	0	0.59	0.527	0.761	0.664	0.537	0.756	212	264	176	137	41	119
chx_high		chrX:OFD1:s:13762444|X:13762444-13763744:+	OFD1	chrX:OFD1:s:13762444	s	13762444	X:13762444-13763744:+	X	13762444	13763744	+	130.0	0.853		0.923	0.07	0.076		welch	0.2725379057163501	0.5704736090980237	0	0	0.873	0.919	0.726	0.916	0.905	0.958	71	99	62	237	168	143
chx_high		chr7:CALD1:t:134928753|7:134891673-134928753:+	CALD1	chr7:CALD1:t:134928753	t	134928753	7:134891673-134928753:+	7	134891673	134928753	+	110.3	0.663		0.733	0.07	-0.06		welch	0.3783986711544622	0.6442706237731951	0	0	0.613	0.681	0.697	0.791	0.831	0.605	155	160	145	67	59	76
chx_high		chrX:HSD17B10:t:53433886|X:53433886-53434177:-	HSD17B10	chrX:HSD17B10:t:53433886	t	53433886	X:53433886-53434177:-	X	53433886	53434177	-	119.0	0.04		0.11	0.07	0.067		welch	0.4128177005053553	0.6744743178687002	0	0	0.0	0.045	0.056	0.0	0.229	0.079	114	223	232	34	48	63
chx_high		chr8:CHCHD7:s:56214667|8:56214667-56216388:+	CHCHD7	chr8:CHCHD7:s:56214667	s	56214667	8:56214667-56216388:+	8	56214667	56216388	+	107.5	0.092		0.159	0.067	0.049		welch	0.5859778924676486	0.7813038566235315	0	0	0.094	0.069	0.116	0.382	0.034	0.075	160	144	121	68	59	93
chx_high		chr16:ATP2A1-AS1:s:28879541|16:28879107-28879541:-	ATP2A1-AS1	chr16:ATP2A1-AS1:s:28879541	s	28879541	16:28879107-28879541:-	16	28879107	28879541	-	244.3	0.264		0.33	0.066	0.068		welch	0.2888663066520483	0.5757608296409431	0	0	0.211	0.178	0.351	0.266	0.36	0.345	247	230	376	154	172	287
chx_high		chr2:BOLA3:s:74145188|2:74135658-74145188:-	BOLA3	chr2:BOLA3:s:74145188	s	74145188	2:74135658-74145188:-	2	74135658	74145188	-	233.5	0.363		0.429	0.066	0.085		welch	0.5275074466474292	0.7495482940197047	0	0	0.461	0.367	0.294	0.564	0.413	0.324	254	449	381	94	121	102
chx_high		chr12:YBX3:s:10713210|12:10704148-10713210:-	YBX3	chr12:YBX3:s:10713210	s	10713210	12:10704148-10713210:-	12	10704148	10713210	-	150.3	0.279		0.345	0.066	0.002		welch	0.561678105830471	0.7722238102227423	0	0	0.267	0.284	0.28	0.184	0.386	0.409	116	232	250	76	101	127
chx_high		chr9:CLTA:t:36204067|9:36191273-36204067:+	CLTA	chr9:CLTA:t:36204067	t	36204067	9:36191273-36204067:+	9	36191273	36204067	+	135.3	0.155		0.221	0.066	0.013		welch	0.7603105578358974	0.8970128601538668	0	0	0.185	0.238	0.056	0.0	0.256	0.339	173	172	196	73	86	112
chx_high		chr16:FUS:s:31182664|16:31182664-31183857:+	FUS	chr16:FUS:s:31182664	s	31182664	16:31182664-31183857:+	16	31182664	31183857	+	254.7	0.653		0.717	0.065	0.049		welch	0.503535365886924	0.7315041136267753	0	0	0.749	0.628	0.618	0.778	0.848	0.577	255	336	477	108	158	194
chx_high		chr1:EFHD2:s:15426018|1:15426018-15427149:+	EFHD2	chr1:EFHD2:s:15426018	s	15426018	1:15426018-15427149:+	1	15426018	15427149	+	219.5	0.863		0.928	0.065	0.035		welch	0.9151275232357201	0.9459017231321426	0	0	0.938	0.833	0.845	0.922	0.688	0.973	240	293	491	77	32	184
chx_high		chr7:CDK5:s:151055531|7:151055096-151055531:-	CDK5	chr7:CDK5:s:151055531	s	151055531	7:151055096-151055531:-	7	151055096	151055531	-	101.8	0.007		0.07	0.063			welch	0.4429789367195155	0.6991883757951273	0	0	0.0	0.0	0.013	0.0	0.0	0.261	105	110	224	63	63	46
chx_high		chr7:FIS1:s:101244959|7:101244139-101244959:-	FIS1	chr7:FIS1:s:101244959	s	101244959	7:101244139-101244959:-	7	101244139	101244959	-	202.0	0.829		0.891	0.062	0.065		welch	0.20766670283330024	0.5140263429281569	0	0	0.842	0.705	0.876	0.95	0.885	0.87	292	176	378	80	78	208
chx_high		chr10:RPP38:t:15103304|10:15102336-15103304:+	RPP38	chr10:RPP38:t:15103304	t	15103304	10:15102336-15103304:+	10	15102336	15103304	+	157.8	0.404		0.467	0.062	0.021		welch	0.3675440026593186	0.6396561662327643	0	0	0.268	0.454	0.484	0.577	0.426	0.457	127	152	124	111	249	184
chx_high		chr1:SSR2:t:156011887|1:156011887-156018131:-	SSR2	chr1:SSR2:t:156011887	t	156011887	1:156011887-156018131:-	1	156011887	156018131	-	140.3	0.059		0.121	0.062	0.099		welch	0.39283383924534926	0.6592383968944941	0	0	0.0	0.033	0.101	0.02	0.22	0.09	110	215	286	49	82	100
chx_high		chr17:ANAPC11:t:81894466|17:81891833-81894466:+	ANAPC11	chr17:ANAPC11:t:81894466	t	81894466	17:81891833-81894466:+	17	81891833	81894466	+	146.3	0.046		0.108	0.062	0.048		welch	0.431746197279772	0.693707920500772	0	0	0.05	0.081	0.014	0.108	0.25	0.0	141	248	286	65	60	78
chx_high		chr1:PHGDH:s:119712160|1:119712160-119721266:+	PHGDH	chr1:PHGDH:s:119712160	s	119712160	1:119712160-119721266:+	1	119712160	119721266	+	182.0	0.031		0.093	0.061	0.033		welch	0.5470236569171958	0.7683103023442404	0	0	0.008	0.024	0.063	0.27	0.015	0.0	258	339	268	74	68	85
chx_high		chr1:POLR3GL:t:145977482|1:145977152-145977482:+	POLR3GL	chr1:POLR3GL:t:145977482	t	145977482	1:145977152-145977482:+	1	145977152	145977482	+	120.5	0.601		0.662	0.061	-0.034		welch	0.746442419752883	0.8929158515885981	0	0	0.543	0.537	0.727	0.641	0.467	0.827	175	164	165	78	60	81
chx_high		chr7:GGCT:s:30504568|7:30498938-30504568:-	GGCT	chr7:GGCT:s:30504568	s	30504568	7:30498938-30504568:-	7	30498938	30504568	-	182.0	0.399		0.458	0.059	0.004		welch	0.5652215465501544	0.7722238102227423	0	0	0.423	0.406	0.38	0.5	0.298	0.586	222	212	361	94	104	99
chx_high		chr7:SSBP1:t:141739123|7:141738575-141739123:+	SSBP1	chr7:SSBP1:t:141739123	t	141739123	7:141738575-141739123:+	7	141738575	141739123	+	105.2	0.187		0.245	0.058	0.02		welch	0.4280078892489458	0.690487865528686	0	0	0.103	0.239	0.168	0.306	0.353	0.095	78	188	161	62	68	74
chx_high		chr12:CD63:t:55728352|12:55728352-55729281:-	CD63	chr12:CD63:t:55728352	t	55728352	12:55728352-55729281:-	12	55728352	55729281	-	102.3	0.037		0.093	0.056	0.029		welch	0.44967832516795486	0.7040539997267712	0	0	0.0	0.081	0.026	0.318	0.0	0.062	109	149	227	22	27	80
chx_high		chr16:HIRIP3:t:29993808|16:29993808-29995102:-	HIRIP3	chr16:HIRIP3:t:29993808	t	29993808	16:29993808-29995102:-	16	29993808	29995102	-	123.2	0.31		0.366	0.056	0.123		welch	0.4766922024945456	0.7306778116976762	0	0	0.317	0.261	0.362	0.525	0.336	0.278	104	153	130	101	107	144
chx_high		chr10:UPF2:t:12035441|10:12035441-12042754:-	UPF2	chr10:UPF2:t:12035441	t	12035441	10:12035441-12042754:-	10	12035441	12042754	-	100.2	0.756		0.812	0.056	0.069		welch	0.49066917665758986	0.7315041136267753	0	0	0.792	0.758	0.714	0.699	0.807	0.926	96	91	84	103	119	108
chx_high		chr2:INO80B:s:74455598|2:74455598-74455801:+	INO80B	chr2:INO80B:s:74455598	s	74455598	2:74455598-74455801:+	2	74455598	74455801	+	122.5	0.015		0.07	0.055			welch	0.5080791922815691	0.7344511096347434	0	0	0.047	0.006	0.0	0.0	0.268	0.0	128	162	175	97	71	102
chx_high		chr15:PKM:t:72219110|15:72219110-72230895:-	PKM	chr15:PKM:t:72219110	t	72219110	15:72219110-72230895:-	15	72219110	72230895	-	126.3	0.027		0.082	0.055			welch	0.565944847218037	0.7722238102227423	0	0	0.019	0.019	0.038	0.239	0.0	0.0	108	209	234	71	51	85
chx_high		chr5:SDHA:t:236427|5:233645-236427:+	SDHA	chr5:SDHA:t:236427	t	236427	5:233645-236427:+	5	233645	236427	+	132.5	0.0		0.054	0.054			welch	0.4226497308103742	0.6837325285131816	0	0	0.0	0.0	0.0	0.254	0.0	0.0	121	210	166	63	129	106
chx_high		chr12:ENSG00000257379:t:53467220|12:53465973-53467220:+	ENSG00000257379	chr12:ENSG00000257379:t:53467220	t	53467220	12:53465973-53467220:+	12	53465973	53467220	+	142.8	0.792		0.846	0.054	0.035		welch	0.5794432375602092	0.7768267706383319	0	0	0.904	0.741	0.734	0.908	0.951	0.696	198	185	214	87	81	92
chx_high		chr19:ERCC1:t:45413745|19:45413745-45413962:-	ERCC1	chr19:ERCC1:t:45413745	t	45413745	19:45413745-45413962:-	19	45413745	45413962	-	120.8	0.612		0.666	0.054	0.094		welch	0.8720096549703035	0.9363479409046009	0	0	0.609	0.715	0.52	0.68	0.434	0.794	87	158	175	103	76	126
chx_high		chr8:PUF60:t:143821913|8:143821913-143829279:-	PUF60	chr8:PUF60:t:143821913	t	143821913	8:143821913-143829279:-	8	143821913	143829279	-	184.5	0.238		0.291	0.053	-0.038		welch	0.6434256673292466	0.8406277174950347	0	0	0.114	0.222	0.326	0.15	0.323	0.313	140	338	258	60	164	147
chx_high		chr3:CHCHD6:s:126727186|3:126727186-126733077:+	CHCHD6	chr3:CHCHD6:s:126727186	s	126727186	3:126727186-126733077:+	3	126727186	126733077	+	143.8	0.022		0.074	0.051			welch	0.44885954450961113	0.7040539997267712	0	0	0.0	0.027	0.034	0.0	0.033	0.227	143	257	178	88	122	75
chx_high		chr5:TAF9:t:69366595|5:69366595-69369462:-	TAF9	chr5:TAF9:t:69366595	t	69366595	5:69366595-69369462:-	5	69366595	69369462	-	125.8	0.777		0.829	0.051	0.008		welch	0.614673308430082	0.8158391184617467	0	0	0.804	0.768	0.771	0.873	0.651	1.0	97	164	179	71	129	115
chx_high		chrX:MECP2:s:154097603|X:154032557-154097603:-	MECP2	chrX:MECP2:s:154097603	s	154097603	X:154032557-154097603:-	X	154032557	154097603	-	129.8	0.516		0.568	0.051	0.036		welch	0.7137093499300577	0.8774868639140092	0	0	0.546	0.373	0.634	0.417	0.678	0.587	130	161	164	84	90	150
chx_high		chr6:SYNCRIP:s:85614980|6:85612920-85614980:-	SYNCRIP	chr6:SYNCRIP:s:85614980	s	85614980	6:85612920-85614980:-	6	85612920	85614980	-	350.2	0.132		0.182	0.05	0.027		welch	0.6671859437954011	0.8544662087204259	0	0	0.171	0.161	0.07	0.092	0.111	0.308	350	461	431	239	289	331
chx_high		chr13:EBPL:t:49661208|13:49661208-49663056:-	EBPL	chr13:EBPL:t:49661208	t	49661208	13:49661208-49663056:-	13	49661208	49663056	-	107.0	0.856		0.906	0.05	0.015		welch	0.6708025237424645	0.8552925922377147	0	0	0.937	0.795	0.86	1.0	0.901	0.791	126	171	121	86	71	67
chx_high		chr7:SSBP1:t:141739123|7:141738503-141739123:+	SSBP1	chr7:SSBP1:t:141739123	t	141739123	7:141738503-141739123:+	7	141738503	141739123	+	105.2	0.548		0.598	0.05	0.086		welch	0.7282997400252678	0.8842558174111359	0	0	0.346	0.559	0.634	0.387	0.456	0.905	78	188	161	62	68	74
chx_high		chr5:TCOF1:s:150369602|5:150369602-150374616:+	TCOF1	chr5:TCOF1:s:150369602	s	150369602	5:150369602-150374616:+	5	150369602	150374616	+	107.8	0.178		0.228	0.05	0.059		welch	0.8172639268902877	0.9196187539574722	0	0	0.118	0.188	0.223	0.014	0.267	0.324	110	144	112	69	101	111
chx_high		chr9:NTMT1:t:129634053|9:129632865-129634053:+	NTMT1	chr9:NTMT1:t:129634053	t	129634053	9:129632865-129634053:+	9	129632865	129634053	+	102.0	0.641		0.691	0.05	-0.047		welch	0.9042359532636567	0.9459017231321426	0	0	0.829	0.482	0.693	0.609	0.655	0.784	111	164	101	64	84	88
chx_high		chr15:UBL7:t:74446227|15:74446227-74449625:-	UBL7	chr15:UBL7:t:74446227	t	74446227	15:74446227-74449625:-	15	74446227	74449625	-	108.3	0.014		0.064	0.049			welch	0.5068062748256974	0.7344289441642861	0	0	0.0	0.032	0.014	0.0	0.231	0.0	99	94	222	102	65	68
chx_high		chr1:HNRNPR:s:23344210|1:23341017-23344210:-	HNRNPR	chr1:HNRNPR:s:23344210	s	23344210	1:23341017-23344210:-	1	23341017	23344210	-	109.0	0.167		0.216	0.048	0.093		welch	0.7214926679232866	0.8805251738671198	0	0	0.051	0.188	0.234	0.109	0.149	0.308	118	160	158	64	47	107
chx_high		chr16:METTL26:t:635340|16:635340-635611:-	METTL26	chr16:METTL26:t:635340	t	635340	16:635340-635611:-	16	635340	635611	-	144.5	0.325		0.372	0.047	0.123		welch	0.3472314369671782	0.6344704205791581	0	0	0.306	0.312	0.344	0.523	0.36	0.312	134	176	259	65	89	144
chx_high		chr14:MAX:s:65102303|14:65101572-65102303:-	MAX	chr14:MAX:s:65102303	s	65102303	14:65101572-65102303:-	14	65101572	65102303	-	100.8	0.345		0.391	0.047	0.006		welch	0.363578033608426	0.6396561662327643	0	0	0.33	0.348	0.35	0.459	0.286	0.606	97	164	183	37	91	33
chx_high		chr10:NOLC1:t:102159432|10:102159338-102159432:+	NOLC1	chr10:NOLC1:t:102159432	t	102159432	10:102159338-102159432:+	10	102159338	102159432	+	119.3	0.245		0.292	0.047	0.049		welch	0.49886582292898984	0.7315041136267753	0	0	0.112	0.383	0.174	0.205	0.37	0.311	98	154	115	122	108	119
chx_high		chr17:CHD3:s:7907488|17:7907488-7907600:+	CHD3	chr17:CHD3:s:7907488	s	7907488	17:7907488-7907600:+	17	7907488	7907600	+	128.8	0.726		0.774	0.047	0.077		welch	0.8248709198733853	0.9210795740077572	0	0	0.62	0.812	0.71	0.568	0.759	0.895	100	170	238	74	58	133
chx_high		chr7:SSBP1:t:141739123|7:141738593-141739123:+	SSBP1	chr7:SSBP1:t:141739123	t	141739123	7:141738593-141739123:+	7	141738593	141739123	+	105.2	0.033		0.078	0.046	-0.011		welch	0.5710110887124458	0.773503112571643	0	0	0.0	0.021	0.062	0.258	0.0	0.0	78	188	161	62	68	74
chx_high		chr8:PUF60:s:143829279|8:143821913-143829279:-	PUF60	chr8:PUF60:s:143829279	s	143829279	8:143821913-143829279:-	8	143821913	143829279	-	190.3	0.232		0.278	0.046	-0.025		welch	0.720013795781023	0.8805251738671198	0	0	0.094	0.23	0.326	0.096	0.39	0.291	170	326	258	94	136	158
chx_high		chr1:GUK1:s:228147699|1:228147699-228148370:+	GUK1	chr1:GUK1:s:228147699	s	228147699	1:228147699-228148370:+	1	228147699	228148370	+	126.8	0.854		0.898	0.044	0.032		welch	0.3606491529921949	0.6396561662327643	0	0	0.825	0.778	0.925	0.81	0.964	0.965	120	167	228	105	55	86
chx_high		chr22:DDX17:t:38486440|22:38486440-38487878:-	DDX17	chr22:DDX17:t:38486440	t	38486440	22:38486440-38487878:-	22	38486440	38487878	-	116.8	0.616		0.659	0.043	0.091		welch	0.31791866765272425	0.6047703645250522	0	0	0.519	0.661	0.632	0.714	0.586	0.724	79	127	114	84	174	123
chx_high		chr3:AP2M1:s:184180251|3:184180251-184180848:+	AP2M1	chr3:AP2M1:s:184180251	s	184180251	3:184180251-184180848:+	3	184180251	184180848	+	160.0	0.366		0.409	0.043	0.024		welch	0.5529785451118522	0.7689035008221945	0	0	0.378	0.396	0.341	0.375	0.323	0.596	196	222	349	48	93	52
chx_high		chr1:GUK1:t:228148664|1:228148456-228148664:+	GUK1	chr1:GUK1:t:228148664	t	228148664	1:228148456-228148664:+	1	228148456	228148664	+	159.8	0.862		0.905	0.043	0.042		welch	0.6553495960716271	0.8486123372634817	0	0	0.875	0.826	0.896	0.765	0.966	0.975	168	287	240	85	59	120
chx_high		chr1:EFHD2:t:15428592|1:15427284-15428592:+	EFHD2	chr1:EFHD2:t:15428592	t	15428592	1:15427284-15428592:+	1	15427284	15428592	+	309.0	0.904		0.947	0.043	0.007		welch	0.7907472843786383	0.9043134701318808	0	0	0.961	0.886	0.882	0.952	0.722	0.979	384	428	645	124	36	237
chx_high		chr5:TCOF1:t:150374616|5:150369602-150374616:+	TCOF1	chr5:TCOF1:t:150374616	t	150374616	5:150369602-150374616:+	5	150369602	150374616	+	107.2	0.182		0.225	0.043	0.059		welch	0.9749121490619522	0.9782623626326122	0	0	0.2	0.235	0.14	0.016	0.3	0.269	65	115	178	61	90	134
chx_high		chr16:RNPS1:t:2264760|16:2264760-2267662:-	RNPS1	chr16:RNPS1:t:2264760	t	2264760	16:2264760-2267662:-	16	2264760	2267662	-	115.3	0.149		0.19	0.042	0.085		welch	0.5514594849044749	0.7689035008221945	0	0	0.106	0.184	0.147	0.471	0.068	0.16	160	201	163	34	59	75
chx_high		chr20:PIGT:t:45420331|20:45416343-45420331:+	PIGT	chr20:PIGT:t:45420331	t	45420331	20:45416343-45420331:+	20	45416343	45420331	+	106.7	0.014		0.054	0.041			welch	0.49583860771724075	0.7315041136267753	0	0	0.0	0.048	0.0	0.282	0.0	0.0	133	124	181	39	87	76
chx_high		chr16:VKORC1:s:31094556|16:31091342-31094556:-	VKORC1	chr16:VKORC1:s:31094556	s	31094556	16:31091342-31094556:-	16	31091342	31094556	-	119.0	0.345		0.386	0.041	-0.025		welch	0.7728332906041151	0.9038918450156207	0	0	0.37	0.219	0.463	0.25	0.487	0.407	162	183	162	68	80	59
chx_high		chr17:ANAPC11:t:81893551|17:81891863-81893551:+	ANAPC11	chr17:ANAPC11:t:81893551	t	81893551	17:81891863-81893551:+	17	81891863	81893551	+	102.7	0.124		0.16	0.037	-0.031		welch	0.7514924209140282	0.8929158515885981	0	0	0.173	0.133	0.092	0.0	0.29	0.203	98	181	206	41	31	59
chx_high		chr17:ANAPC11:t:81893551|17:81893187-81893551:+	ANAPC11	chr17:ANAPC11:t:81893551	t	81893551	17:81893187-81893551:+	17	81893187	81893551	+	102.7	0.033		0.069	0.036			welch	0.6659152231189985	0.8544662087204259	0	0	0.051	0.039	0.019	0.22	0.0	0.0	98	181	206	41	31	59
chx_high		chr9:ANKRD18B:s:33541227|9:33541227-33543184:+	ANKRD18B	chr9:ANKRD18B:s:33541227	s	33541227	9:33541227-33543184:+	9	33541227	33543184	+	106.0	0.777		0.812	0.035	0.032		welch	0.7021407440131026	0.8743074509672748	0	0	0.615	0.866	0.81	0.729	0.915	0.766	65	97	58	140	165	111
chx_high		chr1:NASP:t:45613168|1:45608337-45613168:+	NASP	chr1:NASP:t:45613168	t	45613168	1:45608337-45613168:+	1	45608337	45613168	+	131.5	0.365		0.399	0.034	0.041		welch	0.7061863311439764	0.8743086663966644	0	0	0.243	0.288	0.517	0.272	0.5	0.408	115	111	147	114	128	174
chx_high		chr19:ILF3:s:10682704|19:10682704-10683124:+	ILF3	chr19:ILF3:s:10682704	s	10682704	19:10682704-10683124:+	19	10682704	10683124	+	287.3	0.364		0.398	0.034	0.029		welch	0.799955167755667	0.9048206836754804	0	0	0.366	0.408	0.327	0.232	0.575	0.382	232	412	495	151	167	267
chx_high		chr16:TNRC6A:s:24729846|16:24729846-24750725:+	TNRC6A	chr16:TNRC6A:s:24729846	s	24729846	16:24729846-24750725:+	16	24729846	24750725	+	115.5	0.208		0.242	0.034	0.029		welch	0.839798562347102	0.9260369080037748	0	0	0.337	0.156	0.15	0.185	0.417	0.114	92	96	120	130	132	123
chx_high		chr11:INCENP:t:62144981|11:62141044-62144981:+	INCENP	chr11:INCENP:t:62144981	t	62144981	11:62141044-62144981:+	11	62141044	62144981	+	159.2	0.812		0.844	0.033	0.027		welch	0.7439067704056205	0.8929158515885981	0	0	0.783	0.879	0.75	0.776	0.985	0.743	157	256	208	58	132	144
chx_high		chr5:GRK6:s:177441053|5:177441053-177441736:+	GRK6	chr5:GRK6:s:177441053	s	177441053	5:177441053-177441736:+	5	177441053	177441736	+	108.3	0.608		0.641	0.032	0.04		welch	0.5680223421714529	0.7732518597392273	0	0	0.635	0.558	0.626	0.569	0.6	0.8	96	104	155	130	85	80
chx_high		chrX:CITED1:t:72302934|X:72302934-72305824:-	CITED1	chrX:CITED1:t:72302934	t	72302934	X:72302934-72305824:-	X	72302934	72305824	-	166.5	0.189		0.221	0.032	0.003		welch	0.8832213440299155	0.9395287156893818	0	0	0.15	0.193	0.216	0.352	0.018	0.238	214	295	259	71	55	105
chx_high		chr15:TPM1:t:63056984|15:63044152-63056984:+	TPM1	chr15:TPM1:t:63056984	t	63056984	15:63044152-63056984:+	15	63044152	63056984	+	234.8	0.399		0.43	0.031	0.029		welch	0.7416208240351523	0.8929158515885981	0	0	0.443	0.383	0.384	0.38	0.328	0.597	262	397	315	108	183	144
chx_high		chr11:INCENP:s:62141044|11:62141044-62144981:+	INCENP	chr11:INCENP:s:62141044	s	62141044	11:62141044-62144981:+	11	62141044	62144981	+	162.3	0.796		0.827	0.031	0.017		welch	0.8467529261541366	0.9260369080037748	0	0	0.783	0.846	0.743	0.714	0.956	0.754	157	266	210	63	136	142
chx_high		chrX:EOLA2:t:149934137|X:149934137-149937432:-	EOLA2	chrX:EOLA2:t:149934137	t	149934137	X:149934137-149937432:-	X	149934137	149937432	-	116.0	0.831		0.862	0.031	0.054		welch	0.905563896025507	0.9459017231321426	0	0	0.918	0.78	0.832	0.742	0.868	0.948	98	168	119	89	106	116
chx_high		chr1:HNRNPR:s:23344210|1:23338608-23344210:-	HNRNPR	chr1:HNRNPR:s:23344210	s	23344210	1:23338608-23344210:-	1	23338608	23344210	-	109.0	0.658		0.688	0.03	-0.001		welch	0.651845905188337	0.8459511302888639	0	0	0.797	0.606	0.608	0.875	0.766	0.542	118	160	158	64	47	107
chx_high		chr16:TNRC6A:t:24750725|16:24729846-24750725:+	TNRC6A	chr16:TNRC6A:t:24750725	t	24750725	16:24729846-24750725:+	16	24729846	24750725	+	108.7	0.224		0.254	0.03	0.003		welch	0.837081449249529	0.9258628150790255	0	0	0.337	0.176	0.165	0.233	0.401	0.111	92	85	109	103	137	126
chx_high		chr12:C12orf75:t:105366616|12:105365842-105366616:+	C12orf75	chr12:C12orf75:t:105366616	t	105366616	12:105365842-105366616:+	12	105365842	105366616	+	119.3	0.866		0.894	0.029	0.017		welch	0.6728939819650628	0.8552925922377147	0	0	0.797	0.871	0.912	0.773	0.911	1.0	133	232	171	66	45	69
chx_high		chr14:ACIN1:s:23064354|14:23064221-23064354:-	ACIN1	chr14:ACIN1:s:23064354	s	23064354	14:23064221-23064354:-	14	23064221	23064354	-	192.7	0.192		0.221	0.029	0.011		welch	0.941639952720808	0.9563786650242647	0	0	0.259	0.12	0.212	0.127	0.118	0.369	158	216	240	173	152	217
chx_high		chr20:ADRM1:t:62303567|20:62303045-62303567:+	ADRM1	chr20:ADRM1:t:62303567	t	62303567	20:62303045-62303567:+	20	62303045	62303567	+	131.3	0.092		0.121	0.028	-0.018		welch	0.5574504017435096	0.7714479493322502	0	0	0.076	0.109	0.087	0.167	0.0	0.271	118	202	253	60	96	59
chx_high		chr1:AURKAIP1:t:1374790|1:1374790-1374996:-	AURKAIP1	chr1:AURKAIP1:t:1374790	t	1374790	1:1374790-1374996:-	1	1374790	1374996	-	116.8	0.225		0.253	0.027	0.035		welch	0.5472895304369931	0.7683103023442404	0	0	0.11	0.171	0.344	0.254	0.295	0.229	136	170	209	59	44	83
chx_high		chr1:KRTCAP2:t:155172892|1:155172892-155173316:-	KRTCAP2	chr1:KRTCAP2:t:155172892	t	155172892	1:155172892-155173316:-	1	155172892	155173316	-	125.0	0.012		0.038	0.026			welch	0.501900722184806	0.7315041136267753	0	0	0.0	0.037	0.0	0.2	0.0	0.0	145	190	256	30	41	88
chx_high		chr5:MACROH2A1:s:135360496|5:135353045-135360496:-	MACROH2A1	chr5:MACROH2A1:s:135360496	s	135360496	5:135353045-135360496:-	5	135353045	135360496	-	125.2	0.844		0.869	0.025	0.066		welch	0.5346838834077696	0.7560663145523909	0	0	0.698	0.897	0.861	0.824	0.932	0.845	106	223	216	74	74	58
chx_high		chr19:RANBP3:t:5928087|19:5928087-5931418:-	RANBP3	chr19:RANBP3:t:5928087	t	5928087	19:5928087-5931418:-	19	5928087	5931418	-	145.3	0.487		0.512	0.025	0.057		welch	0.7254191071359185	0.8825932470153676	0	0	0.462	0.378	0.602	0.442	0.547	0.537	93	196	206	113	117	147
chx_high		chr19:HNRNPUL1:t:41268222|19:41264692-41268222:+	HNRNPUL1	chr19:HNRNPUL1:t:41268222	t	41268222	19:41264692-41268222:+	19	41264692	41268222	+	107.8	0.185		0.209	0.024	-0.04		welch	0.6486803993724389	0.8441034486030227	0	0	0.216	0.243	0.077	0.3	0.107	0.242	125	202	143	30	56	91
chx_high		chr10:TIMM23:s:45972730|10:45972730-45982522:+	TIMM23	chr10:TIMM23:s:45972730	s	45972730	10:45972730-45982522:+	10	45972730	45982522	+	136.2	0.016		0.04	0.023			welch	0.4992895391544618	0.7315041136267753	0	0	0.0	0.017	0.027	0.242	0.0	0.0	158	232	225	33	79	90
chx_high		chr11:PTPMT1:s:47565986|11:47565986-47569699:+	PTPMT1	chr11:PTPMT1:s:47565986	s	47565986	11:47565986-47569699:+	11	47565986	47569699	+	136.8	0.237		0.26	0.023	0.037		welch	0.6201496627005021	0.8193832647445553	0	0	0.224	0.198	0.276	0.148	0.455	0.254	161	167	228	88	55	122
chx_high		chr5:CSNK1A1:t:149496860|5:149496860-149505482:-	CSNK1A1	chr5:CSNK1A1:t:149496860	t	149496860	5:149496860-149505482:-	5	149496860	149505482	-	132.0	0.415		0.435	0.021	-0.026		welch	0.9104145037161707	0.9459017231321426	0	0	0.395	0.39	0.483	0.541	0.212	0.476	157	205	120	74	66	170
chx_high		chr6:PAK1IP1:s:10695069|6:10695069-10697320:+	PAK1IP1	chr6:PAK1IP1:s:10695069	s	10695069	6:10695069-10697320:+	6	10695069	10697320	+	102.5	0.155		0.174	0.019	-0.029		welch	0.5168875538438275	0.7453390899871487	0	0	0.081	0.2	0.138	0.319	0.155	0.105	74	155	87	69	116	114
chx_high		chr12:PSMD9:t:121903005|12:121888994-121903005:+	PSMD9	chr12:PSMD9:t:121903005	t	121903005	12:121888994-121903005:+	12	121888994	121903005	+	117.5	0.08		0.098	0.019	0.033		welch	0.8722145202946967	0.9363479409046009	0	0	0.082	0.106	0.049	0.021	0.242	0.015	147	161	143	96	91	67
chx_high		chr12:RNF10:s:120563070|12:120563070-120563346:+	RNF10	chr12:RNF10:s:120563070	s	120563070	12:120563070-120563346:+	12	120563070	120563346	+	115.3	0.839		0.857	0.019	0.04		welch	0.8817793354944384	0.9395287156893818	0	0	0.82	0.844	0.849	1.0	0.769	0.782	167	173	205	53	39	55
chx_high		chr19:SMARCA4:s:11041560|19:11041560-11058257:+	SMARCA4	chr19:SMARCA4:s:11041560	s	11041560	19:11041560-11058257:+	19	11041560	11058257	+	315.0	0.322		0.339	0.017	-0.023		welch	0.7541546667138193	0.8929158515885981	0	0	0.425	0.265	0.272	0.523	0.322	0.222	379	347	390	214	258	302
chx_high		chr2:BOLA3:t:74135658|2:74135658-74145188:-	BOLA3	chr2:BOLA3:t:74135658	t	74135658	2:74135658-74145188:-	2	74135658	74145188	-	125.0	0.702		0.72	0.017	0.026		welch	0.9314480103336635	0.952670008534316	0	0	0.842	0.647	0.671	0.746	0.769	0.623	139	255	167	71	65	53
chx_high		chr3:CNBP:t:129171538|3:129171538-129171654:-	CNBP	chr3:CNBP:t:129171538	t	129171538	3:129171538-129171654:-	3	129171538	129171654	-	106.7	0.612		0.629	0.017	0.028		welch	0.9318247434166407	0.952670008534316	0	0	0.671	0.545	0.632	0.444	0.804	0.631	143	167	136	45	46	103
chx_high		chr6:HDDC2:t:125292909|6:125292909-125300537:-	HDDC2	chr6:HDDC2:t:125292909	t	125292909	6:125292909-125300537:-	6	125292909	125300537	-	100.5	0.769		0.786	0.017	0.092		welch	0.9816407522207286	0.9833245270958927	0	0	0.733	0.685	0.923	0.863	0.667	0.818	101	219	143	51	45	44
chx_high		chr19:RAD23A:s:12949159|19:12949159-12949274:+	RAD23A	chr19:RAD23A:s:12949159	s	12949159	19:12949159-12949274:+	19	12949159	12949274	+	164.8	0.601		0.616	0.015	0.003		welch	0.5721803846420365	0.773503112571643	0	0	0.392	0.686	0.595	0.653	0.553	0.646	79	210	237	95	159	209
chx_high		chr14:ACIN1:s:23065965|14:23064485-23065965:-	ACIN1	chr14:ACIN1:s:23065965	s	23065965	14:23064485-23065965:-	14	23064485	23065965	-	195.7	0.193		0.208	0.015	0.007		welch	0.7825385693414506	0.9043134701318808	0	0	0.116	0.298	0.131	0.12	0.247	0.241	181	262	221	150	186	174
chx_high		chr19:PRKCSH:t:11447692|19:11447597-11447692:+	PRKCSH	chr19:PRKCSH:t:11447692	t	11447692	19:11447597-11447692:+	19	11447597	11447692	+	130.0	0.6		0.614	0.014	-0.04		welch	0.7505815024358441	0.8929158515885981	0	0	0.667	0.496	0.635	0.759	0.638	0.496	84	123	200	87	149	137
chx_high		chr8:CYRIB:s:129939607|8:129904585-129939607:-	CYRIB	chr8:CYRIB:s:129939607	s	129939607	8:129904585-129939607:-	8	129904585	129939607	-	128.8	0.681		0.695	0.014	0.005		welch	0.8646917393234775	0.9334195485488187	0	0	0.692	0.779	0.567	0.624	0.716	0.739	130	190	178	85	102	88
chx_high		chr1:MRPL24:t:156738764|1:156738764-156741011:-	MRPL24	chr1:MRPL24:t:156738764	t	156738764	1:156738764-156741011:-	1	156738764	156741011	-	126.8	0.7		0.714	0.014	0.02		welch	0.8599478494394247	0.9334195485488187	0	0	0.675	0.69	0.73	0.643	0.922	0.593	194	184	222	56	51	54
chx_high		chr20:SNHG17:t:38422241|20:38422241-38425934:-	SNHG17	chr20:SNHG17:t:38422241	t	38422241	20:38422241-38425934:-	20	38422241	38425934	-	123.8	0.629		0.642	0.013	0.045		welch	0.7317774060718573	0.8847991824968212	0	0	0.72	0.733	0.551	0.592	0.571	0.751	25	15	49	184	233	237
chx_high		chr6:HMGA1:t:34242711|6:34240882-34242711:+	HMGA1	chr6:HMGA1:t:34242711	t	34242711	6:34240882-34242711:+	6	34240882	34242711	+	188.0	0.248		0.261	0.013	0.012		welch	0.7914194346671884	0.9043134701318808	0	0	0.299	0.253	0.208	0.219	0.429	0.184	211	292	303	73	91	158
chx_high		chr17:CNTROB:s:7948619|17:7948619-7949081:+	CNTROB	chr17:CNTROB:s:7948619	s	7948619	17:7948619-7949081:+	17	7948619	7949081	+	116.5	0.289		0.302	0.013	0.041		welch	0.9582419537874877	0.9681891020967003	0	0	0.197	0.356	0.295	0.252	0.512	0.106	71	90	88	143	166	141
chx_high		chr17:UBTF:s:44212818|17:44212006-44212818:-	UBTF	chr17:UBTF:s:44212818	s	44212818	17:44212006-44212818:-	17	44212006	44212818	-	107.2	0.234		0.246	0.012	-0.004		welch	0.7891464807341444	0.9043134701318808	0	0	0.11	0.316	0.23	0.352	0.217	0.158	136	212	161	54	23	57
chx_high		chr19:VASP:s:45522581|19:45522581-45522717:+	VASP	chr19:VASP:s:45522581	s	45522581	19:45522581-45522717:+	19	45522581	45522717	+	144.0	0.818		0.83	0.012	-0.017		welch	0.9135223716791772	0.9459017231321426	0	0	0.717	0.865	0.824	0.814	0.655	0.905	127	251	210	70	58	148
chx_high		chr1:S100A13:t:153626533|1:153626533-153627138:-	S100A13	chr1:S100A13:t:153626533	t	153626533	1:153626533-153627138:-	1	153626533	153627138	-	101.3	0.162		0.171	0.01	0.05		welch	0.6289851645906215	0.8273138200921688	0	0	0.175	0.222	0.071	0.154	0.382	0.092	154	153	126	65	34	76
chx_high		chr12:PSMD9:s:121888994|12:121888994-121903005:+	PSMD9	chr12:PSMD9:s:121888994	s	121888994	12:121888994-121903005:+	12	121888994	121903005	+	144.5	0.067		0.077	0.01	0.012		welch	0.7081301356260655	0.8743086663966644	0	0	0.121	0.072	0.034	0.022	0.344	0.006	99	237	205	92	64	170
chx_high		chrX:MECP2:t:154032557|X:154032557-154097603:-	MECP2	chrX:MECP2:t:154032557	t	154032557	X:154032557-154097603:-	X	154032557	154097603	-	146.7	0.472		0.482	0.01	-0.019		welch	0.9291166830609419	0.952670008534316	0	0	0.617	0.328	0.52	0.35	0.592	0.492	115	183	200	100	103	179
chx_high		chr5:GRK6:t:177441734|5:177441053-177441736:+	GRK6	chr5:GRK6:t:177441734	t	177441734	5:177441053-177441736:+	5	177441053	177441736	+	106.2	0.632		0.641	0.009	0.04		welch	0.8025635516162646	0.9048206836754804	0	0	0.701	0.558	0.642	0.569	0.6	0.8	87	104	151	130	85	80
chx_high		chr12:TROAP:s:49324037|12:49324037-49324154:+	TROAP	chr12:TROAP:s:49324037	s	49324037	12:49324037-49324154:+	12	49324037	49324154	+	105.8	0.119		0.128	0.009	0.003		welch	0.8911908865203785	0.9428541263186612	0	0	0.209	0.124	0.031	0.0	0.231	0.172	110	217	128	64	52	64
chx_high		chrX:IRAK1:s:154014041|X:154013343-154014041:-	IRAK1	chrX:IRAK1:s:154014041	s	154014041	X:154013343-154014041:-	X	154013343	154014041	-	116.3	0.064		0.072	0.008	-0.025		welch	0.8303861739149091	0.9237057629834418	0	0	0.081	0.046	0.069	0.0	0.0	0.259	111	175	217	82	59	54
chx_high		chr16:RPS15A:t:18789118|16:18789118-18790309:-	RPS15A	chr16:RPS15A:t:18789118	t	18789118	16:18789118-18790309:-	16	18789118	18790309	-	142.7	0.684		0.691	0.007	-0.095		welch	0.828797592056298	0.9236980796963321	0	0	0.774	0.688	0.628	0.644	0.602	0.793	133	269	234	45	83	92
chx_high		chr1:NASP:s:45606591|1:45606591-45607320:+	NASP	chr1:NASP:s:45606591	s	45606591	1:45606591-45607320:+	1	45606591	45607320	+	132.7	0.384		0.392	0.007	0.057		welch	0.8982117139454562	0.9451452989984621	0	0	0.346	0.463	0.324	0.484	0.229	0.383	133	147	105	161	83	167
chx_high		chr17:AURKB:t:8207840|17:8207840-8210529:-	AURKB	chr17:AURKB:t:8207840	t	8207840	17:8207840-8210529:-	17	8207840	8210529	-	108.8	0.237		0.243	0.006	0.022		welch	0.7959197322736073	0.9043134701318808	0	0	0.313	0.17	0.245	0.19	0.038	0.402	115	153	208	42	53	82
chx_high		chr1:NENF:s:212433120|1:212433120-212442564:+	NENF	chr1:NENF:s:212433120	s	212433120	1:212433120-212442564:+	1	212433120	212442564	+	114.5	0.824		0.829	0.005	-0.046		welch	0.6930071378244511	0.8703573515902796	0	0	0.708	0.847	0.862	0.722	1.0	0.818	113	177	239	54	38	66
chx_high		chrX:BCAP31:t:153723288|X:153723288-153724333:-	BCAP31	chrX:BCAP31:t:153723288	t	153723288	X:153723288-153724333:-	X	153723288	153724333	-	124.5	0.638		0.642	0.004	-0.016		welch	0.8434630474047524	0.9260369080037748	0	0	0.6	0.644	0.657	0.763	0.81	0.413	160	177	251	38	58	63
chx_high		chr5:GRK6:s:177441053|5:177441053-177441734:+	GRK6	chr5:GRK6:s:177441053	s	177441053	5:177441053-177441734:+	5	177441053	177441734	+	108.3	0.355		0.359	0.004	-0.04		welch	0.913258719015216	0.9459017231321426	0	0	0.271	0.442	0.348	0.431	0.4	0.2	96	104	155	130	85	80
chx_high		chr16:SH2B1:t:28873169|16:28872758-28873169:+	SH2B1	chr16:SH2B1:t:28873169	t	28873169	16:28872758-28873169:+	16	28872758	28873169	+	149.5	0.242		0.245	0.003	0.019		welch	0.862489211100208	0.9334195485488187	0	0	0.311	0.264	0.165	0.09	0.348	0.253	167	129	188	100	135	178
chx_high		chrX:IRAK1:s:154014041|X:154013433-154014041:-	IRAK1	chrX:IRAK1:s:154014041	s	154014041	X:154013433-154014041:-	X	154013433	154014041	-	116.3	0.901		0.903	0.002	0.025		welch	0.8683701843490211	0.9356608628410118	0	0	0.919	0.92	0.876	1.0	1.0	0.648	111	175	217	82	59	54
chx_high		chr19:HNRNPM:s:8474244|19:8474244-8483157:+	HNRNPM	chr19:HNRNPM:s:8474244	s	8474244	19:8474244-8483157:+	19	8474244	8483157	+	149.5	0.885		0.886	0.002	-0.001		welch	0.8761040719180672	0.9364310838500504	0	0	0.929	0.849	0.89	0.75	0.977	0.905	154	225	210	96	128	84
chx_high		chr1:SRSF11:s:70250503|1:70250503-70250610:+	SRSF11	chr1:SRSF11:s:70250503	s	70250503	1:70250503-70250610:+	1	70250503	70250610	+	159.0	0.312		0.313	0.001	0.006		welch	0.7768468411667037	0.9038918450156207	0	0	0.359	0.335	0.226	0.254	0.483	0.262	145	206	133	209	116	145
chx_high		chr21:ATP5PF:t:25729801|21:25729801-25734852:-	ATP5PF	chr21:ATP5PF:t:25729801	t	25729801	21:25729801-25734852:-	21	25729801	25734852	-	334.3	0.634		0.635	0.001	-0.059		welch	0.9330945974000492	0.952670008534316	0	0	0.677	0.657	0.591	0.799	0.56	0.589	415	440	653	134	184	180
chx_high		chr1:SRSF11:s:70250503|1:70250503-70250607:+	SRSF11	chr1:SRSF11:s:70250503	s	70250503	1:70250503-70250607:+	1	70250503	70250607	+	159.0	0.688		0.687	-0.001	-0.006		welch	0.7768468411667037	0.9038918450156207	0	0	0.641	0.665	0.774	0.746	0.517	0.738	145	206	133	209	116	145
chx_high		chr17:ANAPC11:t:81893551|17:81891841-81893551:+	ANAPC11	chr17:ANAPC11:t:81893551	t	81893551	17:81891841-81893551:+	17	81891841	81893551	+	102.7	0.443		0.443	-0.001	0.154		welch	0.8577758569954718	0.9334195485488187	0	0	0.398	0.497	0.417	0.488	0.29	0.492	98	181	206	41	31	59
chx_high		chr11:NDUFS8:t:68032151|11:68030877-68032151:+	NDUFS8	chr11:NDUFS8:t:68032151	t	68032151	11:68030877-68032151:+	11	68030877	68032151	+	128.2	0.053		0.05	-0.002			welch	0.7744707264267151	0.9038918450156207	0	0	0.0	0.031	0.097	0.0	0.196	0.0	131	192	247	79	51	69
chx_high		chr19:HNRNPM:s:8474244|19:8474244-8485602:+	HNRNPM	chr19:HNRNPM:s:8474244	s	8474244	19:8474244-8485602:+	19	8474244	8485602	+	149.5	0.115		0.114	-0.002	0.001		welch	0.8761040719180683	0.9364310838500504	0	0	0.071	0.151	0.11	0.25	0.023	0.095	154	225	210	96	128	84
chx_high		chr16:SH2B1:t:28873169|16:28872705-28873169:+	SH2B1	chr16:SH2B1:t:28873169	t	28873169	16:28872705-28873169:+	16	28872705	28873169	+	149.5	0.758		0.755	-0.003	-0.019		welch	0.8624892111002062	0.9334195485488187	0	0	0.689	0.736	0.835	0.91	0.652	0.747	167	129	188	100	135	178
chx_high		chr1:MRPL24:t:156738764|1:156738764-156741052:-	MRPL24	chr1:MRPL24:t:156738764	t	156738764	1:156738764-156741052:-	1	156738764	156741052	-	126.8	0.265		0.261	-0.004	-0.02		welch	0.9244209652504877	0.9521372904872749	0	0	0.294	0.272	0.234	0.357	0.059	0.352	194	184	222	56	51	54
chx_high		chr1:NENF:s:212433120|1:212433120-212444338:+	NENF	chr1:NENF:s:212433120	s	212433120	1:212433120-212444338:+	1	212433120	212444338	+	114.5	0.176		0.171	-0.005	0.046		welch	0.6930071378244521	0.8703573515902796	0	0	0.292	0.153	0.138	0.278	0.0	0.182	113	177	239	54	38	66
chx_high		chr17:AURKB:t:8207840|17:8207840-8210176:-	AURKB	chr17:AURKB:t:8207840	t	8207840	17:8207840-8210176:-	17	8207840	8210176	-	108.8	0.763		0.757	-0.006	-0.022		welch	0.7959197322736075	0.9043134701318808	0	0	0.687	0.83	0.755	0.81	0.962	0.598	115	153	208	42	53	82
chx_high		chr1:NASP:s:45606591|1:45606591-45613168:+	NASP	chr1:NASP:s:45606591	s	45606591	1:45606591-45613168:+	1	45606591	45613168	+	132.7	0.616		0.608	-0.007	-0.057		welch	0.8982117139454563	0.9451452989984621	0	0	0.654	0.537	0.676	0.516	0.771	0.617	133	147	105	161	83	167
chx_high		chr19:PRMT1:t:49680486|19:49677316-49680486:+	PRMT1	chr19:PRMT1:t:49680486	t	49680486	19:49677316-49680486:+	19	49677316	49680486	+	145.2	0.775		0.768	-0.007	0.023		welch	0.9608719188242654	0.9691696037882055	0	0	0.876	0.82	0.655	0.831	0.692	0.816	178	211	232	59	104	87
chx_high		chr14:HNRNPC:s:21269297|14:21263336-21269297:-	HNRNPC	chr14:HNRNPC:s:21269297	s	21269297	14:21263336-21269297:-	14	21263336	21269297	-	236.2	0.743		0.735	-0.008	-0.039		welch	0.8862728150696189	0.9410605890921043	0	0	0.692	0.791	0.704	0.68	0.643	0.906	227	546	372	75	112	85
chx_high		chr19:ILF3:s:10682704|19:10682704-10683136:+	ILF3	chr19:ILF3:s:10682704	s	10682704	19:10682704-10683136:+	19	10682704	10683136	+	287.3	0.608		0.6	-0.008	-0.018		welch	0.9407541479326228	0.9563786650242647	0	0	0.634	0.585	0.614	0.768	0.425	0.614	232	412	495	151	167	267
chx_high		chr5:GRK6:t:177441734|5:177441053-177441734:+	GRK6	chr5:GRK6:t:177441734	t	177441734	5:177441053-177441734:+	5	177441053	177441734	+	106.2	0.368		0.359	-0.009	-0.04		welch	0.8025635516162651	0.9048206836754804	0	0	0.299	0.442	0.358	0.431	0.4	0.2	87	104	151	130	85	80
chx_high		chr1:AURKAIP1:t:1374790|1:1374790-1375153:-	AURKAIP1	chr1:AURKAIP1:t:1374790	t	1374790	1:1374790-1375153:-	1	1374790	1375153	-	116.8	0.757		0.747	-0.01	-0.035		welch	0.675153912708196	0.8552925922377147	0	0	0.882	0.788	0.651	0.746	0.705	0.771	136	170	209	59	44	83
chx_high		chr12:PSMD9:s:121888994|12:121888994-121894738:+	PSMD9	chr12:PSMD9:s:121888994	s	121888994	12:121888994-121894738:+	12	121888994	121894738	+	144.5	0.933		0.923	-0.01	-0.012		welch	0.7081301356260655	0.8743086663966644	0	0	0.879	0.928	0.966	0.978	0.656	0.994	99	237	205	92	64	170
chx_high		chr17:UBTF:s:44212818|17:44212454-44212818:-	UBTF	chr17:UBTF:s:44212818	s	44212818	17:44212454-44212818:-	17	44212454	44212818	-	107.2	0.766		0.754	-0.012	0.004		welch	0.7891464807341438	0.9043134701318808	0	0	0.89	0.684	0.77	0.648	0.783	0.842	136	212	161	54	23	57
chx_high		chr19:VASP:s:45522581|19:45522581-45522720:+	VASP	chr19:VASP:s:45522581	s	45522581	19:45522581-45522720:+	19	45522581	45522720	+	144.0	0.182		0.17	-0.012	0.017		welch	0.9135223716791777	0.9459017231321426	0	0	0.283	0.135	0.176	0.186	0.345	0.095	127	251	210	70	58	148
chx_high		chr20:SNHG17:t:38422241|20:38422241-38426418:-	SNHG17	chr20:SNHG17:t:38422241	t	38422241	20:38422241-38426418:-	20	38422241	38426418	-	123.8	0.371		0.358	-0.013	-0.045		welch	0.7317774060718562	0.8847991824968212	0	0	0.28	0.267	0.449	0.408	0.429	0.249	25	15	49	184	233	237
chx_high		chr6:HMGA1:t:34242711|6:34240915-34242711:+	HMGA1	chr6:HMGA1:t:34242711	t	34242711	6:34240915-34242711:+	6	34240915	34242711	+	188.0	0.752		0.739	-0.013	-0.012		welch	0.7914194346671886	0.9043134701318808	0	0	0.701	0.747	0.792	0.781	0.571	0.816	211	292	303	73	91	158
chx_high		chr1:GUK1:t:228148664|1:228147699-228148664:+	GUK1	chr1:GUK1:t:228148664	t	228148664	1:228147699-228148664:+	1	228147699	228148664	+	159.8	0.108		0.095	-0.013	-0.012		welch	0.8977846131830701	0.9451452989984621	0	0	0.125	0.129	0.071	0.235	0.034	0.025	168	287	240	85	59	120
chx_high		chr17:CNTROB:s:7948619|17:7948619-7949084:+	CNTROB	chr17:CNTROB:s:7948619	s	7948619	17:7948619-7949084:+	17	7948619	7949084	+	116.5	0.711		0.698	-0.013	-0.041		welch	0.9582419537874871	0.9681891020967003	0	0	0.803	0.644	0.705	0.748	0.488	0.894	71	90	88	143	166	141
chx_high		chr19:PRKCSH:t:11447692|19:11447618-11447692:+	PRKCSH	chr19:PRKCSH:t:11447692	t	11447692	19:11447618-11447692:+	19	11447618	11447692	+	130.0	0.4		0.386	-0.014	0.04		welch	0.7505815024358443	0.8929158515885981	0	0	0.333	0.504	0.365	0.241	0.362	0.504	84	123	200	87	149	137
chx_high		chr9:SIGMAR1:s:34637219|9:34637089-34637219:-	SIGMAR1	chr9:SIGMAR1:s:34637219	s	34637219	9:34637089-34637219:-	9	34637089	34637219	-	219.3	0.947		0.934	-0.014	0.009		welch	0.7769755243113726	0.9038918450156207	0	0	0.93	0.936	0.966	0.774	1.0	0.986	200	361	409	93	105	148
chx_high		chr8:CYRIB:s:129939607|8:129903350-129939607:-	CYRIB	chr8:CYRIB:s:129939607	s	129939607	8:129903350-129939607:-	8	129903350	129939607	-	128.8	0.319		0.305	-0.014	-0.005		welch	0.8646917393234776	0.9334195485488187	0	0	0.308	0.221	0.433	0.376	0.284	0.261	130	190	178	85	102	88
chx_high		chr2:UBE2E3:t:180982017|2:180980973-180982017:+	UBE2E3	chr2:UBE2E3:t:180982017	t	180982017	2:180980973-180982017:+	2	180980973	180982017	+	134.3	0.841		0.827	-0.014	-0.006		welch	0.912274693950052	0.9459017231321426	0	0	0.931	0.828	0.752	0.77	0.778	0.937	189	268	153	61	72	63
chx_high		chr19:RAD23A:s:12949159|19:12949159-12949277:+	RAD23A	chr19:RAD23A:s:12949159	s	12949159	19:12949159-12949277:+	19	12949159	12949277	+	164.8	0.399		0.384	-0.015	-0.003		welch	0.5721803846420372	0.773503112571643	0	0	0.608	0.314	0.405	0.347	0.447	0.354	79	210	237	95	159	209
chx_high		chr16:PPP4C:s:30076475|16:30076475-30081258:+	PPP4C	chr16:PPP4C:s:30076475	s	30076475	16:30076475-30081258:+	16	30076475	30081258	+	138.3	0.915		0.9	-0.015	0.003		welch	0.7222115724012849	0.8805251738671198	0	0	0.819	0.991	0.894	0.757	0.915	0.945	127	228	265	37	82	91
chx_high		chr14:ACIN1:s:23065965|14:23064488-23065965:-	ACIN1	chr14:ACIN1:s:23065965	s	23065965	14:23064488-23065965:-	14	23064488	23065965	-	195.7	0.807		0.792	-0.015	-0.007		welch	0.7825385693414518	0.9043134701318808	0	0	0.884	0.702	0.869	0.88	0.753	0.759	181	262	221	150	186	174
chx_high		chr6:HDDC2:t:125292909|6:125292909-125298713:-	HDDC2	chr6:HDDC2:t:125292909	t	125292909	6:125292909-125298713:-	6	125292909	125298713	-	100.5	0.229		0.214	-0.015	-0.092		welch	0.9937157291760972	0.9937157291760973	0	0	0.267	0.311	0.077	0.137	0.333	0.182	101	219	143	51	45	44
chx_high		chr16:RNPS1:t:2264760|16:2264760-2268054:-	RNPS1	chr16:RNPS1:t:2264760	t	2264760	16:2264760-2268054:-	16	2264760	2268054	-	115.3	0.742		0.726	-0.016	-0.054		welch	0.7633812048148859	0.8988198056691398	0	0	0.756	0.687	0.798	0.529	0.932	0.653	160	201	163	34	59	75
chx_high		chr17:ANAPC11:t:81893551|17:81891833-81893551:+	ANAPC11	chr17:ANAPC11:t:81893551	t	81893551	17:81891833-81893551:+	17	81891833	81893551	+	102.7	0.291		0.275	-0.016	-0.029		welch	0.8367559451173814	0.9258628150790255	0	0	0.255	0.238	0.354	0.293	0.419	0.186	98	181	206	41	31	59
chx_high		chr16:RPS15A:t:18789118|16:18789118-18789896:-	RPS15A	chr16:RPS15A:t:18789118	t	18789118	16:18789118-18789896:-	16	18789118	18789896	-	142.7	0.285		0.268	-0.016	0.059		welch	0.9690123518732816	0.9756951956793042	0	0	0.18	0.26	0.372	0.244	0.373	0.185	133	269	234	45	83	92
chx_high		chr19:SMARCA4:s:11041560|19:11041560-11058254:+	SMARCA4	chr19:SMARCA4:s:11041560	s	11041560	19:11041560-11058254:+	19	11041560	11058254	+	315.0	0.678		0.661	-0.017	0.023		welch	0.7541546667138185	0.8929158515885981	0	0	0.575	0.735	0.728	0.477	0.678	0.778	379	347	390	214	258	302
chx_high		chr2:BOLA3:t:74135658|2:74135658-74142271:-	BOLA3	chr2:BOLA3:t:74135658	t	74135658	2:74135658-74142271:-	2	74135658	74142271	-	125.0	0.298		0.28	-0.017	-0.026		welch	0.931448010333663	0.952670008534316	0	0	0.158	0.353	0.329	0.254	0.231	0.377	139	255	167	71	65	53
chx_high		chr19:BABAM1:t:17276494|19:17275825-17276494:+	BABAM1	chr19:BABAM1:t:17276494	t	17276494	19:17275825-17276494:+	19	17275825	17276494	+	114.3	0.924		0.902	-0.022	0.001		welch	0.5506277795686466	0.7689035008221945	0	0	0.963	0.917	0.894	0.9	0.754	0.978	136	133	151	60	69	137
chx_high		chr10:TIMM23:s:45972730|10:45972730-45975453:+	TIMM23	chr10:TIMM23:s:45972730	s	45972730	10:45972730-45975453:+	10	45972730	45975453	+	136.2	0.984		0.96	-0.023			welch	0.4992895391544617	0.7315041136267753	0	0	1.0	0.983	0.973	0.758	1.0	1.0	158	232	225	33	79	90
chx_high		chr11:PTPMT1:s:47565986|11:47565986-47571470:+	PTPMT1	chr11:PTPMT1:s:47565986	s	47565986	11:47565986-47571470:+	11	47565986	47571470	+	136.8	0.763		0.74	-0.023	-0.037		welch	0.6201496627005024	0.8193832647445553	0	0	0.776	0.802	0.724	0.852	0.545	0.746	161	167	228	88	55	122
chx_high		chr3:CNBP:t:129171538|3:129171538-129171633:-	CNBP	chr3:CNBP:t:129171538	t	129171538	3:129171538-129171633:-	3	129171538	129171633	-	106.7	0.312		0.289	-0.023	-0.044		welch	0.6394266949278021	0.8391577299726662	0	0	0.322	0.317	0.294	0.356	0.13	0.33	143	167	136	45	46	103
chx_high		chr11:NDUFS8:t:68032151|11:68030733-68032151:+	NDUFS8	chr11:NDUFS8:t:68032151	t	68032151	11:68030733-68032151:+	11	68030733	68032151	+	128.2	0.872		0.849	-0.023	-0.027		welch	0.6748393230315941	0.8552925922377147	0	0	0.832	0.922	0.854	0.873	0.706	0.928	131	192	247	79	51	69
chx_high		chr7:HOTAIRM1:s:27096388|7:27096388-27099073:+	HOTAIRM1	chr7:HOTAIRM1:s:27096388	s	27096388	7:27096388-27099073:+	7	27096388	27099073	+	127.8	0.901		0.877	-0.024	-0.052		welch	0.9144212368190149	0.9459017231321426	0	0	0.776	0.917	0.951	0.818	0.98	0.871	107	264	185	77	49	85
chx_high		chr1:KRTCAP2:t:155172892|1:155172892-155173220:-	KRTCAP2	chr1:KRTCAP2:t:155172892	t	155172892	1:155172892-155173220:-	1	155172892	155173220	-	125.0	0.988		0.962	-0.026			welch	0.5019007221848044	0.7315041136267753	0	0	1.0	0.963	1.0	0.8	1.0	1.0	145	190	256	30	41	88
chx_high		chr3:RPL15:t:23917849|3:23917173-23917849:+	RPL15	chr3:RPL15:t:23917849	t	23917849	3:23917173-23917849:+	3	23917173	23917849	+	246.7	0.881		0.854	-0.027	0.03		welch	0.8560697152777043	0.9334195485488187	0	0	0.918	0.824	0.91	0.978	0.875	0.757	256	410	478	92	104	140
chx_high		chr19:TCF3:s:1615685|19:1612433-1615685:-	TCF3	chr19:TCF3:s:1615685	s	1615685	19:1612433-1615685:-	19	1612433	1615685	-	154.7	0.442		0.415	-0.027	-0.02		welch	0.953263866544655	0.9665036424688862	0	0	0.279	0.55	0.446	0.265	0.397	0.591	179	258	233	102	63	93
chx_high		chr20:ADRM1:t:62303567|20:62303049-62303567:+	ADRM1	chr20:ADRM1:t:62303567	t	62303567	20:62303049-62303567:+	20	62303049	62303567	+	131.3	0.908		0.879	-0.028	0.018		welch	0.5574504017435089	0.7714479493322502	0	0	0.924	0.891	0.913	0.833	1.0	0.729	118	202	253	60	96	59
chx_high		chr12:C12orf75:t:105366616|12:105348626-105366616:+	C12orf75	chr12:C12orf75:t:105366616	t	105366616	12:105348626-105366616:+	12	105348626	105366616	+	119.3	0.134		0.106	-0.029	-0.017		welch	0.6728939819650621	0.8552925922377147	0	0	0.203	0.129	0.088	0.227	0.089	0.0	133	232	171	66	45	69
chx_high		chr15:TPM1:t:63056984|15:63048707-63056984:+	TPM1	chr15:TPM1:t:63056984	t	63056984	15:63048707-63056984:+	15	63048707	63056984	+	234.8	0.597		0.568	-0.029	-0.029		welch	0.755308956651999	0.8929158515885981	0	0	0.557	0.607	0.616	0.62	0.672	0.396	262	397	315	108	183	144
chx_high		chr14:ACIN1:s:23064354|14:23064257-23064354:-	ACIN1	chr14:ACIN1:s:23064354	s	23064354	14:23064257-23064354:-	14	23064257	23064354	-	192.7	0.808		0.779	-0.029	-0.011		welch	0.9416399527208087	0.9563786650242647	0	0	0.741	0.88	0.787	0.873	0.882	0.631	158	216	240	173	152	217
chx_high		chr16:TNRC6A:t:24750725|16:24730300-24750725:+	TNRC6A	chr16:TNRC6A:t:24750725	t	24750725	16:24730300-24750725:+	16	24730300	24750725	+	108.7	0.776		0.746	-0.03	-0.003		welch	0.8370814492495299	0.9258628150790255	0	0	0.663	0.824	0.835	0.767	0.599	0.889	92	85	109	103	137	126
chx_high		chr19:ERCC1:t:45413745|19:45413745-45414860:-	ERCC1	chr19:ERCC1:t:45413745	t	45413745	19:45413745-45414860:-	19	45413745	45414860	-	120.8	0.295		0.266	-0.03	-0.048		welch	0.921619067339715	0.9509285076438049	0	0	0.264	0.158	0.434	0.262	0.539	0.103	87	158	175	103	76	126
chx_high		chr11:INCENP:s:62141044|11:62141044-62141499:+	INCENP	chr11:INCENP:s:62141044	s	62141044	11:62141044-62141499:+	11	62141044	62141499	+	162.3	0.204		0.173	-0.031	-0.017		welch	0.8467529261541364	0.9260369080037748	0	0	0.217	0.154	0.257	0.286	0.044	0.246	157	266	210	63	136	142
chx_high		chr17:PHB1:t:49413291|17:49413291-49414834:-	PHB1	chr17:PHB1:t:49413291	t	49413291	17:49413291-49414834:-	17	49413291	49414834	-	109.7	0.884		0.851	-0.032	0.02		welch	0.752414300572303	0.8929158515885981	0	0	0.983	0.896	0.817	1.0	0.836	0.776	119	163	208	40	61	67
chx_high		chr11:INCENP:t:62144981|11:62141511-62144981:+	INCENP	chr11:INCENP:t:62144981	t	62144981	11:62141511-62144981:+	11	62141511	62144981	+	159.2	0.188		0.156	-0.033	-0.027		welch	0.7439067704056201	0.8929158515885981	0	0	0.217	0.121	0.25	0.224	0.015	0.257	157	256	208	58	132	144
chx_high		chr15:PRC1:s:90994406|15:90984825-90994406:-	PRC1	chr15:PRC1:s:90994406	s	90994406	15:90984825-90994406:-	15	90984825	90994406	-	116.3	0.923		0.889	-0.034	-0.043		welch	0.6962013431525091	0.8724926703885523	0	0	0.806	0.983	0.979	0.911	0.967	0.793	160	179	142	45	90	82
chx_high		chr1:NASP:t:45613168|1:45606591-45613168:+	NASP	chr1:NASP:t:45613168	t	45613168	1:45606591-45613168:+	1	45606591	45613168	+	131.5	0.635		0.601	-0.034	-0.041		welch	0.7061863311439773	0.8743086663966644	0	0	0.757	0.712	0.483	0.728	0.5	0.592	115	111	147	114	128	174
chx_high		chr10:ANAPC16:s:72216138|10:72216138-72223887:+	ANAPC16	chr10:ANAPC16:s:72216138	s	72216138	10:72216138-72223887:+	10	72216138	72223887	+	123.7	0.229		0.194	-0.035	-0.121		welch	0.5768947305022842	0.7768267706383319	0	0	0.251	0.156	0.273	0.018	0.135	0.337	175	173	198	55	52	89
chx_high		chr9:ANKRD18B:s:33541227|9:33541227-33543181:+	ANKRD18B	chr9:ANKRD18B:s:33541227	s	33541227	9:33541227-33543181:+	9	33541227	33543181	+	106.0	0.223		0.188	-0.035	-0.032		welch	0.7021407440131019	0.8743074509672748	0	0	0.385	0.134	0.19	0.271	0.085	0.234	65	97	58	140	165	111
chx_high		chr18:TXNL4A:s:79988239|18:79977701-79988239:-	TXNL4A	chr18:TXNL4A:s:79988239	s	79988239	18:79977701-79988239:-	18	79977701	79988239	-	181.0	0.437		0.403	-0.035	-0.049		welch	0.7718168511194351	0.9038918450156207	0	0	0.36	0.411	0.527	0.389	0.254	0.559	275	270	315	95	63	68
chx_high		chr7:NUDT1:t:2244562|7:2242256-2244562:+	NUDT1	chr7:NUDT1:t:2244562	t	2244562	7:2242256-2244562:+	7	2242256	2244562	+	144.7	0.731		0.695	-0.036	-0.091		welch	0.6785815960688719	0.8577741387537255	0	0	0.777	0.735	0.702	0.532	0.83	0.724	157	223	275	62	53	98
chx_high		chr11:NDUFS8:s:68030733|11:68030733-68032151:+	NDUFS8	chr11:NDUFS8:s:68030733	s	68030733	11:68030733-68032151:+	11	68030733	68032151	+	113.7	0.986		0.949	-0.037			welch	0.500992760782209	0.7315041136267753	0	0	1.0	0.973	0.991	1.0	0.8	1.0	109	182	213	69	45	64
chx_high		chr16:VKORC1:s:31094556|16:31093421-31094556:-	VKORC1	chr16:VKORC1:s:31094556	s	31094556	16:31093421-31094556:-	16	31093421	31094556	-	119.0	0.623		0.585	-0.039	0.025		welch	0.7927332884485707	0.9043134701318808	0	0	0.599	0.765	0.488	0.75	0.512	0.492	162	183	162	68	80	59
chx_high		chr20:PIGT:t:45420331|20:45420223-45420331:+	PIGT	chr20:PIGT:t:45420331	t	45420331	20:45420223-45420331:+	20	45420223	45420331	+	106.7	0.986		0.946	-0.041			welch	0.4958386077172406	0.7315041136267753	0	0	1.0	0.952	1.0	0.718	1.0	1.0	133	124	181	39	87	76
chx_high		chr22:DDX17:t:38486440|22:38486440-38487872:-	DDX17	chr22:DDX17:t:38486440	t	38486440	22:38486440-38487872:-	22	38486440	38487872	-	116.8	0.384		0.341	-0.043	-0.091		welch	0.31791866765272436	0.6047703645250522	0	0	0.481	0.339	0.368	0.286	0.414	0.276	79	127	114	84	174	123
chx_high		chr3:AP2M1:s:184180251|3:184180251-184180644:+	AP2M1	chr3:AP2M1:s:184180251	s	184180251	3:184180251-184180644:+	3	184180251	184180644	+	160.0	0.634		0.591	-0.043	-0.024		welch	0.5529785451118503	0.7689035008221945	0	0	0.622	0.604	0.659	0.625	0.677	0.404	196	222	349	48	93	52
chx_high		chr12:TROAP:s:49324037|12:49324037-49324211:+	TROAP	chr12:TROAP:s:49324037	s	49324037	12:49324037-49324211:+	12	49324037	49324211	+	105.8	0.343		0.3	-0.043	-0.027		welch	0.689942472999434	0.8702514130273638	0	0	0.336	0.341	0.352	0.516	0.135	0.219	110	217	128	64	52	64
chx_high		chr1:EFHD2:t:15428592|1:15426018-15428592:+	EFHD2	chr1:EFHD2:t:15428592	t	15428592	1:15426018-15428592:+	1	15426018	15428592	+	309.0	0.096		0.053	-0.043	-0.007		welch	0.7907472843786381	0.9043134701318808	0	0	0.039	0.114	0.118	0.048	0.278	0.021	384	428	645	124	36	237
chx_high		chr5:TCOF1:t:150374616|5:150374386-150374616:+	TCOF1	chr5:TCOF1:t:150374616	t	150374616	5:150374386-150374616:+	5	150374386	150374616	+	107.2	0.818		0.775	-0.043	-0.059		welch	0.9749121490619527	0.9782623626326122	0	0	0.8	0.765	0.86	0.984	0.7	0.731	65	115	178	61	90	134
chx_high		chr1:GUK1:s:228147699|1:228147699-228148664:+	GUK1	chr1:GUK1:s:228147699	s	228147699	1:228147699-228148664:+	1	228147699	228148664	+	126.8	0.146		0.102	-0.044	-0.032		welch	0.36064915299219524	0.6396561662327643	0	0	0.175	0.222	0.075	0.19	0.036	0.035	120	167	228	105	55	86
chx_high		chr15:UBL7:t:74446227|15:74446227-74448477:-	UBL7	chr15:UBL7:t:74446227	t	74446227	15:74446227-74448477:-	15	74446227	74448477	-	108.3	0.88		0.834	-0.045	-0.056		welch	0.5798614249857443	0.7768267706383319	0	0	0.828	0.851	0.914	0.902	0.692	0.868	99	94	222	102	65	68
chx_high		chr14:MAX:s:65102303|14:65093815-65102303:-	MAX	chr14:MAX:s:65102303	s	65102303	14:65093815-65102303:-	14	65093815	65102303	-	100.8	0.655		0.609	-0.047	-0.006		welch	0.36357803360842644	0.6396561662327643	0	0	0.67	0.652	0.65	0.541	0.714	0.394	97	164	183	37	91	33
chx_high		chr10:NOLC1:t:102159432|10:102159308-102159432:+	NOLC1	chr10:NOLC1:t:102159432	t	102159432	10:102159308-102159432:+	10	102159308	102159432	+	119.3	0.755		0.708	-0.047	-0.049		welch	0.4988658229289901	0.7315041136267753	0	0	0.888	0.617	0.826	0.795	0.63	0.689	98	154	115	122	108	119
chx_high		chr7:GGCT:s:30504568|7:30500681-30504568:-	GGCT	chr7:GGCT:s:30504568	s	30504568	7:30500681-30504568:-	7	30500681	30504568	-	182.0	0.576		0.529	-0.047	-0.009		welch	0.663907678831741	0.8544662087204259	0	0	0.55	0.561	0.601	0.468	0.702	0.404	222	212	361	94	104	99
chx_high		chr16:TNRC6A:s:24729846|16:24729846-24730252:+	TNRC6A	chr16:TNRC6A:s:24729846	s	24729846	16:24729846-24730252:+	16	24729846	24730252	+	115.5	0.753		0.706	-0.047	-0.029		welch	0.6994080624755642	0.8743074509672748	0	0	0.652	0.844	0.758	0.723	0.561	0.846	92	96	120	130	132	123
chx_high		chr17:CHD3:s:7907488|17:7907488-7907893:+	CHD3	chr17:CHD3:s:7907488	s	7907488	17:7907488-7907893:+	17	7907488	7907893	+	128.8	0.274		0.226	-0.047	-0.077		welch	0.8248709198733853	0.9210795740077572	0	0	0.38	0.188	0.29	0.432	0.241	0.105	100	170	238	74	58	133
chx_high		chr8:PUF60:s:143829279|8:143824399-143829279:-	PUF60	chr8:PUF60:s:143829279	s	143829279	8:143824399-143829279:-	8	143824399	143829279	-	190.3	0.654		0.606	-0.048	0.005		welch	0.5208179406453186	0.7473161605328404	0	0	0.806	0.638	0.574	0.691	0.551	0.601	170	326	258	94	136	158
chx_high		chr4:GAR1:t:109817935|4:109816378-109817935:+	GAR1	chr4:GAR1:t:109817935	t	109817935	4:109816378-109817935:+	4	109816378	109817935	+	128.3	0.942		0.893	-0.049	0.017		welch	0.4124715557134034	0.6744743178687002	0	0	0.969	1.0	0.873	0.729	0.926	0.957	97	176	189	70	122	116
chx_high		chr1:PHGDH:s:119712160|1:119712160-119721169:+	PHGDH	chr1:PHGDH:s:119712160	s	119712160	1:119712160-119721169:+	1	119712160	119721169	+	182.0	0.957		0.907	-0.05	-0.033		welch	0.6242596733561766	0.822951804153515	0	0	0.953	0.976	0.937	0.73	0.985	1.0	258	339	268	74	68	85
chx_high		chr6:SYNCRIP:s:85614980|6:85612923-85614980:-	SYNCRIP	chr6:SYNCRIP:s:85614980	s	85614980	6:85612923-85614980:-	6	85612923	85614980	-	350.2	0.868		0.818	-0.05	-0.027		welch	0.6671859437954007	0.8544662087204259	0	0	0.829	0.839	0.93	0.908	0.889	0.692	350	461	431	239	289	331
chx_high		chr5:TCOF1:s:150369602|5:150369602-150372005:+	TCOF1	chr5:TCOF1:s:150369602	s	150369602	5:150369602-150372005:+	5	150369602	150372005	+	107.8	0.787		0.737	-0.05	-0.104		welch	0.842679380620603	0.9260369080037748	0	0	0.882	0.722	0.777	0.986	0.703	0.613	110	144	112	69	101	111
chx_high		chr3:CHCHD6:s:126727186|3:126727186-126730560:+	CHCHD6	chr3:CHCHD6:s:126727186	s	126727186	3:126727186-126730560:+	3	126727186	126730560	+	143.8	0.978		0.926	-0.051			welch	0.4488595445096107	0.7040539997267712	0	0	1.0	0.973	0.966	1.0	0.967	0.773	143	257	178	88	122	75
chx_high		chr5:TAF9:t:69366595|5:69366595-69369656:-	TAF9	chr5:TAF9:t:69366595	t	69366595	5:69366595-69369656:-	5	69366595	69369656	-	125.8	0.223		0.171	-0.051	-0.008		welch	0.6146733084300832	0.8158391184617467	0	0	0.196	0.232	0.229	0.127	0.349	0.0	97	164	179	71	129	115
chx_high		chrX:MECP2:s:154097603|X:154092307-154097603:-	MECP2	chrX:MECP2:s:154097603	s	154097603	X:154092307-154097603:-	X	154092307	154097603	-	129.8	0.484		0.432	-0.051	-0.036		welch	0.7137093499300589	0.8774868639140092	0	0	0.454	0.627	0.366	0.583	0.322	0.413	130	161	164	84	90	150
chx_high		chr7:FIS1:s:101244959|7:101240906-101244959:-	FIS1	chr7:FIS1:s:101244959	s	101244959	7:101240906-101244959:-	7	101240906	101244959	-	202.0	0.162		0.109	-0.053	-0.065		welch	0.2676273817861664	0.569873033982389	0	0	0.13	0.295	0.124	0.05	0.115	0.13	292	176	378	80	78	208
chx_high		chr8:PUF60:t:143821913|8:143821913-143824312:-	PUF60	chr8:PUF60:t:143821913	t	143821913	8:143821913-143824312:-	8	143821913	143824312	-	184.5	0.762		0.709	-0.053	0.038		welch	0.6434256673292474	0.8406277174950347	0	0	0.886	0.778	0.674	0.85	0.677	0.687	140	338	258	60	164	147
chx_high		chr5:CSNK1A1:t:149496860|5:149496860-149505446:-	CSNK1A1	chr5:CSNK1A1:t:149496860	t	149496860	5:149496860-149505446:-	5	149496860	149505446	-	132.0	0.585		0.532	-0.053	0.026		welch	0.8882924565566486	0.941493275188898	0	0	0.605	0.61	0.517	0.392	0.788	0.494	157	205	120	74	66	170
chx_high		chr5:SDHA:t:236427|5:235339-236427:+	SDHA	chr5:SDHA:t:236427	t	236427	5:235339-236427:+	5	235339	236427	+	132.5	1.0		0.946	-0.054			welch	0.4226497308103742	0.6837325285131816	0	0	1.0	1.0	1.0	0.746	1.0	1.0	121	210	166	63	129	106
chx_high		chr15:PKM:t:72219110|15:72219110-72231115:-	PKM	chr15:PKM:t:72219110	t	72219110	15:72219110-72231115:-	15	72219110	72231115	-	126.3	0.973		0.918	-0.055			welch	0.5659448472180372	0.7722238102227423	0	0	0.981	0.981	0.962	0.761	1.0	1.0	108	209	234	71	51	85
chx_high		chr10:UPF2:t:12035441|10:12035441-12042913:-	UPF2	chr10:UPF2:t:12035441	t	12035441	10:12035441-12042913:-	10	12035441	12042913	-	100.2	0.244		0.188	-0.056	-0.069		welch	0.4906691766575895	0.7315041136267753	0	0	0.208	0.242	0.286	0.301	0.193	0.074	96	91	84	103	119	108
chx_high		chr1:EIF3I:s:32224475|1:32224475-32226170:+	EIF3I	chr1:EIF3I:s:32224475	s	32224475	1:32224475-32226170:+	1	32224475	32226170	+	109.8	0.959		0.9	-0.059	-0.007		welch	0.5025623085056637	0.7315041136267753	0	0	0.958	0.995	0.912	0.925	0.783	1.0	72	207	160	53	83	84
chx_high		chr2:INO80B:s:74455598|2:74455598-74455817:+	INO80B	chr2:INO80B:s:74455598	s	74455598	2:74455598-74455817:+	2	74455598	74455817	+	122.5	0.974		0.915	-0.059			welch	0.4827409747763295	0.7315041136267753	0	0	0.914	0.994	1.0	0.959	0.732	1.0	128	162	175	97	71	102
chx_high		chr20:FRG1BP:t:30379584|20:30377425-30379584:+	FRG1BP	chr20:FRG1BP:t:30379584	t	30379584	20:30377425-30379584:+	20	30377425	30379584	+	120.8	0.254		0.195	-0.059	-0.002		welch	0.8464888840450066	0.9260369080037748	0	0	0.293	0.263	0.22	0.382	0.167	0.18	116	118	168	34	150	139
chx_high		chr9:CLTA:t:36204067|9:36199096-36204067:+	CLTA	chr9:CLTA:t:36204067	t	36204067	9:36199096-36204067:+	9	36199096	36204067	+	135.3	0.839		0.779	-0.061	-0.013		welch	0.7979014725970882	0.9048047766926204	0	0	0.815	0.744	0.944	1.0	0.744	0.661	173	172	196	73	86	112
chx_high		chr1:SSR2:t:156011887|1:156011887-156014960:-	SSR2	chr1:SSR2:t:156011887	t	156011887	1:156011887-156014960:-	1	156011887	156014960	-	140.3	0.941		0.879	-0.062	-0.099		welch	0.3928338392453492	0.6592383968944941	0	0	1.0	0.967	0.899	0.98	0.78	0.91	110	215	286	49	82	100
chx_high		chr7:CDK5:s:151055531|7:151055373-151055531:-	CDK5	chr7:CDK5:s:151055531	s	151055531	7:151055373-151055531:-	7	151055373	151055531	-	101.8	0.993		0.93	-0.063			welch	0.442978936719515	0.6991883757951273	0	0	1.0	1.0	0.987	1.0	1.0	0.739	105	110	224	63	63	46
chx_high		chr7:HOTAIRM1:t:27099778|7:27099366-27099778:+	HOTAIRM1	chr7:HOTAIRM1:t:27099778	t	27099778	7:27099366-27099778:+	7	27099366	27099778	+	130.3	0.808		0.745	-0.064	-0.079		welch	0.6489767952444473	0.8441034486030227	0	0	0.664	0.862	0.863	0.694	0.857	0.713	122	174	153	85	84	164
chx_high		chr16:FUS:s:31182664|16:31182664-31183860:+	FUS	chr16:FUS:s:31182664	s	31182664	16:31182664-31183860:+	16	31182664	31183860	+	254.7	0.347		0.283	-0.065	-0.049		welch	0.5035353658869236	0.7315041136267753	0	0	0.251	0.372	0.382	0.222	0.152	0.423	255	336	477	108	158	194
chx_high		chr1:EFHD2:s:15426018|1:15426018-15428592:+	EFHD2	chr1:EFHD2:s:15426018	s	15426018	1:15426018-15428592:+	1	15426018	15428592	+	219.5	0.137		0.072	-0.065	-0.035		welch	0.9151275232357193	0.9459017231321426	0	0	0.062	0.167	0.155	0.078	0.312	0.027	240	293	491	77	32	184
chx_high		chr16:ATP2A1-AS1:s:28879541|16:28879104-28879541:-	ATP2A1-AS1	chr16:ATP2A1-AS1:s:28879541	s	28879541	16:28879104-28879541:-	16	28879104	28879541	-	244.3	0.736		0.67	-0.066	-0.068		welch	0.2888663066520485	0.5757608296409431	0	0	0.789	0.822	0.649	0.734	0.64	0.655	247	230	376	154	172	287
chx_high		chr2:BOLA3:s:74145188|2:74142360-74145188:-	BOLA3	chr2:BOLA3:s:74145188	s	74145188	2:74142360-74145188:-	2	74142360	74145188	-	233.5	0.637		0.571	-0.066	-0.085		welch	0.5275074466474292	0.7495482940197047	0	0	0.539	0.633	0.706	0.436	0.587	0.676	254	449	381	94	121	102
chx_high		chr8:CHCHD7:s:56214667|8:56214667-56216432:+	CHCHD7	chr8:CHCHD7:s:56214667	s	56214667	8:56214667-56216432:+	8	56214667	56216432	+	107.5	0.908		0.841	-0.067	-0.049		welch	0.5859778924676485	0.7813038566235315	0	0	0.906	0.931	0.884	0.618	0.966	0.925	160	144	121	68	59	93
chx_high		chr12:ENSG00000257379:t:53467220|12:53462567-53467220:+	ENSG00000257379	chr12:ENSG00000257379:t:53467220	t	53467220	12:53462567-53467220:+	12	53462567	53467220	+	142.8	0.173		0.104	-0.069	-0.046		welch	0.3757599587503813	0.6435302519361369	0	0	0.061	0.254	0.206	0.069	0.049	0.185	198	185	214	87	81	92
chx_high		chrX:OFD1:s:13762444|X:13762444-13767126:+	OFD1	chrX:OFD1:s:13762444	s	13762444	X:13762444-13767126:+	X	13762444	13767126	+	130.0	0.147		0.077	-0.07	-0.076		welch	0.27253790571635034	0.5704736090980237	0	0	0.127	0.081	0.274	0.084	0.095	0.042	71	99	62	237	168	143
chx_high		chr7:CALD1:t:134928753|7:134867804-134928753:+	CALD1	chr7:CALD1:t:134928753	t	134928753	7:134867804-134928753:+	7	134867804	134928753	+	110.3	0.337		0.267	-0.07	0.06		welch	0.3783986711544621	0.6442706237731951	0	0	0.387	0.319	0.303	0.209	0.169	0.395	155	160	145	67	59	76
chx_high		chrX:HSD17B10:t:53433886|X:53433886-53434318:-	HSD17B10	chrX:HSD17B10:t:53433886	t	53433886	X:53433886-53434318:-	X	53433886	53434318	-	119.0	0.96		0.89	-0.07	-0.067		welch	0.4128177005053553	0.6744743178687002	0	0	1.0	0.955	0.944	1.0	0.771	0.921	114	223	232	34	48	63
chx_high		chr16:HIRIP3:t:29993808|16:29993808-29993905:-	HIRIP3	chr16:HIRIP3:t:29993808	t	29993808	16:29993808-29993905:-	16	29993808	29993905	-	123.2	0.69		0.619	-0.071	-0.123		welch	0.37240256253277376	0.6396561662327643	0	0	0.683	0.739	0.638	0.475	0.664	0.688	104	153	130	101	107	144
chx_high		chr2:HTRA2:t:74532819|2:74532714-74532819:+	HTRA2	chr2:HTRA2:t:74532819	t	74532819	2:74532714-74532819:+	2	74532714	74532819	+	137.5	0.727		0.654	-0.073	-0.097		welch	0.3323739897791598	0.6142607912374345	0	0	0.641	0.699	0.822	0.562	0.636	0.727	170	146	197	73	118	121
chx_high		chr11:ANAPC15:t:72111286|11:72111286-72111441:-	ANAPC15	chr11:ANAPC15:t:72111286	t	72111286	11:72111286-72111441:-	11	72111286	72111441	-	119.7	0.203		0.128	-0.074	-0.086		welch	0.34887225823979634	0.6347084075141466	0	0	0.073	0.216	0.325	0.061	0.122	0.163	165	204	154	33	82	80
chx_high		chr17:CEP131:t:81192593|17:81192593-81193925:-	CEP131	chr17:CEP131:t:81192593	t	81192593	17:81192593-81193925:-	17	81192593	81193925	-	159.2	0.28		0.206	-0.074	-0.046		welch	0.37061392147047145	0.6396561662327643	0	0	0.405	0.164	0.276	0.209	0.152	0.242	158	165	181	129	132	190
chx_high		chrX:CDK16:t:47223551|X:47218664-47223551:+	CDK16	chrX:CDK16:t:47223551	t	47223551	X:47218664-47223551:+	X	47218664	47223551	+	111.3	0.152		0.078	-0.074	-0.067		welch	0.7168326320177492	0.879475330038583	0	0	0.107	0.2	0.143	0.259	0.0	0.092	122	150	203	27	79	87
chx_high		chr17:NT5C:s:75131180|17:75131105-75131180:-	NT5C	chr17:NT5C:s:75131180	s	75131180	17:75131105-75131180:-	17	75131105	75131180	-	145.0	0.826		0.751	-0.075	-0.095		welch	0.22864841570499514	0.5322211658600459	0	0	0.944	0.775	0.782	0.718	0.714	0.79	142	142	216	117	77	176
chx_high		chr22:RRP7A:s:42519713|22:42518147-42519713:-	RRP7A	chr22:RRP7A:s:42519713	s	42519713	22:42518147-42519713:-	22	42518147	42519713	-	112.7	0.975		0.899	-0.076			welch	0.48336317492950337	0.7315041136267753	0	0	0.919	0.989	0.995	0.776	1.0	0.95	123	189	206	58	40	60
chx_high		chr17:CNTROB:s:7936817|17:7936817-7937163:+	CNTROB	chr17:CNTROB:s:7936817	s	7936817	17:7936817-7937163:+	17	7936817	7937163	+	102.3	0.919		0.843	-0.077	-0.05		welch	0.8211784407098532	0.9204764095480888	0	0	0.863	0.92	0.959	1.0	0.932	0.75	102	112	146	41	73	140
chx_high		chr7:CHCHD3:s:133081856|7:133070229-133081856:-	CHCHD3	chr7:CHCHD3:s:133081856	s	133081856	7:133070229-133081856:-	7	133070229	133081856	-	112.5	0.959		0.881	-0.078	-0.051		welch	0.4565178841200214	0.7109505182029133	0	0	0.923	0.982	0.952	0.414	0.967	0.969	104	220	166	29	60	96
chx_high		chr12:CD63:t:55728352|12:55728352-55728952:-	CD63	chr12:CD63:t:55728352	t	55728352	12:55728352-55728952:-	12	55728352	55728952	-	102.3	0.963		0.884	-0.079	-0.029		welch	0.3854226780882413	0.6524256347928491	0	0	1.0	0.919	0.974	0.682	1.0	0.9	109	149	227	22	27	80
chx_high		chr19:PTBP1:s:805187|19:805187-806407:+	PTBP1	chr19:PTBP1:s:805187	s	805187	19:805187-806407:+	19	805187	806407	+	182.3	0.523		0.444	-0.08	-0.095		welch	0.5333100888477982	0.7559541065221216	0	0	0.485	0.522	0.562	0.403	0.333	0.63	264	297	276	62	114	81
chx_high		chrX:GRIPAP1:s:48982978|X:48981691-48982978:-	GRIPAP1	chrX:GRIPAP1:s:48982978	s	48982978	X:48981691-48982978:-	X	48981691	48982978	-	116.5	0.167		0.085	-0.081	-0.118		welch	0.13684550120217132	0.4566729868689605	0	0	0.087	0.243	0.197	0.073	0.0	0.123	115	70	127	137	63	187
chx_high		chr15:SNAPC5:s:66497641|15:66494552-66497641:-	SNAPC5	chr15:SNAPC5:s:66497641	s	66497641	15:66494552-66497641:-	15	66494552	66497641	-	138.8	0.418		0.336	-0.082	-0.087		welch	0.47404017356239764	0.728524898316949	0	0	0.368	0.454	0.426	0.494	0.325	0.212	190	229	155	83	77	99
chx_high		chr10:DNAJB12:t:72334617|10:72334617-72335779:-	DNAJB12	chr10:DNAJB12:t:72334617	t	72334617	10:72334617-72335779:-	10	72334617	72335779	-	174.5	0.747		0.662	-0.084	-0.114		welch	0.29464885198820134	0.5805143293089746	0	0	0.794	0.808	0.637	0.657	0.714	0.637	136	198	171	169	133	240
chx_high		chr16:PPP4C:t:30076314|16:30076100-30076314:+	PPP4C	chr16:PPP4C:t:30076314	t	30076314	16:30076100-30076314:+	16	30076100	30076314	+	568.8	0.297		0.213	-0.085	-0.069		welch	0.4043337371486176	0.6727376139452783	0	0	0.337	0.311	0.252	0.197	0.355	0.149	606	1011	828	284	234	450
chx_high		chr1:ENSG00000233461:t:231522637|1:231522637-231524425:-	ENSG00000233461	chr1:ENSG00000233461:t:231522637	t	231522637	1:231522637-231524425:-	1	231522637	231524425	-	166.5	0.231		0.146	-0.086	-0.053		welch	0.19409244190910094	0.5046439569614822	0	0	0.349	0.162	0.23	0.13	0.117	0.188	129	216	126	154	188	186
chx_high		chr19:DMKN:t:35505986|19:35505986-35510183:-	DMKN	chr19:DMKN:t:35505986	t	35505986	19:35505986-35510183:-	19	35505986	35510183	-	259.2	0.669		0.583	-0.086	-0.065		welch	0.2606116951850154	0.5679001118957052	0	0	0.596	0.616	0.771	0.545	0.556	0.626	287	380	406	145	126	211
chx_high		chr17:CEP131:s:81193925|17:81192593-81193925:-	CEP131	chr17:CEP131:s:81193925	s	81193925	17:81192593-81193925:-	17	81192593	81193925	-	165.7	0.278		0.191	-0.086	-0.074		welch	0.3004000549463632	0.5867345554805229	0	0	0.356	0.149	0.34	0.194	0.18	0.195	180	181	147	139	111	236
chx_high		chr12:MYL6:s:56160320|12:56160320-56160625:+	MYL6	chr12:MYL6:s:56160320	s	56160320	12:56160320-56160625:+	12	56160320	56160625	+	162.2	0.35		0.264	-0.086	-0.113		welch	0.4888462055127267	0.7315041136267753	0	0	0.189	0.409	0.421	0.204	0.382	0.215	127	193	126	167	165	195
chx_high		chrX:FMR1:s:147943326|X:147943326-147944868:+	FMR1	chrX:FMR1:s:147943326	s	147943326	X:147943326-147944868:+	X	147943326	147944868	+	218.2	0.628		0.541	-0.087	-0.093		welch	0.5397234403709016	0.7613490076729627	0	0	0.721	0.686	0.388	0.688	0.367	0.453	452	258	237	154	49	159
chx_high		chr3:ENSG00000289750:t:15053467|3:15053467-15059368:-	ENSG00000289750	chr3:ENSG00000289750:t:15053467	t	15053467	3:15053467-15059368:-	3	15053467	15059368	-	110.7	0.922		0.833	-0.089	-0.054		welch	0.29119163673046766	0.5764607316969258	0	0	0.862	0.921	0.972	0.768	0.943	0.811	145	126	178	56	53	106
chx_high		chr19:TCF3:s:1615685|19:1615520-1615685:-	TCF3	chr19:TCF3:s:1615685	s	1615685	19:1615520-1615685:-	19	1615520	1615685	-	154.7	0.403		0.314	-0.089	-0.029		welch	0.3948477715089617	0.660719480118148	0	0	0.514	0.329	0.399	0.343	0.444	0.194	179	258	233	102	63	93
chx_high		chr19:UBA52:t:18573292|19:18571909-18573292:+	UBA52	chr19:UBA52:t:18573292	t	18573292	19:18571909-18573292:+	19	18571909	18573292	+	131.3	0.478		0.388	-0.09	-0.225		welch	0.2269412684744852	0.5322211658600459	1	0	0.542	0.452	0.462	0.45	0.231	0.424	153	208	262	60	39	66
chx_high		chr7:WIPI2:t:5230834|7:5229738-5230834:+	WIPI2	chr7:WIPI2:t:5230834	t	5230834	7:5229738-5230834:+	7	5229738	5230834	+	103.8	0.788		0.697	-0.091	-0.076		welch	0.15561083791807093	0.4830374393167784	1	0	0.747	0.875	0.742	0.724	0.595	0.724	91	144	190	58	42	98
chx_high		chr16:HIRIP3:s:29995102|16:29994843-29995102:-	HIRIP3	chr16:HIRIP3:s:29995102	s	29995102	16:29994843-29995102:-	16	29994843	29995102	-	248.7	0.868		0.778	-0.091	-0.123		welch	0.19462933390386794	0.5046439569614822	0	0	0.885	0.883	0.835	0.654	0.778	0.849	286	341	285	153	162	265
chx_high		chr22:TRMT2A:s:20115671|22:20115447-20115671:-	TRMT2A	chr22:TRMT2A:s:20115671	s	20115671	22:20115447-20115671:-	22	20115447	20115671	-	115.0	0.947		0.855	-0.091	-0.088		welch	0.2075155421150472	0.5140263429281569	0	0	0.924	0.922	0.986	0.758	0.792	0.955	132	116	145	91	72	134
chx_high		chr1:DFFA:s:10467189|1:10463620-10467189:-	DFFA	chr1:DFFA:s:10467189	s	10467189	1:10463620-10467189:-	1	10463620	10467189	-	106.8	0.941		0.85	-0.091	-0.099		welch	0.2832408847528388	0.5757608296409431	0	0	0.885	0.933	1.0	0.946	0.867	0.75	104	180	124	56	105	72
chx_high		chr2:ATRAID:t:27213176|2:27212607-27213176:+	ATRAID	chr2:ATRAID:t:27213176	t	27213176	2:27212607-27213176:+	2	27212607	27213176	+	123.2	0.442		0.351	-0.091	-0.03		welch	0.565825105478819	0.7722238102227423	0	0	0.529	0.405	0.421	0.545	0.263	0.37	119	168	190	44	118	100
chx_high		chr16:KIF22:t:29803997|16:29803608-29803997:+	KIF22	chr16:KIF22:t:29803997	t	29803997	16:29803608-29803997:+	16	29803608	29803997	+	141.3	0.95		0.858	-0.092	-0.1		welch	0.17673528540787423	0.48706062555519536	0	0	0.918	0.976	0.965	0.782	0.949	0.838	184	127	171	101	117	148
chx_high		chr1:RNF220:t:44632342|1:44632212-44632342:+	RNF220	chr1:RNF220:t:44632342	t	44632342	1:44632212-44632342:+	1	44632212	44632342	+	116.5	0.358		0.266	-0.092	-0.107		welch	0.23590756128298784	0.5424016369656098	0	0	0.32	0.319	0.412	0.17	0.222	0.366	125	163	204	53	72	82
chx_high		chr11:RRP8:s:6603403|11:6602215-6603403:-	RRP8	chr11:RRP8:s:6603403	s	6603403	11:6602215-6603403:-	11	6602215	6603403	-	118.5	0.976		0.882	-0.093	-0.075		welch	0.10279618403718878	0.4094519542037817	0	0	1.0	0.936	1.0	0.795	0.937	0.882	82	125	122	88	142	152
chx_high		chr16:ZNF598:t:2001191|16:2001191-2001591:-	ZNF598	chr16:ZNF598:t:2001191	t	2001191	16:2001191-2001591:-	16	2001191	2001591	-	110.5	0.221		0.127	-0.094	-0.025		welch	0.33535452473650357	0.6158712026607487	0	0	0.384	0.097	0.234	0.077	0.22	0.097	86	144	291	39	41	62
chx_high		chr7:EIF3B:s:2379511|7:2379511-2380203:+	EIF3B	chr7:EIF3B:s:2379511	s	2379511	7:2379511-2380203:+	7	2379511	2380203	+	128.8	0.462		0.367	-0.094	-0.025		welch	0.4057516197070474	0.673178823604874	0	0	0.429	0.433	0.514	0.212	0.383	0.509	112	134	146	118	149	114
chx_high		chr12:RPL41:t:56117188|12:56116799-56117188:+	RPL41	chr12:RPL41:t:56117188	t	56117188	12:56116799-56117188:+	12	56116799	56117188	+	257.5	0.897		0.802	-0.095	-0.093		welch	0.2864426389189225	0.5757608296409431	0	0	0.865	0.875	0.942	0.646	0.886	0.835	288	392	395	127	167	176
chx_high		chr10:PRXL2A:s:80408643|10:80408643-80420482:+	PRXL2A	chr10:PRXL2A:s:80408643	s	80408643	10:80408643-80420482:+	10	80408643	80420482	+	115.5	0.164		0.068	-0.096	-0.063		welch	0.07789219114132137	0.37286098054534184	1	0	0.098	0.162	0.225	0.0	0.071	0.085	193	179	218	14	42	47
chx_high		chr19:PRMT1:t:49680486|19:49679925-49680486:+	PRMT1	chr19:PRMT1:t:49680486	t	49680486	19:49679925-49680486:+	19	49679925	49680486	+	145.2	0.153		0.056	-0.097	-0.071		welch	0.24356458647070528	0.5491958243200459	0	0	0.039	0.156	0.237	0.017	0.058	0.08	178	211	232	59	104	87
chx_high		chrX:MECP2:t:154032557|X:154032557-154092183:-	MECP2	chrX:MECP2:t:154032557	t	154032557	X:154032557-154092183:-	X	154032557	154092183	-	146.7	0.482		0.385	-0.097	-0.059		welch	0.3916786541373855	0.6592383968944941	0	0	0.383	0.639	0.395	0.43	0.291	0.413	115	183	200	100	103	179
chx_high		chr16:ENSG00000280607:s:29808741|16:29808741-29810076:+	ENSG00000280607	chr16:ENSG00000280607:s:29808741	s	29808741	16:29808741-29810076:+	16	29808741	29810076	+	307.5	0.816		0.718	-0.098	-0.086		welch	0.1129849978295714	0.42569831440303063	0	0	0.911	0.767	0.808	0.685	0.779	0.695	293	494	501	165	172	220
chx_high		chr3:IMPDH2:s:49028430|3:49028322-49028430:-	IMPDH2	chr3:IMPDH2:s:49028430	s	49028430	3:49028322-49028430:-	3	49028322	49028430	-	201.2	0.748		0.65	-0.098	-0.128		welch	0.22394835961992132	0.5322211658600459	1	0	0.736	0.768	0.741	0.474	0.647	0.731	250	284	370	57	116	130
chx_high		chr2:DYNC1I2:t:171690146|2:171687873-171690146:+	DYNC1I2	chr2:DYNC1I2:t:171690146	t	171690146	2:171687873-171690146:+	2	171687873	171690146	+	160.7	0.93		0.832	-0.098	-0.099		welch	0.22874574080628682	0.5322211658600459	0	0	0.938	0.963	0.86	0.912	0.687	0.829	242	268	157	125	67	105
chx_high		chr11:SF1:s:64767570|11:64767246-64767570:-	SF1	chr11:SF1:s:64767570	s	64767570	11:64767246-64767570:-	11	64767246	64767570	-	124.3	0.147		0.047	-0.099	-0.112		welch	0.11986296504026439	0.42642979452418506	0	0	0.165	0.116	0.169	0.0	0.0	0.13	133	173	124	95	106	115
chx_high		chr1:S100A13:t:153626533|1:153626533-153627482:-	S100A13	chr1:S100A13:t:153626533	t	153626533	1:153626533-153627482:-	1	153626533	153627482	-	101.3	0.813		0.714	-0.099	-0.056		welch	0.28787681289763184	0.5757608296409431	0	0	0.799	0.765	0.889	0.846	0.529	0.684	154	153	126	65	34	76
chx_high		chr7:LAMTOR4:t:100153399|7:100149579-100153399:+	LAMTOR4	chr7:LAMTOR4:t:100153399	t	100153399	7:100149579-100153399:+	7	100149579	100153399	+	144.2	0.958		0.859	-0.099	-0.067		welch	0.441062776284711	0.6991883757951273	0	0	0.945	0.931	0.995	0.913	1.0	0.728	164	189	193	126	68	125
chx_high		chr1:RBM34:t:235155112|1:235155112-235160892:-	RBM34	chr1:RBM34:t:235155112	t	235155112	1:235155112-235160892:-	1	235155112	235160892	-	104.2	0.282		0.184	-0.099	-0.091		welch	0.579959712325878	0.7768267706383319	0	0	0.32	0.33	0.07	0.184	0.192	0.176	97	115	43	103	125	142
chx_high		chr12:OS9:t:57718992|12:57718421-57718992:+	OS9	chr12:OS9:t:57718992	t	57718992	12:57718421-57718992:+	12	57718421	57718992	+	129.8	0.787		0.685	-0.102	-0.085		welch	0.16331753671454788	0.4830374393167784	0	0	0.912	0.717	0.8	0.667	0.765	0.636	91	198	185	75	98	132
chx_high		chr15:SNAPC5:t:66494552|15:66494552-66497641:-	SNAPC5	chr15:SNAPC5:t:66494552	t	66494552	15:66494552-66497641:-	15	66494552	66497641	-	139.3	0.424		0.322	-0.102	-0.098		welch	0.3669946061814455	0.6396561662327643	0	0	0.374	0.484	0.402	0.477	0.298	0.21	187	215	164	86	84	100
chx_high		chr10:ANAPC16:s:72216138|10:72216138-72220053:+	ANAPC16	chr10:ANAPC16:s:72216138	s	72216138	10:72216138-72220053:+	10	72216138	72220053	+	123.7	0.526		0.423	-0.102	-0.005		welch	0.5033268310032144	0.7315041136267753	0	0	0.474	0.561	0.54	0.382	0.635	0.326	175	173	198	55	52	89
chx_high		chr2:PPP1R7:s:241166441|2:241166441-241167044:+	PPP1R7	chr2:PPP1R7:s:241166441	s	241166441	2:241166441-241167044:+	2	241166441	241167044	+	141.8	0.786		0.683	-0.103	-0.103		welch	0.1470460816314046	0.47974810990357697	0	0	0.704	0.783	0.865	0.64	0.721	0.686	169	207	185	86	86	118
chx_high		chr3:ENSG00000289750:s:15059368|3:15053467-15059368:-	ENSG00000289750	chr3:ENSG00000289750:s:15059368	s	15059368	3:15053467-15059368:-	3	15053467	15059368	-	102.5	0.998		0.895	-0.103			welch	0.19701853114249648	0.5046439569614822	0	0	0.992	1.0	1.0	0.843	0.794	1.0	126	116	173	51	63	86
chx_high		chr9:REXO4:s:133417619|9:133415011-133417619:-	REXO4	chr9:REXO4:s:133417619	s	133417619	9:133415011-133417619:-	9	133415011	133417619	-	115.3	0.905		0.802	-0.103	-0.131		welch	0.20604695494612835	0.5140263429281569	0	0	0.862	0.945	0.903	0.677	0.82	0.883	130	146	103	93	100	120
chx_high		chr12:SFSWAP:s:131756644|12:131756644-131766117:+	SFSWAP	chr12:SFSWAP:s:131756644	s	131756644	12:131756644-131766117:+	12	131756644	131766117	+	127.7	0.379		0.277	-0.103	-0.098		welch	0.2668529465804881	0.569873033982389	0	0	0.404	0.327	0.408	0.408	0.242	0.212	151	171	184	76	66	118
chx_high		chr16:METTL26:s:636093|16:635340-636093:-	METTL26	chr16:METTL26:s:636093	s	636093	16:635340-636093:-	16	635340	636093	-	204.5	0.483		0.378	-0.104	-0.105		welch	0.19687374695298215	0.5046439569614822	0	0	0.5	0.414	0.532	0.244	0.425	0.431	186	268	308	127	134	204
chx_high		chr17:RNASEK:t:7013665|17:7012761-7013665:+	RNASEK	chr17:RNASEK:t:7013665	t	7013665	17:7012761-7013665:+	17	7012761	7013665	+	255.2	0.821		0.717	-0.104	-0.123		welch	0.2392462207443241	0.5479207565281776	0	0	0.756	0.874	0.823	0.805	0.595	0.743	308	350	492	113	116	152
chx_high		chr19:DMKN:t:35510252|19:35510252-35510370:-	DMKN	chr19:DMKN:t:35510252	t	35510252	19:35510252-35510370:-	19	35510252	35510370	-	127.7	0.532		0.427	-0.105	-0.148		welch	0.1773119007126929	0.48706062555519536	0	0	0.538	0.469	0.575	0.311	0.466	0.481	130	162	221	74	73	106
chx_high		chr10:RPP38:t:15103304|10:15097409-15103304:+	RPP38	chr10:RPP38:t:15103304	t	15103304	10:15097409-15103304:+	10	15097409	15103304	+	157.8	0.335		0.23	-0.105	-0.13		welch	0.32637963527162284	0.6129727807018588	0	0	0.48	0.342	0.177	0.153	0.229	0.277	127	152	124	111	249	184
chx_high		chr1:NTPCR:s:232950744|1:232950744-232955556:+	NTPCR	chr1:NTPCR:s:232950744	s	232950744	1:232950744-232955556:+	1	232950744	232955556	+	102.3	0.919		0.811	-0.107	-0.002		welch	0.2078159865552126	0.5140263429281569	0	0	0.961	0.889	0.931	0.919	0.714	0.83	77	162	131	86	105	53
chx_high		chr11:PTPMT1:t:47571470|11:47565986-47571470:+	PTPMT1	chr11:PTPMT1:t:47571470	t	47571470	11:47565986-47571470:+	11	47565986	47571470	+	245.2	0.462		0.354	-0.107	-0.078		welch	0.26834774716636467	0.569873033982389	0	0	0.573	0.429	0.425	0.441	0.181	0.419	218	312	388	170	166	217
chx_high		chr3:CMC1:t:28263290|3:28241812-28263290:+	CMC1	chr3:CMC1:t:28263290	t	28263290	3:28241812-28263290:+	3	28241812	28263290	+	160.8	0.918		0.809	-0.108	-0.06		welch	0.2819654346402109	0.5757608296409431	0	0	0.892	0.956	0.905	0.832	0.709	0.932	203	206	210	95	148	103
chx_high		chr9:SURF2:t:133357710|9:133357068-133357710:+	SURF2	chr9:SURF2:t:133357710	t	133357710	9:133357068-133357710:+	9	133357068	133357710	+	121.7	0.815		0.705	-0.109	0.0		welch	0.10918436534986088	0.42282422054728214	1	0	0.856	0.802	0.789	0.689	0.638	0.787	146	217	133	90	69	75
chx_high		chr15:MRPS11:s:88467782|15:88467782-88467910:+	MRPS11	chr15:MRPS11:s:88467782	s	88467782	15:88467782-88467910:+	15	88467782	88467910	+	120.3	0.35		0.241	-0.109	-0.132		welch	0.43437543342461504	0.693707920500772	0	0	0.432	0.438	0.178	0.226	0.369	0.18	125	169	146	106	65	111
chx_high		chr12:NCOR2:s:124419956|12:124402561-124419956:-	NCOR2	chr12:NCOR2:s:124419956	s	124419956	12:124402561-124419956:-	12	124402561	124419956	-	101.5	0.778		0.668	-0.11	-0.11		welch	0.14962205612345336	0.48145604650482704	0	0	0.817	0.745	0.789	0.578	0.764	0.658	93	157	142	45	55	117
chx_high		chr7:BUD31:t:99410033|7:99409004-99410033:+	BUD31	chr7:BUD31:t:99410033	t	99410033	7:99409004-99410033:+	7	99409004	99410033	+	225.3	0.626		0.516	-0.11	-0.1		welch	0.17441554550476013	0.48706062555519536	0	0	0.737	0.555	0.649	0.489	0.475	0.625	217	434	302	141	162	96
chx_high		chr12:MYG1:t:53306197|12:53306060-53306197:+	MYG1	chr12:MYG1:t:53306197	t	53306197	12:53306060-53306197:+	12	53306060	53306197	+	113.7	0.927		0.818	-0.11	-0.039		welch	0.32930123262971445	0.6142607912374345	0	0	0.87	0.947	0.932	0.779	0.699	0.967	77	188	148	95	83	91
chx_high		chr8:SNHG6:s:66925436|8:66922392-66925436:-	SNHG6	chr8:SNHG6:s:66925436	s	66925436	8:66922392-66925436:-	8	66922392	66925436	-	235.2	0.312		0.201	-0.111	-0.081		welch	0.15652560124987486	0.4830374393167784	0	0	0.236	0.287	0.426	0.144	0.25	0.194	195	439	230	153	208	186
chx_high		chr4:HNRNPDL:t:82426129|4:82426129-82426462:-	HNRNPDL	chr4:HNRNPDL:t:82426129	t	82426129	4:82426129-82426462:-	4	82426129	82426462	-	164.0	0.714		0.604	-0.111	-0.087		welch	0.43594316236949165	0.693707920500772	0	0	0.689	0.752	0.692	0.686	0.74	0.421	161	214	185	172	100	152
chx_high		chr18:RPL17:t:49491584|18:49491584-49492274:-	RPL17	chr18:RPL17:t:49491584	t	49491584	18:49491584-49492274:-	18	49491584	49492274	-	245.0	0.713		0.601	-0.112	-0.096		welch	0.21954157592752027	0.5276225528463862	1	0	0.713	0.717	0.711	0.635	0.693	0.487	282	322	425	148	137	156
chx_high		chr11:AKIP1:s:8911671|11:8911671-8914825:+	AKIP1	chr11:AKIP1:s:8911671	s	8911671	11:8911671-8914825:+	11	8911671	8914825	+	103.8	0.587		0.475	-0.112	-0.082		welch	0.3600333001787114	0.6396561662327643	0	0	0.478	0.662	0.582	0.473	0.595	0.427	90	139	158	91	42	103
chx_high		chr3:NAA50:s:113745941|3:113724092-113745941:-	NAA50	chr3:NAA50:s:113745941	s	113745941	3:113724092-113745941:-	3	113724092	113745941	-	113.0	0.329		0.216	-0.113	-0.105		welch	0.159989456953909	0.4830374393167784	0	0	0.246	0.373	0.347	0.143	0.1	0.312	142	204	170	42	40	80
chx_high		chr12:MAGOHB:s:10613438|12:10610680-10613438:-	MAGOHB	chr12:MAGOHB:s:10613438	s	10613438	12:10610680-10613438:-	12	10610680	10613438	-	107.3	0.966		0.853	-0.113			welch	0.2848107795764519	0.5757608296409431	0	0	1.0	0.938	0.945	0.771	1.0	0.802	167	112	127	70	72	96
chx_high		chr17:COASY:t:42564982|17:42564898-42564982:+	COASY	chr17:COASY:t:42564982	t	42564982	17:42564898-42564982:+	17	42564898	42564982	+	134.7	0.982		0.868	-0.114			welch	0.25760006972517585	0.5655580478176793	0	0	0.981	0.969	1.0	0.986	0.899	0.765	161	191	153	69	119	115
chx_high		chr1:PARK7:t:7962762|1:7961793-7962762:+	PARK7	chr1:PARK7:t:7962762	t	7962762	1:7961793-7962762:+	1	7961793	7962762	+	151.7	0.53		0.415	-0.114	-0.123		welch	0.3157844548532984	0.6046495791289392	0	0	0.48	0.593	0.507	0.298	0.571	0.388	148	226	300	57	63	116
chx_high		chr12:FKBP4:s:2795244|12:2795244-2797137:+	FKBP4	chr12:FKBP4:s:2795244	s	2795244	12:2795244-2797137:+	12	2795244	2797137	+	104.2	0.964		0.848	-0.115	-0.088		welch	0.06561608810994954	0.3332156126627007	1	0	0.918	0.96	1.0	0.772	0.853	0.899	110	149	155	57	75	79
chx_high		chr16:UBE2I:t:1314019|16:1309773-1314019:+	UBE2I	chr16:UBE2I:t:1314019	t	1314019	16:1309773-1314019:+	16	1309773	1314019	+	373.2	0.852		0.736	-0.116	-0.102		welch	0.15615932770213173	0.4830374393167784	0	0	0.807	0.886	0.855	0.639	0.745	0.824	425	466	780	205	153	210
chx_high		chr12:PSMD9:t:121903005|12:121899845-121903005:+	PSMD9	chr12:PSMD9:t:121903005	t	121903005	12:121899845-121903005:+	12	121899845	121903005	+	117.5	0.911		0.795	-0.116	-0.033		welch	0.3246818939907339	0.6129727807018588	0	0	0.891	0.894	0.951	0.979	0.659	0.716	147	161	143	96	91	67
chx_high		chr11:ENSG00000286264:t:64242383|11:64241132-64242383:+	ENSG00000286264	chr11:ENSG00000286264:t:64242383	t	64242383	11:64241132-64242383:+	11	64241132	64242383	+	496.5	0.829		0.712	-0.117	-0.11		welch	0.04667354566918151	0.28393073615418757	1	0	0.794	0.869	0.82	0.703	0.768	0.655	597	712	749	286	345	290
chx_high		chr19:DMKN:s:35510183|19:35505986-35510183:-	DMKN	chr19:DMKN:s:35510183	s	35510183	19:35505986-35510183:-	19	35505986	35510183	-	318.0	0.562		0.445	-0.117	-0.096		welch	0.15004280901349062	0.48145604650482704	1	0	0.515	0.493	0.666	0.457	0.38	0.482	332	475	470	173	184	274
chx_high		chr6:RNF8:s:37371574|6:37371574-37376925:+	RNF8	chr6:RNF8:s:37371574	s	37371574	6:37371574-37376925:+	6	37371574	37376925	+	132.7	0.192		0.075	-0.117	-0.098		welch	0.3079356431228252	0.5962614280843175	0	0	0.19	0.054	0.335	0.125	0.079	0.047	147	166	161	72	101	149
chx_high		chr19:TCF3:t:1611849|19:1611849-1615284:-	TCF3	chr19:TCF3:t:1611849	t	1611849	19:1611849-1615284:-	19	1611849	1615284	-	181.3	0.499		0.381	-0.118	-0.036		welch	0.09109906351773929	0.40774712711106514	0	0	0.563	0.557	0.414	0.345	0.355	0.43	215	203	295	116	110	149
chx_high		chr10:STK32C:t:132330485|10:132330485-132331435:-	STK32C	chr10:STK32C:t:132330485	t	132330485	10:132330485-132331435:-	10	132330485	132331435	-	130.0	0.788		0.671	-0.118	-0.153		welch	0.17397140925652782	0.48706062555519536	1	0	0.785	0.764	0.814	0.516	0.7	0.734	158	182	194	62	60	124
chx_high		chr5:TCOF1:t:150391956|5:150390023-150391956:+	TCOF1	chr5:TCOF1:t:150391956	t	150391956	5:150390023-150391956:+	5	150390023	150391956	+	170.5	0.423		0.306	-0.118	-0.132		welch	0.18951869757474113	0.501710649463831	0	0	0.5	0.502	0.31	0.333	0.239	0.37	146	203	239	105	184	146
chx_high		chr16:KIF22:s:29802937|16:29802937-29803448:+	KIF22	chr16:KIF22:s:29802937	s	29802937	16:29802937-29803448:+	16	29802937	29803448	+	157.0	0.937		0.818	-0.118	-0.144		welch	0.2741776560929348	0.5718562541366926	0	0	0.881	0.978	0.949	0.654	0.948	0.828	143	138	177	133	153	198
chx_high		chr19:DNMT1:t:10141189|19:10141189-10142027:-	DNMT1	chr19:DNMT1:t:10141189	t	10141189	19:10141189-10142027:-	19	10141189	10142027	-	115.7	0.973		0.851	-0.122			welch	0.11599490622778096	0.42642979452418506	1	0	1.0	0.964	0.969	0.892	0.767	0.916	68	169	128	65	133	131
chx_high		chr19:RAD23A:s:12948358|19:12948358-12948496:+	RAD23A	chr19:RAD23A:s:12948358	s	12948358	19:12948358-12948496:+	19	12948358	12948496	+	318.5	0.985		0.864	-0.122	-0.127		welch	0.14523184834055833	0.47918304763212466	1	0	0.997	0.992	0.969	0.729	0.926	0.886	327	488	421	166	272	237
chx_high		chr20:EIF6:s:35284175|20:35280829-35284175:-	EIF6	chr20:EIF6:s:35284175	s	35284175	20:35280829-35284175:-	20	35280829	35284175	-	106.2	0.794		0.672	-0.122	-0.109		welch	0.4724220104581045	0.728524898316949	0	0	0.782	0.774	0.822	0.378	0.8	0.82	101	137	146	82	60	111
chx_high		chr19:ENSG00000267157:s:5785382|19:5785275-5785382:-	ENSG00000267157	chr19:ENSG00000267157:s:5785382	s	5785382	19:5785275-5785382:-	19	5785275	5785382	-	152.8	0.859		0.736	-0.123	-0.069		welch	0.09387603653737168	0.4091313831180975	1	0	0.868	0.84	0.875	0.768	0.645	0.786	91	106	72	207	203	238
chx_high		chr5:RPL26L1:t:172959864|5:172959007-172959864:+	RPL26L1	chr5:RPL26L1:t:172959864	t	172959864	5:172959007-172959864:+	5	172959007	172959864	+	113.2	0.5		0.376	-0.124	-0.118		welch	0.17408205754559136	0.48706062555519536	0	0	0.562	0.594	0.37	0.449	0.375	0.235	130	155	173	98	72	51
chx_high		chr14:MTA1:s:105464147|14:105464147-105464415:+	MTA1	chr14:MTA1:s:105464147	s	105464147	14:105464147-105464415:+	14	105464147	105464415	+	148.0	0.893		0.77	-0.124	-0.147		welch	0.5256636878925974	0.7495482940197047	0	0	0.904	0.911	0.87	0.87	0.97	0.568	115	257	238	54	99	125
chx_high		chr16:KARS1:t:75641723|16:75641723-75644282:-	KARS1	chr16:KARS1:t:75641723	t	75641723	16:75641723-75644282:-	16	75641723	75644282	-	103.2	0.295		0.168	-0.128	-0.109		welch	0.09938427058245333	0.4094519542037817	0	0	0.327	0.224	0.378	0.15	0.062	0.254	107	214	143	40	48	67
chx_high		chr7:ATP5MF:t:99460193|7:99460193-99466128:-	ATP5MF	chr7:ATP5MF:t:99460193	t	99460193	7:99460193-99466128:-	7	99460193	99466128	-	244.3	0.319		0.191	-0.129	-0.116		welch	0.10244985953321965	0.4094519542037817	1	0	0.301	0.334	0.322	0.232	0.256	0.12	296	287	453	125	121	184
chx_high		chr12:MYL6:t:56161386|12:56160670-56161386:+	MYL6	chr12:MYL6:t:56161386	t	56161386	12:56160670-56161386:+	12	56160670	56161386	+	199.7	0.501		0.371	-0.13	-0.207		welch	0.21607408745158718	0.521434987899698	0	0	0.38	0.502	0.608	0.328	0.472	0.323	166	229	186	198	193	226
chx_high		chr19:LSM14A:s:34209051|19:34209051-34215595:+	LSM14A	chr19:LSM14A:s:34209051	s	34209051	19:34209051-34215595:+	19	34209051	34215595	+	124.7	0.401		0.271	-0.13	-0.117		welch	0.243111514633109	0.5491958243200459	0	0	0.508	0.272	0.491	0.132	0.189	0.444	130	180	106	76	132	124
chx_high		chr19:FKBP8:s:18539370|19:18538433-18539370:-	FKBP8	chr19:FKBP8:s:18539370	s	18539370	19:18538433-18539370:-	19	18538433	18539370	-	149.2	0.309		0.179	-0.13	-0.138		welch	0.25219243372269234	0.557880232174441	0	0	0.278	0.199	0.398	0.279	0.168	0.132	151	166	259	68	137	114
chx_high		chr5:TCOF1:s:150390023|5:150390023-150391956:+	TCOF1	chr5:TCOF1:s:150390023	s	150390023	5:150390023-150391956:+	5	150390023	150391956	+	102.8	0.671		0.541	-0.131	-0.156		welch	0.1864623931648164	0.501710649463831	0	0	0.793	0.68	0.574	0.443	0.518	0.659	92	150	129	79	85	82
chx_high		chr9:AK1:s:127871822|9:127868512-127871822:-	AK1	chr9:AK1:s:127871822	s	127871822	9:127868512-127871822:-	9	127868512	127871822	-	105.7	0.964		0.832	-0.132	-0.107		welch	0.02236339492961524	0.21731912261174915	1	0	1.0	0.967	0.939	0.829	0.782	0.882	95	123	148	105	78	85
chx_high		chr11:HRAS:s:533452|11:532755-533452:-	HRAS	chr11:HRAS:s:533452	s	533452	11:532755-533452:-	11	532755	533452	-	440.8	0.884		0.752	-0.132	-0.142		welch	0.10680326833300442	0.41861146782868847	1	0	0.888	0.874	0.89	0.834	0.771	0.684	474	641	848	193	201	288
chx_high		chr12:MMAB:t:109561104|12:109561104-109561419:-	MMAB	chr12:MMAB:t:109561104	t	109561104	12:109561104-109561419:-	12	109561104	109561419	-	155.0	0.923		0.79	-0.133	-0.14		welch	0.04426266243743853	0.2779504824028398	1	0	0.874	0.98	0.897	0.78	0.773	0.809	143	245	261	100	66	115
chx_high		chr8:SHARPIN:t:144100069|8:144100069-144103050:-	SHARPIN	chr8:SHARPIN:t:144100069	t	144100069	8:144100069-144103050:-	8	144100069	144103050	-	185.0	0.935		0.802	-0.133	-0.143		welch	0.12566977377159155	0.43675057567019887	0	0	1.0	0.846	0.957	0.742	0.901	0.771	161	169	209	163	172	236
chx_high		chr15:COMMD4:s:75339344|15:75339344-75339701:+	COMMD4	chr15:COMMD4:s:75339344	s	75339344	15:75339344-75339701:+	15	75339344	75339701	+	182.7	0.664		0.531	-0.133	-0.147		welch	0.2952273215835025	0.5805143293089746	0	0	0.711	0.669	0.641	0.318	0.542	0.698	128	302	312	107	118	129
chx_high		chr12:RNF10:s:120566980|12:120566980-120571190:+	RNF10	chr12:RNF10:s:120566980	s	120566980	12:120566980-120571190:+	12	120566980	120571190	+	130.7	0.94		0.807	-0.133	-0.109		welch	0.30936166559854095	0.5962614280843175	0	0	0.87	0.935	0.984	0.815	0.963	0.695	138	123	243	81	81	118
chx_high		chr1:DNAJC8:s:28232920|1:28205306-28232920:-	DNAJC8	chr1:DNAJC8:s:28232920	s	28232920	1:28205306-28232920:-	1	28205306	28232920	-	115.7	0.146		0.012	-0.134	-0.089		welch	0.15218665436880507	0.48302720734446825	1	0	0.269	0.035	0.212	0.029	0.012	0.0	108	201	137	68	83	97
chx_high		chr5:VDAC1:s:134004646|5:133993018-134004646:-	VDAC1	chr5:VDAC1:s:134004646	s	134004646	5:133993018-134004646:-	5	133993018	134004646	-	125.5	0.936		0.801	-0.135	-0.142		welch	0.19071877428248374	0.501710649463831	1	0	0.906	0.98	0.904	0.9	0.698	0.849	117	250	230	40	63	53
chx_high		chr12:SLC25A3:s:98594135|12:98594135-98595726:+	SLC25A3	chr12:SLC25A3:s:98594135	s	98594135	12:98594135-98595726:+	12	98594135	98595726	+	153.5	0.974		0.839	-0.135			welch	0.2840991968580321	0.5757608296409431	0	0	0.974	0.967	0.98	1.0	0.694	0.843	192	246	297	63	72	51
chx_high		chr1:ENSG00000233461:t:231522637|1:231522637-231528419:-	ENSG00000233461	chr1:ENSG00000233461:t:231522637	t	231522637	1:231522637-231528419:-	1	231522637	231528419	-	166.5	0.244		0.108	-0.136	-0.105		welch	0.3278632569047396	0.6136927629242562	0	0	0.039	0.315	0.333	0.091	0.165	0.065	129	216	126	154	188	186
chx_high		chr11:SF1:s:64766899|11:64765518-64766899:-	SF1	chr11:SF1:s:64766899	s	64766899	11:64765518-64766899:-	11	64765518	64766899	-	123.8	0.74		0.602	-0.138	-0.091		welch	0.2626118677845535	0.5680197436525157	0	0	0.661	0.842	0.704	0.76	0.569	0.5	118	146	152	100	109	118
chx_high		chr17:FTSJ3:s:63823816|17:63822168-63823816:-	FTSJ3	chr17:FTSJ3:s:63823816	s	63823816	17:63822168-63823816:-	17	63822168	63823816	-	121.0	0.979		0.839	-0.14			welch	0.005385433526104513	0.13579217745189653	1	0	1.0	0.942	1.0	0.813	0.857	0.844	129	156	137	91	91	122
chx_high		chr12:TUBA1B:t:49129722|12:49129722-49131297:-	TUBA1B	chr12:TUBA1B:t:49129722	t	49129722	12:49129722-49131297:-	12	49129722	49131297	-	184.7	0.963		0.823	-0.14	-0.137		welch	0.35301476691683115	0.6362982218500907	1	0	0.975	0.959	0.961	0.957	0.939	0.696	197	392	282	23	99	115
chx_high		chr11:SF1:t:64765518|11:64765518-64766899:-	SF1	chr11:SF1:t:64765518	t	64765518	11:64765518-64766899:-	11	64765518	64766899	-	101.2	0.893		0.752	-0.141	-0.16		welch	0.08176138905867925	0.3874136656670699	0	0	0.929	0.946	0.817	0.844	0.721	0.686	84	130	131	90	86	86
chx_high		chr16:GSPT1:s:11897839|16:11896785-11897839:-	GSPT1	chr16:GSPT1:s:11897839	s	11897839	16:11896785-11897839:-	16	11896785	11897839	-	109.7	0.917		0.774	-0.143	-0.193		welch	0.05593755224904681	0.30530402349012464	1	0	0.971	0.952	0.842	0.828	0.797	0.719	105	124	133	99	69	128
chx_high		chr5:NOP16:s:176385220|5:176384283-176385220:-	NOP16	chr5:NOP16:s:176385220	s	176385220	5:176384283-176385220:-	5	176384283	176385220	-	214.2	0.375		0.231	-0.144	-0.153		welch	0.026449243020910784	0.23494006069271967	1	0	0.381	0.324	0.442	0.199	0.221	0.261	210	321	231	156	149	218
chx_high		chr18:NARS1:s:57621707|18:57620651-57621707:-	NARS1	chr18:NARS1:s:57621707	s	57621707	18:57620651-57621707:-	18	57620651	57621707	-	129.8	0.868		0.724	-0.145	-0.106		welch	0.02133906355712842	0.21731912261174915	1	0	0.815	0.908	0.848	0.692	0.74	0.742	124	260	178	78	73	66
chx_high		chr22:SMARCB1:t:23793558|22:23791894-23793558:+	SMARCB1	chr22:SMARCB1:t:23793558	t	23793558	22:23791894-23793558:+	22	23791894	23793558	+	101.2	0.474		0.328	-0.146	-0.117		welch	0.17007730018526088	0.48706062555519536	0	0	0.571	0.332	0.617	0.333	0.242	0.406	140	190	94	57	62	64
chx_high		chr11:MRPL23:s:1952855|11:1952855-1956255:+	MRPL23	chr11:MRPL23:s:1952855	s	1952855	11:1952855-1956255:+	11	1952855	1956255	+	192.0	0.977		0.83	-0.147	-0.125		welch	0.16459666168499804	0.4830374393167784	1	0	0.945	0.958	1.0	0.865	0.734	0.935	145	189	359	148	188	123
chx_high		chr16:INO80E:t:30005220|16:30001040-30005220:+	INO80E	chr16:INO80E:t:30005220	t	30005220	16:30001040-30005220:+	16	30001040	30005220	+	168.5	0.316		0.17	-0.147	-0.115		welch	0.1839034282001193	0.49953303287846357	1	0	0.534	0.246	0.278	0.2	0.158	0.158	116	195	299	110	133	158
chx_high		chr7:SRRT:s:100885040|7:100885040-100885212:+	SRRT	chr7:SRRT:s:100885040	s	100885040	7:100885040-100885212:+	7	100885040	100885212	+	141.0	0.714		0.568	-0.147	-0.134		welch	0.21124370257321515	0.5140263429281569	1	0	0.727	0.68	0.744	0.653	0.42	0.658	121	181	160	95	143	146
chx_high		chr1:MRPL20:t:1402256|1:1402256-1405808:-	MRPL20	chr1:MRPL20:t:1402256	t	1402256	1:1402256-1405808:-	1	1402256	1405808	-	334.2	0.918		0.77	-0.148	-0.16		welch	0.01466438540661968	0.1903111350547976	1	0	0.892	0.892	0.954	0.738	0.823	0.769	277	388	500	263	175	402
chx_high		chr10:NPM3:s:101783272|10:101782924-101783272:-	NPM3	chr10:NPM3:s:101783272	s	101783272	10:101782924-101783272:-	10	101782924	101783272	-	317.7	0.84		0.688	-0.152	-0.156		welch	0.02655144521527309	0.23494006069271967	1	0	0.775	0.854	0.874	0.672	0.714	0.68	333	535	397	204	206	231
chx_high		chr11:ARFIP2:t:6478198|11:6478198-6478737:-	ARFIP2	chr11:ARFIP2:t:6478198	t	6478198	11:6478198-6478737:-	11	6478198	6478737	-	101.3	0.951		0.799	-0.152	-0.185		welch	0.029684157025242512	0.2428115645933954	1	0	0.892	0.93	1.0	0.795	0.833	0.778	102	129	178	73	54	72
chx_high		chr12:RNF10:t:120575630|12:120571291-120575630:+	RNF10	chr12:RNF10:t:120575630	t	120575630	12:120571291-120575630:+	12	120571291	120575630	+	166.5	0.948		0.795	-0.152	-0.104		welch	0.12121120871749096	0.42642979452418506	1	0	0.904	0.93	0.987	0.835	0.89	0.711	188	201	302	91	82	135
chx_high		chr12:SFSWAP:t:131766117|12:131756644-131766117:+	SFSWAP	chr12:SFSWAP:t:131766117	t	131766117	12:131756644-131766117:+	12	131756644	131766117	+	181.8	0.307		0.155	-0.153	-0.197		welch	0.08225906599780251	0.3874136656670699	1	0	0.279	0.245	0.424	0.221	0.108	0.14	219	229	177	140	148	178
chx_high		chr7:SSBP1:t:141739123|7:141738410-141739123:+	SSBP1	chr7:SSBP1:t:141739123	t	141739123	7:141738410-141739123:+	7	141738410	141739123	+	105.2	0.232		0.078	-0.153	-0.096		welch	0.24820702456231553	0.5553751047677865	0	0	0.551	0.181	0.137	0.048	0.191	0.0	78	188	161	62	68	74
chx_high		chr1:POLR3GL:t:145977482|1:145975436-145977482:+	POLR3GL	chr1:POLR3GL:t:145977482	t	145977482	1:145975436-145977482:+	1	145975436	145977482	+	120.5	0.286		0.132	-0.153	-0.075		welch	0.24937496671616585	0.5558587044360338	0	0	0.354	0.348	0.152	0.141	0.283	0.012	175	164	165	78	60	81
chx_high		chr19:PRKCSH:s:11447618|19:11447618-11447722:+	PRKCSH	chr19:PRKCSH:s:11447618	s	11447618	19:11447618-11447722:+	19	11447618	11447722	+	130.2	0.665		0.51	-0.155	-0.147		welch	0.2087473475304628	0.5140263429281569	0	0	0.708	0.703	0.599	0.656	0.55	0.389	96	209	182	61	120	113
chx_high		chr8:SNHG6:t:66922392|8:66922392-66925436:-	SNHG6	chr8:SNHG6:t:66922392	t	66922392	8:66922392-66925436:-	8	66922392	66925436	-	127.8	0.552		0.396	-0.156	-0.146		welch	0.2256267123390875	0.5322211658600459	0	0	0.4	0.548	0.681	0.259	0.505	0.4	115	230	144	85	103	90
chx_high		chr6:PAK1IP1:s:10695069|6:10695069-10697323:+	PAK1IP1	chr6:PAK1IP1:s:10695069	s	10695069	6:10695069-10697323:+	6	10695069	10697323	+	102.5	0.826		0.669	-0.157	-0.079		welch	0.048075925229455724	0.2864932687143076	1	0	0.878	0.781	0.862	0.551	0.69	0.719	74	155	87	69	116	114
chx_high		chr17:SCO1:s:10697234|17:10695831-10697234:-	SCO1	chr17:SCO1:s:10697234	s	10697234	17:10695831-10697234:-	17	10695831	10697234	-	173.0	0.982		0.825	-0.157	-0.163		welch	0.12788415828699307	0.43675057567019887	1	0	0.964	0.982	1.0	0.854	0.696	0.914	196	226	194	89	148	185
chx_high		chr18:TXNL4A:s:79988239|18:79973856-79988239:-	TXNL4A	chr18:TXNL4A:s:79988239	s	79988239	18:79973856-79988239:-	18	79973856	79988239	-	181.0	0.453		0.296	-0.157	-0.156		welch	0.305164315620544	0.594053201074659	0	0	0.476	0.515	0.381	0.284	0.508	0.118	275	270	315	95	63	68
chx_high		chr16:EIF3C:s:28715434|16:28715434-28723163:+	EIF3C	chr16:EIF3C:s:28715434	s	28715434	16:28715434-28723163:+	16	28715434	28723163	+	197.2	0.959		0.802	-0.158	-0.181		welch	0.006004216369282768	0.13579217745189653	1	0	0.981	0.967	0.932	0.833	0.82	0.763	269	215	280	102	161	156
chx_high		chr16:RNPS1:s:2268054|16:2264760-2268054:-	RNPS1	chr16:RNPS1:s:2268054	s	2268054	16:2264760-2268054:-	16	2264760	2268054	-	126.0	0.722		0.562	-0.159	-0.193		welch	0.0497701144879319	0.2906574686095223	1	0	0.818	0.704	0.667	0.486	0.64	0.521	148	196	195	37	86	94
chx_high		chr19:RPS9:t:54207397|19:54206462-54207397:+	RPS9	chr19:RPS9:t:54207397	t	54207397	19:54206462-54207397:+	19	54206462	54207397	+	2671.8	0.924		0.765	-0.16	-0.157		welch	0.007613043344931169	0.13579217745189653	1	0	0.912	0.945	0.912	0.807	0.759	0.734	2675	3863	3643	1831	1767	2252
chx_high		chr2:SRSF7:t:38748653|2:38748653-38749528:-	SRSF7	chr2:SRSF7:t:38748653	t	38748653	2:38748653-38749528:-	2	38748653	38749528	-	153.7	0.968		0.808	-0.16	-0.219		welch	0.04732423339251283	0.2849211577446133	1	0	1.0	1.0	0.887	0.789	0.765	0.885	91	156	97	166	238	174
chx_high		chr17:HOXB7:t:48608095|17:48608095-48625752:-	HOXB7	chr17:HOXB7:t:48608095	t	48608095	17:48608095-48625752:-	17	48608095	48625752	-	132.2	0.251		0.089	-0.161	-0.153		welch	0.05409401178861527	0.30455978366520414	1	0	0.264	0.32	0.167	0.056	0.128	0.093	125	128	126	160	125	129
chx_high		chr16:ENSG00000280607:t:29810076|16:29808741-29810076:+	ENSG00000280607	chr16:ENSG00000280607:t:29810076	t	29810076	16:29808741-29810076:+	16	29808741	29810076	+	334.5	0.776		0.613	-0.162	-0.135		welch	0.04227079531837134	0.27213153835582365	1	0	0.765	0.775	0.783	0.554	0.604	0.677	349	489	517	204	222	226
chx_high		chr12:ARL6IP4:s:122981266|12:122981266-122981594:+	ARL6IP4	chr12:ARL6IP4:s:122981266	s	122981266	12:122981266-122981594:+	12	122981266	122981594	+	269.7	0.932		0.769	-0.163	-0.151		welch	0.0648511722023962	0.3332156126627007	1	0	0.932	0.941	0.919	0.65	0.764	0.823	309	444	333	123	127	282
chx_high		chr19:ENSG00000266953:s:34404815|19:34404815-34404929:+	ENSG00000266953	chr19:ENSG00000266953:s:34404815	s	34404815	19:34404815-34404929:+	19	34404815	34404929	+	133.7	1.0		0.836	-0.164	-0.18		welch	0.008663248777544933	0.13579217745189653	1	0	1.0	1.0	1.0	0.854	0.8	0.837	131	194	191	89	50	147
chx_high		chr16:PSMB10:t:67934948|16:67934948-67935419:-	PSMB10	chr16:PSMB10:t:67934948	t	67934948	16:67934948-67935419:-	16	67934948	67935419	-	117.5	0.805		0.64	-0.165	-0.178		welch	0.019868901263477925	0.21458957830714925	1	0	0.817	0.79	0.805	0.616	0.695	0.612	191	143	118	73	82	98
chx_high		chr9:EDF1:s:136862905|9:136862496-136862905:-	EDF1	chr9:EDF1:s:136862905	s	136862905	9:136862496-136862905:-	9	136862496	136862905	-	526.5	0.523		0.357	-0.166	-0.146		welch	0.039967777157033084	0.2652407029512198	1	0	0.6	0.472	0.526	0.367	0.36	0.349	512	803	867	245	322	410
chx_high		chr16:SRRM2:t:2757471|16:2752846-2757471:+	SRRM2	chr16:SRRM2:t:2757471	t	2757471	16:2752846-2757471:+	16	2752846	2757471	+	233.5	0.209		0.042	-0.167	-0.126		welch	0.0029216234161014445	0.13124831346178795	1	0	0.186	0.239	0.194	0.045	0.055	0.024	194	255	217	201	289	245
chx_high		chr20:PIGT:s:45420429|20:45420429-45420527:+	PIGT	chr20:PIGT:s:45420429	s	45420429	20:45420429-45420527:+	20	45420429	45420527	+	114.3	1.0		0.833	-0.167	-0.147		welch	0.12047519887360758	0.42642979452418506	1	0	1.0	1.0	1.0	0.711	0.769	0.951	153	135	140	38	117	103
chx_high		chr15:SNRPA1:t:101285801|15:101285801-101286213:-	SNRPA1	chr15:SNRPA1:t:101285801	t	101285801	15:101285801-101286213:-	15	101285801	101286213	-	263.0	0.964		0.795	-0.168	-0.174		welch	8.480654687680594e-05	0.016509007792018335	1	0	0.978	0.961	0.955	0.811	0.792	0.785	225	307	264	264	178	340
chx_high		chr19:DDX39A:s:14410988|19:14410334-14410988:-	DDX39A	chr19:DDX39A:s:14410988	s	14410988	19:14410334-14410988:-	19	14410334	14410988	-	249.2	0.969		0.799	-0.17	-0.166		welch	0.005828742811909036	0.13579217745189653	1	0	0.954	0.993	0.949	0.786	0.756	0.835	239	410	293	154	156	243
chx_high		chr4:OCIAD1:t:48832619|4:48831249-48832619:+	OCIAD1	chr4:OCIAD1:t:48832619	t	48832619	4:48831249-48832619:+	4	48831249	48832619	+	100.7	0.773		0.603	-0.17	-0.211		welch	0.17303274813354574	0.48706062555519536	0	0	0.881	0.771	0.66	0.702	0.495	0.667	109	153	103	47	99	93
chx_high		chr11:ARFIP2:s:6478737|11:6478198-6478737:-	ARFIP2	chr11:ARFIP2:s:6478737	s	6478737	11:6478198-6478737:-	11	6478198	6478737	-	102.5	0.949		0.776	-0.173	-0.21		welch	0.02800005477814275	0.2369859708758753	1	0	0.892	0.923	1.0	0.753	0.849	0.747	102	130	178	77	53	75
chx_high		chrX:CITED1:t:72302934|X:72302934-72307024:-	CITED1	chrX:CITED1:t:72302934	t	72302934	X:72302934-72307024:-	X	72302934	72307024	-	166.5	0.499		0.325	-0.174	-0.113		welch	0.2879623105179276	0.5757608296409431	0	0	0.556	0.407	0.556	0.338	0.545	0.2	214	295	259	71	55	105
chx_high		chr1:CDK11A:t:1705732|1:1705732-1707408:-	CDK11A	chr1:CDK11A:t:1705732	t	1705732	1:1705732-1707408:-	1	1705732	1707408	-	133.8	0.777		0.602	-0.176	-0.191		welch	0.3716915125317828	0.6396561662327643	0	0	0.49	0.889	0.857	0.556	0.641	0.6	49	81	63	169	206	235
chx_high		chr8:EEF1D:t:143586852|8:143586852-143597347:-	EEF1D	chr8:EEF1D:t:143586852	t	143586852	8:143586852-143597347:-	8	143586852	143597347	-	109.5	0.627		0.448	-0.179	-0.22		welch	0.14828458054946633	0.4811010835604908	0	0	0.795	0.529	0.58	0.431	0.406	0.533	156	210	119	58	69	45
chx_high		chr6:MRPL18:t:159790939|6:159790060-159790939:+	MRPL18	chr6:MRPL18:t:159790939	t	159790939	6:159790060-159790939:+	6	159790060	159790939	+	121.0	0.26		0.079	-0.18	-0.188		welch	0.03321765674275942	0.25193651347755197	1	0	0.292	0.27	0.228	0.015	0.159	0.063	106	226	180	66	69	79
chx_high		chr12:ARL6IP4:s:122981299|12:122981299-122981594:+	ARL6IP4	chr12:ARL6IP4:s:122981299	s	122981299	12:122981299-122981594:+	12	122981299	122981594	+	477.8	0.745		0.564	-0.181	-0.135		welch	0.03439436262285068	0.25751676630442044	1	0	0.783	0.681	0.775	0.574	0.47	0.628	612	662	614	282	304	393
chx_high		chr6:GMNN:t:24777221|6:24775112-24777221:+	GMNN	chr6:GMNN:t:24777221	t	24777221	6:24775112-24777221:+	6	24775112	24777221	+	121.7	0.493		0.311	-0.183	-0.03		welch	0.07296602650547918	0.3611199955864393	1	0	0.364	0.517	0.556	0.289	0.36	0.253	107	201	142	76	125	79
chx_high		chr11:MRPL23:t:1956255|11:1952855-1956255:+	MRPL23	chr11:MRPL23:t:1956255	t	1956255	11:1952855-1956255:+	11	1952855	1956255	+	195.2	0.978		0.795	-0.183	-0.14		welch	0.07571152357869684	0.36927291547234586	1	0	0.951	0.958	1.0	0.78	0.734	0.906	144	189	359	164	188	127
chx_high		chr19:PTBP1:t:806407|19:805187-806407:+	PTBP1	chr19:PTBP1:t:806407	t	806407	19:805187-806407:+	19	805187	806407	+	272.8	0.397		0.213	-0.184	-0.16		welch	0.01141842999801938	0.15507821206612374	1	0	0.383	0.359	0.46	0.245	0.183	0.228	334	432	337	102	208	224
chx_high		chr3:TRA2B:s:185937824|3:185926734-185937824:-	TRA2B	chr3:TRA2B:s:185937824	s	185937824	3:185926734-185937824:-	3	185926734	185937824	-	165.7	0.583		0.399	-0.184	-0.174		welch	0.13181895829974252	0.44757134678517224	0	0	0.623	0.593	0.54	0.296	0.554	0.329	114	285	176	125	148	146
chx_high		chr16:TCF25:t:89883350|16:89873859-89883350:+	TCF25	chr16:TCF25:t:89883350	t	89883350	16:89873859-89883350:+	16	89873859	89883350	+	386.2	0.979		0.79	-0.188	-0.22		welch	0.004122851863411086	0.13579217745189653	1	0	0.988	0.988	0.966	0.823	0.793	0.76	323	331	475	333	455	400
chx_high		chr9:NTMT1:t:129634053|9:129626295-129634053:+	NTMT1	chr9:NTMT1:t:129634053	t	129634053	9:129626295-129634053:+	9	129626295	129634053	+	102.0	0.239		0.051	-0.189	-0.09		welch	0.11779295335672743	0.42642979452418506	1	0	0.126	0.354	0.178	0.047	0.0	0.102	111	164	101	64	84	88
chx_high		chr17:CENPX:t:82019381|17:82019381-82019857:-	CENPX	chr17:CENPX:t:82019381	t	82019381	17:82019381-82019857:-	17	82019381	82019857	-	117.2	0.647		0.454	-0.192	-0.122		welch	0.00965014656845086	0.13745574624330004	1	0	0.588	0.638	0.688	0.477	0.42	0.475	114	210	205	65	69	40
chx_high		chr7:HOXA10:t:27172173|7:27172173-27173348:-	HOXA10	chr7:HOXA10:t:27172173	t	27172173	7:27172173-27173348:-	7	27172173	27173348	-	121.7	0.528		0.336	-0.192	-0.167		welch	0.09325706132399482	0.4091313831180975	0	0	0.622	0.442	0.482	0.452	0.254	0.31	185	129	139	73	59	145
chx_high		chr11:SF1:t:64770408|11:64770408-64773429:-	SF1	chr11:SF1:t:64770408	t	64770408	11:64770408-64773429:-	11	64770408	64773429	-	134.3	0.983		0.79	-0.193	-0.192		welch	0.002616510320837914	0.1273368356141118	1	0	1.0	0.995	0.962	0.743	0.813	0.789	95	188	185	74	150	114
chx_high		chr5:ATG12:t:115837764|5:115837764-115841389:-	ATG12	chr5:ATG12:t:115837764	t	115837764	5:115837764-115841389:-	5	115837764	115841389	-	106.2	0.952		0.755	-0.196	-0.203		welch	0.11623403852576523	0.42642979452418506	1	0	1.0	0.935	0.929	0.864	0.652	0.841	96	170	85	66	138	82
chx_high		chr4:TMA16:t:163507032|4:163494804-163507032:+	TMA16	chr4:TMA16:t:163507032	t	163507032	4:163494804-163507032:+	4	163494804	163507032	+	213.5	0.924		0.727	-0.197	-0.194		welch	0.05859517988143778	0.3110871368250878	1	0	0.918	0.883	0.975	0.679	0.848	0.685	219	307	278	221	132	124
chx_high		chr17:MYBBP1A:t:4545175|17:4545175-4545258:-	MYBBP1A	chr17:MYBBP1A:t:4545175	t	4545175	17:4545175-4545258:-	17	4545175	4545258	-	408.0	0.974		0.766	-0.208	-0.202		welch	0.006196927482972143	0.13579217745189653	1	0	0.956	0.995	0.968	0.783	0.799	0.716	340	428	494	360	417	409
chx_high		chr21:NDUFV3:t:42908863|21:42897047-42908863:+	NDUFV3	chr21:NDUFV3:t:42908863	t	42908863	21:42897047-42908863:+	21	42897047	42908863	+	181.2	0.677		0.464	-0.213	-0.206		welch	0.06729661778136202	0.33880366193375366	1	0	0.745	0.612	0.688	0.519	0.351	0.564	165	214	247	133	188	140
chx_high		chr19:USF2:t:35270446|19:35269699-35270446:+	USF2	chr19:USF2:t:35270446	t	35270446	19:35269699-35270446:+	19	35269699	35270446	+	164.3	0.464		0.247	-0.217	-0.192		welch	0.023071550688233623	0.21731912261174915	1	0	0.405	0.46	0.515	0.154	0.179	0.32	185	274	235	39	106	147
chx_high		chr13:POLR1D:s:27622009|13:27622009-27622874:+	POLR1D	chr13:POLR1D:s:27622009	s	27622009	13:27622009-27622874:+	13	27622009	27622874	+	166.5	0.84		0.622	-0.218	-0.201		welch	0.27068969753376765	0.5704736090980237	0	0	0.768	0.871	0.869	0.847	0.651	0.323	228	271	283	72	83	62
chx_high		chr17:CENPX:s:82019857|17:82019381-82019857:-	CENPX	chr17:CENPX:s:82019857	s	82019857	17:82019381-82019857:-	17	82019381	82019857	-	105.7	0.72		0.497	-0.223	-0.084		welch	0.030351445574174424	0.2428115645933954	1	0	0.817	0.691	0.709	0.585	0.408	0.543	82	194	199	53	71	35
chx_high		chr18:TXNL4A:t:79973856|18:79973856-79988239:-	TXNL4A	chr18:TXNL4A:t:79973856	t	79973856	18:79973856-79988239:-	18	79973856	79988239	-	205.7	0.433		0.201	-0.233	-0.207		welch	0.036394507561324854	0.26025699177196	1	0	0.456	0.481	0.37	0.225	0.281	0.08	287	289	324	120	114	100
chx_high		chr16:INO80E:s:30001040|16:30001040-30005220:+	INO80E	chr16:INO80E:s:30001040	s	30001040	16:30001040-30005220:+	16	30001040	30005220	+	122.2	0.455		0.22	-0.235	-0.184		welch	0.09275989367989057	0.4091313831180975	1	0	0.517	0.306	0.565	0.229	0.223	0.21	120	157	147	96	94	119
chx_high		chr6:PSMG4:s:3263759|6:3263759-3267590:+	PSMG4	chr6:PSMG4:s:3263759	s	3263759	6:3263759-3267590:+	6	3263759	3267590	+	244.7	0.872		0.634	-0.238	-0.151		welch	0.031233505853890182	0.24320489891562488	1	0	0.895	0.887	0.842	0.736	0.576	0.597	285	293	366	159	144	221
chx_high		chr17:NT5C:t:75130867|17:75130867-75131044:-	NT5C	chr17:NT5C:t:75130867	t	75130867	17:75130867-75131044:-	17	75130867	75131044	-	224.8	0.777		0.538	-0.238	-0.257		welch	0.042404058202705396	0.27213153835582365	1	0	0.844	0.643	0.805	0.533	0.471	0.566	186	157	302	195	140	369
chx_high		chr5:ATG12:s:115841389|5:115837764-115841389:-	ATG12	chr5:ATG12:s:115841389	s	115841389	5:115837764-115841389:-	5	115837764	115841389	-	105.7	0.979		0.737	-0.242			welch	0.10138644673008963	0.4094519542037817	1	0	0.97	0.975	1.0	0.838	0.625	0.852	99	163	79	68	144	81
chx_high		chr19:DDX39A:t:14410334|19:14410334-14410988:-	DDX39A	chr19:DDX39A:t:14410334	t	14410334	19:14410334-14410988:-	19	14410334	14410988	-	261.8	0.958		0.715	-0.243	-0.249		welch	0.005506348543625078	0.13579217745189653	1	0	0.954	0.985	0.924	0.658	0.698	0.766	239	413	301	184	169	265
chx_high		chr9:CDKN2A:t:21971208|9:21971208-21994138:-	CDKN2A	chr9:CDKN2A:t:21971208	t	21971208	9:21971208-21994138:-	9	21971208	21994138	-	134.5	0.537		0.293	-0.244	-0.2		welch	0.16397245778587533	0.4830374393167784	0	0	0.465	0.522	0.637	0.491	0.081	0.316	187	251	171	57	62	79
chx_high		chr19:USF2:s:35269699|19:35269699-35270446:+	USF2	chr19:USF2:s:35269699	s	35269699	19:35269699-35270446:+	19	35269699	35270446	+	110.0	0.661		0.416	-0.245	-0.258		welch	0.11048230822314285	0.42393629516908254	0	0	0.581	0.7	0.68	0.24	0.279	0.588	129	180	178	25	68	80
chx_high		chr17:AARSD1:t:42951894|17:42951894-42953723:-	AARSD1	chr17:AARSD1:t:42951894	t	42951894	17:42951894-42953723:-	17	42951894	42953723	-	221.0	0.804		0.557	-0.247	-0.208		welch	0.003568657359661689	0.13579217745189653	1	0	0.825	0.791	0.794	0.573	0.596	0.515	143	115	165	279	267	357
chx_high		chr17:SNHG29:t:16440184|17:16439414-16440184:+	SNHG29	chr17:SNHG29:t:16440184	t	16440184	17:16439414-16440184:+	17	16439414	16440184	+	208.0	0.92		0.674	-0.247	-0.202		welch	0.020135097945568402	0.21458957830714925	1	0	0.862	0.947	0.936	0.676	0.581	0.75	224	283	358	102	129	152
chx_high		chr17:AARSD1:s:42954875|17:42953778-42954875:-	AARSD1	chr17:AARSD1:s:42954875	s	42954875	17:42953778-42954875:-	17	42953778	42954875	-	117.3	0.61		0.356	-0.254	-0.269		welch	0.0978411956308341	0.4094519542037817	1	0	0.79	0.575	0.487	0.369	0.333	0.362	62	40	80	141	138	243
chx_high		chr6:PSMG4:t:3267590|6:3263759-3267590:+	PSMG4	chr6:PSMG4:t:3267590	t	3267590	6:3263759-3267590:+	6	3263759	3267590	+	264.8	0.824		0.563	-0.261	-0.229		welch	0.007505936670357773	0.13579217745189653	1	0	0.794	0.823	0.851	0.632	0.553	0.518	321	316	362	185	150	255
chx_high		chr1:CDK11B:t:1642508|1:1642508-1645125:-	CDK11B	chr1:CDK11B:t:1642508	t	1642508	1:1642508-1645125:-	1	1642508	1645125	-	193.2	0.651		0.39	-0.261	-0.317		welch	0.03654293377619986	0.26025699177196	1	0	0.635	0.665	0.65	0.346	0.318	0.492	137	167	140	243	214	258
chx_high		chr1:RPS27:t:153991114|1:153990802-153991114:+	RPS27	chr1:RPS27:t:153991114	t	153991114	1:153990802-153991114:+	1	153990802	153991114	+	185.7	0.888		0.628	-0.261	-0.201		welch	0.08481735086072745	0.39117825978762166	1	0	0.917	0.861	0.9	0.622	0.793	0.517	240	345	231	98	82	118
chx_high		chr17:NARF:t:82483715|17:82481211-82483715:+	NARF	chr17:NARF:t:82483715	t	82483715	17:82481211-82483715:+	17	82481211	82483715	+	100.5	0.831		0.563	-0.267	-0.231		welch	0.008835792368445321	0.13579217745189653	1	0	0.746	0.846	0.881	0.525	0.612	0.553	118	104	168	61	67	85
chx_high		chr17:SNHG29:s:16439414|17:16439414-16440184:+	SNHG29	chr17:SNHG29:s:16439414	s	16439414	17:16439414-16440184:+	17	16439414	16440184	+	246.0	0.802		0.534	-0.267	-0.216		welch	0.01895880449599543	0.21458957830714925	1	0	0.702	0.838	0.842	0.511	0.452	0.626	275	320	398	135	166	182
chx_high		chr11:HRAS:t:532755|11:532755-533452:-	HRAS	chr11:HRAS:t:532755	t	532755	11:532755-533452:-	11	532755	533452	-	449.7	0.916		0.639	-0.277	-0.272		welch	0.03938619457336964	0.2652407029512198	1	0	0.905	0.92	0.92	0.573	0.756	0.621	465	609	821	281	205	317
chx_high		chr19:AKAP8:s:15370145|19:15368322-15370145:-	AKAP8	chr19:AKAP8:s:15370145	s	15370145	19:15368322-15370145:-	19	15368322	15370145	-	104.7	0.993		0.699	-0.294	-0.227		welch	0.038583386423824764	0.2652407029512198	1	0	1.0	1.0	0.975	0.814	0.613	0.714	90	128	81	70	119	140
chx_high		chr16:ATXN2L:s:28836122|16:28836122-28836727:+	ATXN2L	chr16:ATXN2L:s:28836122	s	28836122	16:28836122-28836727:+	16	28836122	28836727	+	119.7	0.685		0.386	-0.299	-0.222		welch	0.0723517777918881	0.3611199955864393	1	0	0.744	0.613	0.701	0.222	0.484	0.503	90	106	144	153	64	161
chx_high		chr7:SRRT:t:100884069|7:100882241-100884069:+	SRRT	chr7:SRRT:t:100884069	t	100884069	7:100882241-100884069:+	7	100882241	100884069	+	172.5	0.925		0.613	-0.313	-0.358		welch	0.10376522127082138	0.4094519542037817	1	0	0.944	0.908	0.93	0.838	0.548	0.5	215	292	257	80	73	118
chx_high		chr1:PABPC4:t:39570002|1:39570002-39571233:-	PABPC4	chr1:PABPC4:t:39570002	t	39570002	1:39570002-39571233:-	1	39570002	39571233	-	180.2	0.734		0.415	-0.319	-0.348		welch	0.05968641447770932	0.3112220183480562	1	0	0.701	0.577	0.905	0.475	0.235	0.482	127	215	221	160	136	222
chx_high		chr19:AKAP8:t:15368322|19:15368322-15370145:-	AKAP8	chr19:AKAP8:t:15368322	t	15368322	19:15368322-15370145:-	19	15368322	15370145	-	116.2	0.946		0.601	-0.345	-0.352		welch	0.006471603845421061	0.13579217745189653	1	0	0.909	0.977	0.94	0.671	0.529	0.625	99	131	84	85	138	160
chx_high		chr16:TMEM208:t:67228796|16:67228631-67228796:+	TMEM208	chr16:TMEM208:t:67228796	t	67228796	16:67228631-67228796:+	16	67228631	67228796	+	107.7	0.953		0.607	-0.346	-0.345		welch	0.16302512470761227	0.4830374393167784	1	0	0.966	0.897	0.973	0.784	0.794	0.376	116	78	149	102	68	133
chx_high		chr8:RPL8:t:144791307|8:144791307-144791370:-	RPL8	chr8:RPL8:t:144791307	t	144791307	8:144791307-144791370:-	8	144791307	144791370	-	236.2	0.923		0.562	-0.361	-0.316		welch	0.09915712052522288	0.4094519542037817	1	0	0.892	0.947	0.915	0.724	0.684	0.367	260	492	519	29	57	60
chx_high		chr20:NOP56:t:2656400|20:2656214-2656400:+	NOP56	chr20:NOP56:t:2656400	t	2656400	20:2656214-2656400:+	20	2656214	2656400	+	126.3	0.713		0.327	-0.386	-0.426		welch	0.007879851068004708	0.13579217745189653	1	0	0.802	0.612	0.743	0.26	0.279	0.439	126	152	144	100	122	114
chx_high		chr16:EIF3C:t:28723163|16:28715434-28723163:+	EIF3C	chr16:EIF3C:t:28723163	t	28723163	16:28715434-28723163:+	16	28715434	28723163	+	240.5	0.916		0.523	-0.394	-0.402		welch	0.0016044018997554926	0.09369707094572077	1	0	0.974	0.86	0.909	0.552	0.579	0.456	271	242	287	154	228	261
chx_high		chr19:CLASRP:t:45068419|19:45068054-45068419:+	CLASRP	chr19:CLASRP:t:45068419	t	45068419	19:45068054-45068419:+	19	45068054	45068419	+	339.3	0.739		0.274	-0.465	-0.47		welch	0.00014380398671536032	0.020995382060442606	1	0	0.699	0.718	0.777	0.29	0.225	0.292	176	202	292	472	360	534
chx_high		chr19:AKAP8L:s:15399301|19:15397855-15399301:-	AKAP8L	chr19:AKAP8L:s:15399301	s	15399301	19:15397855-15399301:-	19	15397855	15399301	-	101.8	0.643		0.176	-0.467	-0.483		welch	0.0003983172179957662	0.03323103647278964	1	0	0.692	0.653	0.598	0.165	0.146	0.202	65	49	82	139	103	173
