contrast	rank	junction_id	gene	lsv	side	anchor	junction	chrom	start	end	strand	mean_lsv_total	psi_ctl	psi_mid	psi_treated	dpsi	dpsi_dedup	slope	test	p	padj	consistent	hit	psi_Hek_control_1	psi_Hek_control_2	psi_Hek_control_3	psi_CADM1_100nM-1	psi_CADM1_100nM-2	psi_CADM1_100nM-3	n_Hek_control_1	n_Hek_control_2	n_Hek_control_3	n_CADM1_100nM-1	n_CADM1_100nM-2	n_CADM1_100nM-3
cadm1_high	1	chr16:TNRC6A:s:24729846|16:24729846-24750725:+	TNRC6A	chr16:TNRC6A:s:24729846	s	24729846	16:24729846-24750725:+	16	24729846	24750725	+	126.3	0.208		0.531	0.323	0.3		welch	0.026597331923862856	0.7960703231862641	1	0	0.337	0.156	0.15	0.632	0.473	0.43	92	96	120	185	186	79
cadm1_high	2	chr1:POLR3GL:s:145975436|1:145975436-145977083:+	POLR3GL	chr1:POLR3GL:s:145975436	s	145975436	1:145975436-145977083:+	1	145975436	145977083	+	111.5	0.611		0.823	0.212	0.137		welch	0.09558489219752198	0.9655019792943904	0	0	0.534	0.558	0.769	0.829	0.971	0.729	133	129	108	111	70	118
cadm1_high	3	chrX:MECP2:s:154097603|X:154092307-154097603:-	MECP2	chrX:MECP2:s:154097603	s	154097603	X:154092307-154097603:-	X	154092307	154097603	-	160.0	0.484		0.681	0.198	0.232		welch	0.11560142149451204	0.9655019792943904	0	0	0.454	0.627	0.366	0.675	0.733	0.611	130	161	164	212	180	113
cadm1_high	4	chr16:MRPL28:t:370225|16:370225-370498:-	MRPL28	chr16:MRPL28:t:370225	t	370225	16:370225-370498:-	16	370225	370498	-	110.3	0.525		0.716	0.191	0.107		welch	0.027348651541997275	0.7960703231862641	1	0	0.558	0.581	0.461	0.736	0.674	0.7	52	160	165	159	46	80
cadm1_high	5	chr7:SRRT:s:100885040|7:100885040-100885215:+	SRRT	chr7:SRRT:s:100885040	s	100885040	7:100885040-100885215:+	7	100885040	100885215	+	165.7	0.286		0.474	0.188	0.173		welch	0.00841923168472128	0.7113287403644318	1	0	0.273	0.32	0.256	0.426	0.461	0.525	121	181	160	136	219	177
cadm1_high	6	chr3:UQCC5:t:52540423|3:52536906-52540423:+	UQCC5	chr3:UQCC5:t:52540423	t	52540423	3:52536906-52540423:+	3	52536906	52540423	+	114.8	0.47		0.65	0.18	0.162		welch	0.25634795469202876	0.9655019792943904	0	0	0.435	0.536	0.39	0.614	0.447	0.857	62	181	123	101	103	119
cadm1_high	7	chr3:CNBP:t:129171538|3:129171538-129171654:-	CNBP	chr3:CNBP:t:129171538	t	129171538	3:129171538-129171654:-	3	129171538	129171654	-	141.3	0.612		0.791	0.179	0.167		welch	0.029206494406907344	0.7960703231862641	1	0	0.671	0.545	0.632	0.746	0.77	0.873	143	167	136	114	178	110
cadm1_high	8	chr1:NASP:s:45606591|1:45606591-45613168:+	NASP	chr1:NASP:s:45606591	s	45606591	1:45606591-45613168:+	1	45606591	45613168	+	140.0	0.616		0.791	0.176	0.091		welch	0.03970362054105212	0.8945461268301698	1	0	0.654	0.537	0.676	0.753	0.801	0.825	133	147	105	166	146	143
cadm1_high	9	chr1:RPL22:t:6197756|1:6197756-6199561:-	RPL22	chr1:RPL22:t:6197756	t	6197756	1:6197756-6199561:-	1	6197756	6199561	-	303.7	0.775		0.949	0.174	0.138		welch	0.13255905482716712	0.9655019792943904	1	0	0.92	0.686	0.728	0.953	0.975	0.926	311	331	323	212	280	365
cadm1_high	10	chr11:SF1:s:64766899|11:64766155-64766899:-	SF1	chr11:SF1:s:64766899	s	64766899	11:64766155-64766899:-	11	64766155	64766899	-	143.2	0.26		0.424	0.165	0.106		welch	0.09934249448209524	0.9655019792943904	1	0	0.339	0.158	0.296	0.425	0.422	0.427	118	146	152	120	180	143
cadm1_high		chr16:TNRC6A:t:24750725|16:24729846-24750725:+	TNRC6A	chr16:TNRC6A:t:24750725	t	24750725	16:24729846-24750725:+	16	24729846	24750725	+	121.2	0.224		0.542	0.318	0.297		welch	0.011526160144793988	0.7113287403644318	1	0	0.337	0.176	0.165	0.609	0.461	0.586	92	85	109	192	191	58
cadm1_high		chr17:NARF:t:82483715|17:82483304-82483715:+	NARF	chr17:NARF:t:82483715	t	82483715	17:82483304-82483715:+	17	82483304	82483715	+	113.5	0.169		0.333	0.164	0.185		welch	0.08173816638096575	0.9655019792943904	0	0	0.254	0.154	0.119	0.338	0.243	0.434	118	104	168	77	115	99
cadm1_high		chr12:TROAP:s:49324037|12:49324037-49324230:+	TROAP	chr12:TROAP:s:49324037	s	49324037	12:49324037-49324230:+	12	49324037	49324230	+	131.3	0.503		0.664	0.16	0.154		welch	0.02514691393859545	0.7960703231862641	1	0	0.455	0.493	0.562	0.66	0.64	0.684	110	217	128	97	100	136
cadm1_high		chrX:MECP2:t:154032557|X:154032557-154092183:-	MECP2	chrX:MECP2:t:154032557	t	154032557	X:154032557-154092183:-	X	154032557	154092183	-	170.5	0.482		0.642	0.16	0.187		welch	0.18189008176207372	0.9655019792943904	0	0	0.383	0.639	0.395	0.61	0.719	0.577	115	183	200	210	192	123
cadm1_high		chr9:NTMT1:t:129634053|9:129632865-129634053:+	NTMT1	chr9:NTMT1:t:129634053	t	129634053	9:129632865-129634053:+	9	129632865	129634053	+	115.0	0.641		0.796	0.155	0.121		welch	0.3272093947398656	0.9655019792943904	0	0	0.829	0.482	0.693	0.838	0.778	0.776	111	164	101	99	72	143
cadm1_high		chr19:TCF3:s:1615685|19:1612433-1615685:-	TCF3	chr19:TCF3:s:1615685	s	1615685	19:1612433-1615685:-	19	1612433	1615685	-	198.7	0.442		0.594	0.152	0.125		welch	0.1649517077656148	0.9655019792943904	1	0	0.279	0.55	0.446	0.641	0.559	0.566	179	258	233	209	177	136
cadm1_high		chr20:EIF6:s:35284175|20:35280118-35284175:-	EIF6	chr20:EIF6:s:35284175	s	35284175	20:35280118-35284175:-	20	35280118	35284175	-	111.7	0.206		0.357	0.151	0.18		welch	0.01633494198074499	0.7840772150757596	1	0	0.218	0.226	0.178	0.381	0.392	0.304	101	137	146	105	79	102
cadm1_high		chr12:NOP2:s:6566528|12:6566324-6566528:-	NOP2	chr12:NOP2:s:6566528	s	6566528	12:6566324-6566528:-	12	6566324	6566528	-	109.2	0.37		0.517	0.148	0.062		welch	0.15177861481493005	0.9655019792943904	1	0	0.385	0.38	0.342	0.479	0.653	0.429	135	92	111	121	98	98
cadm1_high		chr11:ANAPC15:t:72111286|11:72111286-72111411:-	ANAPC15	chr11:ANAPC15:t:72111286	t	72111286	11:72111286-72111411:-	11	72111286	72111411	-	174.3	0.627		0.774	0.147	0.084		welch	0.02855520565078057	0.7960703231862641	1	0	0.691	0.613	0.578	0.733	0.832	0.766	165	204	154	165	149	209
cadm1_high		chr8:RPL8:t:144791307|8:144791307-144791849:-	RPL8	chr8:RPL8:t:144791307	t	144791307	8:144791307-144791849:-	8	144791307	144791849	-	308.0	0.077		0.222	0.145	0.128		welch	0.10876833405946938	0.9655019792943904	1	0	0.108	0.053	0.085	0.126	0.222	0.306	260	492	519	182	189	206
cadm1_high		chr19:UBA52:t:18573292|19:18571887-18573292:+	UBA52	chr19:UBA52:t:18573292	t	18573292	19:18571887-18573292:+	19	18571887	18573292	+	167.3	0.398		0.538	0.14	0.182		welch	0.5062869598479379	0.9655019792943904	0	0	0.392	0.361	0.431	0.843	0.35	0.378	153	208	262	140	143	98
cadm1_high		chr19:USF2:t:35270446|19:35269699-35270446:+	USF2	chr19:USF2:t:35270446	t	35270446	19:35269699-35270446:+	19	35269699	35270446	+	189.7	0.464		0.604	0.14	0.082		welch	0.1559025795138128	0.9655019792943904	0	0	0.405	0.46	0.515	0.595	0.72	0.489	185	274	235	153	150	141
cadm1_high		chr19:LSM14A:s:34209051|19:34209051-34215123:+	LSM14A	chr19:LSM14A:s:34209051	s	34209051	19:34209051-34215123:+	19	34209051	34215123	+	160.7	0.599		0.735	0.137	0.068		welch	0.2300350100131046	0.9655019792943904	0	0	0.492	0.728	0.509	0.726	0.6	0.84	130	180	106	219	135	194
cadm1_high		chr10:CDC123:s:12246277|10:12246277-12250310:+	CDC123	chr10:CDC123:s:12246277	s	12246277	10:12246277-12250310:+	10	12246277	12250310	+	107.5	0.117		0.253	0.136	0.077		welch	0.0948673228880931	0.9655019792943904	0	0	0.058	0.216	0.026	0.26	0.315	0.204	69	111	77	123	108	157
cadm1_high		chr5:HNRNPH1:t:179623164|5:179623164-179623635:-	HNRNPH1	chr5:HNRNPH1:t:179623164	t	179623164	5:179623164-179623635:-	5	179623164	179623635	-	134.0	0.38		0.514	0.135	0.174		welch	0.37633626497375583	0.9655019792943904	0	0	0.506	0.438	0.26	0.676	0.543	0.348	77	130	146	139	151	161
cadm1_high		chr5:TAF9:t:69366595|5:69366595-69369462:-	TAF9	chr5:TAF9:t:69366595	t	69366595	5:69366595-69369462:-	5	69366595	69369462	-	151.8	0.777		0.911	0.134	0.055		welch	0.007816454961624789	0.7113287403644318	1	0	0.804	0.768	0.771	0.876	0.936	0.934	97	164	179	194	125	152
cadm1_high		chr5:MACROH2A1:t:135346057|5:135346057-135352945:-	MACROH2A1	chr5:MACROH2A1:t:135346057	t	135346057	5:135346057-135352945:-	5	135346057	135352945	-	102.3	0.782		0.913	0.131	0.086		welch	0.1593417867462887	0.9655019792943904	0	0	0.657	0.824	0.854	0.816	0.962	0.975	99	131	96	103	106	79
cadm1_high		chr1:NOC2L:t:944800|1:944800-945041:-	NOC2L	chr1:NOC2L:t:944800	t	944800	1:944800-945041:-	1	944800	945041	-	363.5	0.235		0.364	0.13	0.1		welch	0.043484881165355455	0.8945461268301698	1	0	0.284	0.193	0.246	0.31	0.422	0.363	243	420	475	368	353	322
cadm1_high		chrX:CITED1:t:72302934|X:72302934-72305824:-	CITED1	chrX:CITED1:t:72302934	t	72302934	X:72302934-72305824:-	X	72302934	72305824	-	250.3	0.189		0.319	0.13	0.103		welch	0.16061288400886906	0.9655019792943904	1	0	0.15	0.193	0.216	0.255	0.264	0.457	214	295	259	282	231	221
cadm1_high		chr9:NTMT1:s:129626295|9:129626295-129632649:+	NTMT1	chr9:NTMT1:s:129626295	s	129626295	9:129626295-129632649:+	9	129626295	129632649	+	105.5	0.75		0.879	0.129	0.1		welch	0.3258322072257934	0.9655019792943904	0	0	0.839	0.608	0.856	0.953	0.839	0.827	87	148	125	107	62	104
cadm1_high		chr19:ILF3:s:10683970|19:10683970-10684415:+	ILF3	chr19:ILF3:s:10683970	s	10683970	19:10683970-10684415:+	19	10683970	10684415	+	255.0	0.744		0.87	0.126	0.081		welch	0.05237521176008078	0.9427538116814541	1	0	0.663	0.779	0.768	0.841	0.837	0.932	199	272	259	328	209	263
cadm1_high		chr16:INO80E:s:30001040|16:30001040-30001413:+	INO80E	chr16:INO80E:s:30001040	s	30001040	16:30001040-30001413:+	16	30001040	30001413	+	125.8	0.481		0.607	0.126	0.102		welch	0.24481402366982377	0.9655019792943904	0	0	0.4	0.631	0.388	0.516	0.776	0.58	120	157	147	93	76	162
cadm1_high		chr8:CYRIB:s:129939607|8:129903350-129939607:-	CYRIB	chr8:CYRIB:s:129939607	s	129939607	8:129903350-129939607:-	8	129903350	129939607	-	157.3	0.319		0.444	0.125	0.116		welch	0.4540297341628223	0.9655019792943904	0	0	0.308	0.221	0.433	0.712	0.303	0.326	130	190	178	146	165	135
cadm1_high		chr4:PCGF3:t:733671|4:731110-733671:+	PCGF3	chr4:PCGF3:t:733671	t	733671	4:731110-733671:+	4	731110	733671	+	125.0	0.824		0.946	0.122	0.058		welch	0.2553237836449251	0.9655019792943904	0	0	0.569	0.943	0.811	0.946	0.939	0.956	72	176	185	112	115	90
cadm1_high		chr10:STK32C:t:132330485|10:132330485-132331481:-	STK32C	chr10:STK32C:t:132330485	t	132330485	10:132330485-132331481:-	10	132330485	132331481	-	178.7	0.212		0.333	0.121	0.09		welch	0.16399836202155418	0.9655019792943904	1	0	0.215	0.236	0.186	0.44	0.257	0.293	158	182	194	191	183	164
cadm1_high		chr5:CSNK1A1:t:149496860|5:149496860-149505446:-	CSNK1A1	chr5:CSNK1A1:t:149496860	t	149496860	5:149496860-149505446:-	5	149496860	149505446	-	171.3	0.585		0.705	0.12	0.13		welch	0.03244191561781015	0.8244063262878815	1	0	0.605	0.61	0.517	0.77	0.703	0.668	157	205	120	139	172	235
cadm1_high		chr4:PCGF3:s:731110|4:731110-733671:+	PCGF3	chr4:PCGF3:s:731110	s	731110	4:731110-733671:+	4	731110	733671	+	129.5	0.795		0.915	0.12	0.045		welch	0.2667049343146899	0.9655019792943904	0	0	0.569	0.943	0.746	0.876	0.939	0.935	72	176	201	121	115	92
cadm1_high		chr1:LINC02609:t:90832196|1:90832196-90837549:-	LINC02609	chr1:LINC02609:t:90832196	t	90832196	1:90832196-90837549:-	1	90832196	90837549	-	107.7	0.055		0.174	0.12	0.037		welch	0.15672199674384832	0.9655019792943904	0	0	0.058	0.0	0.108	0.227	0.062	0.231	86	87	83	141	128	121
cadm1_high		chr16:ATXN2L:s:28836122|16:28836122-28836750:+	ATXN2L	chr16:ATXN2L:s:28836122	s	28836122	16:28836122-28836750:+	16	28836122	28836750	+	120.0	0.168		0.287	0.119	0.084		welch	0.2000021555557942	0.9655019792943904	0	0	0.089	0.226	0.174	0.299	0.441	0.175	90	106	144	144	93	143
cadm1_high		chr7:GGCT:t:30498938|7:30498938-30504568:-	GGCT	chr7:GGCT:t:30498938	t	30498938	7:30498938-30504568:-	7	30498938	30504568	-	123.2	0.744		0.863	0.118	0.052		welch	0.05147795620256518	0.9427538116814541	1	0	0.676	0.775	0.778	0.831	0.925	0.844	139	111	176	124	93	96
cadm1_high		chr7:MDH2:s:76048226|7:76048226-76054829:+	MDH2	chr7:MDH2:s:76048226	s	76048226	7:76048226-76054829:+	7	76048226	76054829	+	168.8	0.804		0.919	0.115	0.092		welch	0.1399227048476216	0.9655019792943904	0	0	0.885	0.816	0.736	0.88	1.0	0.882	131	196	193	167	157	169
cadm1_high		chr12:C12orf57:t:6945770|12:6944652-6945770:+	C12orf57	chr12:C12orf57:t:6945770	t	6945770	12:6944652-6945770:+	12	6944652	6945770	+	117.3	0.718		0.832	0.114	0.105		welch	0.16037579510909772	0.9655019792943904	0	0	0.793	0.69	0.686	0.79	0.953	0.781	92	113	118	124	106	151
cadm1_high		chr1:POLR3GL:t:145977482|1:145977152-145977482:+	POLR3GL	chr1:POLR3GL:t:145977482	t	145977482	1:145977152-145977482:+	1	145977152	145977482	+	154.5	0.601		0.714	0.113	0.008		welch	0.22287056495303378	0.9655019792943904	0	0	0.543	0.537	0.727	0.757	0.686	0.684	175	164	165	169	102	152
cadm1_high		chr19:ERCC1:t:45413745|19:45413745-45414860:-	ERCC1	chr19:ERCC1:t:45413745	t	45413745	19:45413745-45414860:-	19	45413745	45414860	-	132.8	0.295		0.408	0.113	0.162		welch	0.25171085795521075	0.9655019792943904	0	0	0.264	0.158	0.434	0.421	0.328	0.5	87	158	175	152	131	94
cadm1_high		chr6:HDDC2:t:125292909|6:125292909-125298713:-	HDDC2	chr6:HDDC2:t:125292909	t	125292909	6:125292909-125298713:-	6	125292909	125298713	-	144.7	0.229		0.341	0.112	0.059		welch	0.241240349905957	0.9655019792943904	0	0	0.267	0.311	0.077	0.297	0.279	0.466	101	219	143	165	122	118
cadm1_high		chr19:RANBP3:t:5928087|19:5928087-5931403:-	RANBP3	chr19:RANBP3:t:5928087	t	5928087	19:5928087-5931403:-	19	5928087	5931403	-	159.7	0.507		0.618	0.111	0.082		welch	0.2798152830487248	0.9655019792943904	0	0	0.538	0.607	0.398	0.609	0.672	0.541	93	196	206	169	183	111
cadm1_high		chr16:INO80E:t:30005220|16:30001530-30005220:+	INO80E	chr16:INO80E:t:30005220	t	30005220	16:30001530-30005220:+	16	30001530	30005220	+	185.0	0.62		0.73	0.11	0.098		welch	0.30743638645992444	0.9655019792943904	0	0	0.353	0.697	0.672	0.648	0.895	0.665	116	195	299	145	152	203
cadm1_high		chr22:POLR3H:t:41532157|22:41532157-41532658:-	POLR3H	chr22:POLR3H:t:41532157	t	41532157	22:41532157-41532658:-	22	41532157	41532658	-	119.3	0.814		0.922	0.109	0.08		welch	0.20022859710883337	0.9655019792943904	0	0	0.856	0.904	0.733	0.875	0.936	0.963	90	115	176	112	141	82
cadm1_high		chrX:CCNQ:s:153592505|X:153588454-153592505:-	CCNQ	chrX:CCNQ:s:153592505	s	153592505	X:153588454-153592505:-	X	153588454	153592505	-	102.8	0.542		0.647	0.105	0.108		welch	0.4273670020369219	0.9655019792943904	0	0	0.722	0.531	0.445	0.656	0.782	0.545	72	143	119	93	78	112
cadm1_high		chr16:ZNF598:t:2001191|16:2001191-2001582:-	ZNF598	chr16:ZNF598:t:2001191	t	2001191	16:2001191-2001582:-	16	2001191	2001582	-	142.7	0.779		0.884	0.104	0.093		welch	0.2442441066746826	0.9655019792943904	0	0	0.616	0.903	0.766	0.932	0.962	0.801	86	144	291	147	52	136
cadm1_high		chr16:NUTF2:t:67865101|16:67846985-67865101:+	NUTF2	chr16:NUTF2:t:67865101	t	67865101	16:67846985-67865101:+	16	67846985	67865101	+	171.7	0.774		0.878	0.104	0.031		welch	0.21313617512247524	0.9655019792943904	0	0	0.773	0.807	0.752	0.772	0.887	0.953	203	202	290	101	106	128
cadm1_high		chr19:ERCC1:s:45414860|19:45413745-45414860:-	ERCC1	chr19:ERCC1:s:45414860	s	45414860	19:45413745-45414860:-	19	45413745	45414860	-	106.8	0.383		0.486	0.103	0.146		welch	0.34428812146807525	0.9655019792943904	0	0	0.383	0.207	0.531	0.496	0.394	0.595	60	121	143	129	109	79
cadm1_high		chr6:RNF8:s:37371574|6:37371574-37374619:+	RNF8	chr6:RNF8:s:37371574	s	37371574	6:37371574-37374619:+	6	37371574	37374619	+	182.2	0.793		0.897	0.103	0.063		welch	0.2645260324073139	0.9655019792943904	0	0	0.81	0.904	0.665	0.856	0.896	0.943	147	166	161	215	212	192
cadm1_high		chr2:MRPL33:s:27772692|2:27772692-27779432:+	MRPL33	chr2:MRPL33:s:27772692	s	27772692	2:27772692-27779432:+	2	27772692	27779432	+	116.0	0.546		0.648	0.102	0.156		welch	0.3447017091218438	0.9655019792943904	0	0	0.356	0.523	0.712	0.667	0.571	0.738	87	130	118	111	147	103
cadm1_high		chr12:TMEM106C:t:47964208|12:47963633-47964208:+	TMEM106C	chr12:TMEM106C:t:47964208	t	47964208	12:47963633-47964208:+	12	47963633	47964208	+	128.2	0.605		0.707	0.102	0.144		welch	0.21415494862080248	0.9655019792943904	0	0	0.496	0.701	0.608	0.761	0.67	0.687	133	147	148	117	109	115
cadm1_high		chr12:SFSWAP:t:131766117|12:131764686-131766117:+	SFSWAP	chr12:SFSWAP:t:131766117	t	131766117	12:131764686-131766117:+	12	131764686	131766117	+	179.7	0.693		0.795	0.102	0.127		welch	0.1702620873273752	0.9655019792943904	0	0	0.721	0.755	0.576	0.86	0.732	0.802	219	229	177	129	157	167
cadm1_high		chr7:GIGYF1:t:100681771|7:100681771-100681863:-	GIGYF1	chr7:GIGYF1:t:100681771	t	100681771	7:100681771-100681863:-	7	100681771	100681863	-	111.7	0.853		0.955	0.102	0.056		welch	0.19929393132343762	0.9655019792943904	1	0	0.868	0.691	0.914	0.954	0.98	0.918	114	81	186	130	98	61
cadm1_high		chr5:NOP16:s:176385220|5:176384374-176385220:-	NOP16	chr5:NOP16:s:176385220	s	176385220	5:176384374-176385220:-	5	176384374	176385220	-	261.5	0.51		0.611	0.1	0.127		welch	0.2481094319552688	0.9655019792943904	0	0	0.567	0.492	0.485	0.495	0.655	0.641	210	321	231	194	290	323
cadm1_high		chr14:DHRS4:s:23955212|14:23955212-23959901:+	DHRS4	chr14:DHRS4:s:23955212	s	23955212	14:23955212-23959901:+	14	23955212	23959901	+	104.8	0.832		0.931	0.099	0.062		welch	0.286454252752755	0.9655019792943904	0	0	0.942	0.83	0.77	1.0	0.859	0.923	86	135	148	91	78	91
cadm1_high		chr8:EEF1D:s:143597347|8:143586852-143597347:-	EEF1D	chr8:EEF1D:s:143597347	s	143597347	8:143586852-143597347:-	8	143586852	143597347	-	114.5	0.792		0.891	0.099	0.03		welch	0.50944717517683	0.9655019792943904	0	0	0.939	0.86	0.561	0.913	0.767	0.972	132	129	123	104	90	109
cadm1_high		chr14:HNRNPC:t:21234229|14:21234229-21263310:-	HNRNPC	chr14:HNRNPC:t:21234229	t	21234229	14:21234229-21263310:-	14	21234229	21263310	-	374.3	0.743		0.842	0.098	0.06		welch	0.10397209547134953	0.9655019792943904	1	0	0.7	0.809	0.674	0.853	0.846	0.824	213	470	307	354	521	381
cadm1_high		chr19:CLASRP:t:45068419|19:45068058-45068419:+	CLASRP	chr19:CLASRP:t:45068419	t	45068419	19:45068058-45068419:+	19	45068058	45068419	+	190.8	0.249		0.347	0.098	0.095		welch	0.17619625591035123	0.9655019792943904	1	0	0.284	0.282	0.205	0.461	0.335	0.286	176	202	292	115	185	175
cadm1_high		chr16:CARMIL2:s:67656645|16:67656645-67657238:+	CARMIL2	chr16:CARMIL2:s:67656645	s	67656645	16:67656645-67657238:+	16	67656645	67657238	+	178.5	0.794		0.891	0.097	0.075		welch	0.23235521824275523	0.9655019792943904	0	0	0.756	0.907	0.706	0.881	0.911	0.881	156	193	180	177	180	185
cadm1_high		chr7:DBNL:s:44058280|7:44058280-44058431:+	DBNL	chr7:DBNL:s:44058280	s	44058280	7:44058280-44058431:+	7	44058280	44058431	+	129.3	0.614		0.71	0.097	0.144		welch	0.4610911562368243	0.9655019792943904	0	0	0.708	0.718	0.444	0.617	0.788	0.723	113	117	135	133	137	141
cadm1_high		chr16:GSPT1:s:11897839|16:11896782-11897839:-	GSPT1	chr16:GSPT1:s:11897839	s	11897839	16:11896782-11897839:-	16	11896782	11897839	-	128.8	0.083		0.178	0.095	0.095		welch	0.26056719445347243	0.9655019792943904	0	0	0.029	0.048	0.158	0.165	0.24	0.075	105	124	133	109	196	106
cadm1_high		chr12:RPL6:t:112408656|12:112408656-112409586:-	RPL6	chr12:RPL6:t:112408656	t	112408656	12:112408656-112409586:-	12	112408656	112409586	-	963.3	0.325		0.421	0.095	0.103		welch	0.22334624740760642	0.9655019792943904	0	0	0.311	0.299	0.364	0.529	0.357	0.371	789	1026	989	1011	846	1119
cadm1_high		chr21:GET1:t:39390697|21:39387855-39390697:+	GET1	chr21:GET1:t:39390697	t	39390697	21:39387855-39390697:+	21	39387855	39390697	+	118.5	0.258		0.352	0.094	0.054		welch	0.10745482973059735	0.9655019792943904	1	0	0.138	0.266	0.293	0.404	0.303	0.358	65	154	188	104	119	81
cadm1_high		chr9:TMEM141:t:136791946|9:136791424-136791946:+	TMEM141	chr9:TMEM141:t:136791946	t	136791946	9:136791424-136791946:+	9	136791424	136791946	+	107.3	0.182		0.276	0.094	0.077		welch	0.4103909402101052	0.9655019792943904	0	0	0.292	0.067	0.228	0.319	0.177	0.32	65	119	145	69	96	150
cadm1_high		chr2:PPP1R7:s:241166441|2:241166441-241169780:+	PPP1R7	chr2:PPP1R7:s:241166441	s	241166441	2:241166441-241169780:+	2	241166441	241169780	+	159.8	0.214		0.307	0.093	0.082		welch	0.2888476180011378	0.9655019792943904	0	0	0.296	0.217	0.135	0.287	0.22	0.45	169	207	185	171	127	100
cadm1_high		chr16:CARMIL2:t:67657238|16:67656645-67657238:+	CARMIL2	chr16:CARMIL2:t:67657238	t	67657238	16:67656645-67657238:+	16	67656645	67657238	+	191.2	0.741		0.833	0.092	0.067		welch	0.26659201834755497	0.9655019792943904	0	0	0.694	0.862	0.655	0.897	0.863	0.755	170	203	194	174	190	216
cadm1_high		chr16:PSMB10:t:67934948|16:67934948-67935295:-	PSMB10	chr16:PSMB10:t:67934948	t	67934948	16:67934948-67935295:-	16	67934948	67935295	-	122.7	0.195		0.285	0.091	0.097		welch	0.4823155083476527	0.9655019792943904	0	0	0.183	0.21	0.195	0.11	0.299	0.394	191	143	118	73	107	104
cadm1_high		chr16:RPS15A:t:18789118|16:18789118-18790309:-	RPS15A	chr16:RPS15A:t:18789118	t	18789118	16:18789118-18790309:-	16	18789118	18790309	-	192.8	0.684		0.772	0.088	0.061		welch	0.5006434827190686	0.9655019792943904	0	0	0.774	0.688	0.628	0.793	0.623	0.861	133	269	234	174	146	201
cadm1_high		chr19:DNM2:t:10812263|19:10805967-10812263:+	DNM2	chr19:DNM2:t:10812263	t	10812263	19:10805967-10812263:+	19	10805967	10812263	+	115.7	0.79		0.878	0.088	0.096		welch	0.5190551241006375	0.9655019792943904	0	0	0.978	0.673	0.747	0.859	0.971	0.797	91	110	99	135	136	123
cadm1_high		chr7:HOTAIRM1:t:27099778|7:27099366-27099778:+	HOTAIRM1	chr7:HOTAIRM1:t:27099778	t	27099778	7:27099366-27099778:+	7	27099366	27099778	+	144.0	0.808		0.896	0.088	0.084		welch	0.271510262729655	0.9655019792943904	1	0	0.664	0.862	0.863	0.885	0.891	0.911	122	174	153	139	119	157
cadm1_high		chr4:TNIP2:s:2745445|4:2744945-2745445:-	TNIP2	chr4:TNIP2:s:2745445	s	2745445	4:2744945-2745445:-	4	2744945	2745445	-	108.7	0.896		0.982	0.087			welch	0.286459253744915	0.9655019792943904	0	0	0.763	0.964	0.937	1.0	1.0	0.935	93	112	111	116	128	92
cadm1_high		chr5:GRK6:t:177441734|5:177441053-177441734:+	GRK6	chr5:GRK6:t:177441734	t	177441734	5:177441053-177441734:+	5	177441053	177441734	+	104.3	0.368		0.454	0.086	0.029		welch	0.6268647201048282	0.9695427997180214	0	0	0.299	0.442	0.358	0.51	0.642	0.184	87	104	151	102	95	87
cadm1_high		chr19:PRKCSH:s:11447618|19:11447618-11447692:+	PRKCSH	chr19:PRKCSH:s:11447618	s	11447618	19:11447618-11447692:+	19	11447618	11447692	+	140.2	0.335		0.418	0.083	0.047		welch	0.3179914697207325	0.9655019792943904	0	0	0.292	0.297	0.401	0.287	0.479	0.493	96	209	182	122	96	136
cadm1_high		chr1:DNAJC8:s:28232920|1:28229023-28232920:-	DNAJC8	chr1:DNAJC8:s:28232920	s	28232920	1:28229023-28232920:-	1	28229023	28232920	-	174.2	0.841		0.923	0.082	0.068		welch	0.22475731367060067	0.9655019792943904	0	0	0.731	0.935	0.788	0.93	0.905	0.934	108	201	137	185	201	213
cadm1_high		chr8:SNHG6:t:66922392|8:66922392-66922613:-	SNHG6	chr8:SNHG6:t:66922392	t	66922392	8:66922392-66922613:-	8	66922392	66922613	-	165.8	0.448		0.53	0.082	0.094		welch	0.46742234089304313	0.9655019792943904	0	0	0.6	0.452	0.319	0.528	0.517	0.543	115	230	144	199	145	162
cadm1_high		chrX:EOLA2:t:149937480|X:149937480-149938141:-	EOLA2	chrX:EOLA2:t:149937480	t	149937480	X:149937480-149938141:-	X	149937480	149938141	-	120.0	0.168		0.25	0.082	0.151		welch	0.3413524575927139	0.9655019792943904	0	0	0.163	0.258	0.078	0.312	0.302	0.135	80	120	116	109	162	133
cadm1_high		chr20:FRG1BP:t:30379584|20:30377721-30379584:+	FRG1BP	chr20:FRG1BP:t:30379584	t	30379584	20:30377721-30379584:+	20	30377721	30379584	+	119.0	0.692		0.772	0.081	0.081		welch	0.2625643811231048	0.9655019792943904	0	0	0.629	0.653	0.762	0.841	0.867	0.654	116	118	168	69	113	130
cadm1_high		chr5:MACROH2A1:s:135360496|5:135353045-135360496:-	MACROH2A1	chr5:MACROH2A1:s:135360496	s	135360496	5:135353045-135360496:-	5	135353045	135360496	-	163.3	0.844		0.924	0.08	0.075		welch	0.2304109664557961	0.9655019792943904	0	0	0.698	0.897	0.861	0.918	0.96	0.885	106	223	216	171	151	113
cadm1_high		chr1:ENSG00000233461:t:231522637|1:231522637-231527337:-	ENSG00000233461	chr1:ENSG00000233461:t:231522637	t	231522637	1:231522637-231527337:-	1	231522637	231527337	-	166.5	0.524		0.604	0.08	0.09		welch	0.4964329993334968	0.9655019792943904	0	0	0.612	0.523	0.437	0.706	0.45	0.622	129	216	126	197	151	180
cadm1_high		chr10:WAC:t:28533997|10:28533620-28533997:+	WAC	chr10:WAC:t:28533997	t	28533997	10:28533620-28533997:+	10	28533620	28533997	+	106.5	0.632		0.713	0.08	0.053		welch	0.6060153931967149	0.9695427997180214	0	0	0.567	0.738	0.549	0.495	0.709	0.858	67	122	102	97	103	148
cadm1_high		chr6:TMEM14B:s:10749698|6:10749698-10751132:+	TMEM14B	chr6:TMEM14B:s:10749698	s	10749698	6:10749698-10751132:+	6	10749698	10751132	+	102.3	0.872		0.951	0.079	0.03		welch	0.3767264843854864	0.9655019792943904	0	0	0.916	0.961	0.769	0.89	1.0	0.96	95	103	130	91	94	101
cadm1_high		chr5:GRK6:s:177441053|5:177441053-177441734:+	GRK6	chr5:GRK6:s:177441053	s	177441053	5:177441053-177441734:+	5	177441053	177441734	+	108.7	0.355		0.434	0.079	0.029		welch	0.6514613340101912	0.9695427997180214	0	0	0.271	0.442	0.348	0.452	0.642	0.184	96	104	155	115	95	87
cadm1_high		chr2:MRPL33:t:27779432|2:27772692-27779432:+	MRPL33	chr2:MRPL33:t:27779432	t	27779432	2:27772692-27779432:+	2	27772692	27779432	+	128.2	0.501		0.579	0.078	0.071		welch	0.4171692877824431	0.9655019792943904	0	0	0.301	0.531	0.627	0.638	0.525	0.594	103	128	134	116	160	128
cadm1_high		chr11:TRPT1:s:64224284|11:64223967-64224284:-	TRPT1	chr11:TRPT1:s:64224284	s	64224284	11:64223967-64224284:-	11	64223967	64224284	-	183.5	0.17		0.247	0.077	0.078		welch	0.3619645871652545	0.9655019792943904	0	0	0.16	0.22	0.108	0.127	0.245	0.335	212	264	176	110	184	155
cadm1_high		chrX:FMR1:s:147943326|X:147943326-147944943:+	FMR1	chrX:FMR1:s:147943326	s	147943326	X:147943326-147944943:+	X	147943326	147944943	+	246.5	0.243		0.32	0.077	0.048		welch	0.45515422881063833	0.9655019792943904	0	0	0.188	0.198	0.397	0.255	0.347	0.378	452	258	237	196	225	111
cadm1_high		chr16:ATP2A1-AS1:s:28879541|16:28879107-28879541:-	ATP2A1-AS1	chr16:ATP2A1-AS1:s:28879541	s	28879541	16:28879107-28879541:-	16	28879107	28879541	-	252.0	0.264		0.34	0.076	0.067		welch	0.21935743304271205	0.9655019792943904	0	0	0.211	0.178	0.351	0.333	0.358	0.327	247	230	376	216	229	214
cadm1_high		chr12:TARBP2:s:53504469|12:53504469-53504697:+	TARBP2	chr12:TARBP2:s:53504469	s	53504469	12:53504469-53504697:+	12	53504469	53504697	+	133.8	0.869		0.944	0.075	0.074		welch	0.3940322696047673	0.9655019792943904	0	0	0.965	0.783	0.894	0.87	0.963	1.0	115	180	170	115	108	115
cadm1_high		chr7:SSBP1:t:141739123|7:141738575-141739123:+	SSBP1	chr7:SSBP1:t:141739123	t	141739123	7:141738575-141739123:+	7	141738575	141739123	+	118.8	0.187		0.262	0.075	0.047		welch	0.29747231049949957	0.9655019792943904	0	0	0.103	0.239	0.168	0.219	0.182	0.405	78	188	161	114	88	84
cadm1_high		chr9:SURF2:t:133357710|9:133357182-133357710:+	SURF2	chr9:SURF2:t:133357710	t	133357710	9:133357182-133357710:+	9	133357182	133357710	+	152.7	0.099		0.174	0.075	0.038		welch	0.4475106291991364	0.9655019792943904	0	0	0.075	0.12	0.09	0.074	0.106	0.357	146	217	133	121	170	129
cadm1_high		chr12:SFSWAP:s:131756644|12:131756644-131764455:+	SFSWAP	chr12:SFSWAP:s:131756644	s	131756644	12:131756644-131764455:+	12	131756644	131764455	+	133.0	0.621		0.695	0.075	0.036		welch	0.599329630158035	0.9695427997180214	0	0	0.596	0.673	0.592	0.849	0.512	0.683	151	171	184	106	82	104
cadm1_high		chr16:METTL26:t:634797|16:634797-634888:-	METTL26	chr16:METTL26:t:634797	t	634797	16:634797-634888:-	16	634797	634888	-	416.7	0.47		0.544	0.074	0.06		welch	0.4590154339204439	0.9655019792943904	0	0	0.471	0.416	0.517	0.463	0.464	0.676	291	464	518	361	403	463
cadm1_high		chrX:NAA10:t:153932584|X:153932584-153933960:-	NAA10	chrX:NAA10:t:153932584	t	153932584	X:153932584-153933960:-	X	153932584	153933960	-	254.2	0.389		0.463	0.074	0.112		welch	0.3302347472159845	0.9655019792943904	0	0	0.415	0.405	0.341	0.581	0.4	0.408	195	301	208	272	250	299
cadm1_high		chr21:PRMT2:s:46635763|21:46635763-46636895:+	PRMT2	chr21:PRMT2:s:46635763	s	46635763	21:46635763-46636895:+	21	46635763	46636895	+	104.0	0.45		0.522	0.072	0.08		welch	0.29602944114542507	0.9655019792943904	0	0	0.378	0.435	0.503	0.459	0.474	0.652	90	92	149	109	95	89
cadm1_high		chr9:TMEM141:s:136791424|9:136791424-136791946:+	TMEM141	chr9:TMEM141:s:136791424	s	136791424	9:136791424-136791946:+	9	136791424	136791946	+	110.8	0.185		0.256	0.071	0.068		welch	0.5087080715638852	0.9655019792943904	0	0	0.253	0.07	0.243	0.229	0.17	0.333	75	114	136	96	100	144
cadm1_high		chr9:ANKRD18B:s:33541227|9:33541227-33543181:+	ANKRD18B	chr9:ANKRD18B:s:33541227	s	33541227	9:33541227-33543181:+	9	33541227	33543181	+	126.8	0.223		0.294	0.071	0.055		welch	0.6089598961554692	0.9695427997180214	0	0	0.385	0.134	0.19	0.327	0.23	0.293	65	97	58	266	135	140
cadm1_high		chr16:VKORC1:s:31094556|16:31091342-31094556:-	VKORC1	chr16:VKORC1:s:31094556	s	31094556	16:31091342-31094556:-	16	31091342	31094556	-	159.5	0.345		0.416	0.07	0.031		welch	0.5705602909724687	0.9695427997180214	0	0	0.37	0.219	0.463	0.286	0.535	0.419	162	183	162	161	172	117
cadm1_high		chr6:ACAT2:s:159763053|6:159763053-159767004:+	ACAT2	chr6:ACAT2:s:159763053	s	159763053	6:159763053-159767004:+	6	159763053	159767004	+	103.8	0.933		1.0	0.067			welch	0.328682886657381	0.9655019792943904	0	0	1.0	0.75	0.955	1.0	1.0	1.0	71	44	154	119	101	134
cadm1_high		chr7:FIS1:s:101244959|7:101244139-101244959:-	FIS1	chr7:FIS1:s:101244959	s	101244959	7:101244139-101244959:-	7	101244139	101244959	-	239.8	0.829		0.895	0.067	0.055		welch	0.2456359889304034	0.9655019792943904	0	0	0.842	0.705	0.876	0.832	0.937	0.913	292	176	378	190	207	196
cadm1_high		chr12:CBX5:t:54257692|12:54257692-54259508:-	CBX5	chr12:CBX5:t:54257692	t	54257692	12:54257692-54259508:-	12	54257692	54259508	-	160.7	0.185		0.252	0.067	0.047		welch	0.3690602764778642	0.9655019792943904	0	0	0.154	0.183	0.21	0.265	0.141	0.361	123	213	167	151	163	147
cadm1_high		chr11:ANAPC15:s:72112649|11:72111496-72112649:-	ANAPC15	chr11:ANAPC15:s:72112649	s	72112649	11:72111496-72112649:-	11	72111496	72112649	-	139.2	0.753		0.818	0.065	0.028		welch	0.3522594232253526	0.9655019792943904	0	0	0.619	0.789	0.819	0.859	0.807	0.787	113	166	138	149	119	150
cadm1_high		chr5:RPS14:t:150447735|5:150447735-150449702:-	RPS14	chr5:RPS14:t:150447735	t	150447735	5:150447735-150449702:-	5	150447735	150449702	-	1383.0	0.386		0.452	0.065	0.072		welch	0.4043842003009228	0.9655019792943904	0	0	0.389	0.378	0.391	0.4	0.379	0.59	1275	1470	1792	1204	1385	1172
cadm1_high		chr19:CARM1:t:10921614|19:10921443-10921614:+	CARM1	chr19:CARM1:t:10921614	t	10921614	19:10921443-10921614:+	19	10921443	10921614	+	103.2	0.21		0.275	0.065	0.081		welch	0.5998121764110369	0.9695427997180214	0	0	0.282	0.18	0.173	0.456	0.253	0.115	110	100	133	90	99	87
cadm1_high		chr17:CEP131:s:81192317|17:81191350-81192317:-	CEP131	chr17:CEP131:s:81192317	s	81192317	17:81191350-81192317:-	17	81191350	81192317	-	114.8	0.198		0.261	0.064	0.103		welch	0.3724369365529588	0.9655019792943904	0	0	0.11	0.214	0.241	0.237	0.343	0.176	82	131	116	135	134	91
cadm1_high		chr11:AAMDC:t:77842478|11:77821241-77842478:+	AAMDC	chr11:AAMDC:t:77842478	t	77842478	11:77821241-77842478:+	11	77821241	77842478	+	151.7	0.794		0.857	0.064	0.056		welch	0.604860214681457	0.9695427997180214	0	0	0.673	0.878	0.8	0.9	0.934	0.684	101	131	180	259	122	117
cadm1_high		chr10:NOLC1:t:102159432|10:102159308-102159432:+	NOLC1	chr10:NOLC1:t:102159432	t	102159432	10:102159308-102159432:+	10	102159308	102159432	+	154.5	0.755		0.818	0.063	0.083		welch	0.613662232341305	0.9695427997180214	0	0	0.888	0.617	0.826	0.772	0.86	0.848	98	154	115	246	150	164
cadm1_high		chr16:ATXN2L:t:28836727|16:28836485-28836727:+	ATXN2L	chr16:ATXN2L:t:28836727	t	28836727	16:28836485-28836727:+	16	28836485	28836727	+	108.5	0.125		0.188	0.063	0.008		welch	0.7874459562367606	0.9695427997180214	0	0	0.141	0.088	0.139	0.277	0.0	0.167	85	91	151	141	51	132
cadm1_high		chr5:RPL26L1:t:172959864|5:172959468-172959864:+	RPL26L1	chr5:RPL26L1:t:172959864	t	172959864	5:172959468-172959864:+	5	172959468	172959864	+	162.7	0.463		0.525	0.062	0.001		welch	0.4196518567103528	0.9655019792943904	0	0	0.4	0.368	0.595	0.5	0.532	0.546	130	155	173	172	216	130
cadm1_high		chr7:ATP5MF:t:99460193|7:99460193-99466110:-	ATP5MF	chr7:ATP5MF:t:99460193	t	99460193	7:99460193-99466110:-	7	99460193	99466110	-	321.3	0.681		0.742	0.062	0.091		welch	0.44894540941950506	0.9655019792943904	0	0	0.699	0.666	0.678	0.651	0.705	0.878	296	287	453	364	224	304
cadm1_high		chr19:DNM2:s:10805967|19:10805967-10812263:+	DNM2	chr19:DNM2:s:10805967	s	10805967	19:10805967-10812263:+	19	10805967	10812263	+	114.3	0.814		0.876	0.062	0.071		welch	0.6358034664232087	0.9695427997180214	0	0	0.989	0.725	0.747	0.885	0.971	0.766	90	102	99	131	136	128
cadm1_high		chr16:GABARAPL2:s:75566907|16:75566907-75577278:+	GABARAPL2	chr16:GABARAPL2:s:75566907	s	75566907	16:75566907-75577278:+	16	75566907	75577278	+	117.7	0.05		0.111	0.061	0.049		welch	0.408269083426311	0.9655019792943904	0	0	0.071	0.044	0.047	0.097	0.24	0.023	56	91	171	154	104	130
cadm1_high		chr19:RAD23A:s:12949159|19:12949159-12949274:+	RAD23A	chr19:RAD23A:s:12949159	s	12949159	19:12949159-12949274:+	19	12949159	12949274	+	164.5	0.601		0.662	0.061	0.041		welch	0.5068987444152344	0.9655019792943904	0	0	0.392	0.686	0.595	0.777	0.602	0.54	79	210	237	206	118	137
cadm1_high		chr12:HNRNPA1:t:54283826|12:54281896-54283826:+	HNRNPA1	chr12:HNRNPA1:t:54283826	t	54283826	12:54281896-54283826:+	12	54281896	54283826	+	105.8	0.261		0.322	0.061	0.055		welch	0.6702161444958966	0.9695427997180214	0	0	0.367	0.163	0.271	0.435	0.142	0.372	60	80	144	108	106	137
cadm1_high		chr15:KNSTRN:s:40383322|15:40383322-40386361:+	KNSTRN	chr15:KNSTRN:s:40383322	s	40383322	15:40383322-40386361:+	15	40383322	40386361	+	105.3	0.905		0.965	0.06			welch	0.23552007281614423	0.9655019792943904	0	0	0.809	0.986	0.826	0.981	0.991	0.929	68	148	69	105	115	127
cadm1_high		chr19:PTBP1:s:805187|19:805187-806407:+	PTBP1	chr19:PTBP1:s:805187	s	805187	19:805187-806407:+	19	805187	806407	+	248.3	0.523		0.583	0.06	-0.017		welch	0.3783754885083501	0.9655019792943904	0	0	0.485	0.522	0.562	0.585	0.49	0.703	264	297	276	207	251	195
cadm1_high		chr6:BAG6:s:31640198|6:31639226-31640198:-	BAG6	chr6:BAG6:s:31640198	s	31640198	6:31639226-31640198:-	6	31639226	31640198	-	224.5	0.498		0.558	0.06	0.041		welch	0.4453801533779473	0.9655019792943904	0	0	0.472	0.594	0.43	0.486	0.657	0.533	142	244	291	245	230	195
cadm1_high		chr20:NOP56:t:2656773|20:2656549-2656773:+	NOP56	chr20:NOP56:t:2656773	t	2656773	20:2656549-2656773:+	20	2656549	2656773	+	180.2	0.787		0.846	0.059	0.049		welch	0.36590595947714694	0.9655019792943904	0	0	0.844	0.825	0.707	0.784	0.839	0.959	167	137	188	250	193	146
cadm1_high		chr9:ENTR1:t:136407938|9:136407938-136410089:-	ENTR1	chr9:ENTR1:t:136407938	t	136407938	9:136407938-136410089:-	9	136407938	136410089	-	103.3	0.64		0.698	0.059	0.114		welch	0.49401183657701014	0.9655019792943904	0	0	0.747	0.434	0.642	0.747	0.643	0.667	99	53	120	162	84	102
cadm1_high		chr4:MRPS18C:s:83456958|4:83456958-83458345:+	MRPS18C	chr4:MRPS18C:s:83456958	s	83456958	4:83456958-83458345:+	4	83456958	83458345	+	138.0	0.358		0.416	0.058	0.023		welch	0.8460877866693755	0.9695427997180214	0	0	0.443	0.352	0.282	0.232	0.581	0.336	106	182	103	112	191	134
cadm1_high		chr16:HMOX2:t:4505483|16:4476487-4505483:+	HMOX2	chr16:HMOX2:t:4505483	t	4505483	16:4476487-4505483:+	16	4476487	4505483	+	110.0	0.795		0.851	0.056	-0.011		welch	0.6712147336726362	0.9695427997180214	0	0	0.647	0.856	0.903	0.885	0.931	0.728	119	125	93	104	116	103
cadm1_high		chr19:PRPF31:s:54115797|19:54115797-54118270:+	PRPF31	chr19:PRPF31:s:54115797	s	54115797	19:54115797-54118270:+	19	54115797	54118270	+	139.2	0.703		0.759	0.056	0.035		welch	0.9975788728692283	0.9975788728692284	0	0	0.882	0.672	0.633	0.82	0.577	0.791	85	131	158	211	97	153
cadm1_high		chr20:MCTS2:s:31561736|20:31561736-31569119:+	MCTS2	chr20:MCTS2:s:31561736	s	31561736	20:31561736-31569119:+	20	31561736	31569119	+	105.5	0.124		0.179	0.055	0.012		welch	0.4458722998908472	0.9655019792943904	0	0	0.041	0.233	0.078	0.21	0.096	0.233	74	120	154	105	94	86
cadm1_high		chr1:CHTOP:s:153638448|1:153638448-153642245:+	CHTOP	chr1:CHTOP:s:153638448	s	153638448	1:153638448-153642245:+	1	153638448	153642245	+	186.7	0.435		0.488	0.053	-0.006		welch	0.47373714261146016	0.9655019792943904	0	0	0.415	0.389	0.477	0.367	0.645	0.482	164	175	277	218	172	114
cadm1_high		chr17:SAT2:t:7627414|17:7627414-7627569:-	SAT2	chr17:SAT2:t:7627414	t	7627414	17:7627414-7627569:-	17	7627414	7627569	-	117.3	0.224		0.277	0.053	0.003		welch	0.40079196807905143	0.9655019792943904	0	0	0.186	0.203	0.269	0.217	0.232	0.438	86	123	130	138	138	89
cadm1_high		chr19:ILF3:t:10670515|19:10654487-10670515:+	ILF3	chr19:ILF3:t:10670515	t	10670515	19:10654487-10670515:+	19	10654487	10670515	+	132.5	0.913		0.966	0.052			welch	0.33354414392690335	0.9655019792943904	0	0	0.795	0.881	1.0	1.0	0.977	0.925	73	176	167	146	86	147
cadm1_high		chr22:C22orf39:s:19447377|22:19441694-19447377:-	C22orf39	chr22:C22orf39:s:19447377	s	19447377	22:19441694-19447377:-	22	19441694	19447377	-	105.0	0.902		0.952	0.05			welch	0.7297854039209715	0.9695427997180214	0	0	1.0	0.961	0.797	0.875	0.965	1.0	83	127	148	72	113	87
cadm1_high		chr21:SLX9:s:44967181|21:44967181-44973196:+	SLX9	chr21:SLX9:s:44967181	s	44967181	21:44967181-44973196:+	21	44967181	44973196	+	134.2	0.763		0.812	0.049	0.066		welch	0.7665084036957495	0.9695427997180214	0	0	0.849	0.593	0.879	0.893	0.756	0.771	86	145	149	159	135	131
cadm1_high		chr15:MRPS11:s:88467782|15:88467782-88467907:+	MRPS11	chr15:MRPS11:s:88467782	s	88467782	15:88467782-88467907:+	15	88467782	88467907	+	123.0	0.65		0.698	0.048	0.017		welch	0.6690556970676954	0.9695427997180214	0	0	0.568	0.562	0.822	0.701	0.628	0.756	125	169	146	134	78	86
cadm1_high		chr6:GMNN:t:24777221|6:24775112-24777221:+	GMNN	chr6:GMNN:t:24777221	t	24777221	6:24775112-24777221:+	6	24775112	24777221	+	149.7	0.493		0.54	0.047	0.14		welch	0.5018917573052969	0.9655019792943904	0	0	0.364	0.517	0.556	0.469	0.655	0.497	107	201	142	143	148	157
cadm1_high		chr19:DMKN:s:35510183|19:35505986-35510183:-	DMKN	chr19:DMKN:s:35510183	s	35510183	19:35505986-35510183:-	19	35505986	35510183	-	387.3	0.562		0.609	0.047	0.063		welch	0.5706141785368288	0.9695427997180214	0	0	0.515	0.493	0.666	0.512	0.716	0.595	332	475	470	371	380	296
cadm1_high		chr19:DNM2:t:10798485|19:10797518-10798485:+	DNM2	chr19:DNM2:t:10798485	t	10798485	19:10797518-10798485:+	19	10797518	10798485	+	100.5	0.564		0.61	0.046	0.071		welch	0.6597350003901273	0.9695427997180214	0	0	0.492	0.719	0.505	0.596	0.589	0.645	118	89	91	156	56	93
cadm1_high		chr19:PRKCSH:t:11447692|19:11447618-11447692:+	PRKCSH	chr19:PRKCSH:t:11447692	t	11447692	19:11447618-11447692:+	19	11447618	11447692	+	123.2	0.4		0.446	0.045	0.065		welch	0.651682948932045	0.9695427997180214	0	0	0.333	0.504	0.365	0.385	0.354	0.604	84	123	200	91	130	111
cadm1_high		chr14:MRPL52:s:22829940|14:22829940-22830049:+	MRPL52	chr14:MRPL52:s:22829940	s	22829940	14:22829940-22830049:+	14	22829940	22830049	+	379.3	0.73		0.775	0.044	0.001		welch	0.7781199571342017	0.9695427997180214	0	0	0.749	0.76	0.693	0.615	0.803	0.857	387	359	492	278	340	420
cadm1_high		chr19:HNRNPUL1:t:41268222|19:41264692-41268222:+	HNRNPUL1	chr19:HNRNPUL1:t:41268222	t	41268222	19:41264692-41268222:+	19	41264692	41268222	+	135.8	0.185		0.229	0.044	0.017		welch	0.636347931056656	0.9695427997180214	0	0	0.216	0.243	0.077	0.367	0.108	0.203	125	202	143	109	93	143
cadm1_high		chr10:RPP38:t:15103304|10:15097766-15103304:+	RPP38	chr10:RPP38:t:15103304	t	15103304	10:15097766-15103304:+	10	15097766	15103304	+	122.8	0.196		0.24	0.043	0.064		welch	0.5207452804990578	0.9655019792943904	0	0	0.228	0.158	0.21	0.238	0.423	0.133	127	152	124	143	71	120
cadm1_high		chr1:HNRNPR:s:23344210|1:23338608-23344210:-	HNRNPR	chr1:HNRNPR:s:23344210	s	23344210	1:23338608-23344210:-	1	23338608	23344210	-	160.3	0.658		0.702	0.043	0.05		welch	0.6395477610349405	0.9695427997180214	0	0	0.797	0.606	0.608	0.657	0.711	0.75	118	160	158	216	142	168
cadm1_high		chr10:CUTC:t:99736245|10:99732356-99736245:+	CUTC	chr10:CUTC:t:99736245	t	99736245	10:99732356-99736245:+	10	99732356	99736245	+	131.8	0.067		0.108	0.042	-0.016		welch	0.5952808887662283	0.9695427997180214	0	0	0.036	0.065	0.089	0.275	0.071	0.0	83	169	123	131	126	159
cadm1_high		chr11:AAMDC:s:77821241|11:77821241-77842478:+	AAMDC	chr11:AAMDC:s:77821241	s	77821241	11:77821241-77842478:+	11	77821241	77842478	+	144.5	0.847		0.888	0.041	0.035		welch	0.8127950664384257	0.9695427997180214	0	0	0.764	0.935	0.828	0.94	0.942	0.714	89	123	174	248	121	112
cadm1_high		chr12:TDG:s:103966060|12:103966060-103979830:+	TDG	chr12:TDG:s:103966060	s	103966060	12:103966060-103979830:+	12	103966060	103979830	+	114.3	0.231		0.271	0.041	0.122		welch	0.641176841703011	0.9695427997180214	0	0	0.141	0.316	0.196	0.295	0.376	0.121	85	133	107	129	125	107
cadm1_high		chr1:MICOS10-NBL1:t:19623473|1:19597109-19623473:+	MICOS10-NBL1	chr1:MICOS10-NBL1:t:19623473	t	19623473	1:19597109-19623473:+	1	19597109	19623473	+	109.5	0.097		0.138	0.041	0.056		welch	0.6636014041837481	0.9695427997180214	0	0	0.129	0.013	0.16	0.032	0.305	0.1	70	149	162	94	82	100
cadm1_high		chr16:KARS1:s:75647577|16:75644462-75647577:-	KARS1	chr16:KARS1:s:75647577	s	75647577	16:75644462-75647577:-	16	75644462	75647577	-	120.0	0.126		0.167	0.04	0.009		welch	0.6794540097498801	0.9695427997180214	0	0	0.153	0.098	0.155	0.054	0.164	0.287	85	184	103	112	128	108
cadm1_high		chr3:DNAJC19:s:180988022|3:180985996-180988022:-	DNAJC19	chr3:DNAJC19:s:180988022	s	180988022	3:180985996-180988022:-	3	180985996	180988022	-	158.7	0.024		0.063	0.039	0.059		welch	0.44057396873527804	0.9655019792943904	0	0	0.019	0.0	0.046	0.021	0.016	0.244	156	168	217	144	185	82
cadm1_high		chr1:SCNM1:t:151166470|1:151166252-151166470:+	SCNM1	chr1:SCNM1:t:151166470	t	151166470	1:151166252-151166470:+	1	151166252	151166470	+	124.7	0.069		0.108	0.039	0.042		welch	0.5172197565794275	0.9655019792943904	0	0	0.028	0.036	0.118	0.0	0.122	0.206	108	139	187	102	115	97
cadm1_high		chr16:PRMT7:t:68357053|16:68355883-68357053:+	PRMT7	chr16:PRMT7:t:68357053	t	68357053	16:68355883-68357053:+	16	68355883	68357053	+	104.0	0.016		0.056	0.039			welch	0.4874086774166964	0.9655019792943904	0	0	0.0	0.035	0.0	0.0	0.0	0.226	85	173	114	83	107	62
cadm1_high		chr8:PUF60:t:143821913|8:143821913-143829279:-	PUF60	chr8:PUF60:t:143821913	t	143821913	8:143821913-143829279:-	8	143821913	143829279	-	220.2	0.238		0.277	0.039	0.007		welch	0.4619967530343426	0.9655019792943904	0	0	0.114	0.222	0.326	0.226	0.299	0.306	140	338	258	199	167	219
cadm1_high		chr20:NOP56:s:2656214|20:2656214-2656773:+	NOP56	chr20:NOP56:s:2656214	s	2656214	20:2656214-2656773:+	20	2656214	2656773	+	121.0	0.193		0.232	0.039	0.026		welch	0.8469689943387947	0.9695427997180214	0	0	0.205	0.088	0.257	0.312	0.175	0.111	127	102	144	173	126	54
cadm1_high		chr1:FAAP20:t:2189781|1:2189781-2192844:-	FAAP20	chr1:FAAP20:t:2189781	t	2189781	1:2189781-2192844:-	1	2189781	2192844	-	107.0	0.108		0.148	0.039	0.078		welch	0.9603333063277248	0.982841336109294	0	0	0.29	0.12	0.02	0.168	0.094	0.155	62	166	150	101	53	110
cadm1_high		chr5:NPM1:s:171405403|5:171405403-171406396:+	NPM1	chr5:NPM1:s:171405403	s	171405403	5:171405403-171406396:+	5	171405403	171406396	+	100.2	0.343		0.38	0.037	0.047		welch	0.5051804040156028	0.9655019792943904	0	0	0.123	0.479	0.288	0.288	0.38	0.488	57	117	59	139	108	121
cadm1_high		chr6:BAG6:t:31639226|6:31639226-31640198:-	BAG6	chr6:BAG6:t:31639226	t	31639226	6:31639226-31640198:-	6	31639226	31640198	-	272.7	0.416		0.453	0.037	0.011		welch	0.4648482710136766	0.9655019792943904	0	0	0.33	0.452	0.437	0.362	0.545	0.473	203	321	286	329	277	220
cadm1_high		chr16:RNPS1:t:2264760|16:2264760-2267662:-	RNPS1	chr16:RNPS1:t:2264760	t	2264760	16:2264760-2267662:-	16	2264760	2267662	-	182.2	0.149		0.186	0.037	0.027		welch	0.6780067732180484	0.9695427997180214	0	0	0.106	0.184	0.147	0.158	0.059	0.343	160	201	163	222	169	178
cadm1_high		chr16:KARS1:t:75641723|16:75641723-75644282:-	KARS1	chr16:KARS1:t:75641723	t	75641723	16:75641723-75644282:-	16	75641723	75644282	-	153.7	0.295		0.332	0.037	0.067		welch	0.8757412348470675	0.9695427997180214	0	0	0.327	0.224	0.378	0.19	0.409	0.371	107	214	143	137	181	140
cadm1_high		chr22:SMARCB1:t:23793558|22:23791894-23793558:+	SMARCB1	chr22:SMARCB1:t:23793558	t	23793558	22:23791894-23793558:+	22	23791894	23793558	+	136.2	0.474		0.511	0.037	0.036		welch	0.876231797486836	0.9695427997180214	0	0	0.571	0.332	0.617	0.538	0.467	0.564	140	190	94	119	180	94
cadm1_high		chr9:CDKN2A:t:21971208|9:21971208-21994138:-	CDKN2A	chr9:CDKN2A:t:21971208	t	21971208	9:21971208-21994138:-	9	21971208	21994138	-	184.8	0.537		0.574	0.037	0.054		welch	0.5903652360537034	0.9695427997180214	0	0	0.465	0.522	0.637	0.511	0.54	0.718	187	251	171	176	200	124
cadm1_high		chr19:USF2:s:35269699|19:35269699-35269802:+	USF2	chr19:USF2:s:35269699	s	35269699	19:35269699-35269802:+	19	35269699	35269802	+	158.7	0.324		0.361	0.037	0.054		welch	0.9014480848511768	0.9809208379236987	0	0	0.38	0.294	0.315	0.508	0.231	0.287	129	180	178	193	143	129
cadm1_high		chr19:RNF126:s:649678|19:649052-649678:-	RNF126	chr19:RNF126:s:649678	s	649678	19:649052-649678:-	19	649052	649678	-	147.8	0.019		0.054	0.035	0.015		welch	0.5001554936154683	0.9655019792943904	0	0	0.021	0.0	0.035	0.211	0.0	0.013	146	160	171	95	155	160
cadm1_high		chr19:CIC:s:42293836|19:42293836-42293934:+	CIC	chr19:CIC:s:42293836	s	42293836	19:42293836-42293934:+	19	42293836	42293934	+	113.3	0.692		0.726	0.034	0.049		welch	0.5357658658242509	0.9695427997180214	0	0	0.62	0.745	0.698	0.684	0.874	0.664	92	110	106	152	95	125
cadm1_high		chr8:RPL7:t:73292797|8:73292797-73293865:-	RPL7	chr8:RPL7:t:73292797	t	73292797	8:73292797-73293865:-	8	73292797	73293865	-	167.3	0.202		0.236	0.034	0.009		welch	0.7574570725052546	0.9695427997180214	0	0	0.117	0.241	0.243	0.366	0.058	0.28	171	141	218	161	156	157
cadm1_high		chr5:TCOF1:t:150391956|5:150391657-150391956:+	TCOF1	chr5:TCOF1:t:150391956	t	150391956	5:150391657-150391956:+	5	150391657	150391956	+	175.3	0.577		0.61	0.033	0.063		welch	0.5039079112078171	0.9655019792943904	0	0	0.5	0.498	0.69	0.612	0.544	0.709	146	203	239	183	171	110
cadm1_high		chr1:MICOS10-NBL1:s:19597109|1:19597109-19623473:+	MICOS10-NBL1	chr1:MICOS10-NBL1:s:19597109	s	19597109	1:19597109-19623473:+	1	19597109	19623473	+	141.5	0.075		0.107	0.033	0.053		welch	0.6723771522913422	0.9695427997180214	0	0	0.118	0.011	0.113	0.023	0.229	0.088	76	189	230	131	109	114
cadm1_high		chr17:NT5C:s:75131180|17:75131105-75131180:-	NT5C	chr17:NT5C:s:75131180	s	75131180	17:75131105-75131180:-	17	75131105	75131180	-	142.3	0.826		0.859	0.033	0.008		welch	0.8061003951677062	0.9695427997180214	0	0	0.944	0.775	0.782	0.92	0.956	0.702	142	142	216	150	90	114
cadm1_high		chr22:DDX17:t:38486440|22:38486440-38487872:-	DDX17	chr22:DDX17:t:38486440	t	38486440	22:38486440-38487872:-	22	38486440	38487872	-	143.7	0.384		0.417	0.033	0.011		welch	0.7575601225456836	0.9695427997180214	0	0	0.481	0.339	0.368	0.315	0.58	0.384	79	127	114	168	150	224
cadm1_high		chr1:PABPC4:t:39570002|1:39570002-39571096:-	PABPC4	chr1:PABPC4:t:39570002	t	39570002	1:39570002-39571096:-	1	39570002	39571096	-	184.0	0.266		0.299	0.033	0.069		welch	0.9646445782209917	0.982841336109294	0	0	0.299	0.423	0.095	0.459	0.184	0.156	127	215	221	242	158	141
cadm1_high		chr2:EEF1B2:s:206159684|2:206159684-206159912:+	EEF1B2	chr2:EEF1B2:s:206159684	s	206159684	2:206159684-206159912:+	2	206159684	206159912	+	126.7	0.218		0.25	0.032	-0.011		welch	0.7919911609566269	0.9695427997180214	0	0	0.333	0.109	0.235	0.331	0.188	0.225	108	138	166	118	101	129
cadm1_high		chr6:HMGA1:t:34240736|6:34236963-34240736:+	HMGA1	chr6:HMGA1:t:34240736	t	34240736	6:34236963-34240736:+	6	34236963	34240736	+	102.5	0.161		0.193	0.032	-0.009		welch	0.7036558503420443	0.9695427997180214	0	0	0.187	0.095	0.177	0.306	0.0	0.286	91	95	248	49	62	70
cadm1_high		chr16:HMOX2:s:4476487|16:4476487-4505483:+	HMOX2	chr16:HMOX2:s:4476487	s	4476487	16:4476487-4505483:+	16	4476487	4505483	+	106.5	0.835		0.865	0.03	0.009		welch	0.8965548937054055	0.9780598840422606	0	0	0.688	0.863	0.988	0.885	0.931	0.765	112	124	85	104	116	98
cadm1_high		chr2:RAB10:s:26034735|2:26034735-26093590:+	RAB10	chr2:RAB10:s:26034735	s	26034735	2:26034735-26093590:+	2	26034735	26093590	+	103.0	0.042		0.071	0.029			welch	0.5188806731702014	0.9655019792943904	0	0	0.072	0.045	0.019	0.019	0.029	0.314	69	134	105	155	104	51
cadm1_high		chr17:CEP131:s:81193925|17:81192843-81193925:-	CEP131	chr17:CEP131:s:81193925	s	81193925	17:81192843-81193925:-	17	81192843	81193925	-	162.3	0.722		0.751	0.029	0.015		welch	0.6403407161003986	0.9695427997180214	0	0	0.644	0.851	0.66	0.817	0.689	0.767	180	181	147	153	193	120
cadm1_high		chr20:ERGIC3:s:35542941|20:35542941-35547411:+	ERGIC3	chr20:ERGIC3:s:35542941	s	35542941	20:35542941-35547411:+	20	35542941	35547411	+	119.3	0.91		0.937	0.028			welch	0.5930852926590463	0.9695427997180214	0	0	1.0	0.776	0.945	0.908	1.0	0.945	95	107	163	173	69	109
cadm1_high		chr2:UBE2E3:t:180982017|2:180980973-180982017:+	UBE2E3	chr2:UBE2E3:t:180982017	t	180982017	2:180980973-180982017:+	2	180980973	180982017	+	195.5	0.841		0.869	0.028	-0.042		welch	0.6657829479580637	0.9695427997180214	0	0	0.931	0.828	0.752	0.772	0.896	0.944	189	268	153	189	212	162
cadm1_high		chr19:DMKN:t:35505986|19:35505986-35510183:-	DMKN	chr19:DMKN:t:35505986	t	35505986	19:35505986-35510183:-	19	35505986	35510183	-	331.7	0.669		0.696	0.027	0.044		welch	0.6675346697581271	0.9695427997180214	0	0	0.596	0.616	0.771	0.615	0.758	0.707	287	380	406	309	359	249
cadm1_high		chr3:CNBP:s:129171445|3:129171277-129171445:-	CNBP	chr3:CNBP:s:129171445	s	129171445	3:129171277-129171445:-	3	129171277	129171445	-	299.3	0.731		0.756	0.025	0.009		welch	0.718099190035781	0.9695427997180214	0	0	0.658	0.818	0.685	0.65	0.82	0.773	225	352	314	266	366	273
cadm1_high		chr9:TMEM141:s:136791777|9:136791777-136792250:+	TMEM141	chr9:TMEM141:s:136791777	s	136791777	9:136791777-136792250:+	9	136791777	136792250	+	108.5	0.225		0.25	0.025	0.068		welch	0.8842589423354175	0.9695427997180214	0	0	0.418	0.133	0.2	0.161	0.295	0.25	79	128	140	56	112	136
cadm1_high		chr1:SNRPE:t:203863662|1:203861955-203863662:+	SNRPE	chr1:SNRPE:t:203863662	t	203863662	1:203861955-203863662:+	1	203861955	203863662	+	125.8	0.219		0.244	0.025	0.044		welch	0.7800128225845565	0.9695427997180214	0	0	0.223	0.206	0.236	0.39	0.258	0.098	103	141	89	141	128	153
cadm1_high		chr4:MRPS18C:t:83459739|4:83458429-83459739:+	MRPS18C	chr4:MRPS18C:t:83459739	t	83459739	4:83458429-83459739:+	4	83458429	83459739	+	157.8	0.463		0.487	0.025	-0.011		welch	0.9640410926659863	0.982841336109294	0	0	0.55	0.464	0.362	0.283	0.602	0.506	131	220	116	120	186	174
cadm1_high		chr1:NASP:t:45613168|1:45606591-45613168:+	NASP	chr1:NASP:t:45613168	t	45613168	1:45606591-45613168:+	1	45606591	45613168	+	153.2	0.635		0.659	0.024	0.077		welch	0.8835349973706516	0.9695427997180214	0	0	0.757	0.712	0.483	0.628	0.613	0.756	115	111	147	199	191	156
cadm1_high		chr20:NOP56:t:2656400|20:2656034-2656400:+	NOP56	chr20:NOP56:t:2656400	t	2656400	20:2656034-2656400:+	20	2656034	2656400	+	136.7	0.28		0.304	0.024	0.081		welch	0.5800247662758544	0.9695427997180214	0	0	0.198	0.368	0.257	0.296	0.231	0.442	126	152	144	169	143	86
cadm1_high		chr2:CCT4:s:61888380|2:61888257-61888380:-	CCT4	chr2:CCT4:s:61888380	s	61888380	2:61888257-61888380:-	2	61888257	61888380	-	335.5	0.364		0.387	0.023	0.021		welch	0.7214605626071681	0.9695427997180214	0	0	0.442	0.327	0.344	0.264	0.455	0.484	283	407	343	405	224	351
cadm1_high		chr16:VKORC1:t:31091342|16:31091342-31093311:-	VKORC1	chr16:VKORC1:t:31091342	t	31091342	16:31091342-31093311:-	16	31091342	31093311	-	115.7	0.461		0.483	0.023	-0.042		welch	0.7709557004679836	0.9695427997180214	0	0	0.326	0.636	0.385	0.632	0.374	0.456	89	121	122	125	147	90
cadm1_high		chr19:BCL2L12:s:49666799|19:49666799-49667018:+	BCL2L12	chr19:BCL2L12:s:49666799	s	49666799	19:49666799-49667018:+	19	49666799	49667018	+	113.3	0.683		0.704	0.022	0.028		welch	0.8370424437378771	0.9695427997180214	0	0	0.738	0.603	0.728	0.683	0.829	0.609	80	121	114	104	123	138
cadm1_high		chr20:SMIM26:s:18567596|20:18567596-18569235:+	SMIM26	chr20:SMIM26:s:18567596	s	18567596	20:18567596-18569235:+	20	18567596	18569235	+	122.8	0.267		0.29	0.022	-0.038		welch	0.6751297033665634	0.9695427997180214	0	0	0.216	0.236	0.311	0.179	0.279	0.406	88	110	180	84	179	96
cadm1_high		chr15:POLG:s:89328684|15:89327349-89328684:-	POLG	chr15:POLG:s:89328684	s	89328684	15:89327349-89328684:-	15	89327349	89328684	-	101.5	0.049		0.069	0.02	0.004		welch	0.6826235370378085	0.9695427997180214	0	0	0.014	0.108	0.0	0.021	0.0	0.196	69	102	74	140	112	112
cadm1_high		chr12:ARL6IP4:t:122981570|12:122981299-122981570:+	ARL6IP4	chr12:ARL6IP4:t:122981570	t	122981570	12:122981299-122981570:+	12	122981299	122981570	+	112.3	0.839		0.859	0.02	0.056		welch	0.7904330687854301	0.9695427997180214	0	0	0.789	0.874	0.83	0.714	0.974	0.875	95	174	135	98	116	56
cadm1_high		chr17:CNTROB:t:7949384|17:7949137-7949384:+	CNTROB	chr17:CNTROB:t:7949384	t	7949384	17:7949137-7949384:+	17	7949137	7949384	+	109.5	0.077		0.097	0.02	0.013		welch	0.7991194723707182	0.9695427997180214	0	0	0.081	0.009	0.165	0.226	0.094	0.0	99	107	79	106	128	138
cadm1_high		chrX:UPF3B:t:119838527|X:119838527-119841075:-	UPF3B	chrX:UPF3B:t:119838527	t	119838527	X:119838527-119841075:-	X	119838527	119841075	-	130.0	0.841		0.862	0.02	0.018		welch	0.8185181876753834	0.9695427997180214	0	0	0.778	0.841	0.899	0.91	0.942	0.724	81	126	89	178	154	152
cadm1_high		chr1:RBM34:t:235155112|1:235155112-235160510:-	RBM34	chr1:RBM34:t:235155112	t	235155112	1:235155112-235160510:-	1	235155112	235160510	-	114.3	0.675		0.694	0.019	0.082		welch	0.7923732043969735	0.9695427997180214	0	0	0.608	0.635	0.93	0.653	0.691	0.735	97	115	43	144	136	151
cadm1_high		chr2:HTRA2:t:74532819|2:74532714-74532819:+	HTRA2	chr2:HTRA2:t:74532819	t	74532819	2:74532714-74532819:+	2	74532714	74532819	+	167.5	0.727		0.746	0.019	-0.002		welch	0.8655995726980954	0.9695427997180214	0	0	0.641	0.699	0.822	0.767	0.586	0.862	170	146	197	180	145	167
cadm1_high		chr17:UBTF:s:44212818|17:44212006-44212818:-	UBTF	chr17:UBTF:s:44212818	s	44212818	17:44212006-44212818:-	17	44212006	44212818	-	184.2	0.234		0.252	0.018	0.035		welch	0.5981676120859475	0.9695427997180214	0	0	0.11	0.316	0.23	0.33	0.139	0.338	136	212	161	200	251	145
cadm1_high		chr14:PYGL:t:50935185|14:50935185-50944160:-	PYGL	chr14:PYGL:t:50935185	t	50935185	14:50935185-50944160:-	14	50935185	50944160	-	106.2	0.126		0.144	0.018	-0.041		welch	0.7555996497791058	0.9695427997180214	0	0	0.083	0.178	0.076	0.0	0.187	0.231	72	146	92	100	123	104
cadm1_high		chr2:MFF:s:227325427|2:227325427-227332418:+	MFF	chr2:MFF:s:227325427	s	227325427	2:227325427-227332418:+	2	227325427	227332418	+	155.8	0.209		0.225	0.016	-0.002		welch	0.7752704229641838	0.9695427997180214	0	0	0.03	0.234	0.287	0.095	0.224	0.327	100	167	174	158	134	202
cadm1_high		chr6:HMGA1:t:34242711|6:34240882-34242711:+	HMGA1	chr6:HMGA1:t:34242711	t	34242711	6:34240882-34242711:+	6	34240882	34242711	+	221.5	0.248		0.264	0.016	0.031		welch	0.8745628761049472	0.9695427997180214	0	0	0.299	0.253	0.208	0.297	0.42	0.095	211	292	303	246	119	158
cadm1_high		chr6:HMGA1:t:34240736|6:34237317-34240736:+	HMGA1	chr6:HMGA1:t:34240736	t	34240736	6:34237317-34240736:+	6	34237317	34240736	+	102.5	0.774		0.79	0.016	0.009		welch	0.9330018773982398	0.982841336109294	0	0	0.659	0.905	0.766	0.694	1.0	0.671	91	95	248	49	62	70
cadm1_high		chr10:RPP38:t:15103304|10:15097409-15103304:+	RPP38	chr10:RPP38:t:15103304	t	15103304	10:15097409-15103304:+	10	15097409	15103304	+	122.8	0.335		0.35	0.015	-0.07		welch	0.9760160490529796	0.982841336109294	0	0	0.48	0.342	0.177	0.392	0.268	0.35	127	152	124	143	71	120
cadm1_high		chr1:NENF:s:212433120|1:212433120-212442564:+	NENF	chr1:NENF:s:212433120	s	212433120	1:212433120-212442564:+	1	212433120	212442564	+	166.7	0.824		0.837	0.012	0.032		welch	0.6875973447093281	0.9695427997180214	0	0	0.708	0.847	0.862	0.926	0.757	0.824	113	177	239	149	140	182
cadm1_high		chr11:GATD1:s:771332|11:771104-771332:-	GATD1	chr11:GATD1:s:771332	s	771332	11:771104-771332:-	11	771104	771332	-	105.2	0.118		0.129	0.012	0.047		welch	0.872768296016984	0.9695427997180214	0	0	0.248	0.079	0.057	0.068	0.222	0.053	105	164	122	103	99	38
cadm1_high		chr8:PUF60:s:143829279|8:143821913-143829279:-	PUF60	chr8:PUF60:s:143829279	s	143829279	8:143821913-143829279:-	8	143821913	143829279	-	236.2	0.232		0.244	0.012	-0.013		welch	0.7055522172144283	0.9695427997180214	0	0	0.094	0.23	0.326	0.184	0.278	0.282	170	326	258	245	180	238
cadm1_high		chr16:HIRIP3:t:29993808|16:29993808-29995102:-	HIRIP3	chr16:HIRIP3:t:29993808	t	29993808	16:29993808-29995102:-	16	29993808	29995102	-	119.8	0.31		0.322	0.012	0.098		welch	0.6192112140940876	0.9695427997180214	0	0	0.317	0.261	0.362	0.258	0.484	0.321	104	153	130	159	64	109
cadm1_high		chrX:RBM10:t:47147356|X:47145485-47147356:+	RBM10	chrX:RBM10:t:47147356	t	47147356	X:47145485-47147356:+	X	47145485	47147356	+	106.8	0.74		0.752	0.012	0.061		welch	0.757564363107279	0.9695427997180214	0	0	0.614	0.781	0.774	0.832	0.669	0.739	57	105	84	161	142	92
cadm1_high		chr17:CEP131:t:81192593|17:81192593-81193925:-	CEP131	chr17:CEP131:t:81192593	t	81192593	17:81192593-81193925:-	17	81192593	81193925	-	150.3	0.28		0.291	0.012	0.05		welch	0.9725084095729171	0.982841336109294	0	0	0.405	0.164	0.276	0.289	0.331	0.233	158	165	181	97	181	120
cadm1_high		chr2:BOLA3:t:74135658|2:74135658-74145188:-	BOLA3	chr2:BOLA3:t:74135658	t	74135658	2:74135658-74145188:-	2	74135658	74145188	-	170.0	0.702		0.715	0.012	0.052		welch	0.9670301746255578	0.982841336109294	0	0	0.842	0.647	0.671	0.683	0.797	0.669	139	255	167	180	143	136
cadm1_high		chr11:GATD1:s:771332|11:770398-771332:-	GATD1	chr11:GATD1:s:771332	s	771332	11:770398-771332:-	11	770398	771332	-	105.2	0.097		0.108	0.011	-0.02		welch	0.6770656400303573	0.9695427997180214	0	0	0.152	0.03	0.139	0.058	0.101	0.263	105	164	122	103	99	38
cadm1_high		chr5:TCOF1:s:150390023|5:150390023-150391543:+	TCOF1	chr5:TCOF1:s:150390023	s	150390023	5:150390023-150391543:+	5	150390023	150391543	+	107.5	0.329		0.339	0.011	0.088		welch	0.7267853781550648	0.9695427997180214	0	0	0.207	0.32	0.426	0.377	0.284	0.373	92	150	129	114	109	51
cadm1_high		chr10:DNAJB12:t:72334617|10:72334617-72335779:-	DNAJB12	chr10:DNAJB12:t:72334617	t	72334617	10:72334617-72335779:-	10	72334617	72335779	-	183.2	0.747		0.758	0.011	-0.007		welch	0.757370068298319	0.9695427997180214	0	0	0.794	0.808	0.637	0.841	0.645	0.837	136	198	171	208	251	135
cadm1_high		chr21:NDUFV3:t:42908863|21:42904276-42908863:+	NDUFV3	chr21:NDUFV3:t:42908863	t	42908863	21:42904276-42908863:+	21	42904276	42908863	+	195.2	0.281		0.292	0.011	0.053		welch	0.8546531375211962	0.9695427997180214	0	0	0.164	0.364	0.287	0.208	0.291	0.359	165	214	247	154	199	192
cadm1_high		chr12:MYL6:t:56161386|12:56160320-56161386:+	MYL6	chr12:MYL6:t:56161386	t	56161386	12:56160320-56161386:+	12	56160320	56161386	+	200.7	0.499		0.51	0.011	0.048		welch	0.9261934233780224	0.982841336109294	0	0	0.62	0.498	0.392	0.454	0.568	0.511	166	229	186	196	190	237
cadm1_high		chr19:FKBP8:s:18539370|19:18538433-18539370:-	FKBP8	chr19:FKBP8:s:18539370	s	18539370	19:18538433-18539370:-	19	18538433	18539370	-	160.2	0.309		0.317	0.008	-0.037		welch	0.8789123197446426	0.9695427997180214	0	0	0.278	0.199	0.398	0.429	0.196	0.294	151	166	259	133	92	160
cadm1_high		chr12:TDG:t:103979830|12:103977060-103979830:+	TDG	chr12:TDG:t:103979830	t	103979830	12:103977060-103979830:+	12	103977060	103979830	+	112.7	0.74		0.747	0.008	-0.049		welch	0.8803890555171984	0.9695427997180214	0	0	0.846	0.71	0.677	0.765	0.647	0.86	78	145	65	162	133	93
cadm1_high		chr12:MYL6:s:56160320|12:56160320-56161386:+	MYL6	chr12:MYL6:s:56160320	s	56160320	12:56160320-56161386:+	12	56160320	56161386	+	154.8	0.65		0.658	0.008	0.038		welch	0.9701748867855977	0.982841336109294	0	0	0.811	0.591	0.579	0.61	0.697	0.665	127	193	126	146	155	182
cadm1_high		chr1:C1orf43:s:154220341|1:154214574-154220341:-	C1orf43	chr1:C1orf43:s:154220341	s	154220341	1:154214574-154220341:-	1	154214574	154220341	-	112.2	0.372		0.378	0.006	-0.049		welch	0.9285974380911303	0.982841336109294	0	0	0.329	0.424	0.357	0.532	0.234	0.371	79	125	199	77	77	116
cadm1_high		chr17:ANAPC11:t:81893551|17:81891841-81893551:+	ANAPC11	chr17:ANAPC11:t:81893551	t	81893551	17:81891841-81893551:+	17	81891841	81893551	+	132.5	0.443		0.448	0.005	0.043		welch	0.8166440696676203	0.9695427997180214	0	0	0.398	0.497	0.417	0.336	0.448	0.589	98	181	206	119	96	95
cadm1_high		chr9:FUBP3:s:130632278|9:130632278-130634666:+	FUBP3	chr9:FUBP3:s:130632278	s	130632278	9:130632278-130634666:+	9	130632278	130634666	+	116.7	0.876		0.881	0.004	0.034		welch	0.8462059400666588	0.9695427997180214	0	0	0.87	0.868	0.886	0.976	0.663	0.921	77	121	158	166	89	89
cadm1_high		chr8:EEF1D:t:143586852|8:143586852-143597347:-	EEF1D	chr8:EEF1D:t:143586852	t	143586852	8:143586852-143597347:-	8	143586852	143597347	-	152.2	0.627		0.631	0.004	-0.023		welch	0.9545213985273732	0.982841336109294	0	0	0.795	0.529	0.58	0.674	0.67	0.576	156	210	119	141	103	184
cadm1_high		chr16:FLYWCH2:s:2883366|16:2883366-2895219:+	FLYWCH2	chr16:FLYWCH2:s:2883366	s	2883366	16:2883366-2895219:+	16	2883366	2895219	+	102.5	0.893		0.896	0.003	0.039		welch	0.8692971916136252	0.9695427997180214	0	0	0.985	0.679	0.962	0.877	0.918	0.887	135	109	159	65	85	62
cadm1_high		chr17:CHD3:s:7907488|17:7907488-7907600:+	CHD3	chr17:CHD3:s:7907488	s	7907488	17:7907488-7907600:+	17	7907488	7907600	+	150.7	0.726		0.73	0.003	-0.021		welch	0.9657963929618493	0.982841336109294	0	0	0.62	0.812	0.71	0.786	0.593	0.775	100	170	238	168	108	120
cadm1_high		chr2:HTRA2:s:74531925|2:74531925-74532819:+	HTRA2	chr2:HTRA2:s:74531925	s	74531925	2:74531925-74532819:+	2	74531925	74532819	+	101.8	0.432		0.436	0.003	0.026		welch	0.9405187431384392	0.982841336109294	0	0	0.575	0.419	0.31	0.424	0.69	0.228	106	105	113	99	87	101
cadm1_high		chr9:ENTR1:t:136407938|9:136407938-136408998:-	ENTR1	chr9:ENTR1:t:136407938	t	136407938	9:136407938-136408998:-	9	136407938	136408998	-	103.3	0.195		0.198	0.003	0.053		welch	0.96786481487473	0.982841336109294	0	0	0.111	0.321	0.208	0.123	0.262	0.265	99	53	120	162	84	102
cadm1_high		chr11:GATD1:s:771332|11:767368-771332:-	GATD1	chr11:GATD1:s:771332	s	771332	11:767368-771332:-	11	767368	771332	-	105.2	0.09		0.092	0.002	-0.03		welch	0.8910460937106115	0.9745111708429979	0	0	0.038	0.03	0.213	0.136	0.02	0.158	105	164	122	103	99	38
cadm1_high		chr22:PES1:s:30581011|22:30580686-30581011:-	PES1	chr22:PES1:s:30581011	s	30581011	22:30580686-30581011:-	22	30580686	30581011	-	105.7	0.134		0.135	0.002	-0.009		welch	0.948083918013077	0.982841336109294	0	0	0.17	0.0	0.182	0.0	0.26	0.071	135	97	165	43	96	98
cadm1_high		chr7:SSBP1:t:141739123|7:141738503-141739123:+	SSBP1	chr7:SSBP1:t:141739123	t	141739123	7:141738503-141739123:+	7	141738503	141739123	+	118.8	0.548		0.549	0.001	-0.046		welch	0.7436688820936141	0.9695427997180214	0	0	0.346	0.559	0.634	0.544	0.636	0.464	78	188	161	114	88	84
cadm1_high		chr16:RNPS1:t:2264760|16:2264760-2268054:-	RNPS1	chr16:RNPS1:t:2264760	t	2264760	16:2264760-2268054:-	16	2264760	2268054	-	182.2	0.742		0.742	-0.001	-0.013		welch	0.9753343657107083	0.982841336109294	0	0	0.756	0.687	0.798	0.743	0.882	0.607	160	201	163	222	169	178
cadm1_high		chr8:PUF60:s:143829279|8:143824399-143829279:-	PUF60	chr8:PUF60:s:143829279	s	143829279	8:143824399-143829279:-	8	143824399	143829279	-	236.2	0.654		0.652	-0.002	0.027		welch	0.7907226092710872	0.9695427997180214	0	0	0.806	0.638	0.574	0.686	0.65	0.618	170	326	258	245	180	238
cadm1_high		chr22:PES1:s:30581011|22:30580701-30581011:-	PES1	chr22:PES1:s:30581011	s	30581011	22:30580701-30581011:-	22	30580701	30581011	-	105.7	0.866		0.865	-0.002	0.009		welch	0.9480839180130777	0.982841336109294	0	0	0.83	1.0	0.818	1.0	0.74	0.929	135	97	165	43	96	98
cadm1_high		chr16:FLYWCH2:s:2883366|16:2883366-2896351:+	FLYWCH2	chr16:FLYWCH2:s:2883366	s	2883366	16:2883366-2896351:+	16	2883366	2896351	+	102.5	0.107		0.104	-0.003	-0.039		welch	0.8692971916136242	0.9695427997180214	0	0	0.015	0.321	0.038	0.123	0.082	0.113	135	109	159	65	85	62
cadm1_high		chr17:CHD3:s:7907488|17:7907488-7907893:+	CHD3	chr17:CHD3:s:7907488	s	7907488	17:7907488-7907893:+	17	7907488	7907893	+	150.7	0.274		0.27	-0.003	0.021		welch	0.9657963929618488	0.982841336109294	0	0	0.38	0.188	0.29	0.214	0.407	0.225	100	170	238	168	108	120
cadm1_high		chr2:HTRA2:s:74531925|2:74531925-74532618:+	HTRA2	chr2:HTRA2:s:74531925	s	74531925	2:74531925-74532618:+	2	74531925	74532618	+	101.8	0.568		0.564	-0.003	-0.026		welch	0.9405187431384389	0.982841336109294	0	0	0.425	0.581	0.69	0.576	0.31	0.772	106	105	113	99	87	101
cadm1_high		chr19:HNRNPUL1:t:41268222|19:41264798-41268222:+	HNRNPUL1	chr19:HNRNPUL1:t:41268222	t	41268222	19:41264798-41268222:+	19	41264798	41268222	+	135.8	0.719		0.716	-0.003	-0.016		welch	0.9401073926182137	0.982841336109294	0	0	0.704	0.673	0.797	0.606	0.817	0.734	125	202	143	109	93	143
cadm1_high		chr9:FUBP3:s:130632278|9:130632278-130635998:+	FUBP3	chr9:FUBP3:s:130632278	s	130632278	9:130632278-130635998:+	9	130632278	130635998	+	116.7	0.124		0.119	-0.004	-0.034		welch	0.8462059400666582	0.9695427997180214	0	0	0.13	0.132	0.114	0.024	0.337	0.079	77	121	158	166	89	89
cadm1_high		chr1:AURKAIP1:t:1374790|1:1374790-1374996:-	AURKAIP1	chr1:AURKAIP1:t:1374790	t	1374790	1:1374790-1374996:-	1	1374790	1374996	-	150.0	0.225		0.221	-0.004	-0.022		welch	0.8661249095636033	0.9695427997180214	0	0	0.11	0.171	0.344	0.25	0.152	0.267	136	170	209	152	132	101
cadm1_high		chr16:LUC7L:s:229278|16:227336-229278:-	LUC7L	chr16:LUC7L:s:229278	s	229278	16:227336-229278:-	16	227336	229278	-	106.5	0.882		0.877	-0.005	-0.061		welch	0.7593060484757961	0.9695427997180214	0	0	0.747	0.946	0.908	0.821	1.0	0.861	87	130	130	106	64	122
cadm1_high		chr1:C1orf43:s:154220341|1:154219937-154220341:-	C1orf43	chr1:C1orf43:s:154220341	s	154220341	1:154219937-154220341:-	1	154219937	154220341	-	112.2	0.628		0.622	-0.006	0.049		welch	0.9285974380911294	0.982841336109294	0	0	0.671	0.576	0.643	0.468	0.766	0.629	79	125	199	77	77	116
cadm1_high		chr12:PYM1:t:55903480|12:55903480-55927724:-	PYM1	chr12:PYM1:t:55903480	t	55903480	12:55903480-55927724:-	12	55903480	55927724	-	117.0	0.75		0.743	-0.007	0.052		welch	0.908565258848305	0.982841336109294	0	0	0.637	0.849	0.712	0.836	0.634	0.697	91	152	125	152	93	89
cadm1_high		chrX:CITED1:t:72302934|X:72302934-72306476:-	CITED1	chrX:CITED1:t:72302934	t	72302934	X:72302934-72306476:-	X	72302934	72306476	-	250.3	0.288		0.281	-0.007	-0.004		welch	0.9859076271024572	0.9904932439727012	0	0	0.276	0.393	0.178	0.23	0.385	0.235	214	295	259	282	231	221
cadm1_high		chr19:FKBP8:s:18539370|19:18538436-18539370:-	FKBP8	chr19:FKBP8:s:18539370	s	18539370	19:18538436-18539370:-	19	18538436	18539370	-	160.2	0.691		0.683	-0.008	0.037		welch	0.8789123197446421	0.9695427997180214	0	0	0.722	0.801	0.602	0.571	0.804	0.706	151	166	259	133	92	160
cadm1_high		chr12:TDG:t:103979830|12:103966060-103979830:+	TDG	chr12:TDG:t:103979830	t	103979830	12:103966060-103979830:+	12	103966060	103979830	+	112.7	0.26		0.253	-0.008	0.049		welch	0.8803890555171987	0.9695427997180214	0	0	0.154	0.29	0.323	0.235	0.353	0.14	78	145	65	162	133	93
cadm1_high		chr12:MYL6:s:56160320|12:56160320-56160625:+	MYL6	chr12:MYL6:s:56160320	s	56160320	12:56160320-56160625:+	12	56160320	56160625	+	154.8	0.35		0.342	-0.008	-0.038		welch	0.9701748867855983	0.982841336109294	0	0	0.189	0.409	0.421	0.39	0.303	0.335	127	193	126	146	155	182
cadm1_high		chr12:ENSG00000257379:t:53467220|12:53462567-53467220:+	ENSG00000257379	chr12:ENSG00000257379:t:53467220	t	53467220	12:53462567-53467220:+	12	53462567	53467220	+	192.5	0.173		0.165	-0.008	-0.046		welch	0.9759757614762262	0.982841336109294	0	0	0.061	0.254	0.206	0.115	0.151	0.262	198	185	214	183	245	130
cadm1_high		chr5:TCOF1:s:150390023|5:150390023-150391956:+	TCOF1	chr5:TCOF1:s:150390023	s	150390023	5:150390023-150391956:+	5	150390023	150391956	+	107.5	0.671		0.661	-0.011	-0.088		welch	0.7267853781550653	0.9695427997180214	0	0	0.793	0.68	0.574	0.623	0.716	0.627	92	150	129	114	109	51
cadm1_high		chr16:VKORC1:t:31091342|16:31091342-31094556:-	VKORC1	chr16:VKORC1:t:31091342	t	31091342	16:31091342-31094556:-	16	31091342	31094556	-	115.7	0.527		0.517	-0.011	0.042		welch	0.8468204397726247	0.9695427997180214	0	0	0.674	0.331	0.615	0.368	0.626	0.544	89	121	122	125	147	90
cadm1_high		chr12:MYL6:t:56161386|12:56160670-56161386:+	MYL6	chr12:MYL6:t:56161386	t	56161386	12:56160670-56161386:+	12	56160670	56161386	+	200.7	0.501		0.49	-0.011	-0.048		welch	0.9261934233780235	0.982841336109294	0	0	0.38	0.502	0.608	0.546	0.432	0.489	166	229	186	196	190	237
cadm1_high		chr1:NENF:s:212433120|1:212433120-212444338:+	NENF	chr1:NENF:s:212433120	s	212433120	1:212433120-212444338:+	1	212433120	212444338	+	166.7	0.176		0.163	-0.012	-0.032		welch	0.6875973447093293	0.9695427997180214	0	0	0.292	0.153	0.138	0.074	0.243	0.176	113	177	239	149	140	182
cadm1_high		chrX:RBM10:t:47147356|X:47145516-47147356:+	RBM10	chrX:RBM10:t:47147356	t	47147356	X:47145516-47147356:+	X	47145516	47147356	+	106.8	0.26		0.248	-0.012	-0.061		welch	0.75756436310728	0.9695427997180214	0	0	0.386	0.219	0.226	0.168	0.331	0.261	57	105	84	161	142	92
cadm1_high		chr17:CEP131:t:81192593|17:81192593-81192735:-	CEP131	chr17:CEP131:t:81192593	t	81192593	17:81192593-81192735:-	17	81192593	81192735	-	150.3	0.72		0.709	-0.012	-0.05		welch	0.9725084095729161	0.982841336109294	0	0	0.595	0.836	0.724	0.711	0.669	0.767	158	165	181	97	181	120
cadm1_high		chr2:BOLA3:t:74135658|2:74135658-74142271:-	BOLA3	chr2:BOLA3:t:74135658	t	74135658	2:74135658-74142271:-	2	74135658	74142271	-	170.0	0.298		0.285	-0.012	-0.052		welch	0.9670301746255578	0.982841336109294	0	0	0.158	0.353	0.329	0.317	0.203	0.331	139	255	167	180	143	136
cadm1_high		chr21:PRMT2:s:46635763|21:46635763-46636438:+	PRMT2	chr21:PRMT2:s:46635763	s	46635763	21:46635763-46636438:+	21	46635763	46636438	+	104.0	0.477		0.464	-0.013	-0.029		welch	0.7222435290751301	0.9695427997180214	0	0	0.578	0.478	0.416	0.532	0.526	0.315	90	92	149	109	95	89
cadm1_high		chr6:CUTA:t:33417695|6:33417695-33417958:-	CUTA	chr6:CUTA:t:33417695	t	33417695	6:33417695-33417958:-	6	33417695	33417958	-	118.7	0.452		0.438	-0.013	-0.08		welch	0.8670589213138986	0.9695427997180214	0	0	0.515	0.461	0.411	0.477	0.548	0.321	101	152	192	65	93	109
cadm1_high		chr8:RPL7:t:73292797|8:73292797-73293598:-	RPL7	chr8:RPL7:t:73292797	t	73292797	8:73292797-73293598:-	8	73292797	73293598	-	167.3	0.728		0.715	-0.013	0.004		welch	0.872407586683212	0.9695427997180214	0	0	0.819	0.759	0.638	0.54	0.917	0.694	171	141	218	161	156	157
cadm1_high		chr5:TCOF1:s:150369602|5:150369602-150372005:+	TCOF1	chr5:TCOF1:s:150369602	s	150369602	5:150369602-150372005:+	5	150369602	150372005	+	101.3	0.787		0.773	-0.014	-0.023		welch	0.6481576313120275	0.9695427997180214	0	0	0.882	0.722	0.777	0.849	0.558	0.817	110	144	112	86	52	104
cadm1_high		chr19:PRPF31:s:54115797|19:54115797-54118240:+	PRPF31	chr19:PRPF31:s:54115797	s	54115797	19:54115797-54118240:+	19	54115797	54118240	+	139.2	0.209		0.193	-0.015	-0.004		welch	0.7782159749234947	0.9695427997180214	0	0	0.118	0.145	0.31	0.152	0.392	0.124	85	131	158	211	97	153
cadm1_high		chr16:HMOX2:s:4476487|16:4476487-4483636:+	HMOX2	chr16:HMOX2:s:4476487	s	4476487	16:4476487-4483636:+	16	4476487	4483636	+	106.5	0.109		0.094	-0.015	-0.009		welch	0.9291699533781921	0.982841336109294	0	0	0.25	0.048	0.012	0.096	0.069	0.122	112	124	85	104	116	98
cadm1_high		chr6:HMGA1:t:34242711|6:34240915-34242711:+	HMGA1	chr6:HMGA1:t:34242711	t	34242711	6:34240915-34242711:+	6	34240915	34242711	+	221.5	0.752		0.736	-0.016	-0.031		welch	0.8745628761049464	0.9695427997180214	0	0	0.701	0.747	0.792	0.703	0.58	0.905	211	292	303	246	119	158
cadm1_high		chr19:CNOT3:s:54144332|19:54144332-54145597:+	CNOT3	chr19:CNOT3:s:54144332	s	54144332	19:54144332-54145597:+	19	54144332	54145597	+	103.5	0.662		0.646	-0.017	-0.009		welch	0.8572998765673661	0.9695427997180214	0	0	0.71	0.607	0.681	0.789	0.616	0.546	62	84	91	114	151	119
cadm1_high		chr1:AURKAIP1:t:1374790|1:1374790-1375153:-	AURKAIP1	chr1:AURKAIP1:t:1374790	t	1374790	1:1374790-1375153:-	1	1374790	1375153	-	150.0	0.757		0.74	-0.017	0.022		welch	0.6807651367769707	0.9695427997180214	0	0	0.882	0.788	0.651	0.717	0.848	0.634	136	170	209	152	132	101
cadm1_high		chr19:DMKN:t:35505986|19:35505986-35509910:-	DMKN	chr19:DMKN:t:35505986	t	35505986	19:35505986-35509910:-	19	35505986	35509910	-	331.7	0.187		0.17	-0.017	-0.015		welch	0.8421616387004854	0.9695427997180214	0	0	0.251	0.274	0.062	0.249	0.078	0.205	287	380	406	309	359	249
cadm1_high		chr16:METTL26:s:635280|16:634956-635280:-	METTL26	chr16:METTL26:s:635280	s	635280	16:634956-635280:-	16	634956	635280	-	182.2	0.581		0.563	-0.018	-0.078		welch	0.7688042973048443	0.9695427997180214	0	0	0.625	0.502	0.629	0.542	0.473	0.673	152	245	259	144	146	147
cadm1_high		chr17:UBTF:s:44212818|17:44212454-44212818:-	UBTF	chr17:UBTF:s:44212818	s	44212818	17:44212454-44212818:-	17	44212454	44212818	-	184.2	0.766		0.748	-0.018	-0.035		welch	0.5981676120859473	0.9695427997180214	0	0	0.89	0.684	0.77	0.67	0.861	0.662	136	212	161	200	251	145
cadm1_high		chr1:RBM34:t:235155112|1:235155112-235160892:-	RBM34	chr1:RBM34:t:235155112	t	235155112	1:235155112-235160892:-	1	235155112	235160892	-	114.3	0.282		0.265	-0.018	-0.082		welch	0.8026242309179047	0.9695427997180214	0	0	0.32	0.33	0.07	0.278	0.25	0.265	97	115	43	144	136	151
cadm1_high		chr10:RPP38:t:15103304|10:15102336-15103304:+	RPP38	chr10:RPP38:t:15103304	t	15103304	10:15102336-15103304:+	10	15102336	15103304	+	122.8	0.404		0.386	-0.018	0.007		welch	0.8342098180363718	0.9695427997180214	0	0	0.268	0.454	0.484	0.315	0.31	0.517	127	152	124	143	71	120
cadm1_high		chr14:MRPL52:t:22830052|14:22829940-22830052:+	MRPL52	chr14:MRPL52:t:22830052	t	22830052	14:22829940-22830052:+	14	22829940	22830052	+	101.2	0.92		0.902	-0.018			welch	0.7259973190305338	0.9695427997180214	0	0	1.0	0.896	0.887	0.955	0.778	0.968	97	96	159	112	81	62
cadm1_high		chr14:PYGL:t:50935185|14:50935185-50937735:-	PYGL	chr14:PYGL:t:50935185	t	50935185	14:50935185-50937735:-	14	50935185	50937735	-	106.2	0.874		0.856	-0.018	0.041		welch	0.7555996497791058	0.9695427997180214	0	0	0.917	0.822	0.924	1.0	0.813	0.769	72	146	92	100	123	104
cadm1_high		chr2:HTRA2:t:74532819|2:74531925-74532819:+	HTRA2	chr2:HTRA2:t:74532819	t	74532819	2:74531925-74532819:+	2	74531925	74532819	+	167.5	0.273		0.254	-0.019	0.002		welch	0.8655995726980958	0.9695427997180214	0	0	0.359	0.301	0.178	0.233	0.414	0.138	170	146	197	180	145	167
cadm1_high		chr1:CHTOP:s:153638448|1:153638448-153642242:+	CHTOP	chr1:CHTOP:s:153638448	s	153638448	1:153638448-153642242:+	1	153638448	153642242	+	186.7	0.516		0.496	-0.02	0.006		welch	0.7048464108452234	0.9695427997180214	0	0	0.476	0.549	0.52	0.633	0.355	0.447	164	175	277	218	172	114
cadm1_high		chr15:POLG:s:89328684|15:89328535-89328684:-	POLG	chr15:POLG:s:89328684	s	89328684	15:89328535-89328684:-	15	89328535	89328684	-	101.5	0.951		0.931	-0.02	-0.004		welch	0.6826235370378088	0.9695427997180214	0	0	0.986	0.892	1.0	0.979	1.0	0.804	69	102	74	140	112	112
cadm1_high		chr12:ARL6IP4:t:122981570|12:122981266-122981570:+	ARL6IP4	chr12:ARL6IP4:t:122981570	t	122981570	12:122981266-122981570:+	12	122981266	122981570	+	112.3	0.161		0.141	-0.02	-0.056		welch	0.7904330687854301	0.9695427997180214	0	0	0.211	0.126	0.17	0.286	0.026	0.125	95	174	135	98	116	56
cadm1_high		chr17:CNTROB:t:7949384|17:7949157-7949384:+	CNTROB	chr17:CNTROB:t:7949384	t	7949384	17:7949157-7949384:+	17	7949157	7949384	+	109.5	0.923		0.903	-0.02	-0.013		welch	0.7991194723707193	0.9695427997180214	0	0	0.919	0.991	0.835	0.774	0.906	1.0	99	107	79	106	128	138
cadm1_high		chrX:UPF3B:t:119838527|X:119838527-119840645:-	UPF3B	chrX:UPF3B:t:119838527	t	119838527	X:119838527-119840645:-	X	119838527	119840645	-	130.0	0.159		0.138	-0.02	-0.018		welch	0.8185181876753843	0.9695427997180214	0	0	0.222	0.159	0.101	0.09	0.058	0.276	81	126	89	178	154	152
cadm1_high		chr17:AURKB:s:8210529|17:8207840-8210529:-	AURKB	chr17:AURKB:s:8210529	s	8210529	17:8207840-8210529:-	17	8207840	8210529	-	107.5	0.336		0.314	-0.022	-0.026		welch	0.8451483786021684	0.9695427997180214	0	0	0.371	0.333	0.317	0.476	0.288	0.203	97	78	161	105	66	138
cadm1_high		chr20:SMIM26:s:18567596|20:18567596-18569238:+	SMIM26	chr20:SMIM26:s:18567596	s	18567596	20:18567596-18569238:+	20	18567596	18569238	+	122.8	0.733		0.71	-0.022	0.038		welch	0.6751297033665625	0.9695427997180214	0	0	0.784	0.764	0.689	0.821	0.721	0.594	88	110	180	84	179	96
cadm1_high		chr8:EEF1D:t:143586852|8:143586852-143588990:-	EEF1D	chr8:EEF1D:t:143586852	t	143586852	8:143586852-143588990:-	8	143586852	143588990	-	152.2	0.293		0.271	-0.022	-0.023		welch	0.691731631110401	0.9695427997180214	0	0	0.179	0.362	0.319	0.255	0.184	0.332	156	210	119	141	103	184
cadm1_high		chr1:NASP:t:45613168|1:45608337-45613168:+	NASP	chr1:NASP:t:45613168	t	45613168	1:45608337-45613168:+	1	45608337	45613168	+	153.2	0.365		0.341	-0.024	-0.077		welch	0.8835349973706523	0.9695427997180214	0	0	0.243	0.288	0.517	0.372	0.387	0.244	115	111	147	199	191	156
cadm1_high		chr11:GATD1:s:771332|11:767373-771332:-	GATD1	chr11:GATD1:s:771332	s	771332	11:767373-771332:-	11	767373	771332	-	105.2	0.696		0.671	-0.025	0.003		welch	0.8038262048378257	0.9695427997180214	0	0	0.562	0.86	0.59	0.738	0.657	0.526	105	164	122	103	99	38
cadm1_high		chr9:TMEM141:s:136791777|9:136791777-136791946:+	TMEM141	chr9:TMEM141:s:136791777	s	136791777	9:136791777-136791946:+	9	136791777	136791946	+	108.5	0.775		0.75	-0.025	-0.068		welch	0.8842589423354177	0.9695427997180214	0	0	0.582	0.867	0.8	0.839	0.705	0.75	79	128	140	56	112	136
cadm1_high		chr4:MRPS18C:t:83459739|4:83456958-83459739:+	MRPS18C	chr4:MRPS18C:t:83459739	t	83459739	4:83456958-83459739:+	4	83456958	83459739	+	157.8	0.537		0.512	-0.025	0.011		welch	0.9640410926659866	0.982841336109294	0	0	0.45	0.536	0.638	0.717	0.398	0.494	131	220	116	120	186	174
cadm1_high		chr10:CUTC:t:99736245|10:99732409-99736245:+	CUTC	chr10:CUTC:t:99736245	t	99736245	10:99732409-99736245:+	10	99732409	99736245	+	131.8	0.917		0.892	-0.026	0.016		welch	0.7167318791620431	0.9695427997180214	0	0	0.964	0.935	0.862	0.725	0.929	1.0	83	169	123	131	126	159
cadm1_high		chr1:MICOS10-NBL1:s:19597109|1:19597109-19622099:+	MICOS10-NBL1	chr1:MICOS10-NBL1:s:19597109	s	19597109	1:19597109-19622099:+	1	19597109	19622099	+	141.5	0.895		0.867	-0.028	-0.053		welch	0.6619911190580833	0.9695427997180214	0	0	0.882	0.937	0.865	0.969	0.743	0.868	76	189	230	131	109	114
cadm1_high		chr2:CCT4:s:61888380|2:61885072-61888380:-	CCT4	chr2:CCT4:s:61888380	s	61888380	2:61885072-61888380:-	2	61885072	61888380	-	335.5	0.636		0.608	-0.028	-0.021		welch	0.6711060153459913	0.9695427997180214	0	0	0.558	0.673	0.656	0.733	0.527	0.516	283	407	343	405	224	351
cadm1_high		chr2:RAB10:s:26034735|2:26034735-26098661:+	RAB10	chr2:RAB10:s:26034735	s	26034735	2:26034735-26098661:+	2	26034735	26098661	+	103.0	0.958		0.929	-0.029			welch	0.5188806731702014	0.9655019792943904	0	0	0.928	0.955	0.981	0.981	0.971	0.686	69	134	105	155	104	51
cadm1_high		chr17:CEP131:s:81193925|17:81192593-81193925:-	CEP131	chr17:CEP131:s:81193925	s	81193925	17:81192593-81193925:-	17	81192593	81193925	-	162.3	0.278		0.249	-0.029	-0.015		welch	0.6403407161003982	0.9695427997180214	0	0	0.356	0.149	0.34	0.183	0.311	0.233	180	181	147	153	193	120
cadm1_high		chr20:NOP56:t:2656400|20:2656214-2656400:+	NOP56	chr20:NOP56:t:2656400	t	2656400	20:2656214-2656400:+	20	2656214	2656400	+	136.7	0.713		0.681	-0.032	-0.081		welch	0.5107284104624432	0.9655019792943904	0	0	0.802	0.612	0.743	0.704	0.727	0.558	126	152	144	169	143	86
cadm1_high		chr1:LINC02609:s:90851482|1:90832196-90851482:-	LINC02609	chr1:LINC02609:s:90851482	s	90851482	1:90832196-90851482:-	1	90832196	90851482	-	101.8	0.906		0.874	-0.032	0.035		welch	0.7696836602434389	0.9695427997180214	0	0	1.0	0.874	0.859	0.807	0.856	1.0	75	95	85	135	132	89
cadm1_high		chr2:EEF1B2:s:206159684|2:206159684-206159958:+	EEF1B2	chr2:EEF1B2:s:206159684	s	206159684	2:206159684-206159958:+	2	206159684	206159958	+	126.7	0.782		0.75	-0.032	0.011		welch	0.7919911609566256	0.9695427997180214	0	0	0.667	0.891	0.765	0.669	0.812	0.775	108	138	166	118	101	129
cadm1_high		chr16:HIRIP3:t:29993808|16:29993808-29993905:-	HIRIP3	chr16:HIRIP3:t:29993808	t	29993808	16:29993808-29993905:-	16	29993808	29993905	-	119.8	0.69		0.657	-0.033	-0.098		welch	0.45307030424112316	0.9655019792943904	0	0	0.683	0.739	0.638	0.742	0.516	0.615	104	153	130	159	64	109
cadm1_high		chr5:TCOF1:t:150391956|5:150390023-150391956:+	TCOF1	chr5:TCOF1:t:150391956	t	150391956	5:150390023-150391956:+	5	150390023	150391956	+	175.3	0.423		0.39	-0.033	-0.063		welch	0.5039079112078179	0.9655019792943904	0	0	0.5	0.502	0.31	0.388	0.456	0.291	146	203	239	183	171	110
cadm1_high		chr22:DDX17:t:38486440|22:38486440-38487878:-	DDX17	chr22:DDX17:t:38486440	t	38486440	22:38486440-38487878:-	22	38486440	38487878	-	143.7	0.616		0.583	-0.033	-0.011		welch	0.7575601225456835	0.9695427997180214	0	0	0.519	0.661	0.632	0.685	0.42	0.616	79	127	114	168	150	224
cadm1_high		chr1:PABPC4:t:39570002|1:39570002-39571233:-	PABPC4	chr1:PABPC4:t:39570002	t	39570002	1:39570002-39571233:-	1	39570002	39571233	-	184.0	0.734		0.701	-0.033	-0.069		welch	0.9646445782209924	0.982841336109294	0	0	0.701	0.577	0.905	0.541	0.816	0.844	127	215	221	242	158	141
cadm1_high		chr5:TCOF1:s:150369602|5:150369602-150374616:+	TCOF1	chr5:TCOF1:s:150369602	s	150369602	5:150369602-150374616:+	5	150369602	150374616	+	101.3	0.178		0.145	-0.033	-0.031		welch	0.9961824064072065	0.9975788728692284	0	0	0.118	0.188	0.223	0.047	0.365	0.115	110	144	112	86	52	104
cadm1_high		chr11:TRPT1:s:64224284|11:64224210-64224284:-	TRPT1	chr11:TRPT1:s:64224284	s	64224284	11:64224210-64224284:-	11	64224210	64224284	-	183.5	0.61		0.577	-0.034	-0.083		welch	0.7765575219461707	0.9695427997180214	0	0	0.59	0.527	0.761	0.727	0.5	0.561	212	264	176	110	184	155
cadm1_high		chr19:CIC:s:42293836|19:42293836-42293937:+	CIC	chr19:CIC:s:42293836	s	42293836	19:42293836-42293937:+	19	42293836	42293937	+	113.3	0.308		0.274	-0.034	-0.049		welch	0.5357658658242509	0.9695427997180214	0	0	0.38	0.255	0.302	0.316	0.126	0.336	92	110	106	152	95	125
cadm1_high		chr2:PTMA:s:231711425|2:231711423-231711895:+	PTMA	chr2:PTMA:s:231711425	s	231711425	2:231711423-231711895:+	2	231711423	231711895	+	107.5	0.884		0.851	-0.034	-0.027		welch	0.6495672841717303	0.9695427997180214	0	0	0.956	0.894	0.775	0.758	0.848	0.915	91	141	71	95	105	142
cadm1_high		chr19:RNF126:s:649678|19:648975-649678:-	RNF126	chr19:RNF126:s:649678	s	649678	19:648975-649678:-	19	648975	649678	-	147.8	0.981		0.946	-0.035	-0.015		welch	0.5001554936154687	0.9655019792943904	0	0	0.979	1.0	0.965	0.789	1.0	0.988	146	160	171	95	155	160
cadm1_high		chr2:MFF:s:227325427|2:227325427-227328677:+	MFF	chr2:MFF:s:227325427	s	227325427	2:227325427-227328677:+	2	227325427	227328677	+	155.8	0.707		0.672	-0.035	-0.009		welch	0.5586085411718898	0.9695427997180214	0	0	0.87	0.641	0.678	0.684	0.724	0.629	100	167	174	158	134	202
cadm1_high		chr12:HNRNPA1:t:54283826|12:54283225-54283826:+	HNRNPA1	chr12:HNRNPA1:t:54283826	t	54283826	12:54283225-54283826:+	12	54283225	54283826	+	105.8	0.218		0.182	-0.036	0.023		welch	0.8781469094414751	0.9695427997180214	0	0	0.033	0.375	0.208	0.13	0.292	0.139	60	80	144	108	106	137
cadm1_high		chr5:NPM1:s:171405403|5:171405403-171407699:+	NPM1	chr5:NPM1:s:171405403	s	171405403	5:171405403-171407699:+	5	171405403	171407699	+	100.2	0.657		0.62	-0.037	-0.047		welch	0.5051804040156026	0.9655019792943904	0	0	0.877	0.521	0.712	0.712	0.62	0.512	57	117	59	139	108	121
cadm1_high		chr6:BAG6:t:31639226|6:31639226-31639499:-	BAG6	chr6:BAG6:t:31639226	t	31639226	6:31639226-31639499:-	6	31639226	31639499	-	272.7	0.584		0.547	-0.037	-0.011		welch	0.46484827101367726	0.9655019792943904	0	0	0.67	0.548	0.563	0.638	0.455	0.527	203	321	286	329	277	220
cadm1_high		chr22:SMARCB1:t:23793558|22:23791867-23793558:+	SMARCB1	chr22:SMARCB1:t:23793558	t	23793558	22:23791867-23793558:+	22	23791867	23793558	+	136.2	0.526		0.489	-0.037	-0.036		welch	0.8762317974868372	0.9695427997180214	0	0	0.429	0.668	0.383	0.462	0.533	0.436	140	190	94	119	180	94
cadm1_high		chr6:SFT2D1:s:166342418|6:166330247-166342418:-	SFT2D1	chr6:SFT2D1:s:166342418	s	166342418	6:166330247-166342418:-	6	166330247	166342418	-	122.3	0.721		0.683	-0.038	-0.052		welch	0.9600732385171855	0.982841336109294	0	0	0.586	0.797	0.759	0.647	0.817	0.664	99	123	108	187	71	146
cadm1_high		chr3:DNAJC19:s:180988022|3:180987022-180988022:-	DNAJC19	chr3:DNAJC19:s:180988022	s	180988022	3:180987022-180988022:-	3	180987022	180988022	-	158.7	0.976		0.937	-0.039	-0.059		welch	0.44057396873527743	0.9655019792943904	0	0	0.981	1.0	0.954	0.979	0.984	0.756	156	168	217	144	185	82
cadm1_high		chr1:SCNM1:t:151166470|1:151166203-151166470:+	SCNM1	chr1:SCNM1:t:151166470	t	151166470	1:151166203-151166470:+	1	151166203	151166470	+	124.7	0.931		0.892	-0.039	-0.042		welch	0.517219756579428	0.9655019792943904	0	0	0.972	0.964	0.882	1.0	0.878	0.794	108	139	187	102	115	97
cadm1_high		chr1:S100A13:t:153626533|1:153626533-153627138:-	S100A13	chr1:S100A13:t:153626533	t	153626533	1:153626533-153627138:-	1	153626533	153627138	-	126.7	0.162		0.122	-0.039	-0.083		welch	0.4328979289659626	0.9655019792943904	0	0	0.175	0.222	0.071	0.073	0.0	0.201	154	153	126	109	59	159
cadm1_high		chr16:PRMT7:t:68357053|16:68356797-68357053:+	PRMT7	chr16:PRMT7:t:68357053	t	68357053	16:68356797-68357053:+	16	68356797	68357053	+	104.0	0.984		0.944	-0.039			welch	0.48740867741669713	0.9655019792943904	0	0	1.0	0.965	1.0	1.0	1.0	0.774	85	173	114	83	107	62
cadm1_high		chr8:PUF60:t:143821913|8:143821913-143824312:-	PUF60	chr8:PUF60:t:143821913	t	143821913	8:143821913-143824312:-	8	143821913	143824312	-	220.2	0.762		0.723	-0.039	-0.007		welch	0.461996753034342	0.9655019792943904	0	0	0.886	0.778	0.674	0.774	0.701	0.694	140	338	258	199	167	219
cadm1_high		chr12:FOXM1:s:2873976|12:2872244-2873976:-	FOXM1	chr12:FOXM1:s:2873976	s	2873976	12:2872244-2873976:-	12	2872244	2873976	-	106.2	0.315		0.276	-0.039	-0.076		welch	0.643964422155291	0.9695427997180214	0	0	0.444	0.202	0.282	0.276	0.24	0.296	117	99	124	87	75	135
cadm1_high		chr20:NOP56:s:2656214|20:2656214-2656400:+	NOP56	chr20:NOP56:s:2656214	s	2656214	20:2656214-2656400:+	20	2656214	2656400	+	121.0	0.807		0.768	-0.039	-0.026		welch	0.8469689943387947	0.9695427997180214	0	0	0.795	0.912	0.743	0.688	0.825	0.889	127	102	144	173	126	54
cadm1_high		chr1:FAAP20:t:2189781|1:2189781-2193638:-	FAAP20	chr1:FAAP20:t:2189781	t	2189781	1:2189781-2193638:-	1	2189781	2193638	-	107.0	0.892		0.852	-0.039	-0.078		welch	0.9603333063277247	0.982841336109294	0	0	0.71	0.88	0.98	0.832	0.906	0.845	62	166	150	101	53	110
cadm1_high		chr14:MRPL52:s:22829940|14:22829940-22830052:+	MRPL52	chr14:MRPL52:s:22829940	s	22829940	14:22829940-22830052:+	14	22829940	22830052	+	379.3	0.262		0.222	-0.04	-0.001		welch	0.8043766803414557	0.9695427997180214	0	0	0.251	0.24	0.287	0.385	0.185	0.143	387	359	492	278	340	420
cadm1_high		chr16:KARS1:s:75647577|16:75641723-75647577:-	KARS1	chr16:KARS1:s:75647577	s	75647577	16:75641723-75647577:-	16	75641723	75647577	-	120.0	0.874		0.833	-0.04	-0.009		welch	0.6794540097498803	0.9695427997180214	0	0	0.847	0.902	0.845	0.946	0.836	0.713	85	184	103	112	128	108
cadm1_high		chr11:AAMDC:s:77821241|11:77821241-77841018:+	AAMDC	chr11:AAMDC:s:77821241	s	77821241	11:77821241-77841018:+	11	77821241	77841018	+	144.5	0.153		0.112	-0.041	-0.035		welch	0.8127950664384261	0.9695427997180214	0	0	0.236	0.065	0.172	0.06	0.058	0.286	89	123	174	248	121	112
cadm1_high		chr12:TDG:s:103966060|12:103966060-103976917:+	TDG	chr12:TDG:s:103966060	s	103966060	12:103966060-103976917:+	12	103966060	103976917	+	114.3	0.769		0.729	-0.041	-0.122		welch	0.641176841703011	0.9695427997180214	0	0	0.859	0.684	0.804	0.705	0.624	0.879	85	133	107	129	125	107
cadm1_high		chr1:MICOS10-NBL1:t:19623473|1:19622147-19623473:+	MICOS10-NBL1	chr1:MICOS10-NBL1:t:19623473	t	19623473	1:19622147-19623473:+	1	19622147	19623473	+	109.5	0.903		0.862	-0.041	-0.056		welch	0.6636014041837481	0.9695427997180214	0	0	0.871	0.987	0.84	0.968	0.695	0.9	70	149	162	94	82	100
cadm1_high		chr1:ENSG00000233461:t:231522637|1:231522637-231528419:-	ENSG00000233461	chr1:ENSG00000233461:t:231522637	t	231522637	1:231522637-231528419:-	1	231522637	231528419	-	166.5	0.244		0.199	-0.045	-0.056		welch	0.8466620506284349	0.9695427997180214	0	0	0.039	0.315	0.333	0.142	0.305	0.172	129	216	126	197	151	180
cadm1_high		chr19:PRKCSH:t:11447692|19:11447597-11447692:+	PRKCSH	chr19:PRKCSH:t:11447692	t	11447692	19:11447597-11447692:+	19	11447597	11447692	+	123.2	0.6		0.554	-0.045	-0.065		welch	0.6516829489320449	0.9695427997180214	0	0	0.667	0.496	0.635	0.615	0.646	0.396	84	123	200	91	130	111
cadm1_high		chr19:PRMT1:t:49680486|19:49677316-49680486:+	PRMT1	chr19:PRMT1:t:49680486	t	49680486	19:49677316-49680486:+	19	49677316	49680486	+	222.5	0.775		0.73	-0.045	-0.029		welch	0.5434272857624783	0.9695427997180214	0	0	0.876	0.82	0.655	0.737	0.769	0.699	178	211	232	213	199	302
cadm1_high		chr19:DNM2:t:10798485|19:10796199-10798485:+	DNM2	chr19:DNM2:t:10798485	t	10798485	19:10796199-10798485:+	19	10796199	10798485	+	100.5	0.436		0.39	-0.046	-0.071		welch	0.6597350003901273	0.9695427997180214	0	0	0.508	0.281	0.495	0.404	0.411	0.355	118	89	91	156	56	93
cadm1_high		chr15:MRPS11:s:88467782|15:88467782-88467910:+	MRPS11	chr15:MRPS11:s:88467782	s	88467782	15:88467782-88467910:+	15	88467782	88467910	+	123.0	0.35		0.302	-0.048	-0.017		welch	0.6690556970676957	0.9695427997180214	0	0	0.432	0.438	0.178	0.299	0.372	0.244	125	169	146	134	78	86
cadm1_high		chr9:CDKN2A:t:21971208|9:21971208-21974677:-	CDKN2A	chr9:CDKN2A:t:21971208	t	21971208	9:21971208-21974677:-	9	21971208	21974677	-	184.8	0.414		0.364	-0.05	-0.054		welch	0.42968490104297147	0.9655019792943904	0	0	0.513	0.386	0.345	0.398	0.41	0.242	187	251	171	176	200	124
cadm1_high		chr11:AAMDC:t:77842478|11:77841060-77842478:+	AAMDC	chr11:AAMDC:t:77842478	t	77842478	11:77841060-77842478:+	11	77841060	77842478	+	151.7	0.141		0.09	-0.05	-0.056		welch	0.7839099024369353	0.9695427997180214	0	0	0.198	0.061	0.167	0.031	0.041	0.274	101	131	180	259	122	117
cadm1_high		chr20:MCTS2:s:31561736|20:31561736-31566209:+	MCTS2	chr20:MCTS2:s:31561736	s	31561736	20:31561736-31566209:+	20	31561736	31566209	+	105.5	0.876		0.821	-0.055	-0.012		welch	0.44587229989084687	0.9655019792943904	0	0	0.959	0.767	0.922	0.79	0.904	0.767	74	120	154	105	94	86
cadm1_high		chr7:CYREN:t:135169060|7:135169060-135170398:-	CYREN	chr7:CYREN:t:135169060	t	135169060	7:135169060-135170398:-	7	135169060	135170398	-	111.5	0.719		0.664	-0.055	-0.053		welch	0.6049252320277199	0.9695427997180214	0	0	0.805	0.667	0.694	0.793	0.611	0.643	118	120	157	58	90	126
cadm1_high		chr12:PYM1:t:55903480|12:55903480-55927075:-	PYM1	chr12:PYM1:t:55903480	t	55903480	12:55903480-55927075:-	12	55903480	55927075	-	117.0	0.245		0.189	-0.056	-0.052		welch	0.5761236902312936	0.9695427997180214	0	0	0.363	0.151	0.272	0.099	0.323	0.202	91	152	125	152	93	89
cadm1_high		chr7:FIS1:s:101244959|7:101240906-101244959:-	FIS1	chr7:FIS1:s:101244959	s	101244959	7:101240906-101244959:-	7	101240906	101244959	-	239.8	0.162		0.105	-0.057	-0.055		welch	0.31278730551400563	0.9655019792943904	0	0	0.13	0.295	0.124	0.168	0.063	0.087	292	176	378	190	207	196
cadm1_high		chr7:NUDT1:t:2244562|7:2242256-2244562:+	NUDT1	chr7:NUDT1:t:2244562	t	2244562	7:2242256-2244562:+	7	2242256	2244562	+	205.3	0.731		0.674	-0.057	-0.04		welch	0.3345057026625428	0.9655019792943904	0	0	0.777	0.735	0.702	0.617	0.578	0.782	157	223	275	196	147	234
cadm1_high		chr6:BAG6:s:31640198|6:31639646-31640198:-	BAG6	chr6:BAG6:s:31640198	s	31640198	6:31639646-31640198:-	6	31639646	31640198	-	224.5	0.502		0.442	-0.06	-0.041		welch	0.44538015337794823	0.9655019792943904	0	0	0.528	0.406	0.57	0.514	0.343	0.467	142	244	291	245	230	195
cadm1_high		chr6:GMNN:t:24777221|6:24775244-24777221:+	GMNN	chr6:GMNN:t:24777221	t	24777221	6:24775244-24777221:+	6	24775244	24777221	+	149.7	0.507		0.446	-0.06	-0.14		welch	0.44058010890370586	0.9655019792943904	0	0	0.636	0.483	0.444	0.517	0.318	0.503	107	201	142	143	148	157
cadm1_high		chr10:WAC:t:28533997|10:28533007-28533997:+	WAC	chr10:WAC:t:28533997	t	28533997	10:28533007-28533997:+	10	28533007	28533997	+	106.5	0.313		0.253	-0.06	0.014		welch	0.615436053205064	0.9695427997180214	0	0	0.433	0.205	0.363	0.433	0.252	0.135	67	122	102	97	103	148
cadm1_high		chr16:GABARAPL2:s:75566907|16:75566907-75568036:+	GABARAPL2	chr16:GABARAPL2:s:75566907	s	75566907	16:75566907-75568036:+	16	75566907	75568036	+	117.7	0.95		0.889	-0.061	-0.049		welch	0.40826908342631113	0.9655019792943904	0	0	0.929	0.956	0.953	0.903	0.76	0.977	56	91	171	154	104	130
cadm1_high		chr19:RAD23A:s:12949159|19:12949159-12949277:+	RAD23A	chr19:RAD23A:s:12949159	s	12949159	19:12949159-12949277:+	19	12949159	12949277	+	164.5	0.399		0.338	-0.061	-0.041		welch	0.5068987444152339	0.9655019792943904	0	0	0.608	0.314	0.405	0.223	0.398	0.46	79	210	237	206	118	137
cadm1_high		chr16:VKORC1:s:31094556|16:31093421-31094556:-	VKORC1	chr16:VKORC1:s:31094556	s	31094556	16:31093421-31094556:-	16	31093421	31094556	-	159.5	0.623		0.562	-0.061	-0.031		welch	0.6269819122729704	0.9695427997180214	0	0	0.599	0.765	0.488	0.708	0.465	0.504	162	183	162	161	172	117
cadm1_high		chr7:ATP5MF:t:99460193|7:99460193-99466128:-	ATP5MF	chr7:ATP5MF:t:99460193	t	99460193	7:99460193-99466128:-	7	99460193	99466128	-	321.3	0.319		0.258	-0.062	-0.091		welch	0.44894540941950484	0.9655019792943904	0	0	0.301	0.334	0.322	0.349	0.295	0.122	296	287	453	364	224	304
cadm1_high		chr19:DNM2:s:10805967|19:10805967-10808568:+	DNM2	chr19:DNM2:s:10805967	s	10805967	19:10805967-10808568:+	19	10805967	10808568	+	114.3	0.186		0.124	-0.062	-0.071		welch	0.6358034664232092	0.9695427997180214	0	0	0.011	0.275	0.253	0.115	0.029	0.234	90	102	99	131	136	128
cadm1_high		chr10:PRPF18:t:13597457|10:13587152-13597457:+	PRPF18	chr10:PRPF18:t:13597457	t	13597457	10:13587152-13597457:+	10	13587152	13597457	+	101.3	0.924		0.862	-0.062	-0.102		welch	0.5819990708026388	0.9695427997180214	0	0	0.993	0.975	0.765	0.821	0.865	0.902	135	121	98	67	126	61
cadm1_high		chr10:NOLC1:t:102159432|10:102159338-102159432:+	NOLC1	chr10:NOLC1:t:102159432	t	102159432	10:102159338-102159432:+	10	102159338	102159432	+	154.5	0.245		0.182	-0.063	-0.083		welch	0.6136622323413056	0.9695427997180214	0	0	0.112	0.383	0.174	0.228	0.14	0.152	98	154	115	246	150	164
cadm1_high		chr19:CARM1:t:10921614|19:10921127-10921614:+	CARM1	chr19:CARM1:t:10921614	t	10921614	19:10921127-10921614:+	19	10921127	10921614	+	103.2	0.79		0.725	-0.065	-0.081		welch	0.5998121764110371	0.9695427997180214	0	0	0.718	0.82	0.827	0.544	0.747	0.885	110	100	133	90	99	87
cadm1_high		chr6:ACAT2:s:159763053|6:159763053-159775169:+	ACAT2	chr6:ACAT2:s:159763053	s	159763053	6:159763053-159775169:+	6	159763053	159775169	+	103.8	0.067		0.0	-0.067			welch	0.3286828866573811	0.9655019792943904	0	0	0.0	0.25	0.045	0.0	0.0	0.0	71	44	154	119	101	134
cadm1_high		chr12:CBX5:t:54257692|12:54257692-54280007:-	CBX5	chr12:CBX5:t:54257692	t	54257692	12:54257692-54280007:-	12	54257692	54280007	-	160.7	0.815		0.748	-0.067	-0.047		welch	0.3690602764778643	0.9655019792943904	0	0	0.846	0.817	0.79	0.735	0.859	0.639	123	213	167	151	163	147
cadm1_high		chr16:KARS1:t:75641723|16:75641723-75647577:-	KARS1	chr16:KARS1:t:75641723	t	75641723	16:75641723-75647577:-	16	75641723	75647577	-	153.7	0.7		0.633	-0.067	-0.067		welch	0.6071017428817411	0.9695427997180214	0	0	0.673	0.776	0.608	0.774	0.591	0.55	107	214	143	137	181	140
cadm1_high		chr3:TRA2B:s:185937824|3:185931852-185937824:-	TRA2B	chr3:TRA2B:s:185937824	s	185937824	3:185931852-185937824:-	3	185931852	185937824	-	205.8	0.384		0.317	-0.068	-0.051		welch	0.5110947570095096	0.9655019792943904	0	0	0.307	0.396	0.415	0.22	0.426	0.321	114	285	176	254	216	190
cadm1_high		chr7:SSBP1:t:141739123|7:141738410-141739123:+	SSBP1	chr7:SSBP1:t:141739123	t	141739123	7:141738410-141739123:+	7	141738410	141739123	+	118.8	0.232		0.164	-0.068	0.021		welch	0.42184920443875495	0.9655019792943904	0	0	0.551	0.181	0.137	0.237	0.102	0.131	78	188	161	114	88	84
cadm1_high		chr2:MRPL33:t:27779432|2:27774530-27779432:+	MRPL33	chr2:MRPL33:t:27779432	t	27779432	2:27774530-27779432:+	2	27774530	27779432	+	128.2	0.471		0.401	-0.07	-0.067		welch	0.43092988044902647	0.9655019792943904	0	0	0.65	0.469	0.336	0.345	0.463	0.375	103	128	134	116	160	128
cadm1_high		chr1:DNAJC8:s:28232920|1:28205306-28232920:-	DNAJC8	chr1:DNAJC8:s:28232920	s	28232920	1:28205306-28232920:-	1	28205306	28232920	-	174.2	0.146		0.075	-0.071	-0.068		welch	0.30340083814782365	0.9655019792943904	0	0	0.269	0.035	0.212	0.07	0.095	0.061	108	201	137	185	201	213
cadm1_high		chr9:ANKRD18B:s:33541227|9:33541227-33543184:+	ANKRD18B	chr9:ANKRD18B:s:33541227	s	33541227	9:33541227-33543184:+	9	33541227	33543184	+	126.8	0.777		0.706	-0.071	-0.055		welch	0.6089598961554694	0.9695427997180214	0	0	0.615	0.866	0.81	0.673	0.77	0.707	65	97	58	266	135	140
cadm1_high		chr12:TARBP2:s:53504469|12:53504469-53504611:+	TARBP2	chr12:TARBP2:s:53504469	s	53504469	12:53504469-53504611:+	12	53504469	53504611	+	133.8	0.131		0.056	-0.075	-0.074		welch	0.39403226960476745	0.9655019792943904	0	0	0.035	0.217	0.106	0.13	0.037	0.0	115	180	170	115	108	115
cadm1_high		chr19:PTBP1:s:805187|19:805187-805491:+	PTBP1	chr19:PTBP1:s:805187	s	805187	19:805187-805491:+	19	805187	805491	+	248.3	0.474		0.4	-0.075	0.017		welch	0.27691913556290265	0.9655019792943904	0	0	0.508	0.478	0.438	0.382	0.494	0.297	264	297	276	207	251	195
cadm1_high		chr5:RPL26L1:t:172959864|5:172959007-172959864:+	RPL26L1	chr5:RPL26L1:t:172959864	t	172959864	5:172959007-172959864:+	5	172959007	172959864	+	162.7	0.5		0.425	-0.075	-0.003		welch	0.3775684100159441	0.9655019792943904	0	0	0.562	0.594	0.37	0.465	0.384	0.438	130	155	173	172	216	130
cadm1_high		chr12:SFSWAP:s:131756644|12:131756644-131766117:+	SFSWAP	chr12:SFSWAP:s:131756644	s	131756644	12:131756644-131766117:+	12	131756644	131766117	+	133.0	0.379		0.305	-0.075	-0.036		welch	0.599329630158035	0.9695427997180214	0	0	0.404	0.327	0.408	0.151	0.488	0.317	151	171	184	106	82	104
cadm1_high		chr16:ATP2A1-AS1:s:28879541|16:28879104-28879541:-	ATP2A1-AS1	chr16:ATP2A1-AS1:s:28879541	s	28879541	16:28879104-28879541:-	16	28879104	28879541	-	252.0	0.736		0.66	-0.076	-0.067		welch	0.21935743304271219	0.9655019792943904	0	0	0.789	0.822	0.649	0.667	0.642	0.673	247	230	376	216	229	214
cadm1_high		chr5:HNRNPH1:t:179623164|5:179623164-179623280:-	HNRNPH1	chr5:HNRNPH1:t:179623164	t	179623164	5:179623164-179623280:-	5	179623164	179623280	-	134.0	0.119		0.042	-0.077	-0.053		welch	0.6277788910752421	0.9695427997180214	0	0	0.0	0.0	0.288	0.0	0.0	0.118	77	130	146	139	151	161
cadm1_high		chr4:MRPS18C:s:83456958|4:83456958-83459739:+	MRPS18C	chr4:MRPS18C:s:83456958	s	83456958	4:83456958-83459739:+	4	83456958	83459739	+	138.0	0.642		0.563	-0.079	-0.023		welch	0.7539253044206196	0.9695427997180214	0	0	0.557	0.648	0.718	0.768	0.387	0.642	106	182	103	112	191	134
cadm1_high		chr11:ANAPC15:s:72112649|11:72111286-72112649:-	ANAPC15	chr11:ANAPC15:s:72112649	s	72112649	11:72111286-72112649:-	11	72111286	72112649	-	139.2	0.213		0.132	-0.082	-0.028		welch	0.32428520034714076	0.9655019792943904	0	0	0.345	0.211	0.109	0.121	0.042	0.213	113	166	138	149	119	150
cadm1_high		chr11:ANAPC15:t:72111286|11:72111286-72111441:-	ANAPC15	chr11:ANAPC15:t:72111286	t	72111286	11:72111286-72111441:-	11	72111286	72111441	-	174.3	0.203		0.12	-0.082	-0.072		welch	0.38949435943134464	0.9655019792943904	0	0	0.073	0.216	0.325	0.158	0.134	0.081	165	204	154	165	149	209
cadm1_high		chr8:SNHG6:t:66922392|8:66922392-66925436:-	SNHG6	chr8:SNHG6:t:66922392	t	66922392	8:66922392-66925436:-	8	66922392	66925436	-	165.8	0.552		0.47	-0.082	-0.094		welch	0.46742234089304296	0.9655019792943904	0	0	0.4	0.548	0.681	0.472	0.483	0.457	115	230	144	199	145	162
cadm1_high		chr19:PRKCSH:s:11447618|19:11447618-11447722:+	PRKCSH	chr19:PRKCSH:s:11447618	s	11447618	19:11447618-11447722:+	19	11447618	11447722	+	140.2	0.665		0.582	-0.083	-0.047		welch	0.31799146972073183	0.9655019792943904	0	0	0.708	0.703	0.599	0.713	0.521	0.507	96	209	182	122	96	136
cadm1_high		chr8:EEF1D:s:143597347|8:143586849-143597347:-	EEF1D	chr8:EEF1D:s:143597347	s	143597347	8:143586849-143597347:-	8	143586849	143597347	-	114.5	0.159		0.076	-0.083	-0.03		welch	0.5282895765594018	0.9695427997180214	0	0	0.045	0.062	0.382	0.077	0.133	0.028	132	129	123	104	90	109
cadm1_high		chr19:USF2:s:35269699|19:35269699-35270446:+	USF2	chr19:USF2:s:35269699	s	35269699	19:35269699-35270446:+	19	35269699	35270446	+	158.7	0.661		0.576	-0.085	-0.095		welch	0.533156451995247	0.9695427997180214	0	0	0.581	0.7	0.68	0.472	0.755	0.535	129	180	178	193	143	129
cadm1_high		chr5:GRK6:t:177441734|5:177441053-177441736:+	GRK6	chr5:GRK6:t:177441734	t	177441734	5:177441053-177441736:+	5	177441053	177441736	+	104.3	0.632		0.546	-0.086	-0.029		welch	0.6268647201048279	0.9695427997180214	0	0	0.701	0.558	0.642	0.49	0.358	0.816	87	104	151	102	95	87
cadm1_high		chr4:TNIP2:s:2745445|4:2744506-2745445:-	TNIP2	chr4:TNIP2:s:2745445	s	2745445	4:2744506-2745445:-	4	2744506	2745445	-	108.7	0.104		0.018	-0.087			welch	0.28645925374491554	0.9655019792943904	0	0	0.237	0.036	0.063	0.0	0.0	0.065	93	112	111	116	128	92
cadm1_high		chr19:ERCC1:t:45413745|19:45413745-45413962:-	ERCC1	chr19:ERCC1:t:45413745	t	45413745	19:45413745-45413962:-	19	45413745	45413962	-	132.8	0.612		0.525	-0.087	-0.127		welch	0.26247858823468295	0.9655019792943904	0	0	0.609	0.715	0.52	0.48	0.595	0.5	87	158	175	152	131	94
cadm1_high		chr5:GRK6:s:177441053|5:177441053-177441736:+	GRK6	chr5:GRK6:s:177441053	s	177441053	5:177441053-177441736:+	5	177441053	177441736	+	108.7	0.608		0.522	-0.087	-0.029		welch	0.6718521588362708	0.9695427997180214	0	0	0.635	0.558	0.626	0.435	0.358	0.816	96	104	155	115	95	87
cadm1_high		chr19:DNM2:t:10812263|19:10808580-10812263:+	DNM2	chr19:DNM2:t:10812263	t	10812263	19:10808580-10812263:+	19	10808580	10812263	+	115.7	0.21		0.122	-0.088	-0.096		welch	0.519055124100638	0.9655019792943904	0	0	0.022	0.327	0.253	0.141	0.029	0.203	91	110	99	135	136	123
cadm1_high		chrX:NAA10:t:153932584|X:153932584-153933942:-	NAA10	chrX:NAA10:t:153932584	t	153932584	X:153932584-153933942:-	X	153932584	153933942	-	254.2	0.611		0.523	-0.088	-0.112		welch	0.29154584434152037	0.9655019792943904	0	0	0.585	0.595	0.659	0.393	0.58	0.592	195	301	208	272	250	299
cadm1_high		chrX:FMR1:s:147943326|X:147943326-147944868:+	FMR1	chrX:FMR1:s:147943326	s	147943326	X:147943326-147944868:+	X	147943326	147944868	+	246.5	0.628		0.539	-0.089	-0.038		welch	0.7118422968801565	0.9695427997180214	0	0	0.721	0.686	0.388	0.673	0.418	0.55	452	258	237	196	225	111
cadm1_high		chr3:UQCC5:t:52540423|3:52534877-52540423:+	UQCC5	chr3:UQCC5:t:52540423	t	52540423	3:52534877-52540423:+	3	52534877	52540423	+	114.8	0.164		0.074	-0.09	-0.053		welch	0.22604603565534523	0.9655019792943904	1	0	0.339	0.144	0.106	0.079	0.039	0.101	62	181	123	101	103	119
cadm1_high		chr16:PSMB10:t:67934948|16:67934948-67935419:-	PSMB10	chr16:PSMB10:t:67934948	t	67934948	16:67934948-67935419:-	16	67934948	67935419	-	122.7	0.805		0.715	-0.091	-0.097		welch	0.48231550834765224	0.9655019792943904	0	0	0.817	0.79	0.805	0.89	0.701	0.606	191	143	118	73	107	104
cadm1_high		chr5:HNRNPH1:t:179623164|5:179623164-179623594:-	HNRNPH1	chr5:HNRNPH1:t:179623164	t	179623164	5:179623164-179623594:-	5	179623164	179623594	-	134.0	0.462		0.37	-0.091	-0.121		welch	0.25924307441573896	0.9655019792943904	0	0	0.377	0.554	0.425	0.324	0.351	0.429	77	130	146	139	151	161
cadm1_high		chr3:UQCC5:t:52540423|3:52536773-52540423:+	UQCC5	chr3:UQCC5:t:52540423	t	52540423	3:52536773-52540423:+	3	52536773	52540423	+	114.8	0.366		0.276	-0.091	-0.109		welch	0.7199789689398784	0.9695427997180214	0	0	0.226	0.32	0.504	0.307	0.515	0.042	62	181	123	101	103	119
cadm1_high		chr16:INO80E:t:30005220|16:30001040-30005220:+	INO80E	chr16:INO80E:t:30005220	t	30005220	16:30001040-30005220:+	16	30001040	30005220	+	185.0	0.316		0.224	-0.092	-0.091		welch	0.34070731927955444	0.9655019792943904	0	0	0.534	0.246	0.278	0.31	0.046	0.296	116	195	299	145	152	203
cadm1_high		chr16:CARMIL2:t:67657238|16:67656881-67657238:+	CARMIL2	chr16:CARMIL2:t:67657238	t	67657238	16:67656881-67657238:+	16	67656881	67657238	+	191.2	0.259		0.167	-0.092	-0.067		welch	0.2665920183475558	0.9655019792943904	0	0	0.306	0.138	0.345	0.103	0.137	0.245	170	203	194	174	190	216
cadm1_high		chr19:CLASRP:t:45068419|19:45068054-45068419:+	CLASRP	chr19:CLASRP:t:45068419	t	45068419	19:45068054-45068419:+	19	45068054	45068419	+	190.8	0.739		0.646	-0.092	-0.095		welch	0.17442448311996986	0.9655019792943904	0	0	0.699	0.718	0.777	0.539	0.659	0.703	176	202	292	115	185	175
cadm1_high		chr2:PPP1R7:s:241166441|2:241166441-241167044:+	PPP1R7	chr2:PPP1R7:s:241166441	s	241166441	2:241166441-241167044:+	2	241166441	241167044	+	159.8	0.786		0.693	-0.093	-0.082		welch	0.28884761800113706	0.9655019792943904	0	0	0.704	0.783	0.865	0.713	0.78	0.55	169	207	185	171	127	100
cadm1_high		chr9:SURF2:t:133357710|9:133357068-133357710:+	SURF2	chr9:SURF2:t:133357710	t	133357710	9:133357068-133357710:+	9	133357068	133357710	+	152.7	0.815		0.721	-0.093	0.002		welch	0.4247516975591567	0.9655019792943904	0	0	0.856	0.802	0.789	0.86	0.765	0.535	146	217	133	121	170	129
cadm1_high		chr21:GET1:t:39390697|21:39380486-39390697:+	GET1	chr21:GET1:t:39390697	t	39390697	21:39380486-39390697:+	21	39380486	39390697	+	118.5	0.742		0.648	-0.094	-0.054		welch	0.10745482973059724	0.9655019792943904	1	0	0.862	0.734	0.707	0.596	0.697	0.642	65	154	188	104	119	81
cadm1_high		chr7:HOXA10:t:27172173|7:27172173-27173348:-	HOXA10	chr7:HOXA10:t:27172173	t	27172173	7:27172173-27173348:-	7	27172173	27173348	-	118.2	0.528		0.434	-0.094	-0.094		welch	0.28584784595093465	0.9655019792943904	0	0	0.622	0.442	0.482	0.395	0.494	0.417	185	129	139	76	77	103
cadm1_high		chr9:TMEM141:t:136791946|9:136791777-136791946:+	TMEM141	chr9:TMEM141:t:136791946	t	136791946	9:136791777-136791946:+	9	136791777	136791946	+	107.3	0.818		0.724	-0.094	-0.077		welch	0.41039094021010436	0.9655019792943904	0	0	0.708	0.933	0.772	0.681	0.823	0.68	65	119	145	69	96	150
cadm1_high		chr16:GSPT1:s:11897839|16:11896785-11897839:-	GSPT1	chr16:GSPT1:s:11897839	s	11897839	16:11896785-11897839:-	16	11896785	11897839	-	128.8	0.917		0.822	-0.095	-0.095		welch	0.26056719445347243	0.9655019792943904	0	0	0.971	0.952	0.842	0.835	0.76	0.925	105	124	133	109	196	106
cadm1_high		chr19:TCF3:s:1615685|19:1615520-1615685:-	TCF3	chr19:TCF3:s:1615685	s	1615685	19:1615520-1615685:-	19	1615520	1615685	-	198.7	0.403		0.308	-0.095	-0.072		welch	0.17545338135623748	0.9655019792943904	0	0	0.514	0.329	0.399	0.306	0.333	0.279	179	258	233	209	177	136
cadm1_high		chr7:DBNL:s:44058280|7:44058280-44058428:+	DBNL	chr7:DBNL:s:44058280	s	44058280	7:44058280-44058428:+	7	44058280	44058428	+	129.3	0.386		0.29	-0.097	-0.144		welch	0.4610911562368255	0.9655019792943904	0	0	0.292	0.282	0.556	0.383	0.212	0.277	113	117	135	133	137	141
cadm1_high		chrX:EOLA2:t:149937480|X:149937480-149938192:-	EOLA2	chrX:EOLA2:t:149937480	t	149937480	X:149937480-149938192:-	X	149937480	149938192	-	120.0	0.813		0.713	-0.1	-0.151		welch	0.18581325249355854	0.9655019792943904	0	0	0.787	0.742	0.905	0.688	0.673	0.782	80	120	116	109	162	133
cadm1_high		chr2:MRPL33:s:27772692|2:27772692-27774423:+	MRPL33	chr2:MRPL33:s:27772692	s	27772692	2:27772692-27774423:+	2	27772692	27774423	+	116.0	0.454		0.352	-0.102	-0.156		welch	0.34470170912184367	0.9655019792943904	0	0	0.644	0.477	0.288	0.333	0.429	0.262	87	130	118	111	147	103
cadm1_high		chr12:TMEM106C:t:47964208|12:47963704-47964208:+	TMEM106C	chr12:TMEM106C:t:47964208	t	47964208	12:47963704-47964208:+	12	47963704	47964208	+	128.2	0.395		0.293	-0.102	-0.144		welch	0.21415494862080287	0.9655019792943904	0	0	0.504	0.299	0.392	0.239	0.33	0.313	133	147	148	117	109	115
cadm1_high		chr7:GIGYF1:t:100681771|7:100681771-100682071:-	GIGYF1	chr7:GIGYF1:t:100681771	t	100681771	7:100681771-100682071:-	7	100681771	100682071	-	111.7	0.147		0.045	-0.102	-0.056		welch	0.19929393132343765	0.9655019792943904	1	0	0.132	0.309	0.086	0.046	0.02	0.082	114	81	186	130	98	61
cadm1_high		chr19:ERCC1:s:45414860|19:45414034-45414860:-	ERCC1	chr19:ERCC1:s:45414860	s	45414860	19:45414034-45414860:-	19	45414034	45414860	-	106.8	0.617		0.514	-0.103	-0.146		welch	0.3442881214680753	0.9655019792943904	0	0	0.617	0.793	0.469	0.504	0.606	0.405	60	121	143	129	109	79
cadm1_high		chr16:ZNF598:t:2001191|16:2001191-2001591:-	ZNF598	chr16:ZNF598:t:2001191	t	2001191	16:2001191-2001591:-	16	2001191	2001591	-	142.7	0.221		0.116	-0.104	-0.093		welch	0.2442441066746826	0.9655019792943904	0	0	0.384	0.097	0.234	0.068	0.038	0.199	86	144	291	147	52	136
cadm1_high		chr16:RPS15A:t:18789118|16:18789118-18789896:-	RPS15A	chr16:RPS15A:t:18789118	t	18789118	16:18789118-18789896:-	16	18789118	18789896	-	192.8	0.285		0.18	-0.104	-0.069		welch	0.4378187742129565	0.9655019792943904	0	0	0.18	0.26	0.372	0.178	0.322	0.08	133	269	234	174	146	201
cadm1_high		chr6:RNF8:s:37371574|6:37371574-37376925:+	RNF8	chr6:RNF8:s:37371574	s	37371574	6:37371574-37376925:+	6	37371574	37376925	+	182.2	0.192		0.087	-0.105	-0.063		welch	0.3145518987089797	0.9655019792943904	0	0	0.19	0.054	0.335	0.13	0.104	0.021	147	166	161	215	212	192
cadm1_high		chrX:CCNQ:s:153592505|X:153588394-153592505:-	CCNQ	chrX:CCNQ:s:153592505	s	153592505	X:153588394-153592505:-	X	153588394	153592505	-	102.8	0.458		0.353	-0.105	-0.108		welch	0.4273670020369217	0.9655019792943904	0	0	0.278	0.469	0.555	0.344	0.218	0.455	72	143	119	93	78	112
cadm1_high		chr1:LINC02609:t:90832196|1:90832196-90851482:-	LINC02609	chr1:LINC02609:t:90832196	t	90832196	1:90832196-90851482:-	1	90832196	90851482	-	107.7	0.902		0.797	-0.105	-0.037		welch	0.12705920740766044	0.9655019792943904	0	0	0.872	0.954	0.88	0.773	0.883	0.736	86	87	83	141	128	121
cadm1_high		chr19:RANBP3:t:5928087|19:5928087-5931418:-	RANBP3	chr19:RANBP3:t:5928087	t	5928087	19:5928087-5931418:-	19	5928087	5931418	-	159.7	0.487		0.382	-0.105	-0.082		welch	0.3238285121045462	0.9655019792943904	0	0	0.462	0.378	0.602	0.391	0.328	0.459	93	196	206	169	183	111
cadm1_high		chr9:ENTR1:t:136407938|9:136407938-136410327:-	ENTR1	chr9:ENTR1:t:136407938	t	136407938	9:136407938-136410327:-	9	136407938	136410327	-	103.3	0.151		0.046	-0.105	-0.167		welch	0.0919276928591342	0.9655019792943904	1	0	0.101	0.245	0.15	0.049	0.095	0.0	99	53	120	162	84	102
cadm1_high		chr5:MACROH2A1:t:135346057|5:135346057-135350822:-	MACROH2A1	chr5:MACROH2A1:t:135346057	t	135346057	5:135346057-135350822:-	5	135346057	135350822	-	102.3	0.113		0.007	-0.107	-0.098		welch	0.16489003095142155	0.9655019792943904	1	0	0.222	0.069	0.062	0.019	0.0	0.0	99	131	96	103	106	79
cadm1_high		chrX:CITED1:t:72302934|X:72302934-72307024:-	CITED1	chrX:CITED1:t:72302934	t	72302934	X:72302934-72307024:-	X	72302934	72307024	-	250.3	0.499		0.391	-0.108	-0.098		welch	0.17067649685740996	0.9655019792943904	0	0	0.556	0.407	0.556	0.489	0.351	0.308	214	295	259	282	231	221
cadm1_high		chr22:POLR3H:t:41532157|22:41532157-41532603:-	POLR3H	chr22:POLR3H:t:41532157	t	41532157	22:41532157-41532603:-	22	41532157	41532603	-	119.3	0.186		0.078	-0.109	-0.08		welch	0.20022859710883323	0.9655019792943904	0	0	0.144	0.096	0.267	0.125	0.064	0.037	90	115	176	112	141	82
cadm1_high		chr17:DUS1L:s:82058780|17:82058416-82058780:-	DUS1L	chr17:DUS1L:s:82058780	s	82058780	17:82058416-82058780:-	17	82058416	82058780	-	164.7	0.909		0.799	-0.11	-0.045		welch	0.12525298310150346	0.9655019792943904	0	0	0.908	0.957	0.863	0.876	0.808	0.719	130	185	190	161	151	171
cadm1_high		chr12:SFSWAP:t:131766117|12:131756644-131766117:+	SFSWAP	chr12:SFSWAP:t:131766117	t	131766117	12:131756644-131766117:+	12	131756644	131766117	+	179.7	0.307		0.196	-0.111	-0.127		welch	0.1469328161943644	0.9655019792943904	0	0	0.279	0.245	0.424	0.124	0.255	0.198	219	229	177	129	157	167
cadm1_high		chr6:PAK1IP1:s:10695069|6:10695069-10697323:+	PAK1IP1	chr6:PAK1IP1:s:10695069	s	10695069	6:10695069-10697323:+	6	10695069	10697323	+	134.7	0.826		0.713	-0.113	-0.017		welch	0.06578889889197059	0.9655019792943904	1	0	0.878	0.781	0.862	0.757	0.76	0.654	74	155	87	181	100	211
cadm1_high		chr5:ATOX1:s:151758545|5:151751779-151758545:-	ATOX1	chr5:ATOX1:s:151758545	s	151758545	5:151751779-151758545:-	5	151751779	151758545	-	101.8	0.945		0.831	-0.114	-0.045		welch	0.23347085059385347	0.9655019792943904	0	0	0.984	0.949	0.925	0.855	0.679	0.94	64	98	147	138	81	83
cadm1_high		chr12:C12orf57:t:6945770|12:6944565-6945770:+	C12orf57	chr12:C12orf57:t:6945770	t	6945770	12:6944565-6945770:+	12	6944565	6945770	+	117.3	0.282		0.168	-0.114	-0.105		welch	0.1603757951090979	0.9655019792943904	0	0	0.207	0.31	0.314	0.21	0.047	0.219	92	113	118	124	106	151
cadm1_high		chr4:GAR1:t:109817935|4:109816378-109817935:+	GAR1	chr4:GAR1:t:109817935	t	109817935	4:109816378-109817935:+	4	109816378	109817935	+	127.3	0.942		0.828	-0.114	-0.052		welch	0.08404249217554206	0.9655019792943904	1	0	0.969	1.0	0.873	0.819	0.836	0.823	97	176	189	83	140	79
cadm1_high		chr5:NOP16:s:176385220|5:176384283-176385220:-	NOP16	chr5:NOP16:s:176385220	s	176385220	5:176384283-176385220:-	5	176384283	176385220	-	261.5	0.375		0.26	-0.115	-0.165		welch	0.19883931675546332	0.9655019792943904	0	0	0.381	0.324	0.442	0.387	0.197	0.241	210	321	231	194	290	323
cadm1_high		chr16:INO80E:s:30001040|16:30001040-30005220:+	INO80E	chr16:INO80E:s:30001040	s	30001040	16:30001040-30005220:+	16	30001040	30005220	+	125.8	0.455		0.338	-0.117	-0.101		welch	0.3633301895759994	0.9655019792943904	0	0	0.517	0.306	0.565	0.484	0.092	0.37	120	157	147	93	76	162
cadm1_high		chr4:PCGF3:s:731110|4:731110-732399:+	PCGF3	chr4:PCGF3:s:731110	s	731110	4:731110-732399:+	4	731110	732399	+	129.5	0.187		0.07	-0.117	-0.037		welch	0.2747166128911817	0.9655019792943904	0	0	0.431	0.045	0.224	0.124	0.017	0.065	72	176	201	121	115	92
cadm1_high		chr7:GGCT:t:30498938|7:30498938-30500535:-	GGCT	chr7:GGCT:t:30498938	t	30498938	7:30498938-30500535:-	7	30498938	30500535	-	123.2	0.256		0.137	-0.118	-0.052		welch	0.051477956202565206	0.9427538116814541	1	0	0.324	0.225	0.222	0.169	0.075	0.156	139	111	176	124	93	96
cadm1_high		chr10:STK32C:t:132330485|10:132330485-132331435:-	STK32C	chr10:STK32C:t:132330485	t	132330485	10:132330485-132331435:-	10	132330485	132331435	-	178.7	0.788		0.667	-0.121	-0.09		welch	0.16399836202155474	0.9655019792943904	1	0	0.785	0.764	0.814	0.56	0.743	0.707	158	182	194	191	183	164
cadm1_high		chr16:ATXN2L:s:28836122|16:28836122-28836727:+	ATXN2L	chr16:ATXN2L:s:28836122	s	28836122	16:28836122-28836727:+	16	28836122	28836727	+	120.0	0.685		0.563	-0.122	-0.011		welch	0.18825926967887954	0.9655019792943904	0	0	0.744	0.613	0.701	0.59	0.398	0.643	90	106	144	144	93	143
cadm1_high		chr4:PCGF3:t:733671|4:732498-733671:+	PCGF3	chr4:PCGF3:t:733671	t	733671	4:732498-733671:+	4	732498	733671	+	125.0	0.176		0.054	-0.122	-0.058		welch	0.2553237836449251	0.9655019792943904	0	0	0.431	0.057	0.189	0.054	0.061	0.044	72	176	185	112	115	90
cadm1_high		chr6:HDDC2:t:125292909|6:125292909-125300537:-	HDDC2	chr6:HDDC2:t:125292909	t	125292909	6:125292909-125300537:-	6	125292909	125300537	-	144.7	0.769		0.647	-0.122	-0.059		welch	0.19848253445097813	0.9655019792943904	0	0	0.733	0.685	0.923	0.703	0.68	0.534	101	219	143	165	122	118
cadm1_high		chr8:CYRIB:s:129939607|8:129904585-129939607:-	CYRIB	chr8:CYRIB:s:129939607	s	129939607	8:129904585-129939607:-	8	129904585	129939607	-	157.3	0.681		0.556	-0.125	-0.116		welch	0.45402973416282255	0.9655019792943904	0	0	0.692	0.779	0.567	0.288	0.697	0.674	130	190	178	146	165	135
cadm1_high		chr5:CSNK1A1:t:149496860|5:149496860-149505482:-	CSNK1A1	chr5:CSNK1A1:t:149496860	t	149496860	5:149496860-149505482:-	5	149496860	149505482	-	171.3	0.415		0.286	-0.129	-0.13		welch	0.022826702590193093	0.7960703231862641	1	0	0.395	0.39	0.483	0.23	0.297	0.311	157	205	120	139	172	235
cadm1_high		chr9:NTMT1:s:129626295|9:129626295-129634053:+	NTMT1	chr9:NTMT1:s:129626295	s	129626295	9:129626295-129634053:+	9	129626295	129634053	+	105.5	0.25		0.121	-0.129	-0.1		welch	0.3258322072257926	0.9655019792943904	0	0	0.161	0.392	0.144	0.047	0.161	0.173	87	148	125	107	62	104
cadm1_high		chr1:NOC2L:t:944800|1:944800-945056:-	NOC2L	chr1:NOC2L:t:944800	t	944800	1:944800-945056:-	1	944800	945056	-	363.5	0.765		0.636	-0.13	-0.1		welch	0.043484881165355475	0.8945461268301698	1	0	0.716	0.807	0.754	0.69	0.578	0.637	243	420	475	368	353	322
cadm1_high		chr11:AIP:t:67490037|11:67489455-67490037:+	AIP	chr11:AIP:t:67490037	t	67490037	11:67489455-67490037:+	11	67489455	67490037	+	113.2	0.984		0.853	-0.131			welch	0.08823913732573707	0.9655019792943904	1	0	1.0	0.977	0.969	0.776	0.929	0.84	158	172	98	67	84	100
cadm1_high		chr5:TAF9:t:69366595|5:69366595-69369656:-	TAF9	chr5:TAF9:t:69366595	t	69366595	5:69366595-69369656:-	5	69366595	69369656	-	151.8	0.223		0.089	-0.134	-0.055		welch	0.007816454961624782	0.7113287403644318	1	0	0.196	0.232	0.229	0.124	0.064	0.066	97	164	179	194	125	152
cadm1_high		chr9:NTMT1:t:129634053|9:129626295-129634053:+	NTMT1	chr9:NTMT1:t:129634053	t	129634053	9:129626295-129634053:+	9	129626295	129634053	+	115.0	0.239		0.105	-0.134	-0.085		welch	0.2334872676903643	0.9655019792943904	0	0	0.126	0.354	0.178	0.051	0.139	0.126	111	164	101	99	72	143
cadm1_high		chr10:CDC123:s:12246277|10:12246277-12249580:+	CDC123	chr10:CDC123:s:12246277	s	12246277	10:12246277-12249580:+	10	12246277	12249580	+	107.5	0.883		0.747	-0.136	-0.077		welch	0.09486732288809333	0.9655019792943904	0	0	0.942	0.784	0.974	0.74	0.685	0.796	69	111	77	123	108	157
cadm1_high		chr1:RPL22:t:6197756|1:6197756-6199369:-	RPL22	chr1:RPL22:t:6197756	t	6197756	1:6197756-6199369:-	1	6197756	6199369	-	303.7	0.174		0.039	-0.136	-0.104		welch	0.11745191466491509	0.9655019792943904	1	0	0.077	0.263	0.176	0.019	0.025	0.06	311	331	323	212	280	365
cadm1_high		chr19:LSM14A:s:34209051|19:34209051-34215595:+	LSM14A	chr19:LSM14A:s:34209051	s	34209051	19:34209051-34215595:+	19	34209051	34215595	+	160.7	0.401		0.265	-0.137	-0.068		welch	0.23003501001310475	0.9655019792943904	0	0	0.508	0.272	0.491	0.274	0.4	0.16	130	180	106	219	135	194
cadm1_high		chr19:USF2:t:35270446|19:35270003-35270446:+	USF2	chr19:USF2:t:35270446	t	35270446	19:35270003-35270446:+	19	35270003	35270446	+	189.7	0.536		0.396	-0.14	-0.082		welch	0.15590257951381223	0.9655019792943904	0	0	0.595	0.54	0.485	0.405	0.28	0.511	185	274	235	153	150	141
cadm1_high		chr8:RPL8:t:144791307|8:144791307-144791370:-	RPL8	chr8:RPL8:t:144791307	t	144791307	8:144791307-144791370:-	8	144791307	144791370	-	308.0	0.923		0.778	-0.145	-0.128		welch	0.10876833405946931	0.9655019792943904	1	0	0.892	0.947	0.915	0.874	0.778	0.694	260	492	519	182	189	206
cadm1_high		chr12:NOP2:s:6566528|12:6566336-6566528:-	NOP2	chr12:NOP2:s:6566528	s	6566528	12:6566336-6566528:-	12	6566336	6566528	-	109.2	0.63		0.483	-0.148	-0.062		welch	0.15177861481492985	0.9655019792943904	1	0	0.615	0.62	0.658	0.521	0.347	0.571	135	92	111	121	98	98
cadm1_high		chr20:EIF6:s:35284175|20:35280829-35284175:-	EIF6	chr20:EIF6:s:35284175	s	35284175	20:35280829-35284175:-	20	35280829	35284175	-	111.7	0.794		0.643	-0.151	-0.18		welch	0.016334941980744956	0.7840772150757596	1	0	0.782	0.774	0.822	0.619	0.608	0.696	101	137	146	105	79	102
cadm1_high		chr1:POLR3GL:t:145977482|1:145975436-145977482:+	POLR3GL	chr1:POLR3GL:t:145977482	t	145977482	1:145975436-145977482:+	1	145975436	145977482	+	154.5	0.286		0.125	-0.16	-0.1		welch	0.12242057540046122	0.9655019792943904	0	0	0.354	0.348	0.152	0.112	0.02	0.211	175	164	165	169	102	152
cadm1_high		chr19:UBA52:t:18573292|19:18571909-18573292:+	UBA52	chr19:UBA52:t:18573292	t	18573292	19:18571909-18573292:+	19	18571909	18573292	+	167.3	0.478		0.315	-0.163	-0.168		welch	0.25753629630170444	0.9655019792943904	0	0	0.542	0.452	0.462	0.15	0.357	0.49	153	208	262	140	143	98
cadm1_high		chr17:NARF:t:82483715|17:82481211-82483715:+	NARF	chr17:NARF:t:82483715	t	82483715	17:82481211-82483715:+	17	82481211	82483715	+	113.5	0.831		0.667	-0.164	-0.185		welch	0.0817381663809658	0.9655019792943904	0	0	0.746	0.846	0.881	0.662	0.757	0.566	118	104	168	77	115	99
cadm1_high		chr11:SF1:s:64766899|11:64765518-64766899:-	SF1	chr11:SF1:s:64766899	s	64766899	11:64765518-64766899:-	11	64765518	64766899	-	143.2	0.74		0.576	-0.165	-0.106		welch	0.09934249448209526	0.9655019792943904	1	0	0.661	0.842	0.704	0.575	0.578	0.573	118	146	152	120	180	143
cadm1_high		chrX:MECP2:t:154032557|X:154032557-154097603:-	MECP2	chrX:MECP2:t:154032557	t	154032557	X:154032557-154097603:-	X	154032557	154097603	-	170.5	0.472		0.307	-0.165	-0.173		welch	0.1634268982979305	0.9655019792943904	0	0	0.617	0.328	0.52	0.329	0.25	0.358	115	183	200	210	192	123
cadm1_high		chr16:MRPL28:t:370225|16:370225-370443:-	MRPL28	chr16:MRPL28:t:370225	t	370225	16:370225-370443:-	16	370225	370443	-	110.3	0.26		0.091	-0.169	-0.144		welch	0.0006897832480010309	0.29798636313644533	1	0	0.288	0.244	0.267	0.075	0.109	0.113	52	160	165	159	46	80
cadm1_high		chr1:NASP:s:45606591|1:45606591-45607320:+	NASP	chr1:NASP:s:45606591	s	45606591	1:45606591-45607320:+	1	45606591	45607320	+	140.0	0.384		0.209	-0.176	-0.091		welch	0.03970362054105201	0.8945461268301698	1	0	0.346	0.463	0.324	0.247	0.199	0.175	133	147	105	166	146	143
cadm1_high		chr9:TMEM141:s:136791424|9:136791424-136791710:+	TMEM141	chr9:TMEM141:s:136791424	s	136791424	9:136791424-136791710:+	9	136791424	136791710	+	110.8	0.702		0.521	-0.181	-0.133		welch	0.08392983706867961	0.9655019792943904	1	0	0.68	0.825	0.61	0.479	0.6	0.493	75	114	136	96	100	144
cadm1_high		chr7:SRRT:s:100885040|7:100885040-100885212:+	SRRT	chr7:SRRT:s:100885040	s	100885040	7:100885040-100885212:+	7	100885040	100885212	+	165.7	0.714		0.526	-0.188	-0.173		welch	0.00841923168472124	0.7113287403644318	1	0	0.727	0.68	0.744	0.574	0.539	0.475	121	181	160	136	219	177
cadm1_high		chrX:MECP2:s:154097603|X:154032557-154097603:-	MECP2	chrX:MECP2:s:154097603	s	154097603	X:154032557-154097603:-	X	154032557	154097603	-	160.0	0.516		0.319	-0.198	-0.232		welch	0.11560142149451211	0.9655019792943904	0	0	0.546	0.373	0.634	0.325	0.267	0.389	130	161	164	212	180	113
cadm1_high		chr1:POLR3GL:s:145975436|1:145975436-145977482:+	POLR3GL	chr1:POLR3GL:s:145975436	s	145975436	1:145975436-145977482:+	1	145975436	145977482	+	111.5	0.389		0.177	-0.212	-0.138		welch	0.09558489219752196	0.9655019792943904	0	0	0.466	0.442	0.231	0.171	0.029	0.271	133	129	108	111	70	118
cadm1_high		chr16:TNRC6A:s:24729846|16:24729846-24730252:+	TNRC6A	chr16:TNRC6A:s:24729846	s	24729846	16:24729846-24730252:+	16	24729846	24730252	+	126.3	0.753		0.46	-0.293	-0.3		welch	0.02948408604393571	0.7960703231862641	1	0	0.652	0.844	0.758	0.368	0.505	0.57	92	96	120	185	186	79
cadm1_high		chr16:TNRC6A:t:24750725|16:24730300-24750725:+	TNRC6A	chr16:TNRC6A:t:24750725	t	24750725	16:24730300-24750725:+	16	24730300	24750725	+	121.2	0.776		0.458	-0.318	-0.297		welch	0.011526160144794033	0.7113287403644318	1	0	0.663	0.824	0.835	0.391	0.539	0.414	92	85	109	192	191	58
