contrast	rank	junction_id	gene	lsv	side	anchor	junction	chrom	start	end	strand	mean_lsv_total	psi_ctl	psi_mid	psi_treated	dpsi	dpsi_dedup	slope	test	p	padj	consistent	hit	psi_Hek_control_1	psi_Hek_control_2	psi_Hek_control_3	psi_Ris_dose_25mM-1	psi_Ris_dose_25mM-2	psi_Ris_dose_25mM-3	n_Hek_control_1	n_Hek_control_2	n_Hek_control_3	n_Ris_dose_25mM-1	n_Ris_dose_25mM-2	n_Ris_dose_25mM-3
ris_low	1	chr7:SRRT:s:100885040|7:100885040-100885215:+	SRRT	chr7:SRRT:s:100885040	s	100885040	7:100885040-100885215:+	7	100885040	100885215	+	141.8	0.286		0.602	0.316	0.288		welch	0.0020821326774774257	0.4424531939639538	1	0	0.273	0.32	0.256	0.537	0.605	0.642	121	181	160	121	81	187
ris_low	2	chrX:NONO:t:71290628|X:71283721-71290628:+	NONO	chrX:NONO:t:71290628	t	71290628	X:71283721-71290628:+	X	71283721	71290628	+	101.8	0.151		0.386	0.235	0.271		welch	0.03156904333156143	0.9646329354635802	1	0	0.198	0.112	0.161	0.293	0.371	0.468	111	169	124	58	70	79
ris_low	3	chr16:GSPT1:s:11897839|16:11896782-11897839:-	GSPT1	chr16:GSPT1:s:11897839	s	11897839	16:11896782-11897839:-	16	11896782	11897839	-	107.7	0.083		0.299	0.216	0.157		welch	0.2163433730390324	0.9646329354635802	0	0	0.029	0.048	0.158	0.22	0.095	0.429	105	124	133	109	42	133
ris_low	4	chrX:HUWE1:t:53542539|X:53542539-53543840:-	HUWE1	chrX:HUWE1:t:53542539	t	53542539	X:53542539-53543840:-	X	53542539	53543840	-	107.8	0.555		0.761	0.206	0.12		welch	0.0163560393251352	0.9646329354635802	1	0	0.62	0.556	0.512	0.823	0.701	0.739	79	108	121	124	77	138
ris_low	5	chr4:OCIAD1:t:48832619|4:48831496-48832619:+	OCIAD1	chr4:OCIAD1:t:48832619	t	48832619	4:48831496-48832619:+	4	48831496	48832619	+	104.5	0.137		0.317	0.18	0.179		welch	0.14826233630367802	0.9646329354635802	0	0	0.055	0.098	0.282	0.423	0.452	0.172	109	153	103	104	42	116
ris_low	6	chr16:HIRIP3:t:29993808|16:29993808-29995102:-	HIRIP3	chr16:HIRIP3:t:29993808	t	29993808	16:29993808-29995102:-	16	29993808	29995102	-	119.0	0.31		0.489	0.179	0.19		welch	0.021447155294777143	0.9646329354635802	1	0	0.317	0.261	0.362	0.535	0.518	0.417	104	153	130	127	85	115
ris_low	7	chr22:CHCHD10:s:23767833|22:23767593-23767833:-	CHCHD10	chr22:CHCHD10:s:23767833	s	23767833	22:23767593-23767833:-	22	23767593	23767833	-	139.3	0.643		0.81	0.167	0.1		welch	0.027391364282247144	0.9646329354635802	1	0	0.616	0.586	0.703	0.825	0.783	0.814	73	157	185	166	115	140
ris_low	8	chr12:PYM1:t:55903480|12:55903480-55927724:-	PYM1	chr12:PYM1:t:55903480	t	55903480	12:55903480-55927724:-	12	55903480	55927724	-	109.7	0.75		0.917	0.167	0.191		welch	0.07539220600055305	0.9646329354635802	1	0	0.637	0.849	0.712	0.95	0.947	0.868	91	152	125	100	76	114
ris_low	9	chr7:MDH2:s:76048226|7:76048226-76054829:+	MDH2	chr7:MDH2:s:76048226	s	76048226	7:76048226-76054829:+	7	76048226	76054829	+	145.2	0.804		0.969	0.165	0.126		welch	0.06548325514043947	0.9646329354635802	1	0	0.885	0.816	0.736	0.979	0.947	0.97	131	196	193	141	75	135
ris_low	10	chr7:HOXA10:t:27172173|7:27172173-27179645:-	HOXA10	chr7:HOXA10:t:27172173	t	27172173	7:27172173-27179645:-	7	27172173	27179645	-	122.5	0.389		0.553	0.165	0.185		welch	0.06532234368103496	0.9646329354635802	1	0	0.314	0.395	0.482	0.573	0.584	0.5	185	129	139	117	77	88
ris_low		chr17:AURKB:t:8207840|17:8207840-8210529:-	AURKB	chr17:AURKB:t:8207840	t	8207840	17:8207840-8210529:-	17	8207840	8210529	-	136.7	0.237		0.401	0.164	0.107		welch	0.07427874243378528	0.9646329354635802	0	0	0.313	0.17	0.245	0.393	0.308	0.453	115	153	208	140	65	139
ris_low		chr18:TXNL4A:s:79988239|18:79973856-79988239:-	TXNL4A	chr18:TXNL4A:s:79988239	s	79988239	18:79973856-79988239:-	18	79973856	79988239	-	264.7	0.453		0.615	0.162	0.134		welch	0.09987607761776861	0.9646329354635802	1	0	0.476	0.515	0.381	0.615	0.757	0.529	275	270	315	262	177	289
ris_low		chr16:RNPS1:t:2264760|16:2264760-2267662:-	RNPS1	chr16:RNPS1:t:2264760	t	2264760	16:2264760-2267662:-	16	2264760	2267662	-	171.2	0.149		0.31	0.161	0.169		welch	0.009072583962746504	0.9639620460418161	1	0	0.106	0.184	0.147	0.351	0.317	0.263	160	201	163	185	139	179
ris_low		chr10:ANAPC16:s:72216138|10:72216138-72220053:+	ANAPC16	chr10:ANAPC16:s:72216138	s	72216138	10:72216138-72220053:+	10	72216138	72220053	+	157.7	0.526		0.685	0.159	0.152		welch	0.058058869121135975	0.9646329354635802	1	0	0.474	0.561	0.54	0.613	0.664	0.772	175	173	198	142	113	145
ris_low		chr1:ACOT7:s:6327298|1:6318576-6327298:-	ACOT7	chr1:ACOT7:s:6327298	s	6327298	1:6318576-6327298:-	1	6318576	6327298	-	139.2	0.0		0.157	0.157			welch	0.3416042509046734	0.9646329354635802	0	0	0.0	0.0	0.0	0.0	0.041	0.268	145	108	250	56	97	179
ris_low		chr1:ACOT7:t:6318578|1:6318576-6327298:-	ACOT7	chr1:ACOT7:t:6318578	t	6318578	1:6318576-6327298:-	1	6318576	6327298	-	139.2	0.0		0.157	0.157			welch	0.3416042509046734	0.9646329354635802	0	0	0.0	0.0	0.0	0.0	0.041	0.268	145	108	250	56	97	179
ris_low		chr7:DBNL:s:44058280|7:44058280-44058431:+	DBNL	chr7:DBNL:s:44058280	s	44058280	7:44058280-44058431:+	7	44058280	44058431	+	121.2	0.614		0.768	0.154	0.106		welch	0.21954807832820922	0.9646329354635802	0	0	0.708	0.718	0.444	0.841	0.919	0.642	113	117	135	126	74	162
ris_low		chr8:EEF1D:t:143586852|8:143586852-143588990:-	EEF1D	chr8:EEF1D:t:143586852	t	143586852	8:143586852-143588990:-	8	143586852	143588990	-	141.8	0.293		0.445	0.153	0.143		welch	0.12654549115224725	0.9646329354635802	1	0	0.179	0.362	0.319	0.614	0.411	0.379	156	210	119	83	151	132
ris_low		chr16:KNOP1:t:19710586|16:19710586-19714117:-	KNOP1	chr16:KNOP1:t:19710586	t	19710586	16:19710586-19714117:-	16	19710586	19714117	-	130.8	0.113		0.265	0.151	0.114		welch	0.22862635356191285	0.9646329354635802	0	0	0.122	0.144	0.058	0.31	0.083	0.333	139	181	121	116	84	144
ris_low		chr12:TMEM106C:t:47964208|12:47963633-47964208:+	TMEM106C	chr12:TMEM106C:t:47964208	t	47964208	12:47963633-47964208:+	12	47963633	47964208	+	126.8	0.605		0.754	0.149	0.161		welch	0.14681627545606032	0.9646329354635802	0	0	0.496	0.701	0.608	0.797	0.9	0.637	133	147	148	128	70	135
ris_low		chr16:KARS1:t:75641723|16:75641723-75644282:-	KARS1	chr16:KARS1:t:75641723	t	75641723	16:75641723-75644282:-	16	75641723	75644282	-	139.2	0.295		0.442	0.147	0.139		welch	0.6751104808551929	0.9693309269035708	0	0	0.327	0.224	0.378	0.524	0.14	0.441	107	214	143	185	50	136
ris_low		chr19:ERCC1:s:45416820|19:45414960-45416820:-	ERCC1	chr19:ERCC1:s:45416820	s	45416820	19:45414960-45416820:-	19	45414960	45416820	-	100.3	0.77		0.912	0.141	0.092		welch	0.21800692934986643	0.9646329354635802	0	0	0.797	0.661	0.879	1.0	0.933	0.792	79	118	99	106	104	96
ris_low		chr15:TPM1:t:63056984|15:63048707-63056984:+	TPM1	chr15:TPM1:t:63056984	t	63056984	15:63048707-63056984:+	15	63048707	63056984	+	265.3	0.597		0.738	0.141	0.12		welch	0.18968907926922188	0.9646329354635802	0	0	0.557	0.607	0.616	0.823	0.596	0.743	262	397	315	220	141	257
ris_low		chr11:SF1:t:64765518|11:64765518-64765950:-	SF1	chr11:SF1:t:64765518	t	64765518	11:64765518-64765950:-	11	64765518	64765950	-	113.0	0.064		0.201	0.137	0.206		welch	0.09415950403125926	0.9646329354635802	1	0	0.0	0.015	0.153	0.198	0.208	0.2	84	130	131	126	72	135
ris_low		chr17:AURKB:s:8210529|17:8207840-8210529:-	AURKB	chr17:AURKB:s:8210529	s	8210529	17:8207840-8210529:-	17	8207840	8210529	-	104.7	0.336		0.473	0.136	0.059		welch	0.2558990235387275	0.9646329354635802	0	0	0.371	0.333	0.317	0.444	0.333	0.583	97	78	161	124	60	108
ris_low		chr1:C1orf43:s:154220341|1:154214574-154220341:-	C1orf43	chr1:C1orf43:s:154220341	s	154220341	1:154214574-154220341:-	1	154214574	154220341	-	114.0	0.372		0.505	0.133	0.065		welch	0.2550075750189785	0.9646329354635802	0	0	0.329	0.424	0.357	0.361	0.505	0.688	79	125	199	97	107	77
ris_low		chr18:TXNL4A:t:79973856|18:79973856-79988239:-	TXNL4A	chr18:TXNL4A:t:79973856	t	79973856	18:79973856-79988239:-	18	79973856	79988239	-	282.0	0.433		0.566	0.132	0.102		welch	0.053977553582753295	0.9646329354635802	1	0	0.456	0.481	0.37	0.581	0.554	0.56	287	289	324	277	242	273
ris_low		chr1:RPL22:t:6197756|1:6197756-6199561:-	RPL22	chr1:RPL22:t:6197756	t	6197756	1:6197756-6199561:-	1	6197756	6199561	-	282.0	0.775		0.905	0.13	0.083		welch	0.20970914707237678	0.9646329354635802	0	0	0.92	0.686	0.728	0.889	0.933	0.901	311	331	323	270	194	263
ris_low		chr16:FLYWCH2:s:2883366|16:2883366-2896351:+	FLYWCH2	chr16:FLYWCH2:s:2883366	s	2883366	16:2883366-2896351:+	16	2883366	2896351	+	118.2	0.107		0.235	0.129	0.083		welch	0.4236274404028891	0.9646329354635802	0	0	0.015	0.321	0.038	0.094	0.339	0.271	135	109	159	106	115	85
ris_low		chr1:CAP1:s:40059458|1:40059458-40060069:+	CAP1	chr1:CAP1:s:40059458	s	40059458	1:40059458-40060069:+	1	40059458	40060069	+	100.8	0.042		0.168	0.126	0.093		welch	0.059776729143718704	0.9646329354635802	1	0	0.0	0.066	0.041	0.09	0.179	0.218	83	151	97	78	95	101
ris_low		chr2:ITGB1BP1:t:9418732|2:9418732-9422478:-	ITGB1BP1	chr2:ITGB1BP1:t:9418732	t	9418732	2:9418732-9422478:-	2	9418732	9422478	-	112.0	0.113		0.238	0.125	0.11		welch	0.06790427860679815	0.9646329354635802	1	0	0.126	0.135	0.073	0.266	0.325	0.172	87	171	124	79	77	134
ris_low		chr7:GGCT:s:30504568|7:30500681-30504568:-	GGCT	chr7:GGCT:s:30504568	s	30504568	7:30500681-30504568:-	7	30500681	30504568	-	223.0	0.576		0.7	0.124	0.128		welch	0.04169025840383122	0.9646329354635802	1	0	0.55	0.561	0.601	0.695	0.644	0.758	222	212	361	177	180	186
ris_low		chr16:CARMIL2:s:67656645|16:67656645-67657238:+	CARMIL2	chr16:CARMIL2:s:67656645	s	67656645	16:67656645-67657238:+	16	67656645	67657238	+	152.0	0.794		0.916	0.122	0.117		welch	0.24421968897516105	0.9646329354635802	0	0	0.756	0.907	0.706	0.772	1.0	0.994	156	193	180	136	93	154
ris_low		chr16:TRAPPC2L:s:88859972|16:88859972-88860910:+	TRAPPC2L	chr16:TRAPPC2L:s:88859972	s	88859972	16:88859972-88860910:+	16	88859972	88860910	+	110.7	0.334		0.456	0.122	0.092		welch	0.1572439003361217	0.9646329354635802	0	0	0.375	0.311	0.344	0.352	0.483	0.522	48	167	186	88	60	115
ris_low		chrX:KDM5C:t:53193636|X:53193636-53193781:-	KDM5C	chrX:KDM5C:t:53193636	t	53193636	X:53193636-53193781:-	X	53193636	53193781	-	147.5	0.393		0.514	0.121	0.106		welch	0.28658894559624876	0.9646329354635802	0	0	0.342	0.4	0.424	0.392	0.735	0.48	120	165	158	158	113	171
ris_low		chr10:NOLC1:t:102159432|10:102159308-102159432:+	NOLC1	chr10:NOLC1:t:102159432	t	102159432	10:102159308-102159432:+	10	102159308	102159432	+	120.0	0.755		0.873	0.118	0.089		welch	0.30034647063774306	0.9646329354635802	0	0	0.888	0.617	0.826	0.82	0.956	0.899	98	154	115	150	45	158
ris_low		chr15:MRPS11:s:88467782|15:88467782-88467907:+	MRPS11	chr15:MRPS11:s:88467782	s	88467782	15:88467782-88467907:+	15	88467782	88467907	+	120.3	0.65		0.762	0.112	0.152		welch	0.4330908805839371	0.9646329354635802	0	0	0.568	0.562	0.822	0.876	0.589	0.805	125	169	146	105	90	87
ris_low		chr17:CHD3:s:7907488|17:7907488-7907600:+	CHD3	chr17:CHD3:s:7907488	s	7907488	17:7907488-7907600:+	17	7907488	7907600	+	139.7	0.726		0.836	0.11	0.068		welch	0.15750201513599388	0.9646329354635802	0	0	0.62	0.812	0.71	0.864	0.8	0.831	100	170	238	118	70	142
ris_low		chr6:MRPL18:t:159790939|6:159790639-159790939:+	MRPL18	chr6:MRPL18:t:159790939	t	159790939	6:159790639-159790939:+	6	159790639	159790939	+	170.0	0.688		0.797	0.11	0.099		welch	0.1340630537824605	0.9646329354635802	1	0	0.66	0.704	0.683	0.868	0.705	0.817	106	226	180	129	149	230
ris_low		chr1:ENSG00000233461:t:231522637|1:231522637-231527337:-	ENSG00000233461	chr1:ENSG00000233461:t:231522637	t	231522637	1:231522637-231527337:-	1	231522637	231527337	-	141.7	0.524		0.633	0.109	0.079		welch	0.2460496843509437	0.9646329354635802	0	0	0.612	0.523	0.437	0.562	0.588	0.8	129	216	126	160	119	100
ris_low		chr7:BUD31:t:99410033|7:99409245-99410033:+	BUD31	chr7:BUD31:t:99410033	t	99410033	7:99409245-99410033:+	7	99409245	99410033	+	278.7	0.374		0.483	0.109	0.073		welch	0.24254278719389394	0.9646329354635802	0	0	0.263	0.445	0.351	0.371	0.665	0.457	217	434	302	248	191	280
ris_low		chr1:PABPC4:t:39570002|1:39570002-39571096:-	PABPC4	chr1:PABPC4:t:39570002	t	39570002	1:39570002-39571096:-	1	39570002	39571096	-	140.2	0.266		0.374	0.108	0.083		welch	0.47778529546294823	0.9646329354635802	0	0	0.299	0.423	0.095	0.496	0.34	0.261	127	215	221	117	50	111
ris_low		chr19:PRKCSH:t:11447692|19:11447618-11447692:+	PRKCSH	chr19:PRKCSH:t:11447692	t	11447692	19:11447618-11447692:+	19	11447618	11447692	+	119.8	0.4		0.506	0.106	0.06		welch	0.2746535806789455	0.9646329354635802	0	0	0.333	0.504	0.365	0.473	0.416	0.611	84	123	200	110	89	113
ris_low		chr16:PSMB10:t:67934948|16:67934948-67935295:-	PSMB10	chr16:PSMB10:t:67934948	t	67934948	16:67934948-67935295:-	16	67934948	67935295	-	137.2	0.195		0.299	0.105	0.139		welch	0.22752385660979724	0.9646329354635802	1	0	0.183	0.21	0.195	0.242	0.229	0.401	191	143	118	120	109	142
ris_low		chr9:PRPF4:s:113275770|9:113275770-113276547:+	PRPF4	chr9:PRPF4:s:113275770	s	113275770	9:113275770-113276547:+	9	113275770	113276547	+	151.3	0.785		0.888	0.103	0.035		welch	0.11753649814564664	0.9646329354635802	0	0	0.762	0.839	0.694	0.922	0.8	0.917	130	310	147	103	85	133
ris_low		chr11:SF1:s:64766899|11:64766155-64766899:-	SF1	chr11:SF1:s:64766899	s	64766899	11:64766155-64766899:-	11	64766155	64766899	-	130.7	0.26		0.361	0.102	0.082		welch	0.3830736742269309	0.9646329354635802	0	0	0.339	0.158	0.296	0.286	0.288	0.437	118	146	152	119	66	183
ris_low		chr15:COMMD4:s:75339344|15:75339344-75339964:+	COMMD4	chr15:COMMD4:s:75339344	s	75339344	15:75339344-75339964:+	15	75339344	75339964	+	221.0	0.327		0.43	0.102	0.041		welch	0.22304717864542412	0.9646329354635802	0	0	0.289	0.311	0.359	0.386	0.569	0.352	128	302	312	184	181	219
ris_low		chr19:HNRNPUL1:t:41268222|19:41264798-41268222:+	HNRNPUL1	chr19:HNRNPUL1:t:41268222	t	41268222	19:41264798-41268222:+	19	41264798	41268222	+	137.0	0.719		0.821	0.102	0.092		welch	0.27244219981954815	0.9646329354635802	0	0	0.704	0.673	0.797	0.946	0.794	0.729	125	202	143	129	68	155
ris_low		chr14:ACIN1:s:23065965|14:23064485-23065965:-	ACIN1	chr14:ACIN1:s:23065965	s	23065965	14:23064485-23065965:-	14	23064485	23065965	-	192.5	0.193		0.293	0.101	0.045		welch	0.19503449789067104	0.9646329354635802	0	0	0.116	0.298	0.131	0.277	0.284	0.315	181	262	221	206	88	197
ris_low		chr2:PPP1R7:s:241166441|2:241166441-241169780:+	PPP1R7	chr2:PPP1R7:s:241166441	s	241166441	2:241166441-241169780:+	2	241166441	241169780	+	173.3	0.214		0.315	0.101	0.109		welch	0.17689960228077756	0.9646329354635802	0	0	0.296	0.217	0.135	0.363	0.252	0.318	169	207	185	179	143	157
ris_low		chr17:SAT2:t:7626793|17:7626793-7626942:-	SAT2	chr17:SAT2:t:7626793	t	7626793	17:7626793-7626942:-	17	7626793	7626942	-	154.5	0.176		0.277	0.101	0.087		welch	0.33137255283478845	0.9646329354635802	0	0	0.294	0.166	0.114	0.355	0.191	0.264	109	187	176	141	94	220
ris_low		chrX:CITED1:t:72302934|X:72302934-72306476:-	CITED1	chrX:CITED1:t:72302934	t	72302934	X:72302934-72306476:-	X	72302934	72306476	-	196.8	0.288		0.387	0.1	-0.0		welch	0.28280250583272115	0.9646329354635802	0	0	0.276	0.393	0.178	0.466	0.354	0.317	214	295	259	163	130	120
ris_low		chr16:RPS15A:t:18789118|16:18789118-18790309:-	RPS15A	chr16:RPS15A:t:18789118	t	18789118	16:18789118-18790309:-	16	18789118	18790309	-	171.3	0.684		0.783	0.099	0.04		welch	0.24459918179663623	0.9646329354635802	0	0	0.774	0.688	0.628	0.722	0.909	0.756	133	269	234	133	99	160
ris_low		chr9:NTMT1:t:129634053|9:129632865-129634053:+	NTMT1	chr9:NTMT1:t:129634053	t	129634053	9:129632865-129634053:+	9	129632865	129634053	+	118.5	0.641		0.74	0.099	0.045		welch	0.6418074847869186	0.9646329354635802	0	0	0.829	0.482	0.693	0.764	0.596	0.831	111	164	101	123	94	118
ris_low		chr12:PYM1:s:55927724|12:55914366-55927724:-	PYM1	chr12:PYM1:s:55927724	s	55927724	12:55914366-55927724:-	12	55914366	55927724	-	101.8	0.023		0.121	0.098			welch	0.3448689710189971	0.9646329354635802	0	0	0.065	0.0	0.03	0.05	0.04	0.221	62	143	100	100	75	131
ris_low		chr19:ILF3:t:10688549|19:10683970-10688549:+	ILF3	chr19:ILF3:t:10688549	t	10688549	19:10683970-10688549:+	19	10683970	10688549	+	152.5	0.046		0.145	0.098	0.051		welch	0.15829847624462542	0.9646329354635802	0	0	0.132	0.0	0.0	0.216	0.099	0.115	152	176	103	162	131	191
ris_low		chr2:BOLA3:t:74135658|2:74135658-74142271:-	BOLA3	chr2:BOLA3:t:74135658	t	74135658	2:74135658-74142271:-	2	74135658	74142271	-	169.0	0.298		0.395	0.097	0.038		welch	0.19415780313608152	0.9646329354635802	1	0	0.158	0.353	0.329	0.369	0.409	0.411	139	255	167	168	93	192
ris_low		chr19:DMKN:s:35510183|19:35509961-35510183:-	DMKN	chr19:DMKN:s:35510183	s	35510183	19:35509961-35510183:-	19	35509961	35510183	-	339.5	0.262		0.358	0.096	0.051		welch	0.291776617015857	0.9646329354635802	0	0	0.295	0.341	0.16	0.348	0.273	0.44	332	475	470	247	238	275
ris_low		chr20:EIF6:s:35284175|20:35280118-35284175:-	EIF6	chr20:EIF6:s:35284175	s	35284175	20:35280118-35284175:-	20	35280118	35284175	-	118.7	0.206		0.302	0.096	0.074		welch	0.43822362662610337	0.9646329354635802	0	0	0.218	0.226	0.178	0.36	0.143	0.309	101	137	146	136	56	136
ris_low		chr9:NTMT1:s:129626295|9:129626295-129632649:+	NTMT1	chr9:NTMT1:s:129626295	s	129626295	9:129626295-129632649:+	9	129626295	129632649	+	111.0	0.75		0.846	0.096	0.022		welch	0.46806638530731254	0.9646329354635802	0	0	0.839	0.608	0.856	0.956	0.723	0.878	87	148	125	113	119	74
ris_low		chr20:NOP56:t:2656400|20:2656214-2656400:+	NOP56	chr20:NOP56:t:2656400	t	2656400	20:2656214-2656400:+	20	2656214	2656400	+	122.0	0.713		0.81	0.096	0.043		welch	0.4699729076272323	0.9646329354635802	0	0	0.802	0.612	0.743	0.762	0.694	0.896	126	152	144	126	49	135
ris_low		chr21:SLX9:t:44960099|21:44943792-44960099:+	SLX9	chr21:SLX9:t:44960099	t	44960099	21:44943792-44960099:+	21	44943792	44960099	+	293.5	0.363		0.459	0.096	0.088		welch	0.4522027385573768	0.9646329354635802	0	0	0.435	0.392	0.308	0.43	0.333	0.579	207	319	439	293	213	290
ris_low		chr3:RPL14:t:40457889|3:40457474-40457889:+	RPL14	chr3:RPL14:t:40457889	t	40457889	3:40457474-40457889:+	3	40457474	40457889	+	233.2	0.082		0.177	0.095	0.087		welch	0.19575186519763077	0.9646329354635802	0	0	0.104	0.062	0.086	0.25	0.282	0.078	260	323	303	212	71	230
ris_low		chr3:CNBP:t:129171538|3:129171538-129171654:-	CNBP	chr3:CNBP:t:129171538	t	129171538	3:129171538-129171654:-	3	129171538	129171654	-	114.2	0.612		0.707	0.095	0.14		welch	0.15252973967957123	0.9646329354635802	1	0	0.671	0.545	0.632	0.674	0.803	0.674	143	167	136	89	61	89
ris_low		chr3:FAM162A:s:122384299|3:122384299-122401375:+	FAM162A	chr3:FAM162A:s:122384299	s	122384299	3:122384299-122401375:+	3	122384299	122401375	+	103.2	0.026		0.119	0.093	0.13		welch	0.08640092739418326	0.9646329354635802	1	0	0.029	0.0	0.041	0.113	0.216	0.088	104	82	122	124	51	136
ris_low		chr6:RNF8:s:37371574|6:37371574-37374619:+	RNF8	chr6:RNF8:s:37371574	s	37371574	6:37371574-37374619:+	6	37371574	37374619	+	152.8	0.793		0.885	0.092	0.027		welch	0.29862093703378956	0.9646329354635802	0	0	0.81	0.904	0.665	0.88	0.911	0.876	147	166	161	192	90	161
ris_low		chr16:FLYWCH2:t:2896351|16:2883366-2896351:+	FLYWCH2	chr16:FLYWCH2:t:2896351	t	2896351	16:2883366-2896351:+	16	2883366	2896351	+	102.5	0.141		0.233	0.092	0.059		welch	0.44862821585550217	0.9646329354635802	0	0	0.025	0.333	0.049	0.093	0.291	0.338	79	105	122	107	134	68
ris_low		chr1:POLR3GL:s:145975436|1:145975436-145977083:+	POLR3GL	chr1:POLR3GL:s:145975436	s	145975436	1:145975436-145977083:+	1	145975436	145977083	+	107.2	0.611		0.7	0.089	0.046		welch	0.5712135248523953	0.9646329354635802	0	0	0.534	0.558	0.769	0.713	0.574	0.742	133	129	108	129	47	97
ris_low		chr14:HNRNPC:t:21234229|14:21234229-21263310:-	HNRNPC	chr14:HNRNPC:t:21234229	t	21234229	14:21234229-21263310:-	14	21234229	21263310	-	308.8	0.743		0.832	0.089	0.078		welch	0.11070651613444833	0.9646329354635802	0	0	0.7	0.809	0.674	0.779	0.854	0.865	213	470	307	312	137	414
ris_low		chr12:SCAF11:t:45964188|12:45964188-45991884:-	SCAF11	chr12:SCAF11:t:45964188	t	45964188	12:45964188-45991884:-	12	45964188	45991884	-	142.2	0.071		0.155	0.084	0.074		welch	0.4080326226508963	0.9646329354635802	0	0	0.123	0.055	0.044	0.239	0.019	0.169	122	164	136	142	106	183
ris_low		chr9:FUBP3:s:130632278|9:130632278-130635998:+	FUBP3	chr9:FUBP3:s:130632278	s	130632278	9:130632278-130635998:+	9	130632278	130635998	+	103.7	0.124		0.207	0.083	0.09		welch	0.3443745678132973	0.9646329354635802	0	0	0.13	0.132	0.114	0.367	0.2	0.098	77	121	158	98	25	143
ris_low		chr16:RNPS1:s:2268054|16:2264760-2268054:-	RNPS1	chr16:RNPS1:s:2268054	s	2268054	16:2264760-2268054:-	16	2264760	2268054	-	153.2	0.722		0.803	0.081	0.064		welch	0.304028037056029	0.9646329354635802	0	0	0.818	0.704	0.667	0.882	0.737	0.789	148	196	195	119	114	147
ris_low		chr17:CEP131:s:81192317|17:81191335-81192317:-	CEP131	chr17:CEP131:s:81192317	s	81192317	17:81191335-81192317:-	17	81191335	81192317	-	107.2	0.687		0.768	0.081	0.034		welch	0.8740549233900585	0.9791561399089092	0	0	0.683	0.672	0.707	0.784	0.446	0.906	82	131	116	111	65	138
ris_low		chrX:CCNQ:s:153592505|X:153588454-153592505:-	CCNQ	chrX:CCNQ:s:153592505	s	153592505	X:153588454-153592505:-	X	153588454	153592505	-	105.0	0.542		0.622	0.08	0.092		welch	0.5156789165852856	0.9646329354635802	0	0	0.722	0.531	0.445	0.638	0.683	0.575	72	143	119	116	60	120
ris_low		chrX:CDK16:s:47219105|X:47219105-47222260:+	CDK16	chrX:CDK16:s:47219105	s	47219105	X:47219105-47222260:+	X	47219105	47222260	+	112.5	0.076		0.154	0.078	0.083		welch	0.5307034770479968	0.9646329354635802	0	0	0.167	0.0	0.071	0.277	0.025	0.119	108	118	156	112	80	101
ris_low		chr11:MDK:t:46382056|11:46381183-46382056:+	MDK	chr11:MDK:t:46382056	t	46382056	11:46381183-46382056:+	11	46381183	46382056	+	177.3	0.037		0.116	0.078	0.024		welch	0.48651089995735114	0.9646329354635802	0	0	0.037	0.054	0.025	0.25	0.058	0.0	109	222	284	176	139	134
ris_low		chr13:TFDP1:t:113640119|13:113637884-113640119:+	TFDP1	chr13:TFDP1:t:113640119	t	113640119	13:113637884-113640119:+	13	113637884	113640119	+	141.7	0.099		0.176	0.077	0.066		welch	0.45790446233899385	0.9646329354635802	0	0	0.034	0.214	0.052	0.194	0.067	0.223	117	145	191	160	89	148
ris_low		chr16:CARMIL2:t:67657238|16:67656645-67657238:+	CARMIL2	chr16:CARMIL2:t:67657238	t	67657238	16:67656645-67657238:+	16	67656645	67657238	+	166.0	0.741		0.818	0.077	0.105		welch	0.31132708504892415	0.9646329354635802	0	0	0.694	0.862	0.655	0.766	0.912	0.805	170	203	194	137	102	190
ris_low		chr17:CEP131:t:81192593|17:81192593-81192735:-	CEP131	chr17:CEP131:t:81192593	t	81192593	17:81192593-81192735:-	17	81192593	81192735	-	174.5	0.72		0.797	0.077	0.098		welch	0.48886080714418734	0.9646329354635802	0	0	0.595	0.836	0.724	0.799	0.672	0.905	158	165	181	284	122	137
ris_low		chr4:MRPS18C:s:83456958|4:83456958-83459739:+	MRPS18C	chr4:MRPS18C:s:83456958	s	83456958	4:83456958-83459739:+	4	83456958	83459739	+	100.5	0.642		0.717	0.075	0.129		welch	0.2040438785705595	0.9646329354635802	0	0	0.557	0.648	0.718	0.709	0.882	0.689	106	182	103	134	17	61
ris_low		chr16:TNRC6A:t:24750725|16:24729846-24750725:+	TNRC6A	chr16:TNRC6A:t:24750725	t	24750725	16:24729846-24750725:+	16	24729846	24750725	+	104.5	0.224		0.299	0.075	0.044		welch	0.41215277905653047	0.9646329354635802	0	0	0.337	0.176	0.165	0.233	0.454	0.243	92	85	109	129	97	115
ris_low		chr11:CTTN:t:70422939|11:70420510-70422939:+	CTTN	chr11:CTTN:t:70422939	t	70422939	11:70420510-70422939:+	11	70420510	70422939	+	142.3	0.015		0.089	0.074	0.057		welch	0.5120517263441988	0.9646329354635802	0	0	0.0	0.0	0.042	0.0	0.0	0.204	122	227	191	131	46	137
ris_low		chr19:DMKN:t:35510252|19:35510252-35510378:-	DMKN	chr19:DMKN:t:35510252	t	35510252	19:35510252-35510378:-	19	35510252	35510378	-	127.8	0.366		0.441	0.074	0.08		welch	0.6178112049581899	0.9646329354635802	0	0	0.338	0.463	0.312	0.594	0.34	0.34	130	162	221	101	103	50
ris_low		chr16:VKORC1:t:31091342|16:31091342-31094556:-	VKORC1	chr16:VKORC1:t:31091342	t	31091342	16:31091342-31094556:-	16	31091342	31094556	-	111.5	0.527		0.599	0.072	0.106		welch	0.6332047237441765	0.9646329354635802	0	0	0.674	0.331	0.615	0.708	0.66	0.456	89	121	122	106	106	125
ris_low		chr19:SMARCA4:s:11041560|19:11041560-11058254:+	SMARCA4	chr19:SMARCA4:s:11041560	s	11041560	19:11041560-11058254:+	19	11041560	11058254	+	344.3	0.678		0.749	0.071	0.041		welch	0.6219196011830119	0.9646329354635802	0	0	0.575	0.735	0.728	0.757	0.61	0.795	379	347	390	424	146	380
ris_low		chr11:MRPL48:t:73825707|11:73805079-73825707:+	MRPL48	chr11:MRPL48:t:73825707	t	73825707	11:73805079-73825707:+	11	73805079	73825707	+	105.3	0.047		0.118	0.071			welch	0.5546607332692538	0.9646329354635802	0	0	0.0	0.0	0.124	0.204	0.0	0.063	105	145	153	98	20	111
ris_low		chr3:ALG3:s:184244600|3:184243630-184244600:-	ALG3	chr3:ALG3:s:184244600	s	184244600	3:184243630-184244600:-	3	184243630	184244600	-	117.3	0.097		0.167	0.071	-0.003		welch	0.6690982858774376	0.9693309269035708	0	0	0.09	0.087	0.135	0.378	0.0	0.102	212	149	74	74	29	166
ris_low		chrX:UPF3B:s:119841075|X:119838527-119841075:-	UPF3B	chrX:UPF3B:s:119841075	s	119841075	X:119838527-119841075:-	X	119838527	119841075	-	110.8	0.85		0.919	0.07	0.048		welch	0.6490047861811044	0.9646329354635802	0	0	0.778	0.862	0.899	0.978	0.75	0.929	81	123	89	134	56	182
ris_low		chr17:ARHGDIA:t:81869957|17:81869957-81871297:-	ARHGDIA	chr17:ARHGDIA:t:81869957	t	81869957	17:81869957-81871297:-	17	81869957	81871297	-	189.5	0.645		0.715	0.07	-0.05		welch	0.28413491944579466	0.9646329354635802	0	0	0.612	0.646	0.669	0.61	0.802	0.772	183	175	242	213	131	193
ris_low		chr16:RHOT2:s:668411|16:668411-668655:+	RHOT2	chr16:RHOT2:s:668411	s	668411	16:668411-668655:+	16	668411	668655	+	124.8	0.094		0.163	0.069	0.086		welch	0.2696159857284695	0.9646329354635802	0	0	0.021	0.099	0.122	0.078	0.15	0.263	97	141	229	103	80	99
ris_low		chr19:RAD23A:s:12949159|19:12949159-12949274:+	RAD23A	chr19:RAD23A:s:12949159	s	12949159	19:12949159-12949274:+	19	12949159	12949274	+	166.5	0.601		0.67	0.069	0.095		welch	0.4957794243032341	0.9646329354635802	0	0	0.392	0.686	0.595	0.729	0.491	0.714	79	210	237	192	106	175
ris_low		chrX:MECP2:t:154032557|X:154032557-154092183:-	MECP2	chrX:MECP2:t:154032557	t	154032557	X:154032557-154092183:-	X	154032557	154092183	-	165.0	0.482		0.551	0.069	0.113		welch	0.4094193639604415	0.9646329354635802	0	0	0.383	0.639	0.395	0.522	0.608	0.549	115	183	200	186	102	204
ris_low		chr17:UBB:t:16381901|17:16381184-16381901:+	UBB	chr17:UBB:t:16381901	t	16381901	17:16381184-16381901:+	17	16381184	16381901	+	400.3	0.855		0.922	0.068	0.085		welch	0.44737170400234144	0.9646329354635802	0	0	0.8	0.955	0.808	0.933	0.828	0.969	520	513	494	315	209	351
ris_low		chr7:POLR2J:t:102474535|7:102474535-102478807:-	POLR2J	chr7:POLR2J:t:102474535	t	102474535	7:102474535-102478807:-	7	102474535	102478807	-	129.5	0.044		0.113	0.068	0.044		welch	0.4495311262414496	0.9646329354635802	0	0	0.1	0.021	0.042	0.054	0.4	0.039	90	195	120	147	70	155
ris_low		chr5:SRA1:s:140557146|5:140552184-140557146:-	SRA1	chr5:SRA1:s:140557146	s	140557146	5:140552184-140557146:-	5	140552184	140557146	-	108.0	0.801		0.866	0.066	0.054		welch	0.6910638243840334	0.9729937671749059	0	0	0.892	0.851	0.729	0.707	0.927	0.959	74	101	166	99	110	98
ris_low		chr14:BRF1:s:105221647|14:105220127-105221647:-	BRF1	chr14:BRF1:s:105221647	s	105221647	14:105220127-105221647:-	14	105220127	105221647	-	105.2	0.141		0.206	0.065	0.061		welch	0.41992800746668185	0.9646329354635802	0	0	0.081	0.154	0.179	0.103	0.377	0.183	99	143	112	107	77	93
ris_low		chr22:C22orf39:s:19447377|22:19441694-19447377:-	C22orf39	chr22:C22orf39:s:19447377	s	19447377	22:19441694-19447377:-	22	19441694	19447377	-	109.8	0.902		0.967	0.065			welch	0.5732282622303622	0.9646329354635802	0	0	1.0	0.961	0.797	1.0	0.892	1.0	83	127	148	95	93	113
ris_low		chr10:STK32C:t:132330485|10:132330485-132331481:-	STK32C	chr10:STK32C:t:132330485	t	132330485	10:132330485-132331481:-	10	132330485	132331481	-	163.0	0.212		0.277	0.065	0.074		welch	0.37411186892851983	0.9646329354635802	0	0	0.215	0.236	0.186	0.266	0.458	0.187	158	182	194	139	107	198
ris_low		chr19:LSM14A:s:34209051|19:34209051-34215123:+	LSM14A	chr19:LSM14A:s:34209051	s	34209051	19:34209051-34215123:+	19	34209051	34215123	+	132.5	0.599		0.662	0.064	-0.02		welch	0.41077462629167105	0.9646329354635802	0	0	0.492	0.728	0.509	0.544	0.721	0.734	130	180	106	136	104	139
ris_low		chr19:DMKN:s:35505717|19:35503447-35505717:-	DMKN	chr19:DMKN:s:35505717	s	35505717	19:35503447-35505717:-	19	35503447	35505717	-	201.8	0.663		0.727	0.064	0.098		welch	0.52698266448097	0.9646329354635802	0	0	0.642	0.77	0.593	0.597	0.822	0.765	226	244	305	139	118	179
ris_low		chr3:TRA2B:s:185937824|3:185931852-185937824:-	TRA2B	chr3:TRA2B:s:185937824	s	185937824	3:185931852-185937824:-	3	185931852	185937824	-	162.0	0.384		0.448	0.064	0.03		welch	0.3968083511968702	0.9646329354635802	0	0	0.307	0.396	0.415	0.44	0.337	0.534	114	285	176	175	89	133
ris_low		chrX:MECP2:s:154097603|X:154092307-154097603:-	MECP2	chrX:MECP2:s:154097603	s	154097603	X:154092307-154097603:-	X	154092307	154097603	-	146.8	0.484		0.547	0.063	0.081		welch	0.4644771104972165	0.9646329354635802	0	0	0.454	0.627	0.366	0.469	0.644	0.56	130	161	164	145	90	191
ris_low		chr19:DMKN:t:35505986|19:35505986-35509910:-	DMKN	chr19:DMKN:t:35505986	t	35505986	19:35505986-35509910:-	19	35505986	35509910	-	284.7	0.187		0.25	0.063	0.023		welch	0.5726115391704946	0.9646329354635802	0	0	0.251	0.274	0.062	0.194	0.201	0.347	287	380	406	191	219	225
ris_low		chr17:CEP131:s:81193925|17:81192843-81193925:-	CEP131	chr17:CEP131:s:81193925	s	81193925	17:81192843-81193925:-	17	81192843	81193925	-	170.2	0.722		0.786	0.063	0.093		welch	0.7065157593393652	0.9760641995173178	0	0	0.644	0.851	0.66	0.776	0.6	0.918	180	181	147	254	100	159
ris_low		chr19:ISOC2:t:55455330|19:55455330-55456348:-	ISOC2	chr19:ISOC2:t:55455330	t	55455330	19:55455330-55456348:-	19	55455330	55456348	-	118.5	0.264		0.327	0.063	0.018		welch	0.796941512533186	0.9791561399089092	0	0	0.405	0.266	0.203	0.419	0.222	0.302	79	109	187	129	81	126
ris_low		chr8:SNHG6:t:66922392|8:66922392-66922613:-	SNHG6	chr8:SNHG6:t:66922392	t	66922392	8:66922392-66922613:-	8	66922392	66922613	-	151.7	0.448		0.511	0.063	0.029		welch	0.9750668759546338	0.9843311693128727	0	0	0.6	0.452	0.319	0.561	0.25	0.574	115	230	144	155	76	190
ris_low		chr19:VASP:s:45522581|19:45522581-45522717:+	VASP	chr19:VASP:s:45522581	s	45522581	19:45522581-45522717:+	19	45522581	45522717	+	178.7	0.818		0.88	0.062	0.013		welch	0.2839643661412932	0.9646329354635802	0	0	0.717	0.865	0.824	0.832	0.836	1.0	127	251	210	191	159	134
ris_low		chr1:FAAP20:s:2193638|1:2189781-2193638:-	FAAP20	chr1:FAAP20:s:2193638	s	2193638	1:2189781-2193638:-	1	2189781	2193638	-	132.7	0.752		0.813	0.061	0.009		welch	0.6126159890781888	0.9646329354635802	0	0	0.8	0.716	0.778	0.861	0.873	0.677	55	204	189	115	134	99
ris_low		chr16:RHOT2:t:668655|16:668411-668655:+	RHOT2	chr16:RHOT2:t:668655	t	668655	16:668411-668655:+	16	668411	668655	+	129.7	0.092		0.153	0.061	0.074		welch	0.330636437779228	0.9646329354635802	0	0	0.022	0.105	0.111	0.063	0.141	0.292	93	133	252	126	85	89
ris_low		chr6:TMEM14B:s:10749698|6:10749698-10751132:+	TMEM14B	chr6:TMEM14B:s:10749698	s	10749698	6:10749698-10751132:+	6	10749698	10751132	+	101.3	0.872		0.932	0.06	0.011		welch	0.5999560276331254	0.9646329354635802	0	0	0.916	0.961	0.769	1.0	0.855	0.914	95	103	130	111	76	93
ris_low		chr7:GGCT:t:30498938|7:30498938-30500535:-	GGCT	chr7:GGCT:t:30498938	t	30498938	7:30498938-30500535:-	7	30498938	30500535	-	104.8	0.256		0.315	0.059	0.116		welch	0.528109097612765	0.9646329354635802	0	0	0.324	0.225	0.222	0.271	0.215	0.456	139	111	176	70	65	68
ris_low		chr11:AAMDC:t:77842478|11:77821241-77842478:+	AAMDC	chr11:AAMDC:t:77842478	t	77842478	11:77821241-77842478:+	11	77821241	77842478	+	114.8	0.794		0.852	0.058	-0.019		welch	0.36971644419842004	0.9646329354635802	0	0	0.673	0.878	0.8	0.837	0.823	0.899	101	131	180	92	96	89
ris_low		chr7:GIGYF1:t:100681771|7:100681771-100681863:-	GIGYF1	chr7:GIGYF1:t:100681771	t	100681771	7:100681771-100681863:-	7	100681771	100681863	-	102.7	0.853		0.911	0.058	0.04		welch	0.4067578249110333	0.9646329354635802	0	0	0.868	0.691	0.914	0.937	0.809	0.962	114	81	186	63	68	104
ris_low		chr8:PUF60:s:143829279|8:143824399-143829279:-	PUF60	chr8:PUF60:s:143829279	s	143829279	8:143824399-143829279:-	8	143824399	143829279	-	212.0	0.654		0.71	0.057	0.044		welch	0.6709429044001192	0.9693309269035708	0	0	0.806	0.638	0.574	0.626	0.777	0.729	170	326	258	171	166	181
ris_low		chr1:FAAP20:t:2189781|1:2189781-2192844:-	FAAP20	chr1:FAAP20:t:2189781	t	2189781	1:2189781-2192844:-	1	2189781	2192844	-	119.5	0.108		0.165	0.057	0.051		welch	0.8791210059166541	0.9791561399089092	0	0	0.29	0.12	0.02	0.0	0.133	0.362	62	166	150	99	135	105
ris_low		chr16:INO80E:t:30005220|16:30001040-30005220:+	INO80E	chr16:INO80E:t:30005220	t	30005220	16:30001040-30005220:+	16	30001040	30005220	+	190.0	0.316		0.374	0.057	0.031		welch	0.7868858845220726	0.9791561399089092	0	0	0.534	0.246	0.278	0.327	0.58	0.266	116	195	299	162	150	218
ris_low		chr10:CUTC:t:99736245|10:99732356-99736245:+	CUTC	chr10:CUTC:t:99736245	t	99736245	10:99732356-99736245:+	10	99732356	99736245	+	102.0	0.067		0.122	0.056	0.009		welch	0.6283218235869493	0.9646329354635802	0	0	0.036	0.065	0.089	0.071	0.0	0.244	83	169	123	99	48	90
ris_low		chr12:C12orf57:t:6945770|12:6944652-6945770:+	C12orf57	chr12:C12orf57:t:6945770	t	6945770	12:6944652-6945770:+	12	6944652	6945770	+	103.3	0.718		0.774	0.056	0.034		welch	0.5485066401960956	0.9646329354635802	0	0	0.793	0.69	0.686	0.682	0.739	0.898	92	113	118	88	111	98
ris_low		chr9:SIGMAR1:t:34635858|9:34635858-34637219:-	SIGMAR1	chr9:SIGMAR1:t:34635858	t	34635858	9:34635858-34637219:-	9	34635858	34637219	-	145.7	0.074		0.127	0.053	0.038		welch	0.40796216098439136	0.9646329354635802	0	0	0.056	0.124	0.037	0.039	0.255	0.123	124	169	164	152	110	155
ris_low		chr5:HNRNPH1:s:179617513|5:179616958-179617513:-	HNRNPH1	chr5:HNRNPH1:s:179617513	s	179617513	5:179616958-179617513:-	5	179616958	179617513	-	180.8	0.042		0.092	0.05	0.032		welch	0.35218365223511017	0.9646329354635802	0	0	0.016	0.02	0.075	0.12	0.218	0.0	125	255	268	175	87	175
ris_low		chr6:CUTA:t:33417695|6:33417695-33417958:-	CUTA	chr6:CUTA:t:33417695	t	33417695	6:33417695-33417958:-	6	33417695	33417958	-	125.0	0.452		0.502	0.05	0.036		welch	0.5857041052303349	0.9646329354635802	0	0	0.515	0.461	0.411	0.381	0.685	0.496	101	152	192	105	73	127
ris_low		chr17:NT5C:t:75130867|17:75130867-75131044:-	NT5C	chr17:NT5C:t:75130867	t	75130867	17:75130867-75131044:-	17	75130867	75131044	-	193.2	0.777		0.827	0.05	0.062		welch	0.8016666102616139	0.9791561399089092	0	0	0.844	0.643	0.805	0.875	0.621	0.881	186	157	302	184	103	227
ris_low		chr19:ILF3:t:10670515|19:10654487-10670515:+	ILF3	chr19:ILF3:t:10670515	t	10670515	19:10654487-10670515:+	19	10654487	10670515	+	118.5	0.913		0.963	0.049			welch	0.3170041292852761	0.9646329354635802	0	0	0.795	0.881	1.0	0.975	1.0	0.936	73	176	167	81	74	140
ris_low		chr22:PES1:s:30581011|22:30580701-30581011:-	PES1	chr22:PES1:s:30581011	s	30581011	22:30580701-30581011:-	22	30580701	30581011	-	110.8	0.866		0.914	0.048	0.014		welch	0.5792533920507732	0.9646329354635802	0	0	0.83	1.0	0.818	0.937	1.0	0.845	135	97	165	95	63	110
ris_low		chr17:ANAPC11:t:81893551|17:81891863-81893551:+	ANAPC11	chr17:ANAPC11:t:81893551	t	81893551	17:81891863-81893551:+	17	81891863	81893551	+	143.3	0.124		0.171	0.047	0.046		welch	0.6281122494611276	0.9646329354635802	0	0	0.173	0.133	0.092	0.056	0.287	0.172	98	181	206	125	122	128
ris_low		chr2:MFF:s:227325427|2:227325427-227328677:+	MFF	chr2:MFF:s:227325427	s	227325427	2:227325427-227328677:+	2	227325427	227328677	+	130.5	0.707		0.754	0.047	0.07		welch	0.7133331323535351	0.9760641995173178	0	0	0.87	0.641	0.678	0.718	0.738	0.828	100	167	174	142	107	93
ris_low		chr16:TNRC6A:s:24729846|16:24729846-24750725:+	TNRC6A	chr16:TNRC6A:s:24729846	s	24729846	16:24729846-24750725:+	16	24729846	24750725	+	118.3	0.208		0.254	0.046	0.025		welch	0.6062204052580873	0.9646329354635802	0	0	0.337	0.156	0.15	0.224	0.373	0.187	92	96	120	134	118	150
ris_low		chr19:CIRBP:s:1269410|19:1269410-1270866:+	CIRBP	chr19:CIRBP:s:1269410	s	1269410	19:1269410-1270866:+	19	1269410	1270866	+	186.5	0.055		0.102	0.046	0.051		welch	0.5201185561188367	0.9646329354635802	0	0	0.012	0.069	0.074	0.029	0.262	0.042	171	202	244	209	149	144
ris_low		chr19:UBA52:t:18573292|19:18571887-18573292:+	UBA52	chr19:UBA52:t:18573292	t	18573292	19:18571887-18573292:+	19	18571887	18573292	+	171.8	0.398		0.444	0.046	0.073		welch	0.7067519719712019	0.9760641995173178	0	0	0.392	0.361	0.431	0.418	0.303	0.562	153	208	262	98	132	178
ris_low		chr19:TCF3:s:1615685|19:1612433-1615685:-	TCF3	chr19:TCF3:s:1615685	s	1615685	19:1612433-1615685:-	19	1612433	1615685	-	188.0	0.442		0.487	0.045	0.085		welch	0.5128122968016443	0.9646329354635802	0	0	0.279	0.55	0.446	0.506	0.508	0.451	179	258	233	170	126	162
ris_low		chr21:NDUFV3:t:42908863|21:42897047-42908863:+	NDUFV3	chr21:NDUFV3:t:42908863	t	42908863	21:42897047-42908863:+	21	42897047	42908863	+	183.5	0.677		0.722	0.045	-0.015		welch	0.5721101170795984	0.9646329354635802	0	0	0.745	0.612	0.688	0.615	0.836	0.734	165	214	247	143	110	222
ris_low		chr6:BAG6:t:31639226|6:31639226-31640198:-	BAG6	chr6:BAG6:t:31639226	t	31639226	6:31639226-31640198:-	6	31639226	31640198	-	245.2	0.416		0.461	0.045	-0.012		welch	0.6269907043706759	0.9646329354635802	0	0	0.33	0.452	0.437	0.298	0.549	0.513	203	321	286	191	193	277
ris_low		chr17:UBTF:s:44212818|17:44212006-44212818:-	UBTF	chr17:UBTF:s:44212818	s	44212818	17:44212006-44212818:-	17	44212006	44212818	-	149.3	0.234		0.276	0.043	-0.004		welch	0.380155339226561	0.9646329354635802	0	0	0.11	0.316	0.23	0.277	0.373	0.226	136	212	161	166	75	146
ris_low		chr17:AARSD1:t:42951894|17:42951894-42954875:-	AARSD1	chr17:AARSD1:t:42951894	t	42951894	17:42951894-42954875:-	17	42951894	42954875	-	138.2	0.149		0.192	0.043	0.035		welch	0.5681596022656257	0.9646329354635802	0	0	0.091	0.148	0.2	0.315	0.197	0.074	143	115	165	165	66	175
ris_low		chr17:CENPX:t:82019381|17:82019381-82019857:-	CENPX	chr17:CENPX:t:82019381	t	82019381	17:82019381-82019857:-	17	82019381	82019857	-	179.2	0.647		0.689	0.042	-0.037		welch	0.5511273839858147	0.9646329354635802	0	0	0.588	0.638	0.688	0.796	0.7	0.566	114	210	205	181	190	175
ris_low		chr19:ERCC1:t:45413745|19:45413745-45414860:-	ERCC1	chr19:ERCC1:t:45413745	t	45413745	19:45413745-45414860:-	19	45413745	45414860	-	148.2	0.295		0.337	0.042	0.061		welch	0.749956324536059	0.9791561399089092	0	0	0.264	0.158	0.434	0.423	0.274	0.26	87	158	175	213	106	150
ris_low		chr16:INO80E:s:30001040|16:30001040-30005220:+	INO80E	chr16:INO80E:s:30001040	s	30001040	16:30001040-30005220:+	16	30001040	30005220	+	137.2	0.455		0.496	0.041	-0.006		welch	0.6943193453167426	0.9729937671749059	0	0	0.517	0.306	0.565	0.51	0.719	0.333	120	157	147	104	121	174
ris_low		chr6:HMGA1:t:34240736|6:34237317-34240736:+	HMGA1	chr6:HMGA1:t:34240736	t	34240736	6:34237317-34240736:+	6	34237317	34240736	+	134.5	0.774		0.815	0.041	0.029		welch	0.6915504743042464	0.9729937671749059	0	0	0.659	0.905	0.766	0.776	0.702	1.0	91	95	248	143	124	106
ris_low		chr7:CYREN:t:135169060|7:135169060-135170651:-	CYREN	chr7:CYREN:t:135169060	t	135169060	7:135169060-135170651:-	7	135169060	135170651	-	104.2	0.22		0.261	0.041	0.036		welch	0.6959767181674621	0.9729937671749059	0	0	0.144	0.267	0.242	0.41	0.182	0.173	118	120	157	83	66	81
ris_low		chr17:NT5C:s:75131180|17:75131105-75131180:-	NT5C	chr17:NT5C:s:75131180	s	75131180	17:75131105-75131180:-	17	75131105	75131180	-	151.0	0.826		0.867	0.041	0.022		welch	0.9249385978540742	0.9813826720465214	0	0	0.944	0.775	0.782	0.852	0.685	0.936	142	142	216	115	73	218
ris_low		chr5:TCOF1:t:150391956|5:150390023-150391956:+	TCOF1	chr5:TCOF1:t:150391956	t	150391956	5:150390023-150391956:+	5	150390023	150391956	+	167.3	0.423		0.464	0.04	0.015		welch	0.6736686415179778	0.9693309269035708	0	0	0.5	0.502	0.31	0.426	0.534	0.452	146	203	239	176	116	124
ris_low		chr19:ERCC1:s:45414860|19:45413745-45414860:-	ERCC1	chr19:ERCC1:s:45414860	s	45414860	19:45413745-45414860:-	19	45413745	45414860	-	116.5	0.383		0.421	0.039	0.033		welch	0.8548564757098193	0.9791561399089092	0	0	0.383	0.207	0.531	0.529	0.312	0.348	60	121	143	170	93	112
ris_low		chr17:BIRC5:t:78216663|17:78216034-78216663:+	BIRC5	chr17:BIRC5:t:78216663	t	78216663	17:78216034-78216663:+	17	78216034	78216663	+	102.2	0.122		0.161	0.039	0.047		welch	0.898714429802635	0.9791561399089092	0	0	0.2	0.101	0.094	0.313	0.0	0.123	80	109	138	99	65	122
ris_low		chr19:RANBP3:t:5928087|19:5928087-5931418:-	RANBP3	chr19:RANBP3:t:5928087	t	5928087	19:5928087-5931418:-	19	5928087	5931418	-	133.7	0.487		0.524	0.038	-0.006		welch	0.6050499562170126	0.9646329354635802	0	0	0.462	0.378	0.602	0.635	0.441	0.512	93	196	206	85	93	129
ris_low		chr14:BCL2L2-PABPN1:s:23308199|14:23308199-23308815:+	BCL2L2-PABPN1	chr14:BCL2L2-PABPN1:s:23308199	s	23308199	14:23308199-23308815:+	14	23308199	23308815	+	106.7	0.293		0.331	0.038	0.029		welch	0.8642462378039252	0.9791561399089092	0	0	0.402	0.306	0.19	0.453	0.31	0.19	87	98	105	150	84	116
ris_low		chr16:KARS1:s:75647577|16:75644462-75647577:-	KARS1	chr16:KARS1:s:75647577	s	75647577	16:75644462-75647577:-	16	75644462	75647577	-	101.8	0.126		0.163	0.037	0.062		welch	0.830789641733508	0.9791561399089092	0	0	0.153	0.098	0.155	0.273	0.0	0.073	85	184	103	121	36	82
ris_low		chr8:PUF60:t:143821913|8:143821913-143824312:-	PUF60	chr8:PUF60:t:143821913	t	143821913	8:143821913-143824312:-	8	143821913	143824312	-	205.5	0.762		0.799	0.037	0.057		welch	0.876534830417541	0.9791561399089092	0	0	0.886	0.778	0.674	0.667	0.869	0.847	140	338	258	150	145	202
ris_low		chr7:TAF6:t:100112917|7:100112917-100113348:-	TAF6	chr7:TAF6:t:100112917	t	100112917	7:100112917-100113348:-	7	100112917	100113348	-	120.3	0.905		0.942	0.037	-0.017		welch	0.9615553288234576	0.9843311693128727	0	0	0.913	0.992	0.832	0.984	0.791	0.952	115	130	167	122	43	145
ris_low		chr5:TCOF1:s:150392176|5:150392176-150392707:+	TCOF1	chr5:TCOF1:s:150392176	s	150392176	5:150392176-150392707:+	5	150392176	150392707	+	141.5	0.303		0.339	0.035	0.046		welch	0.5831576469695773	0.9646329354635802	0	0	0.276	0.396	0.226	0.429	0.314	0.277	98	159	155	161	70	206
ris_low		chr19:RUVBL2:t:48999318|19:48993923-48999318:+	RUVBL2	chr19:RUVBL2:t:48999318	t	48999318	19:48993923-48999318:+	19	48993923	48999318	+	109.7	0.862		0.897	0.035	0.024		welch	0.8369696086715527	0.9791561399089092	0	0	0.871	0.9	0.837	0.747	0.95	0.961	93	100	184	79	100	102
ris_low		chrX:FMR1:s:147943326|X:147943326-147944868:+	FMR1	chrX:FMR1:s:147943326	s	147943326	X:147943326-147944868:+	X	147943326	147944868	+	222.0	0.628		0.662	0.034	0.024		welch	0.6165984745298335	0.9646329354635802	0	0	0.721	0.686	0.388	0.589	0.667	0.733	452	258	237	158	66	161
ris_low		chr16:SH2B1:t:28873169|16:28872758-28873169:+	SH2B1	chr16:SH2B1:t:28873169	t	28873169	16:28872758-28873169:+	16	28872758	28873169	+	162.2	0.242		0.276	0.034	0.03		welch	0.5547208499887766	0.9646329354635802	0	0	0.311	0.264	0.165	0.31	0.38	0.188	167	129	188	184	108	197
ris_low		chr19:TCF3:t:1611849|19:1611849-1612206:-	TCF3	chr19:TCF3:t:1611849	t	1611849	19:1611849-1612206:-	19	1611849	1612206	-	243.0	0.501		0.534	0.034	0.006		welch	0.46099213100692865	0.9646329354635802	0	0	0.437	0.443	0.586	0.442	0.649	0.566	215	203	295	328	205	212
ris_low		chr15:SNAPC5:t:66494552|15:66494552-66495329:-	SNAPC5	chr15:SNAPC5:t:66494552	t	66494552	15:66494552-66495329:-	15	66494552	66495329	-	132.8	0.576		0.61	0.034	0.021		welch	0.9001008867100299	0.9791561399089092	0	0	0.626	0.516	0.598	0.62	0.377	0.795	187	215	164	79	69	83
ris_low		chr22:SMARCB1:t:23793558|22:23791867-23793558:+	SMARCB1	chr22:SMARCB1:t:23793558	t	23793558	22:23791867-23793558:+	22	23791867	23793558	+	111.5	0.526		0.559	0.033	0.02		welch	0.49069472454065644	0.9646329354635802	0	0	0.429	0.668	0.383	0.703	0.579	0.457	140	190	94	64	76	105
ris_low		chr7:HOTAIRM1:s:27096388|7:27096388-27099778:+	HOTAIRM1	chr7:HOTAIRM1:s:27096388	s	27096388	7:27096388-27099778:+	7	27096388	27099778	+	156.3	0.059		0.092	0.032	0.026		welch	0.7436626111341851	0.9791561399089092	0	0	0.159	0.045	0.022	0.049	0.222	0.033	107	264	185	122	108	152
ris_low		chr19:ELAVL1:t:7963807|19:7963807-7967564:-	ELAVL1	chr19:ELAVL1:t:7963807	t	7963807	19:7963807-7967564:-	19	7963807	7967564	-	109.3	0.798		0.829	0.031	0.052		welch	0.7881250914738731	0.9791561399089092	0	0	0.689	0.827	0.853	0.667	0.869	0.914	103	104	150	84	99	116
ris_low		chr19:PRMT1:t:49680486|19:49677316-49680486:+	PRMT1	chr19:PRMT1:t:49680486	t	49680486	19:49677316-49680486:+	19	49677316	49680486	+	173.0	0.775		0.806	0.031	0.039		welch	0.9730670965175526	0.9843311693128727	0	0	0.876	0.82	0.655	0.73	0.69	0.942	178	211	232	115	129	173
ris_low		chr1:HNRNPR:s:23344210|1:23338608-23344210:-	HNRNPR	chr1:HNRNPR:s:23344210	s	23344210	1:23338608-23344210:-	1	23338608	23344210	-	127.7	0.658		0.688	0.03	-0.001		welch	0.6456583506364566	0.9646329354635802	0	0	0.797	0.606	0.608	0.68	0.794	0.652	118	160	158	103	63	164
ris_low		chr4:PCGF3:s:731110|4:731110-733671:+	PCGF3	chr4:PCGF3:s:731110	s	731110	4:731110-733671:+	4	731110	733671	+	150.2	0.795		0.825	0.03	0.016		welch	0.6182950619244417	0.9646329354635802	0	0	0.569	0.943	0.746	0.81	0.774	0.867	72	176	201	142	115	195
ris_low		chr7:HOTAIRM1:t:27099778|7:27099366-27099778:+	HOTAIRM1	chr7:HOTAIRM1:t:27099778	t	27099778	7:27099366-27099778:+	7	27099366	27099778	+	149.2	0.808		0.839	0.03	0.009		welch	0.6599217778608876	0.9693309269035708	0	0	0.664	0.862	0.863	0.87	0.754	0.877	122	174	153	154	130	162
ris_low		chr19:PRPF31:s:54115797|19:54115797-54118270:+	PRPF31	chr19:PRPF31:s:54115797	s	54115797	19:54115797-54118270:+	19	54115797	54118270	+	124.8	0.703		0.733	0.03	0.041		welch	0.9490547722614596	0.9813826720465214	0	0	0.882	0.672	0.633	0.819	0.738	0.649	85	131	158	144	80	151
ris_low		chr5:TCOF1:s:150369602|5:150369602-150374616:+	TCOF1	chr5:TCOF1:s:150369602	s	150369602	5:150369602-150374616:+	5	150369602	150374616	+	102.7	0.178		0.208	0.03	0.007		welch	0.9618013224478389	0.9843311693128727	0	0	0.118	0.188	0.223	0.278	0.0	0.237	110	144	112	108	49	93
ris_low		chr1:FLAD1:t:154992712|1:154990257-154992712:+	FLAD1	chr1:FLAD1:t:154992712	t	154992712	1:154990257-154992712:+	1	154990257	154992712	+	113.7	0.055		0.083	0.028	0.009		welch	0.6214574191155843	0.9646329354635802	0	0	0.112	0.022	0.027	0.019	0.226	0.036	134	135	113	105	84	111
ris_low		chr16:VKORC1:s:31094556|16:31091342-31094556:-	VKORC1	chr16:VKORC1:s:31094556	s	31094556	16:31091342-31094556:-	16	31091342	31094556	-	174.7	0.345		0.373	0.028	-0.037		welch	0.7773480089238782	0.9791561399089092	0	0	0.37	0.219	0.463	0.368	0.427	0.329	162	183	162	204	164	173
ris_low		chr3:POC1A:t:52075985|3:52075985-52122378:-	POC1A	chr3:POC1A:t:52075985	t	52075985	3:52075985-52122378:-	3	52075985	52122378	-	127.2	0.288		0.316	0.028	0.03		welch	0.8436903701377384	0.9791561399089092	0	0	0.331	0.324	0.222	0.367	0.122	0.333	127	148	162	139	49	138
ris_low		chrX:UPF3B:t:119838527|X:119838527-119841075:-	UPF3B	chrX:UPF3B:t:119838527	t	119838527	X:119838527-119841075:-	X	119838527	119841075	-	115.0	0.841		0.868	0.027	0.021		welch	0.899981121729539	0.9791561399089092	0	0	0.778	0.841	0.899	0.916	0.667	0.899	81	126	89	143	63	188
ris_low		chr19:PTBP1:s:805187|19:805187-806407:+	PTBP1	chr19:PTBP1:s:805187	s	805187	19:805187-806407:+	19	805187	806407	+	228.3	0.523		0.548	0.025	0.013		welch	0.6496296945413775	0.9646329354635802	0	0	0.485	0.522	0.562	0.403	0.72	0.593	264	297	276	206	118	209
ris_low		chr2:EEF1B2:s:206159684|2:206159684-206159958:+	EEF1B2	chr2:EEF1B2:s:206159684	s	206159684	2:206159684-206159958:+	2	206159684	206159958	+	107.5	0.782		0.807	0.025	0.051		welch	0.6473613733156625	0.9646329354635802	0	0	0.667	0.891	0.765	0.763	0.8	0.871	108	138	166	118	30	85
ris_low		chrX:PQBP1:t:48898491|X:48898082-48898491:+	PQBP1	chrX:PQBP1:t:48898491	t	48898491	X:48898082-48898491:+	X	48898082	48898491	+	108.2	0.448		0.473	0.025	0.078		welch	0.42824993774223974	0.9646329354635802	0	0	0.45	0.473	0.41	0.42	0.686	0.469	100	148	105	131	35	130
ris_low		chr3:UQCC5:t:52540423|3:52536773-52540423:+	UQCC5	chr3:UQCC5:t:52540423	t	52540423	3:52536773-52540423:+	3	52536773	52540423	+	110.8	0.366		0.391	0.025	-0.031		welch	0.801961736710852	0.9791561399089092	0	0	0.226	0.32	0.504	0.375	0.284	0.471	62	181	123	104	74	121
ris_low		chr10:RPP38:t:15103304|10:15097409-15103304:+	RPP38	chr10:RPP38:t:15103304	t	15103304	10:15097409-15103304:+	10	15097409	15103304	+	119.2	0.335		0.359	0.024	0.011		welch	0.6089577186697457	0.9646329354635802	0	0	0.48	0.342	0.177	0.351	0.5	0.324	127	152	124	134	42	136
ris_low		chr5:RPL26L1:t:172959864|5:172959468-172959864:+	RPL26L1	chr5:RPL26L1:t:172959864	t	172959864	5:172959468-172959864:+	5	172959468	172959864	+	161.5	0.463		0.487	0.024	0.03		welch	0.5376547648361152	0.9646329354635802	0	0	0.4	0.368	0.595	0.487	0.574	0.466	130	155	173	197	61	253
ris_low		chr7:WIPI2:t:5230834|7:5229705-5230834:+	WIPI2	chr7:WIPI2:t:5230834	t	5230834	7:5229705-5230834:+	7	5229705	5230834	+	130.3	0.212		0.235	0.024	0.046		welch	0.963493050594474	0.9843311693128727	0	0	0.253	0.125	0.258	0.381	0.059	0.18	91	144	190	139	68	150
ris_low		chr4:PCGF3:t:733671|4:731110-733671:+	PCGF3	chr4:PCGF3:t:733671	t	733671	4:731110-733671:+	4	731110	733671	+	145.5	0.824		0.848	0.023	0.013		welch	0.5939383373019549	0.9646329354635802	0	0	0.569	0.943	0.811	0.839	0.824	0.867	72	176	185	137	108	195
ris_low		chr15:SNAPC5:s:66497641|15:66495419-66497641:-	SNAPC5	chr15:SNAPC5:s:66497641	s	66497641	15:66495419-66497641:-	15	66495419	66497641	-	133.7	0.582		0.605	0.023	0.036		welch	0.9008236487161964	0.9791561399089092	0	0	0.632	0.546	0.574	0.647	0.386	0.767	190	229	155	85	70	73
ris_low		chr19:HNRNPUL1:s:41304261|19:41304261-41305675:+	HNRNPUL1	chr19:HNRNPUL1:s:41304261	s	41304261	19:41304261-41305675:+	19	41304261	41305675	+	147.2	0.837		0.86	0.023	0.001		welch	0.7973130600757541	0.9791561399089092	0	0	0.929	0.734	0.91	0.831	0.949	0.853	156	237	133	148	59	150
ris_low		chr11:GATD1:t:767373|11:767373-770313:-	GATD1	chr11:GATD1:t:767373	t	767373	11:767373-770313:-	11	767373	770313	-	103.7	0.171		0.194	0.023	0.072		welch	0.7931229972328104	0.9791561399089092	0	0	0.192	0.162	0.172	0.178	0.055	0.378	73	173	87	90	109	90
ris_low		chr2:MFF:s:227325427|2:227325427-227332418:+	MFF	chr2:MFF:s:227325427	s	227325427	2:227325427-227332418:+	2	227325427	227332418	+	130.5	0.209		0.231	0.022	-0.025		welch	0.6725765847607006	0.9693309269035708	0	0	0.03	0.234	0.287	0.261	0.262	0.151	100	167	174	142	107	93
ris_low		chr22:ENSG00000286129:s:22298211|22:22298211-22303103:+	ENSG00000286129	chr22:ENSG00000286129:s:22298211	s	22298211	22:22298211-22303103:+	22	22298211	22303103	+	100.7	0.077		0.1	0.022			welch	0.6804238540789745	0.970403147595853	0	0	0.2	0.0	0.075	0.242	0.127	0.021	85	131	107	66	71	144
ris_low		chr5:MACROH2A1:s:135360496|5:135353045-135360496:-	MACROH2A1	chr5:MACROH2A1:s:135360496	s	135360496	5:135353045-135360496:-	5	135353045	135360496	-	145.7	0.844		0.866	0.022	0.031		welch	0.7626163763114658	0.9791561399089092	0	0	0.698	0.897	0.861	0.928	0.783	0.819	106	223	216	166	69	94
ris_low		chr19:PRMT1:s:49677316|19:49677316-49680486:+	PRMT1	chr19:PRMT1:s:49677316	s	49677316	19:49677316-49680486:+	19	49677316	49680486	+	154.7	0.871		0.894	0.022	0.013		welch	0.9480926815964645	0.9813826720465214	0	0	0.975	0.844	0.813	0.785	0.908	0.953	160	205	187	107	98	171
ris_low		chr10:RPP38:t:15103304|10:15102336-15103304:+	RPP38	chr10:RPP38:t:15103304	t	15103304	10:15102336-15103304:+	10	15102336	15103304	+	119.2	0.404		0.426	0.022	-0.028		welch	0.9694673427587519	0.9843311693128727	0	0	0.268	0.454	0.484	0.478	0.333	0.404	127	152	124	134	42	136
ris_low		chrX:TCEAL3:t:103608603|X:103608058-103608603:+	TCEAL3	chrX:TCEAL3:t:103608603	t	103608603	X:103608058-103608603:+	X	103608058	103608603	+	113.3	0.853		0.875	0.022	-0.018		welch	0.9910794231059906	0.9910794231059915	0	0	0.824	0.828	0.895	0.969	0.704	0.877	119	134	162	97	54	114
ris_low		chr19:SAFB:s:5667164|19:5667164-5667346:+	SAFB	chr19:SAFB:s:5667164	s	5667164	19:5667164-5667346:+	19	5667164	5667346	+	556.0	0.777		0.795	0.019	0.015		welch	0.48716035392915524	0.9646329354635802	0	0	0.622	0.761	0.842	0.773	0.824	0.792	323	556	893	520	476	568
ris_low		chr1:NASP:t:45613168|1:45608337-45613168:+	NASP	chr1:NASP:t:45613168	t	45613168	1:45608337-45613168:+	1	45608337	45613168	+	104.3	0.365		0.383	0.019	-0.033		welch	0.8674051989735762	0.9791561399089092	0	0	0.243	0.288	0.517	0.309	0.242	0.567	115	111	147	97	66	90
ris_low		chr8:CYRIB:s:129939607|8:129903350-129939607:-	CYRIB	chr8:CYRIB:s:129939607	s	129939607	8:129903350-129939607:-	8	129903350	129939607	-	169.0	0.319		0.337	0.018	0.028		welch	0.5444610935304138	0.9646329354635802	0	0	0.308	0.221	0.433	0.374	0.533	0.256	130	190	178	179	75	262
ris_low		chr11:GATD1:s:771332|11:767373-771332:-	GATD1	chr11:GATD1:s:771332	s	771332	11:767373-771332:-	11	767373	771332	-	118.7	0.696		0.713	0.018	0.016		welch	0.7258046109963048	0.9791561399089092	0	0	0.562	0.86	0.59	0.902	0.705	0.559	105	164	122	82	146	93
ris_low		chr13:POLR1D:s:27622009|13:27622009-27648378:+	POLR1D	chr13:POLR1D:s:27622009	s	27622009	13:27622009-27648378:+	13	27622009	27648378	+	206.2	0.153		0.171	0.018	0.07		welch	0.7817222127952623	0.9791561399089092	0	0	0.211	0.129	0.131	0.046	0.181	0.321	228	271	283	194	105	156
ris_low		chr7:TAF6:s:100113615|7:100113405-100113615:-	TAF6	chr7:TAF6:s:100113615	s	100113615	7:100113405-100113615:-	7	100113405	100113615	-	103.3	0.915		0.933	0.018	-0.027		welch	0.7397363917808546	0.9791561399089092	0	0	0.892	0.992	0.861	0.981	0.719	0.946	93	123	137	106	32	129
ris_low		chr1:ENSG00000233461:t:231522637|1:231522637-231528419:-	ENSG00000233461	chr1:ENSG00000233461:t:231522637	t	231522637	1:231522637-231528419:-	1	231522637	231528419	-	141.7	0.244		0.261	0.017	0.009		welch	0.8823383321704587	0.9791561399089092	0	0	0.039	0.315	0.333	0.338	0.252	0.15	129	216	126	160	119	100
ris_low		chr6:BAG6:s:31640198|6:31639226-31640198:-	BAG6	chr6:BAG6:s:31640198	s	31640198	6:31639226-31640198:-	6	31639226	31640198	-	211.7	0.498		0.514	0.017	-0.011		welch	0.919423118319748	0.9813826720465214	0	0	0.472	0.594	0.43	0.38	0.624	0.52	142	244	291	150	170	273
ris_low		chr12:MYL6:s:56160320|12:56160320-56161386:+	MYL6	chr12:MYL6:s:56160320	s	56160320	12:56160320-56161386:+	12	56160320	56161386	+	133.3	0.65		0.667	0.016	0.029		welch	0.9314294241855731	0.9813826720465214	0	0	0.811	0.591	0.579	0.652	0.597	0.709	127	193	126	141	62	151
ris_low		chr20:NOP56:s:2656214|20:2656214-2656773:+	NOP56	chr20:NOP56:s:2656214	s	2656214	20:2656214-2656773:+	20	2656214	2656773	+	115.0	0.193		0.208	0.015	0.001		welch	0.5817625847000992	0.9646329354635802	0	0	0.205	0.088	0.257	0.179	0.443	0.129	127	102	144	117	61	139
ris_low		chr19:CLASRP:s:45067594|19:45067594-45068014:+	CLASRP	chr19:CLASRP:s:45067594	s	45067594	19:45067594-45068014:+	19	45067594	45068014	+	156.5	0.907		0.922	0.015	0.025		welch	0.851434148370261	0.9791561399089092	0	0	0.867	0.882	0.964	0.987	0.724	0.948	181	144	192	154	76	192
ris_low		chr1:AURKAIP1:t:1374790|1:1374790-1374996:-	AURKAIP1	chr1:AURKAIP1:t:1374790	t	1374790	1:1374790-1374996:-	1	1374790	1374996	-	177.2	0.225		0.237	0.012	-0.03		welch	0.6894696174330935	0.9729937671749059	0	0	0.11	0.171	0.344	0.134	0.265	0.348	136	170	209	232	132	184
ris_low		chr1:RNF220:t:44632342|1:44632208-44632342:+	RNF220	chr1:RNF220:t:44632342	t	44632342	1:44632208-44632342:+	1	44632208	44632342	+	146.8	0.628		0.64	0.012	0.059		welch	0.9301647953864574	0.9813826720465214	0	0	0.68	0.656	0.574	0.776	0.56	0.595	125	163	204	116	100	173
ris_low		chr19:DMKN:t:35505986|19:35505986-35510183:-	DMKN	chr19:DMKN:t:35505986	t	35505986	19:35505986-35510183:-	19	35505986	35510183	-	284.7	0.669		0.68	0.011	0.035		welch	0.7803432357936578	0.9791561399089092	0	0	0.596	0.616	0.771	0.728	0.74	0.582	287	380	406	191	219	225
ris_low		chr19:ERCC1:t:45413745|19:45413745-45413962:-	ERCC1	chr19:ERCC1:t:45413745	t	45413745	19:45413745-45413962:-	19	45413745	45413962	-	148.2	0.612		0.623	0.011	-0.007		welch	0.7540508628061589	0.9791561399089092	0	0	0.609	0.715	0.52	0.577	0.726	0.613	87	158	175	213	106	150
ris_low		chr19:PRPF31:s:54115797|19:54115797-54118240:+	PRPF31	chr19:PRPF31:s:54115797	s	54115797	19:54115797-54118240:+	19	54115797	54118240	+	124.8	0.209		0.219	0.01	0.008		welch	0.7983708781962948	0.9791561399089092	0	0	0.118	0.145	0.31	0.139	0.188	0.311	85	131	158	144	80	151
ris_low		chr16:ZNF598:t:2001191|16:2001191-2001582:-	ZNF598	chr16:ZNF598:t:2001191	t	2001191	16:2001191-2001582:-	16	2001191	2001582	-	161.3	0.779		0.79	0.01	0.008		welch	0.8158490618525227	0.9791561399089092	0	0	0.616	0.903	0.766	0.909	0.735	0.718	86	144	291	154	151	142
ris_low		chr3:THOC7:s:63863771|3:63838499-63863771:-	THOC7	chr3:THOC7:s:63863771	s	63863771	3:63838499-63863771:-	3	63838499	63863771	-	129.3	0.071		0.081	0.01	-0.023		welch	0.9473014813661222	0.9813826720465214	0	0	0.034	0.05	0.135	0.21	0.0	0.025	146	141	133	119	77	160
ris_low		chr6:LSM2:s:31806754|6:31806142-31806754:-	LSM2	chr6:LSM2:s:31806754	s	31806754	6:31806142-31806754:-	6	31806142	31806754	-	105.7	0.901		0.909	0.008			welch	0.6085110377280115	0.9646329354635802	0	0	0.786	1.0	0.861	0.872	1.0	0.899	70	129	115	149	72	99
ris_low		chr19:DMKN:s:35510183|19:35505986-35510183:-	DMKN	chr19:DMKN:s:35510183	s	35510183	19:35505986-35510183:-	19	35505986	35510183	-	339.5	0.562		0.568	0.006	-0.001		welch	0.8577190852860394	0.9791561399089092	0	0	0.515	0.493	0.666	0.563	0.681	0.476	332	475	470	247	238	275
ris_low		chr5:TCOF1:s:150390023|5:150390023-150391543:+	TCOF1	chr5:TCOF1:s:150390023	s	150390023	5:150390023-150391543:+	5	150390023	150391543	+	110.2	0.329		0.334	0.006	0.06		welch	0.80827053404382	0.9791561399089092	0	0	0.207	0.32	0.426	0.286	0.326	0.398	92	150	129	105	92	93
ris_low		chr8:CHCHD7:s:56211837|8:56211837-56212761:+	CHCHD7	chr8:CHCHD7:s:56211837	s	56211837	8:56211837-56212761:+	8	56211837	56212761	+	170.0	0.161		0.167	0.006	-0.014		welch	0.9449339878550314	0.9813826720465214	0	0	0.115	0.203	0.159	0.286	0.033	0.177	165	182	151	154	153	215
ris_low		chr4:HNRNPDL:t:82426129|4:82426129-82427189:-	HNRNPDL	chr4:HNRNPDL:t:82426129	t	82426129	4:82426129-82427189:-	4	82426129	82427189	-	154.2	0.286		0.29	0.005	-0.008		welch	0.7188425751739289	0.9760641995173178	0	0	0.311	0.248	0.308	0.359	0.118	0.298	161	214	185	156	68	141
ris_low		chr7:EIF3B:s:2379511|7:2379511-2380278:+	EIF3B	chr7:EIF3B:s:2379511	s	2379511	7:2379511-2380278:+	7	2379511	2380278	+	126.2	0.401		0.405	0.005	-0.063		welch	0.8967798958334754	0.9791561399089092	0	0	0.482	0.388	0.349	0.555	0.267	0.358	112	134	146	128	86	151
ris_low		chr5:TCOF1:t:150374616|5:150369602-150374616:+	TCOF1	chr5:TCOF1:t:150374616	t	150374616	5:150369602-150374616:+	5	150369602	150374616	+	106.0	0.182		0.187	0.005	-0.018		welch	0.8968087456533113	0.9791561399089092	0	0	0.2	0.235	0.14	0.219	0.0	0.314	65	115	178	137	71	70
ris_low		chr20:ERGIC3:s:35542941|20:35542941-35547411:+	ERGIC3	chr20:ERGIC3:s:35542941	s	35542941	20:35542941-35547411:+	20	35542941	35547411	+	107.7	0.91		0.915	0.005			welch	0.9803996516351071	0.9850351109808996	0	0	1.0	0.776	0.945	0.841	0.929	0.957	95	107	163	82	84	115
ris_low		chr6:GMNN:t:24777221|6:24775112-24777221:+	GMNN	chr6:GMNN:t:24777221	t	24777221	6:24775112-24777221:+	6	24775112	24777221	+	138.8	0.493		0.496	0.003	0.067		welch	0.5920291705649183	0.9646329354635802	0	0	0.364	0.517	0.556	0.38	0.651	0.584	107	201	142	179	43	161
ris_low		chr12:MYL6:t:56161386|12:56160320-56161386:+	MYL6	chr12:MYL6:t:56161386	t	56161386	12:56160320-56161386:+	12	56160320	56161386	+	175.2	0.499		0.502	0.003	0.05		welch	0.8251496484883298	0.9791561399089092	0	0	0.62	0.498	0.392	0.554	0.339	0.549	166	229	186	166	109	195
ris_low		chrX:NAA10:t:153932584|X:153932584-153933960:-	NAA10	chrX:NAA10:t:153932584	t	153932584	X:153932584-153933960:-	X	153932584	153933960	-	216.2	0.389		0.391	0.002	0.058		welch	0.790334723128027	0.9791561399089092	0	0	0.415	0.405	0.341	0.488	0.219	0.382	195	301	208	248	128	217
ris_low		chr16:HMOX2:t:4505483|16:4476487-4505483:+	HMOX2	chr16:HMOX2:t:4505483	t	4505483	16:4476487-4505483:+	16	4476487	4505483	+	100.5	0.795		0.797	0.002	-0.055		welch	0.9032793670376819	0.9793207423240172	0	0	0.647	0.856	0.903	0.741	0.938	0.767	119	125	93	112	64	90
ris_low		chrX:EOLA2:t:149937480|X:149937480-149938141:-	EOLA2	chrX:EOLA2:t:149937480	t	149937480	X:149937480-149938141:-	X	149937480	149938141	-	110.0	0.168		0.169	0.001	0.033		welch	0.81657348392164	0.9791561399089092	0	0	0.163	0.258	0.078	0.081	0.126	0.239	80	120	116	74	111	159
ris_low		chr8:SNHG6:s:66925436|8:66922392-66925436:-	SNHG6	chr8:SNHG6:s:66925436	s	66925436	8:66922392-66925436:-	8	66922392	66925436	-	254.2	0.312		0.312	-0.001	0.054		welch	0.8470585706656476	0.9791561399089092	0	0	0.236	0.287	0.426	0.305	0.422	0.267	195	439	230	223	135	303
ris_low		chr9:SURF2:t:133357710|9:133357068-133357710:+	SURF2	chr9:SURF2:t:133357710	t	133357710	9:133357068-133357710:+	9	133357068	133357710	+	148.0	0.815		0.814	-0.001	0.085		welch	0.8927438678207775	0.9791561399089092	0	0	0.856	0.802	0.789	0.712	0.739	0.959	146	217	133	125	119	148
ris_low		chrX:NAA10:t:153932584|X:153932584-153933942:-	NAA10	chrX:NAA10:t:153932584	t	153932584	X:153932584-153933942:-	X	153932584	153933942	-	216.2	0.611		0.609	-0.002	-0.058		welch	0.7903347231280261	0.9791561399089092	0	0	0.585	0.595	0.659	0.512	0.781	0.618	195	301	208	248	128	217
ris_low		chr22:EWSR1:s:29288786|22:29288786-29291561:+	EWSR1	chr22:EWSR1:s:29288786	s	29288786	22:29288786-29291561:+	22	29288786	29291561	+	214.8	0.464		0.462	-0.002	0.021		welch	0.9378738125378697	0.9813826720465214	0	0	0.407	0.549	0.435	0.568	0.383	0.421	209	235	276	190	120	259
ris_low		chr12:MYL6:t:56161386|12:56160670-56161386:+	MYL6	chr12:MYL6:t:56161386	t	56161386	12:56160670-56161386:+	12	56160670	56161386	+	175.2	0.501		0.498	-0.003	-0.05		welch	0.8251496484883294	0.9791561399089092	0	0	0.38	0.502	0.608	0.446	0.661	0.451	166	229	186	166	109	195
ris_low		chr8:SNHG6:s:66925436|8:66922725-66925436:-	SNHG6	chr8:SNHG6:s:66925436	s	66925436	8:66922725-66925436:-	8	66922725	66925436	-	254.2	0.683		0.679	-0.004	-0.054		welch	0.808035618352215	0.9791561399089092	0	0	0.764	0.711	0.561	0.695	0.556	0.723	195	439	230	223	135	303
ris_low		chr12:PAWR:s:79689728|12:79688465-79689728:-	PAWR	chr12:PAWR:s:79689728	s	79689728	12:79688465-79689728:-	12	79688465	79689728	-	123.5	0.056		0.051	-0.005	-0.002		welch	0.5929308919323759	0.9646329354635802	0	0	0.018	0.085	0.044	0.027	0.243	0.019	113	199	135	150	37	107
ris_low		chr4:HNRNPDL:t:82426129|4:82426129-82426462:-	HNRNPDL	chr4:HNRNPDL:t:82426129	t	82426129	4:82426129-82426462:-	4	82426129	82426462	-	154.2	0.714		0.71	-0.005	0.008		welch	0.7188425751739305	0.9760641995173178	0	0	0.689	0.752	0.692	0.641	0.882	0.702	161	214	185	156	68	141
ris_low		chr5:TCOF1:t:150374616|5:150374386-150374616:+	TCOF1	chr5:TCOF1:t:150374616	t	150374616	5:150374386-150374616:+	5	150374386	150374616	+	106.0	0.818		0.813	-0.005	0.018		welch	0.8968087456533098	0.9791561399089092	0	0	0.8	0.765	0.86	0.781	1.0	0.686	65	115	178	137	71	70
ris_low		chr5:TCOF1:s:150390023|5:150390023-150391956:+	TCOF1	chr5:TCOF1:s:150390023	s	150390023	5:150390023-150391956:+	5	150390023	150391956	+	110.2	0.671		0.666	-0.006	-0.06		welch	0.8082705340438194	0.9791561399089092	0	0	0.793	0.68	0.574	0.714	0.674	0.602	92	150	129	105	92	93
ris_low		chr8:CHCHD7:s:56211837|8:56211837-56214597:+	CHCHD7	chr8:CHCHD7:s:56211837	s	56211837	8:56211837-56214597:+	8	56211837	56214597	+	170.0	0.839		0.833	-0.006	0.014		welch	0.9449339878550317	0.9813826720465214	0	0	0.885	0.797	0.841	0.714	0.967	0.823	165	182	151	154	153	215
ris_low		chr6:HMGA1:t:34240736|6:34236963-34240736:+	HMGA1	chr6:HMGA1:t:34240736	t	34240736	6:34236963-34240736:+	6	34236963	34240736	+	134.5	0.161		0.155	-0.006	-0.029		welch	0.9209727400451885	0.9813826720465214	0	0	0.187	0.095	0.177	0.224	0.21	0.0	91	95	248	143	124	106
ris_low		chr6:LSM2:s:31806754|6:31798507-31806754:-	LSM2	chr6:LSM2:s:31806754	s	31806754	6:31798507-31806754:-	6	31798507	31806754	-	105.7	0.099		0.091	-0.008			welch	0.608511037728011	0.9646329354635802	0	0	0.214	0.0	0.139	0.128	0.0	0.101	70	129	115	149	72	99
ris_low		chr1:POLR3GL:t:145977482|1:145977152-145977482:+	POLR3GL	chr1:POLR3GL:t:145977482	t	145977482	1:145977152-145977482:+	1	145977152	145977482	+	151.2	0.601		0.593	-0.008	-0.053		welch	0.6254390162254329	0.9646329354635802	0	0	0.543	0.537	0.727	0.632	0.383	0.627	175	164	165	190	60	153
ris_low		chr19:CLASRP:s:45067594|19:45067594-45069065:+	CLASRP	chr19:CLASRP:s:45067594	s	45067594	19:45067594-45069065:+	19	45067594	45069065	+	156.5	0.087		0.078	-0.009	-0.025		welch	0.8060101442792481	0.9791561399089092	0	0	0.116	0.118	0.036	0.013	0.276	0.052	181	144	192	154	76	192
ris_low		chr6:HDDC2:t:125292909|6:125292909-125298713:-	HDDC2	chr6:HDDC2:t:125292909	t	125292909	6:125292909-125298713:-	6	125292909	125298713	-	132.5	0.229		0.22	-0.009	-0.046		welch	0.9320470073449181	0.9813826720465214	0	0	0.267	0.311	0.077	0.225	0.266	0.185	101	219	143	129	79	124
ris_low		chr16:ZNF598:t:2001191|16:2001191-2001591:-	ZNF598	chr16:ZNF598:t:2001191	t	2001191	16:2001191-2001591:-	16	2001191	2001591	-	161.3	0.221		0.21	-0.01	-0.008		welch	0.8158490618525229	0.9791561399089092	0	0	0.384	0.097	0.234	0.091	0.265	0.282	86	144	291	154	151	142
ris_low		chr3:THOC7:s:63863771|3:63839773-63863771:-	THOC7	chr3:THOC7:s:63863771	s	63863771	3:63839773-63863771:-	3	63839773	63863771	-	129.3	0.929		0.919	-0.01	0.023		welch	0.9473014813661228	0.9813826720465214	0	0	0.966	0.95	0.865	0.79	1.0	0.975	146	141	133	119	77	160
ris_low		chr12:PAWR:s:79689728|12:79621207-79689728:-	PAWR	chr12:PAWR:s:79689728	s	79689728	12:79621207-79689728:-	12	79621207	79689728	-	123.5	0.94		0.929	-0.011	0.002		welch	0.4732925443601491	0.9646329354635802	0	0	0.982	0.915	0.941	0.953	0.757	0.953	113	199	135	150	37	107
ris_low		chr21:SLX9:s:44967181|21:44967181-44973196:+	SLX9	chr21:SLX9:s:44967181	s	44967181	21:44967181-44973196:+	21	44967181	44973196	+	113.0	0.763		0.752	-0.011	0.015		welch	0.8628799359102703	0.9791561399089092	0	0	0.849	0.593	0.879	0.675	0.774	0.815	86	145	149	117	62	119
ris_low		chr11:MRPL48:t:73825707|11:73808350-73825707:+	MRPL48	chr11:MRPL48:t:73825707	t	73825707	11:73808350-73825707:+	11	73808350	73825707	+	105.3	0.794		0.782	-0.012	0.039		welch	0.7897480368726774	0.9791561399089092	0	0	0.8	0.848	0.739	0.592	1.0	0.91	105	145	153	98	20	111
ris_low		chr14:MRPL52:t:22830052|14:22829940-22830052:+	MRPL52	chr14:MRPL52:t:22830052	t	22830052	14:22829940-22830052:+	14	22829940	22830052	+	106.0	0.92		0.908	-0.012			welch	0.8249200956204438	0.9791561399089092	0	0	1.0	0.896	0.887	0.988	0.792	0.952	97	96	159	83	96	105
ris_low		chr6:GMNN:t:24777221|6:24775244-24777221:+	GMNN	chr6:GMNN:t:24777221	t	24777221	6:24775244-24777221:+	6	24775244	24777221	+	138.8	0.507		0.493	-0.013	-0.067		welch	0.5308535211394971	0.9646329354635802	0	0	0.636	0.483	0.444	0.603	0.349	0.41	107	201	142	179	43	161
ris_low		chr1:AURKAIP1:t:1374790|1:1374790-1375153:-	AURKAIP1	chr1:AURKAIP1:t:1374790	t	1374790	1:1374790-1375153:-	1	1374790	1375153	-	177.2	0.757		0.745	-0.013	0.03		welch	0.6586124449333146	0.9693309269035708	0	0	0.882	0.788	0.651	0.845	0.697	0.652	136	170	209	232	132	184
ris_low		chr16:VKORC1:s:31094556|16:31093421-31094556:-	VKORC1	chr16:VKORC1:s:31094556	s	31094556	16:31093421-31094556:-	16	31093421	31094556	-	174.7	0.623		0.61	-0.013	0.037		welch	0.9193796844804318	0.9813826720465214	0	0	0.599	0.765	0.488	0.632	0.53	0.659	162	183	162	204	164	173
ris_low		chr1:C1orf35:t:228103049|1:228103049-228103133:-	C1orf35	chr1:C1orf35:t:228103049	t	228103049	1:228103049-228103133:-	1	228103049	228103133	-	267.2	0.757		0.745	-0.013	-0.054		welch	0.9783313581670394	0.9850351109808996	0	0	0.69	0.725	0.853	0.785	0.834	0.654	332	258	320	270	151	272
ris_low		chr20:NOP56:s:2656214|20:2656214-2656400:+	NOP56	chr20:NOP56:s:2656214	s	2656214	20:2656214-2656400:+	20	2656214	2656400	+	115.0	0.807		0.792	-0.015	-0.001		welch	0.5817625847000988	0.9646329354635802	0	0	0.795	0.912	0.743	0.821	0.557	0.871	127	102	144	117	61	139
ris_low		chr12:TROAP:s:49324037|12:49324037-49324230:+	TROAP	chr12:TROAP:s:49324037	s	49324037	12:49324037-49324230:+	12	49324037	49324230	+	140.3	0.503		0.488	-0.015	0.004		welch	0.7130244148390886	0.9760641995173178	0	0	0.455	0.493	0.562	0.49	0.315	0.597	110	217	128	100	111	176
ris_low		chr6:MRPL18:t:159798051|6:159797518-159798051:+	MRPL18	chr6:MRPL18:t:159798051	t	159798051	6:159797518-159798051:+	6	159797518	159798051	+	121.0	0.945		0.93	-0.015	0.001		welch	0.7279396878827569	0.9791561399089092	0	0	0.929	1.0	0.92	1.0	0.758	0.993	112	109	162	113	95	135
ris_low		chr7:SSBP1:t:141739123|7:141738410-141739123:+	SSBP1	chr7:SSBP1:t:141739123	t	141739123	7:141738410-141739123:+	7	141738410	141739123	+	130.5	0.232		0.216	-0.016	0.007		welch	0.6209763458948562	0.9646329354635802	0	0	0.551	0.181	0.137	0.318	0.141	0.172	78	188	161	129	99	128
ris_low		chr12:MYL6:s:56160320|12:56160320-56160625:+	MYL6	chr12:MYL6:s:56160320	s	56160320	12:56160320-56160625:+	12	56160320	56160625	+	133.3	0.35		0.333	-0.016	-0.029		welch	0.9314294241855741	0.9813826720465214	0	0	0.189	0.409	0.421	0.348	0.403	0.291	127	193	126	141	62	151
ris_low		chr6:BAG6:s:31640198|6:31639646-31640198:-	BAG6	chr6:BAG6:s:31640198	s	31640198	6:31639646-31640198:-	6	31639646	31640198	-	211.7	0.502		0.486	-0.017	0.011		welch	0.9194231183197474	0.9813826720465214	0	0	0.528	0.406	0.57	0.62	0.376	0.48	142	244	291	150	170	273
ris_low		chr7:TAF6:s:100113615|7:100112917-100113615:-	TAF6	chr7:TAF6:s:100113615	s	100113615	7:100112917-100113615:-	7	100112917	100113615	-	103.3	0.085		0.067	-0.018	0.027		welch	0.739736391780855	0.9791561399089092	0	0	0.108	0.008	0.139	0.019	0.281	0.054	93	123	137	106	32	129
ris_low		chr19:SAFB:s:5667164|19:5667164-5667352:+	SAFB	chr19:SAFB:s:5667164	s	5667164	19:5667164-5667352:+	19	5667164	5667352	+	556.0	0.223		0.205	-0.019	-0.015		welch	0.48716035392915485	0.9646329354635802	0	0	0.378	0.239	0.158	0.227	0.176	0.208	323	556	893	520	476	568
ris_low		chr5:HNRNPH1:t:179616958|5:179616958-179617050:-	HNRNPH1	chr5:HNRNPH1:t:179616958	t	179616958	5:179616958-179617050:-	5	179616958	179617050	-	376.3	0.897		0.878	-0.019	-0.008		welch	0.5938513252908947	0.9646329354635802	0	0	0.898	0.898	0.895	0.876	0.726	0.959	294	540	474	348	208	394
ris_low		chr1:NASP:t:45613168|1:45606591-45613168:+	NASP	chr1:NASP:t:45613168	t	45613168	1:45606591-45613168:+	1	45606591	45613168	+	104.3	0.635		0.617	-0.019	0.033		welch	0.8674051989735765	0.9791561399089092	0	0	0.757	0.712	0.483	0.691	0.758	0.433	115	111	147	97	66	90
ris_low		chr2:MRPL33:t:27779432|2:27772692-27779432:+	MRPL33	chr2:MRPL33:t:27779432	t	27779432	2:27772692-27779432:+	2	27772692	27779432	+	100.7	0.501		0.481	-0.02	-0.038		welch	0.8124459343674306	0.9791561399089092	0	0	0.301	0.531	0.627	0.5	0.387	0.491	103	128	134	102	31	106
ris_low		chr6:CUTA:t:33417695|6:33417695-33418086:-	CUTA	chr6:CUTA:t:33417695	t	33417695	6:33417695-33418086:-	6	33417695	33418086	-	125.0	0.42		0.4	-0.02	0.017		welch	0.9007193604857046	0.9791561399089092	0	0	0.337	0.454	0.438	0.619	0.26	0.299	101	152	192	105	73	127
ris_low		chrX:FMR1:s:147943326|X:147943326-147944943:+	FMR1	chrX:FMR1:s:147943326	s	147943326	X:147943326-147944943:+	X	147943326	147944943	+	222.0	0.243		0.221	-0.022	-0.031		welch	0.5869307874989205	0.9646329354635802	0	0	0.188	0.198	0.397	0.291	0.182	0.168	452	258	237	158	66	161
ris_low		chr22:ENSG00000286129:s:22298211|22:22298211-22303223:+	ENSG00000286129	chr22:ENSG00000286129:s:22298211	s	22298211	22:22298211-22303223:+	22	22298211	22303223	+	100.7	0.923		0.9	-0.022			welch	0.6804238540789744	0.970403147595853	0	0	0.8	1.0	0.925	0.758	0.873	0.979	85	131	107	66	71	144
ris_low		chr19:PRMT1:s:49677316|19:49677316-49679871:+	PRMT1	chr19:PRMT1:s:49677316	s	49677316	19:49677316-49679871:+	19	49677316	49679871	+	154.7	0.129		0.106	-0.022	-0.013		welch	0.9480926815964644	0.9813826720465214	0	0	0.025	0.156	0.187	0.215	0.092	0.047	160	205	187	107	98	171
ris_low		chrX:TCEAL3:t:103608603|X:103608070-103608603:+	TCEAL3	chrX:TCEAL3:t:103608603	t	103608603	X:103608070-103608603:+	X	103608070	103608603	+	113.3	0.147		0.125	-0.022	0.018		welch	0.9910794231059915	0.9910794231059915	0	0	0.176	0.172	0.105	0.031	0.296	0.123	119	134	162	97	54	114
ris_low		chr4:PCGF3:t:733671|4:732498-733671:+	PCGF3	chr4:PCGF3:t:733671	t	733671	4:732498-733671:+	4	732498	733671	+	145.5	0.176		0.152	-0.023	-0.013		welch	0.5939383373019547	0.9646329354635802	0	0	0.431	0.057	0.189	0.161	0.176	0.133	72	176	185	137	108	195
ris_low		chr13:POLR1D:s:27622009|13:27622009-27622874:+	POLR1D	chr13:POLR1D:s:27622009	s	27622009	13:27622009-27622874:+	13	27622009	27622874	+	206.2	0.84		0.818	-0.023	-0.07		welch	0.7569881441497572	0.9791561399089092	0	0	0.768	0.871	0.869	0.928	0.819	0.679	228	271	283	194	105	156
ris_low		chr15:SNAPC5:s:66497641|15:66494552-66497641:-	SNAPC5	chr15:SNAPC5:s:66497641	s	66497641	15:66494552-66497641:-	15	66494552	66497641	-	133.7	0.418		0.395	-0.023	-0.036		welch	0.9008236487161964	0.9791561399089092	0	0	0.368	0.454	0.426	0.353	0.614	0.233	190	229	155	85	70	73
ris_low		chr11:GATD1:t:767373|11:767373-771332:-	GATD1	chr11:GATD1:t:767373	t	767373	11:767373-771332:-	11	767373	771332	-	103.7	0.817		0.792	-0.024	-0.072		welch	0.7748391986259084	0.9791561399089092	0	0	0.808	0.815	0.828	0.822	0.945	0.578	73	173	87	90	109	90
ris_low		chr7:WIPI2:t:5230834|7:5229738-5230834:+	WIPI2	chr7:WIPI2:t:5230834	t	5230834	7:5229738-5230834:+	7	5229738	5230834	+	130.3	0.788		0.765	-0.024	-0.046		welch	0.9634930505944743	0.9843311693128727	0	0	0.747	0.875	0.742	0.619	0.941	0.82	91	144	190	139	68	150
ris_low		chr2:EEF1B2:s:206159684|2:206159684-206159912:+	EEF1B2	chr2:EEF1B2:s:206159684	s	206159684	2:206159684-206159912:+	2	206159684	206159912	+	107.5	0.218		0.193	-0.025	-0.051		welch	0.6473613733156621	0.9646329354635802	0	0	0.333	0.109	0.235	0.237	0.2	0.129	108	138	166	118	30	85
ris_low		chr6:HDDC2:t:125292909|6:125292909-125300537:-	HDDC2	chr6:HDDC2:t:125292909	t	125292909	6:125292909-125300537:-	6	125292909	125300537	-	132.5	0.769		0.744	-0.025	0.046		welch	0.6285854465283824	0.9646329354635802	0	0	0.733	0.685	0.923	0.744	0.696	0.774	101	219	143	129	79	124
ris_low		chr8:CYRIB:s:129939607|8:129904585-129939607:-	CYRIB	chr8:CYRIB:s:129939607	s	129939607	8:129904585-129939607:-	8	129904585	129939607	-	169.0	0.681		0.655	-0.026	-0.028		welch	0.5023494370724658	0.9646329354635802	0	0	0.692	0.779	0.567	0.626	0.467	0.729	130	190	178	179	75	262
ris_low		chr17:CEP131:s:81192317|17:81191332-81192317:-	CEP131	chr17:CEP131:s:81192317	s	81192317	17:81191332-81192317:-	17	81191332	81192317	-	107.2	0.116		0.089	-0.026	-0.053		welch	0.9477102132068331	0.9813826720465214	0	0	0.207	0.115	0.052	0.072	0.262	0.022	82	131	116	111	65	138
ris_low		chrX:UPF3B:t:119838527|X:119838527-119840645:-	UPF3B	chrX:UPF3B:t:119838527	t	119838527	X:119838527-119840645:-	X	119838527	119840645	-	115.0	0.159		0.132	-0.027	-0.021		welch	0.899981121729539	0.9791561399089092	0	0	0.222	0.159	0.101	0.084	0.333	0.101	81	126	89	143	63	188
ris_low		chr11:GATD1:s:771332|11:771104-771332:-	GATD1	chr11:GATD1:s:771332	s	771332	11:771104-771332:-	11	771104	771332	-	118.7	0.118		0.087	-0.03	0.011		welch	0.5578349960225141	0.9646329354635802	0	0	0.248	0.079	0.057	0.0	0.103	0.14	105	164	122	82	146	93
ris_low		chr19:ELAVL1:t:7963807|19:7963807-7973558:-	ELAVL1	chr19:ELAVL1:t:7963807	t	7963807	19:7963807-7973558:-	19	7963807	7973558	-	109.3	0.202		0.171	-0.031	-0.052		welch	0.788125091473873	0.9791561399089092	0	0	0.311	0.173	0.147	0.333	0.131	0.086	103	104	150	84	99	116
ris_low		chr1:FAAP20:s:2193638|1:2192975-2193638:-	FAAP20	chr1:FAAP20:s:2193638	s	2193638	1:2192975-2193638:-	1	2192975	2193638	-	132.7	0.212		0.181	-0.031	-0.009		welch	0.9562507164567119	0.9843311693128727	0	0	0.145	0.26	0.18	0.122	0.127	0.323	55	204	189	115	134	99
ris_low		chr19:RANBP3:t:5928087|19:5928087-5931403:-	RANBP3	chr19:RANBP3:t:5928087	t	5928087	19:5928087-5931403:-	19	5928087	5931403	-	133.7	0.507		0.476	-0.032	0.006		welch	0.63060371729781	0.9646329354635802	0	0	0.538	0.607	0.398	0.365	0.559	0.488	93	196	206	85	93	129
ris_low		chr22:SMARCB1:t:23793558|22:23791894-23793558:+	SMARCB1	chr22:SMARCB1:t:23793558	t	23793558	22:23791894-23793558:+	22	23791894	23793558	+	111.5	0.474		0.441	-0.033	-0.02		welch	0.4906947245406564	0.9646329354635802	0	0	0.571	0.332	0.617	0.297	0.421	0.543	140	190	94	64	76	105
ris_low		chr16:SH2B1:t:28873169|16:28872705-28873169:+	SH2B1	chr16:SH2B1:t:28873169	t	28873169	16:28872705-28873169:+	16	28872705	28873169	+	162.2	0.758		0.724	-0.034	-0.03		welch	0.5547208499887769	0.9646329354635802	0	0	0.689	0.736	0.835	0.69	0.62	0.812	167	129	188	184	108	197
ris_low		chr19:TCF3:t:1611849|19:1611849-1615284:-	TCF3	chr19:TCF3:t:1611849	t	1611849	19:1611849-1615284:-	19	1611849	1615284	-	243.0	0.499		0.466	-0.034	-0.006		welch	0.46099213100692893	0.9646329354635802	0	0	0.563	0.557	0.414	0.558	0.351	0.434	215	203	295	328	205	212
ris_low		chr15:SNAPC5:t:66494552|15:66494552-66497641:-	SNAPC5	chr15:SNAPC5:t:66494552	t	66494552	15:66494552-66497641:-	15	66494552	66497641	-	132.8	0.424		0.39	-0.034	-0.021		welch	0.9001008867100295	0.9791561399089092	0	0	0.374	0.484	0.402	0.38	0.623	0.205	187	215	164	79	69	83
ris_low		chr5:TCOF1:s:150392176|5:150392176-150392704:+	TCOF1	chr5:TCOF1:s:150392176	s	150392176	5:150392176-150392704:+	5	150392176	150392704	+	141.5	0.697		0.661	-0.035	-0.046		welch	0.5831576469695778	0.9646329354635802	0	0	0.724	0.604	0.774	0.571	0.686	0.723	98	159	155	161	70	206
ris_low		chr19:CIRBP:s:1269410|19:1269410-1270927:+	CIRBP	chr19:CIRBP:s:1269410	s	1269410	19:1269410-1270927:+	19	1269410	1270927	+	186.5	0.922		0.886	-0.036	-0.056		welch	0.642319461262213	0.9646329354635802	0	0	0.906	0.931	0.926	0.957	0.718	0.958	171	202	244	209	149	144
ris_low		chr11:TRPT1:s:64224284|11:64224210-64224284:-	TRPT1	chr11:TRPT1:s:64224284	s	64224284	11:64224210-64224284:-	11	64224210	64224284	-	169.2	0.61		0.573	-0.037	-0.068		welch	0.5193815639757846	0.9646329354635802	0	0	0.59	0.527	0.761	0.569	0.559	0.586	212	264	176	130	93	140
ris_low		chr3:UQCC5:t:52540423|3:52534877-52540423:+	UQCC5	chr3:UQCC5:t:52540423	t	52540423	3:52534877-52540423:+	3	52534877	52540423	+	110.8	0.164		0.127	-0.037	-0.024		welch	0.5330765843376607	0.9646329354635802	0	0	0.339	0.144	0.106	0.173	0.189	0.05	62	181	123	104	74	121
ris_low		chr19:HNRNPUL1:t:41268222|19:41264692-41268222:+	HNRNPUL1	chr19:HNRNPUL1:t:41268222	t	41268222	19:41264692-41268222:+	19	41264692	41268222	+	137.0	0.185		0.148	-0.037	-0.062		welch	0.7131123017866361	0.9760641995173178	0	0	0.216	0.243	0.077	0.054	0.191	0.206	125	202	143	129	68	155
ris_low		chr16:KARS1:s:75647577|16:75641723-75647577:-	KARS1	chr16:KARS1:s:75647577	s	75647577	16:75641723-75647577:-	16	75641723	75647577	-	101.8	0.874		0.837	-0.037	-0.062		welch	0.8307896417335072	0.9791561399089092	0	0	0.847	0.902	0.845	0.727	1.0	0.927	85	184	103	121	36	82
ris_low		chr8:PUF60:t:143821913|8:143821913-143829279:-	PUF60	chr8:PUF60:t:143821913	t	143821913	8:143821913-143829279:-	8	143821913	143829279	-	205.5	0.238		0.201	-0.037	-0.057		welch	0.876534830417541	0.9791561399089092	0	0	0.114	0.222	0.326	0.333	0.131	0.153	140	338	258	150	145	202
ris_low		chr19:ERCC1:s:45414860|19:45414034-45414860:-	ERCC1	chr19:ERCC1:s:45414860	s	45414860	19:45414034-45414860:-	19	45414034	45414860	-	116.5	0.617		0.579	-0.039	-0.033		welch	0.8548564757098194	0.9791561399089092	0	0	0.617	0.793	0.469	0.471	0.688	0.652	60	121	143	170	93	112
ris_low		chr8:PUF60:s:143829279|8:143821913-143829279:-	PUF60	chr8:PUF60:s:143829279	s	143829279	8:143821913-143829279:-	8	143821913	143829279	-	212.0	0.232		0.193	-0.039	-0.045		welch	0.7940064426893618	0.9791561399089092	0	0	0.094	0.23	0.326	0.292	0.114	0.171	170	326	258	171	166	181
ris_low		chr17:BIRC5:t:78216663|17:78214789-78216663:+	BIRC5	chr17:BIRC5:t:78216663	t	78216663	17:78214789-78216663:+	17	78214789	78216663	+	102.2	0.878		0.839	-0.039	-0.047		welch	0.8987144298026335	0.9791561399089092	0	0	0.8	0.899	0.906	0.687	1.0	0.877	80	109	138	99	65	122
ris_low		chr5:TCOF1:t:150391956|5:150391657-150391956:+	TCOF1	chr5:TCOF1:t:150391956	t	150391956	5:150391657-150391956:+	5	150391657	150391956	+	167.3	0.577		0.536	-0.04	-0.015		welch	0.6736686415179782	0.9693309269035708	0	0	0.5	0.498	0.69	0.574	0.466	0.548	146	203	239	176	116	124
ris_low		chr10:CUTC:t:99736245|10:99732409-99736245:+	CUTC	chr10:CUTC:t:99736245	t	99736245	10:99732409-99736245:+	10	99732409	99736245	+	102.0	0.917		0.878	-0.04	-0.009		welch	0.771881286041201	0.9791561399089092	0	0	0.964	0.935	0.862	0.929	1.0	0.756	83	169	123	99	48	90
ris_low		chr10:RPP38:t:15103304|10:15097766-15103304:+	RPP38	chr10:RPP38:t:15103304	t	15103304	10:15097766-15103304:+	10	15097766	15103304	+	119.2	0.196		0.154	-0.042	0.017		welch	0.3791013781873461	0.9646329354635802	0	0	0.228	0.158	0.21	0.097	0.024	0.25	127	152	124	134	42	136
ris_low		chr11:ANAPC15:s:72112649|11:72111496-72112649:-	ANAPC15	chr11:ANAPC15:s:72112649	s	72112649	11:72111496-72112649:-	11	72111496	72112649	-	116.2	0.753		0.711	-0.042	-0.01		welch	0.8735740513914674	0.9791561399089092	0	0	0.619	0.789	0.819	0.63	0.821	0.734	113	166	138	119	67	94
ris_low		chr14:BCL2L2-PABPN1:s:23308199|14:23308199-23322180:+	BCL2L2-PABPN1	chr14:BCL2L2-PABPN1:s:23308199	s	23308199	14:23308199-23322180:+	14	23308199	23322180	+	106.7	0.397		0.354	-0.042	-0.01		welch	0.775825633891314	0.9791561399089092	0	0	0.391	0.296	0.495	0.24	0.298	0.543	87	98	105	150	84	116
ris_low		chr17:UBTF:s:44212818|17:44212454-44212818:-	UBTF	chr17:UBTF:s:44212818	s	44212818	17:44212454-44212818:-	17	44212454	44212818	-	149.3	0.766		0.724	-0.043	0.004		welch	0.3801553392265602	0.9646329354635802	0	0	0.89	0.684	0.77	0.723	0.627	0.774	136	212	161	166	75	146
ris_low		chr2:MRPL33:t:27779432|2:27774530-27779432:+	MRPL33	chr2:MRPL33:t:27779432	t	27779432	2:27774530-27779432:+	2	27774530	27779432	+	100.7	0.471		0.427	-0.044	0.01		welch	0.9138751192190392	0.9813826720465214	0	0	0.65	0.469	0.336	0.461	0.613	0.34	103	128	134	102	31	106
ris_low		chr16:INO80E:s:30001040|16:30001040-30001413:+	INO80E	chr16:INO80E:s:30001040	s	30001040	16:30001040-30001413:+	16	30001040	30001413	+	137.2	0.481		0.436	-0.045	0.009		welch	0.6514109470071706	0.9646329354635802	0	0	0.4	0.631	0.388	0.423	0.281	0.552	120	157	147	104	121	174
ris_low		chr6:BAG6:t:31639226|6:31639226-31639499:-	BAG6	chr6:BAG6:t:31639226	t	31639226	6:31639226-31639499:-	6	31639226	31639499	-	245.2	0.584		0.539	-0.045	0.012		welch	0.6269907043706772	0.9646329354635802	0	0	0.67	0.548	0.563	0.702	0.451	0.487	203	321	286	191	193	277
ris_low		chrX:EOLA2:t:149937480|X:149937480-149938192:-	EOLA2	chrX:EOLA2:t:149937480	t	149937480	X:149937480-149938192:-	X	149937480	149938192	-	110.0	0.813		0.767	-0.046	-0.033		welch	0.8347805469310724	0.9791561399089092	0	0	0.787	0.742	0.905	0.919	0.757	0.704	80	120	116	74	111	159
ris_low		chr3:POC1A:t:52075985|3:52075985-52096568:-	POC1A	chr3:POC1A:t:52075985	t	52075985	3:52075985-52096568:-	3	52075985	52096568	-	127.2	0.712		0.666	-0.046	-0.03		welch	0.9701958230179799	0.9843311693128727	0	0	0.669	0.676	0.778	0.633	0.878	0.623	127	148	162	139	49	138
ris_low		chr19:PTBP1:s:805187|19:805187-805491:+	PTBP1	chr19:PTBP1:s:805187	s	805187	19:805187-805491:+	19	805187	805491	+	228.3	0.474		0.428	-0.047	-0.013		welch	0.5197239591405943	0.9646329354635802	0	0	0.508	0.478	0.438	0.573	0.28	0.368	264	297	276	206	118	209
ris_low		chr22:PES1:s:30581011|22:30580686-30581011:-	PES1	chr22:PES1:s:30581011	s	30581011	22:30580686-30581011:-	22	30580686	30581011	-	110.8	0.134		0.086	-0.048	-0.014		welch	0.5792533920507732	0.9646329354635802	0	0	0.17	0.0	0.182	0.063	0.0	0.155	135	97	165	95	63	110
ris_low		chr16:CARMIL2:s:67656645|16:67656645-67656800:+	CARMIL2	chr16:CARMIL2:s:67656645	s	67656645	16:67656645-67656800:+	16	67656645	67656800	+	152.0	0.132		0.084	-0.049	-0.057		welch	0.5743940736950797	0.9646329354635802	0	0	0.09	0.093	0.211	0.228	0.0	0.006	156	193	180	136	93	154
ris_low		chr9:FAM120A:t:93561108|9:93558715-93561108:+	FAM120A	chr9:FAM120A:t:93561108	t	93561108	9:93558715-93561108:+	9	93558715	93561108	+	107.2	0.188		0.139	-0.049	-0.059		welch	0.5085368728291593	0.9646329354635802	0	0	0.286	0.25	0.047	0.132	0.044	0.211	70	136	107	106	91	133
ris_low		chr5:HNRNPH1:s:179617513|5:179617110-179617513:-	HNRNPH1	chr5:HNRNPH1:s:179617513	s	179617513	5:179617110-179617513:-	5	179617110	179617513	-	180.8	0.958		0.908	-0.05	-0.032		welch	0.35218365223511056	0.9646329354635802	0	0	0.984	0.98	0.925	0.88	0.782	1.0	125	255	268	175	87	175
ris_low		chr7:SSBP1:t:141739123|7:141738503-141739123:+	SSBP1	chr7:SSBP1:t:141739123	t	141739123	7:141738503-141739123:+	7	141738503	141739123	+	130.5	0.548		0.497	-0.051	-0.015		welch	0.8987450058411018	0.9791561399089092	0	0	0.346	0.559	0.634	0.465	0.535	0.5	78	188	161	129	99	128
ris_low		chr9:SIGMAR1:t:34635858|9:34635858-34636996:-	SIGMAR1	chr9:SIGMAR1:t:34635858	t	34635858	9:34635858-34636996:-	9	34635858	34636996	-	145.7	0.926		0.873	-0.053	-0.038		welch	0.4079621609843897	0.9646329354635802	0	0	0.944	0.876	0.963	0.961	0.745	0.877	124	169	164	152	110	155
ris_low		chr17:CEP131:s:81192317|17:81191350-81192317:-	CEP131	chr17:CEP131:s:81192317	s	81192317	17:81191350-81192317:-	17	81191350	81192317	-	107.2	0.198		0.143	-0.054	0.019		welch	0.8207499445572354	0.9791561399089092	0	0	0.11	0.214	0.241	0.144	0.292	0.072	82	131	116	111	65	138
ris_low		chr21:PRMT2:s:46635763|21:46635763-46636438:+	PRMT2	chr21:PRMT2:s:46635763	s	46635763	21:46635763-46636438:+	21	46635763	46636438	+	102.7	0.477		0.421	-0.056	-0.089		welch	0.46300985756854457	0.9646329354635802	0	0	0.578	0.478	0.416	0.326	0.534	0.425	90	92	149	92	73	120
ris_low		chr12:C12orf57:t:6945770|12:6944565-6945770:+	C12orf57	chr12:C12orf57:t:6945770	t	6945770	12:6944565-6945770:+	12	6944565	6945770	+	103.3	0.282		0.226	-0.056	-0.034		welch	0.5485066401960965	0.9646329354635802	0	0	0.207	0.31	0.314	0.318	0.261	0.102	92	113	118	88	111	98
ris_low		chr1:FAAP20:t:2189781|1:2189781-2193638:-	FAAP20	chr1:FAAP20:t:2189781	t	2189781	1:2189781-2193638:-	1	2189781	2193638	-	119.5	0.892		0.835	-0.057	-0.051		welch	0.8791210059166542	0.9791561399089092	0	0	0.71	0.88	0.98	1.0	0.867	0.638	62	166	150	99	135	105
ris_low		chr16:INO80E:t:30005220|16:30001530-30005220:+	INO80E	chr16:INO80E:t:30005220	t	30005220	16:30001530-30005220:+	16	30001530	30005220	+	190.0	0.62		0.562	-0.057	-0.033		welch	0.8733917131259291	0.9791561399089092	0	0	0.353	0.697	0.672	0.642	0.387	0.624	116	195	299	162	150	218
ris_low		chr7:GIGYF1:t:100681771|7:100681771-100682071:-	GIGYF1	chr7:GIGYF1:t:100681771	t	100681771	7:100681771-100682071:-	7	100681771	100682071	-	102.7	0.147		0.089	-0.058	-0.04		welch	0.4067578249110335	0.9646329354635802	0	0	0.132	0.309	0.086	0.063	0.191	0.038	114	81	186	63	68	104
ris_low		chr7:GGCT:t:30498938|7:30498938-30504568:-	GGCT	chr7:GGCT:t:30498938	t	30498938	7:30498938-30504568:-	7	30498938	30504568	-	104.8	0.744		0.685	-0.059	-0.116		welch	0.5281090976127648	0.9646329354635802	0	0	0.676	0.775	0.778	0.729	0.785	0.544	139	111	176	70	65	68
ris_low		chr11:CTTN:t:70422939|11:70421580-70422939:+	CTTN	chr11:CTTN:t:70422939	t	70422939	11:70421580-70422939:+	11	70421580	70422939	+	142.3	0.944		0.885	-0.059	-0.057		welch	0.7182429960932721	0.9760641995173178	0	0	0.918	0.947	0.958	0.962	1.0	0.774	122	227	191	131	46	137
ris_low		chr12:ENSG00000257379:t:53467220|12:53465973-53467220:+	ENSG00000257379	chr12:ENSG00000257379:t:53467220	t	53467220	12:53465973-53467220:+	12	53465973	53467220	+	174.3	0.792		0.733	-0.06	-0.025		welch	0.5636674819749281	0.9646329354635802	0	0	0.904	0.741	0.734	0.824	0.771	0.632	198	185	214	159	105	185
ris_low		chr16:RHOT2:t:668655|16:668569-668655:+	RHOT2	chr16:RHOT2:t:668655	t	668655	16:668569-668655:+	16	668569	668655	+	129.7	0.908		0.847	-0.061	-0.074		welch	0.33063643777922735	0.9646329354635802	0	0	0.978	0.895	0.889	0.937	0.859	0.708	93	133	252	126	85	89
ris_low		chr16:TNRC6A:s:24729846|16:24729846-24730252:+	TNRC6A	chr16:TNRC6A:s:24729846	s	24729846	16:24729846-24730252:+	16	24729846	24730252	+	118.3	0.753		0.692	-0.062	-0.025		welch	0.4931756757034847	0.9646329354635802	0	0	0.652	0.844	0.758	0.761	0.542	0.747	92	96	120	134	118	150
ris_low		chr19:VASP:s:45522581|19:45522581-45522720:+	VASP	chr19:VASP:s:45522581	s	45522581	19:45522581-45522720:+	19	45522581	45522720	+	178.7	0.182		0.12	-0.062	-0.013		welch	0.2839643661412941	0.9646329354635802	0	0	0.283	0.135	0.176	0.168	0.164	0.0	127	251	210	191	159	134
ris_low		chrX:MECP2:s:154097603|X:154032557-154097603:-	MECP2	chrX:MECP2:s:154097603	s	154097603	X:154032557-154097603:-	X	154032557	154097603	-	146.8	0.516		0.453	-0.063	-0.081		welch	0.46447711049721746	0.9646329354635802	0	0	0.546	0.373	0.634	0.531	0.356	0.44	130	161	164	145	90	191
ris_low		chr17:CEP131:s:81193925|17:81192593-81193925:-	CEP131	chr17:CEP131:s:81193925	s	81193925	17:81192593-81193925:-	17	81192593	81193925	-	170.2	0.278		0.214	-0.063	-0.093		welch	0.7065157593393656	0.9760641995173178	0	0	0.356	0.149	0.34	0.224	0.4	0.082	180	181	147	254	100	159
ris_low		chr19:ISOC2:t:55455330|19:55455330-55455635:-	ISOC2	chr19:ISOC2:t:55455330	t	55455330	19:55455330-55455635:-	19	55455330	55455635	-	118.5	0.736		0.673	-0.063	-0.018		welch	0.7969415125331856	0.9791561399089092	0	0	0.595	0.734	0.797	0.581	0.778	0.698	79	109	187	129	81	126
ris_low		chr8:SNHG6:t:66922392|8:66922392-66925436:-	SNHG6	chr8:SNHG6:t:66922392	t	66922392	8:66922392-66925436:-	8	66922392	66925436	-	151.7	0.552		0.489	-0.063	-0.029		welch	0.9750668759546338	0.9843311693128727	0	0	0.4	0.548	0.681	0.439	0.75	0.426	115	230	144	155	76	190
ris_low		chr19:LSM14A:s:34209051|19:34209051-34215595:+	LSM14A	chr19:LSM14A:s:34209051	s	34209051	19:34209051-34215595:+	19	34209051	34215595	+	132.5	0.401		0.338	-0.064	0.02		welch	0.41077462629167105	0.9646329354635802	0	0	0.508	0.272	0.491	0.456	0.279	0.266	130	180	106	136	104	139
ris_low		chr19:DMKN:s:35505717|19:35502886-35505717:-	DMKN	chr19:DMKN:s:35505717	s	35505717	19:35502886-35505717:-	19	35502886	35505717	-	201.8	0.337		0.273	-0.064	-0.098		welch	0.526982664480969	0.9646329354635802	0	0	0.358	0.23	0.407	0.403	0.178	0.235	226	244	305	139	118	179
ris_low		chr1:FLAD1:t:154992712|1:154990528-154992712:+	FLAD1	chr1:FLAD1:t:154992712	t	154992712	1:154990528-154992712:+	1	154990528	154992712	+	113.7	0.851		0.787	-0.064	-0.054		welch	0.4021101001591284	0.9646329354635802	0	0	0.851	0.822	0.885	0.914	0.714	0.721	134	135	113	105	84	111
ris_low		chr21:NDUFV3:t:42908863|21:42904276-42908863:+	NDUFV3	chr21:NDUFV3:t:42908863	t	42908863	21:42904276-42908863:+	21	42904276	42908863	+	183.5	0.281		0.217	-0.064	0.002		welch	0.5877773958273875	0.9646329354635802	0	0	0.164	0.364	0.287	0.364	0.091	0.185	165	214	247	143	110	222
ris_low		chr14:BRF1:s:105221647|14:105220130-105221647:-	BRF1	chr14:BRF1:s:105221647	s	105221647	14:105220130-105221647:-	14	105220130	105221647	-	105.2	0.859		0.794	-0.065	-0.061		welch	0.4199280074666821	0.9646329354635802	0	0	0.919	0.846	0.821	0.897	0.623	0.817	99	143	112	107	77	93
ris_low		chr10:STK32C:t:132330485|10:132330485-132331435:-	STK32C	chr10:STK32C:t:132330485	t	132330485	10:132330485-132331435:-	10	132330485	132331435	-	163.0	0.788		0.723	-0.065	-0.074		welch	0.3741118689285211	0.9646329354635802	0	0	0.785	0.764	0.814	0.734	0.542	0.813	158	182	194	139	107	198
ris_low		chr1:DNAJC8:s:28232920|1:28205306-28232920:-	DNAJC8	chr1:DNAJC8:s:28232920	s	28232920	1:28205306-28232920:-	1	28205306	28232920	-	132.8	0.146		0.08	-0.066	-0.034		welch	0.34766168667726494	0.9646329354635802	0	0	0.269	0.035	0.212	0.073	0.113	0.072	108	201	137	123	62	166
ris_low		chr5:SRA1:s:140557146|5:140551169-140557146:-	SRA1	chr5:SRA1:s:140557146	s	140557146	5:140551169-140557146:-	5	140551169	140557146	-	108.0	0.199		0.134	-0.066	-0.054		welch	0.6910638243840334	0.9729937671749059	0	0	0.108	0.149	0.271	0.293	0.073	0.041	74	101	166	99	110	98
ris_low		chr7:EIF3B:s:2379511|7:2379511-2380203:+	EIF3B	chr7:EIF3B:s:2379511	s	2379511	7:2379511-2380203:+	7	2379511	2380203	+	126.2	0.462		0.395	-0.067	0.038		welch	0.5264403379998128	0.9646329354635802	0	0	0.429	0.433	0.514	0.266	0.5	0.444	112	134	146	128	86	151
ris_low		chr19:UBA52:t:18573292|19:18571909-18573292:+	UBA52	chr19:UBA52:t:18573292	t	18573292	19:18571909-18573292:+	19	18571909	18573292	+	171.8	0.478		0.412	-0.067	-0.054		welch	0.5866373649880474	0.9646329354635802	0	0	0.542	0.452	0.462	0.316	0.629	0.303	153	208	262	98	132	178
ris_low		chr9:DMAC1:t:7798637|9:7798637-7799460:-	DMAC1	chr9:DMAC1:t:7798637	t	7798637	9:7798637-7799460:-	9	7798637	7799460	-	221.3	0.892		0.825	-0.067	-0.035		welch	0.2603106828237674	0.9646329354635802	0	0	0.926	0.905	0.85	0.818	0.674	0.893	242	231	260	258	95	242
ris_low		chr5:TCOF1:s:150369602|5:150369602-150372005:+	TCOF1	chr5:TCOF1:s:150369602	s	150369602	5:150369602-150372005:+	5	150369602	150372005	+	102.7	0.787		0.72	-0.067	-0.059		welch	0.8448145933538755	0.9791561399089092	0	0	0.882	0.722	0.777	0.685	1.0	0.613	110	144	112	108	49	93
ris_low		chr7:POLR2J:t:102474535|7:102474535-102476180:-	POLR2J	chr7:POLR2J:t:102474535	t	102474535	7:102474535-102476180:-	7	102474535	102476180	-	129.5	0.956		0.887	-0.068	-0.044		welch	0.44953112624144964	0.9646329354635802	0	0	0.9	0.979	0.958	0.946	0.6	0.961	90	195	120	147	70	155
ris_low		chr16:RHOT2:s:668411|16:668411-668487:+	RHOT2	chr16:RHOT2:s:668411	s	668411	16:668411-668487:+	16	668411	668487	+	124.8	0.906		0.837	-0.069	-0.086		welch	0.2696159857284702	0.9646329354635802	0	0	0.979	0.901	0.878	0.922	0.85	0.737	97	141	229	103	80	99
ris_low		chr19:RAD23A:s:12949159|19:12949159-12949277:+	RAD23A	chr19:RAD23A:s:12949159	s	12949159	19:12949159-12949277:+	19	12949159	12949277	+	166.5	0.399		0.33	-0.069	-0.095		welch	0.49577942430323346	0.9646329354635802	0	0	0.608	0.314	0.405	0.271	0.509	0.286	79	210	237	192	106	175
ris_low		chr19:ERCC1:s:45416820|19:45413745-45416820:-	ERCC1	chr19:ERCC1:s:45416820	s	45416820	19:45413745-45416820:-	19	45413745	45416820	-	100.3	0.132		0.062	-0.07	-0.07		welch	0.443089822477508	0.9646329354635802	0	0	0.139	0.169	0.081	0.0	0.0	0.198	79	118	99	106	104	96
ris_low		chrX:UPF3B:s:119841075|X:119840684-119841075:-	UPF3B	chrX:UPF3B:s:119841075	s	119841075	X:119840684-119841075:-	X	119840684	119841075	-	110.8	0.15		0.081	-0.07	-0.048		welch	0.6490047861811038	0.9646329354635802	0	0	0.222	0.138	0.101	0.022	0.25	0.071	81	123	89	134	56	182
ris_low		chr17:ARHGDIA:t:81869957|17:81869957-81870635:-	ARHGDIA	chr17:ARHGDIA:t:81869957	t	81869957	17:81869957-81870635:-	17	81869957	81870635	-	189.5	0.355		0.285	-0.07	0.05		welch	0.28413491944579516	0.9646329354635802	0	0	0.388	0.354	0.331	0.39	0.198	0.228	183	175	242	213	131	193
ris_low		chr19:SMARCA4:s:11041560|19:11041560-11058257:+	SMARCA4	chr19:SMARCA4:s:11041560	s	11041560	19:11041560-11058257:+	19	11041560	11058257	+	344.3	0.322		0.251	-0.071	-0.041		welch	0.6219196011830118	0.9646329354635802	0	0	0.425	0.265	0.272	0.243	0.39	0.205	379	347	390	424	146	380
ris_low		chr16:RPS15A:t:18789118|16:18789118-18789896:-	RPS15A	chr16:RPS15A:t:18789118	t	18789118	16:18789118-18789896:-	16	18789118	18789896	-	171.3	0.285		0.209	-0.075	-0.028		welch	0.41446740808413446	0.9646329354635802	0	0	0.18	0.26	0.372	0.278	0.081	0.231	133	269	234	133	99	160
ris_low		chr16:TNRC6A:t:24750725|16:24730300-24750725:+	TNRC6A	chr16:TNRC6A:t:24750725	t	24750725	16:24730300-24750725:+	16	24730300	24750725	+	104.5	0.776		0.701	-0.075	-0.044		welch	0.4121527790565314	0.9646329354635802	0	0	0.663	0.824	0.835	0.767	0.546	0.757	92	85	109	129	97	115
ris_low		chr4:PCGF3:s:731110|4:731110-732399:+	PCGF3	chr4:PCGF3:s:731110	s	731110	4:731110-732399:+	4	731110	732399	+	150.2	0.187		0.111	-0.076	-0.05		welch	0.4172070555417741	0.9646329354635802	0	0	0.431	0.045	0.224	0.155	0.148	0.056	72	176	201	142	115	195
ris_low		chr11:ANAPC15:t:72111286|11:72111286-72111441:-	ANAPC15	chr11:ANAPC15:t:72111286	t	72111286	11:72111286-72111441:-	11	72111286	72111441	-	154.2	0.203		0.127	-0.076	-0.045		welch	0.4642204148085307	0.9646329354635802	0	0	0.073	0.216	0.325	0.055	0.173	0.177	165	204	154	163	81	158
ris_low		chr11:MDK:t:46382056|11:46381758-46382056:+	MDK	chr11:MDK:t:46382056	t	46382056	11:46381758-46382056:+	11	46381758	46382056	+	177.3	0.87		0.793	-0.077	-0.009		welch	0.43809728026095623	0.9646329354635802	0	0	0.881	0.824	0.901	0.693	0.791	0.925	109	222	284	176	139	134
ris_low		chr12:SFSWAP:t:131766117|12:131764686-131766117:+	SFSWAP	chr12:SFSWAP:t:131766117	t	131766117	12:131764686-131766117:+	12	131764686	131766117	+	166.2	0.693		0.616	-0.077	-0.002		welch	0.4210562805983122	0.9646329354635802	0	0	0.721	0.755	0.576	0.519	0.611	0.713	219	229	177	158	54	160
ris_low		chr16:CARMIL2:t:67657238|16:67656881-67657238:+	CARMIL2	chr16:CARMIL2:t:67657238	t	67657238	16:67656881-67657238:+	16	67656881	67657238	+	166.0	0.259		0.182	-0.077	-0.105		welch	0.3113270850489243	0.9646329354635802	0	0	0.306	0.138	0.345	0.234	0.088	0.195	170	203	194	137	102	190
ris_low		chr17:CEP131:t:81192593|17:81192593-81193925:-	CEP131	chr17:CEP131:t:81192593	t	81192593	17:81192593-81193925:-	17	81192593	81193925	-	174.5	0.28		0.203	-0.077	-0.098		welch	0.48886080714418656	0.9646329354635802	0	0	0.405	0.164	0.276	0.201	0.328	0.095	158	165	181	284	122	137
ris_low		chr3:ALG3:s:184244600|3:184243996-184244600:-	ALG3	chr3:ALG3:s:184244600	s	184244600	3:184243996-184244600:-	3	184243996	184244600	-	117.3	0.876		0.799	-0.077	0.003		welch	0.6652572324580305	0.9693309269035708	0	0	0.854	0.913	0.865	0.622	1.0	0.843	212	149	74	74	29	166
ris_low		chr19:SUPT5H:s:39445637|19:39445637-39445803:+	SUPT5H	chr19:SUPT5H:s:39445637	s	39445637	19:39445637-39445803:+	19	39445637	39445803	+	161.5	0.933		0.855	-0.078	-0.051		welch	0.5754365542158134	0.9646329354635802	0	0	0.933	0.92	0.951	0.913	1.0	0.735	120	225	162	196	77	189
ris_low		chrX:CDK16:s:47219105|X:47219105-47223551:+	CDK16	chrX:CDK16:s:47219105	s	47219105	X:47219105-47223551:+	X	47219105	47223551	+	112.5	0.924		0.846	-0.078	-0.083		welch	0.5307034770479971	0.9646329354635802	0	0	0.833	1.0	0.929	0.723	0.975	0.881	108	118	156	112	80	101
ris_low		chrX:CCNQ:s:153592505|X:153588394-153592505:-	CCNQ	chrX:CCNQ:s:153592505	s	153592505	X:153588394-153592505:-	X	153588394	153592505	-	105.0	0.458		0.378	-0.08	-0.092		welch	0.5156789165852856	0.9646329354635802	0	0	0.278	0.469	0.555	0.362	0.317	0.425	72	143	119	116	60	120
ris_low		chrX:MECP2:t:154032557|X:154032557-154097603:-	MECP2	chrX:MECP2:t:154032557	t	154032557	X:154032557-154097603:-	X	154032557	154097603	-	165.0	0.472		0.392	-0.08	-0.101		welch	0.3315883681801931	0.9646329354635802	0	0	0.617	0.328	0.52	0.414	0.314	0.412	115	183	200	186	102	204
ris_low		chr16:RNPS1:s:2268054|16:2264331-2268054:-	RNPS1	chr16:RNPS1:s:2268054	s	2268054	16:2264331-2268054:-	16	2264331	2268054	-	153.2	0.278		0.197	-0.081	-0.064		welch	0.304028037056029	0.9646329354635802	0	0	0.182	0.296	0.333	0.118	0.263	0.211	148	196	195	119	114	147
ris_low		chr1:POLR3GL:t:145977482|1:145975436-145977482:+	POLR3GL	chr1:POLR3GL:t:145977482	t	145977482	1:145975436-145977482:+	1	145975436	145977482	+	151.2	0.286		0.203	-0.082	-0.069		welch	0.5598355659918745	0.9646329354635802	0	0	0.354	0.348	0.152	0.195	0.333	0.163	175	164	165	190	60	153
ris_low		chr9:FUBP3:s:130632278|9:130632278-130634666:+	FUBP3	chr9:FUBP3:s:130632278	s	130632278	9:130632278-130634666:+	9	130632278	130634666	+	103.7	0.876		0.793	-0.083	-0.09		welch	0.3443745678132975	0.9646329354635802	0	0	0.87	0.868	0.886	0.633	0.8	0.902	77	121	158	98	25	143
ris_low		chr12:SCAF11:t:45964188|12:45964188-45990352:-	SCAF11	chr12:SCAF11:t:45964188	t	45964188	12:45964188-45990352:-	12	45964188	45990352	-	142.2	0.929		0.845	-0.084	-0.074		welch	0.40803262265089685	0.9646329354635802	0	0	0.877	0.945	0.956	0.761	0.981	0.831	122	164	136	142	106	183
ris_low		chr17:RPL19:t:39202993|17:39202443-39202993:+	RPL19	chr17:RPL19:t:39202993	t	39202993	17:39202443-39202993:+	17	39202443	39202993	+	138.7	0.963		0.878	-0.085	-0.008		welch	0.4484540099874812	0.9646329354635802	0	0	0.98	0.946	0.966	0.778	1.0	0.93	148	166	148	162	80	128
ris_low		chr6:PFDN6:t:33289769|6:33289620-33289769:+	PFDN6	chr6:PFDN6:t:33289769	t	33289769	6:33289620-33289769:+	6	33289620	33289769	+	219.2	0.656		0.57	-0.086	-0.085		welch	0.2081623890590545	0.9646329354635802	0	0	0.658	0.649	0.665	0.651	0.459	0.557	196	322	236	218	133	210
ris_low		chr10:FRA10AC1:t:93700106|10:93700106-93702374:-	FRA10AC1	chr10:FRA10AC1:t:93700106	t	93700106	10:93700106-93702374:-	10	93700106	93702374	-	102.5	0.962		0.876	-0.087	-0.074		welch	0.27648067054858566	0.9646329354635802	0	0	1.0	0.918	1.0	0.81	1.0	0.851	76	134	83	105	83	134
ris_low		chr16:VKORC1:t:31091342|16:31091342-31093311:-	VKORC1	chr16:VKORC1:t:31091342	t	31091342	16:31091342-31093311:-	16	31091342	31093311	-	111.5	0.461		0.374	-0.087	-0.106		welch	0.5092680595255902	0.9646329354635802	0	0	0.326	0.636	0.385	0.292	0.34	0.472	89	121	122	106	106	125
ris_low		chr2:ITGB1BP1:t:9418732|2:9418732-9423372:-	ITGB1BP1	chr2:ITGB1BP1:t:9418732	t	9418732	2:9418732-9423372:-	2	9418732	9423372	-	112.0	0.83		0.741	-0.088	-0.11		welch	0.2457466634963599	0.9646329354635802	0	0	0.828	0.836	0.823	0.734	0.597	0.828	87	171	124	79	77	134
ris_low		chr21:SLX9:t:44960099|21:44943837-44960099:+	SLX9	chr21:SLX9:t:44960099	t	44960099	21:44943837-44960099:+	21	44943837	44960099	+	293.5	0.629		0.541	-0.088	-0.088		welch	0.48168273360084907	0.9646329354635802	0	0	0.565	0.608	0.674	0.57	0.667	0.421	207	319	439	293	213	290
ris_low		chr1:POLR3GL:s:145975436|1:145975436-145977482:+	POLR3GL	chr1:POLR3GL:s:145975436	s	145975436	1:145975436-145977482:+	1	145975436	145977482	+	107.2	0.389		0.3	-0.089	-0.046		welch	0.5712135248523962	0.9646329354635802	0	0	0.466	0.442	0.231	0.287	0.426	0.258	133	129	108	129	47	97
ris_low		chr16:FLYWCH2:t:2896351|16:2895320-2896351:+	FLYWCH2	chr16:FLYWCH2:t:2896351	t	2896351	16:2895320-2896351:+	16	2895320	2896351	+	102.5	0.859		0.767	-0.092	-0.059		welch	0.44862821585550217	0.9646329354635802	0	0	0.975	0.667	0.951	0.907	0.709	0.662	79	105	122	107	134	68
ris_low		chr3:FAM162A:s:122384299|3:122384299-122402759:+	FAM162A	chr3:FAM162A:s:122384299	s	122384299	3:122384299-122402759:+	3	122384299	122402759	+	103.2	0.974		0.881	-0.093	-0.13		welch	0.08640092739418312	0.9646329354635802	1	0	0.971	1.0	0.959	0.887	0.784	0.912	104	82	122	124	51	136
ris_low		chr6:RNF8:s:37371574|6:37371574-37376925:+	RNF8	chr6:RNF8:s:37371574	s	37371574	6:37371574-37376925:+	6	37371574	37376925	+	152.8	0.192		0.099	-0.093	-0.027		welch	0.3641291540773324	0.9646329354635802	0	0	0.19	0.054	0.335	0.083	0.089	0.124	147	166	161	192	90	161
ris_low		chr17:AURKB:s:8210529|17:8210249-8210529:-	AURKB	chr17:AURKB:s:8210529	s	8210529	17:8210249-8210529:-	17	8210249	8210529	-	104.7	0.601		0.507	-0.094	-0.059		welch	0.3841172480445403	0.9646329354635802	0	0	0.629	0.641	0.565	0.508	0.667	0.417	97	78	161	124	60	108
ris_low		chr20:EIF6:s:35284175|20:35280829-35284175:-	EIF6	chr20:EIF6:s:35284175	s	35284175	20:35280829-35284175:-	20	35280829	35284175	-	118.7	0.794		0.698	-0.096	-0.074		welch	0.4382236266261025	0.9646329354635802	0	0	0.782	0.774	0.822	0.64	0.857	0.691	101	137	146	136	56	136
ris_low		chr9:NTMT1:s:129626295|9:129626295-129634053:+	NTMT1	chr9:NTMT1:s:129626295	s	129626295	9:129626295-129634053:+	9	129626295	129634053	+	111.0	0.25		0.154	-0.096	-0.022		welch	0.4680663853073122	0.9646329354635802	0	0	0.161	0.392	0.144	0.044	0.277	0.122	87	148	125	113	119	74
ris_low		chr2:BOLA3:t:74135658|2:74135658-74145188:-	BOLA3	chr2:BOLA3:t:74135658	t	74135658	2:74135658-74145188:-	2	74135658	74145188	-	169.0	0.702		0.605	-0.097	-0.038		welch	0.19415780313608152	0.9646329354635802	1	0	0.842	0.647	0.671	0.631	0.591	0.589	139	255	167	168	93	192
ris_low		chr9:NTMT1:t:129634053|9:129626295-129634053:+	NTMT1	chr9:NTMT1:t:129634053	t	129634053	9:129626295-129634053:+	9	129626295	129634053	+	118.5	0.239		0.14	-0.099	-0.026		welch	0.6280659498080908	0.9646329354635802	0	0	0.126	0.354	0.178	0.041	0.351	0.076	111	164	101	123	94	118
ris_low		chr1:FDPS:s:155319688|1:155319688-155319793:+	FDPS	chr1:FDPS:s:155319688	s	155319688	1:155319688-155319793:+	1	155319688	155319793	+	241.3	0.91		0.81	-0.1	-0.094		welch	0.08013824166421511	0.9646329354635802	1	0	0.898	0.892	0.951	0.869	0.731	0.787	244	369	244	251	119	221
ris_low		chr10:ANAPC16:s:72216138|10:72216138-72230365:+	ANAPC16	chr10:ANAPC16:s:72216138	s	72216138	10:72216138-72230365:+	10	72216138	72230365	+	157.7	0.245		0.145	-0.1	-0.071		welch	0.22111237929103636	0.9646329354635802	0	0	0.274	0.283	0.187	0.254	0.133	0.048	175	173	198	142	113	145
ris_low		chr14:NDUFB1:s:92121641|14:92117642-92121641:-	NDUFB1	chr14:NDUFB1:s:92121641	s	92121641	14:92117642-92121641:-	14	92117642	92121641	-	106.8	0.959		0.86	-0.1	-0.063		welch	0.20375779756818216	0.9646329354635802	0	0	1.0	0.961	0.935	0.95	0.73	0.865	98	103	169	101	74	96
ris_low		chr14:ACIN1:s:23065965|14:23064488-23065965:-	ACIN1	chr14:ACIN1:s:23065965	s	23065965	14:23064488-23065965:-	14	23064488	23065965	-	192.5	0.807		0.707	-0.101	-0.045		welch	0.19503449789067112	0.9646329354635802	0	0	0.884	0.702	0.869	0.723	0.716	0.685	181	262	221	206	88	197
ris_low		chr2:PPP1R7:s:241166441|2:241166441-241167044:+	PPP1R7	chr2:PPP1R7:s:241166441	s	241166441	2:241166441-241167044:+	2	241166441	241167044	+	173.3	0.786		0.685	-0.101	-0.109		welch	0.1768996022807775	0.9646329354635802	0	0	0.704	0.783	0.865	0.637	0.748	0.682	169	207	185	179	143	157
ris_low		chr17:SAT2:t:7626793|17:7626793-7627142:-	SAT2	chr17:SAT2:t:7626793	t	7626793	17:7626793-7627142:-	17	7626793	7627142	-	154.5	0.824		0.723	-0.101	-0.087		welch	0.3313725528347878	0.9646329354635802	0	0	0.706	0.834	0.886	0.645	0.809	0.736	109	187	176	141	94	220
ris_low		chr11:SF1:s:64766899|11:64765518-64766899:-	SF1	chr11:SF1:s:64766899	s	64766899	11:64765518-64766899:-	11	64765518	64766899	-	130.7	0.74		0.639	-0.102	-0.082		welch	0.38307367422693106	0.9646329354635802	0	0	0.661	0.842	0.704	0.714	0.712	0.563	118	146	152	119	66	183
ris_low		chr9:PRPF4:s:113275770|9:113275770-113276544:+	PRPF4	chr9:PRPF4:s:113275770	s	113275770	9:113275770-113276544:+	9	113275770	113276544	+	151.3	0.215		0.112	-0.103	-0.035		welch	0.11753649814564655	0.9646329354635802	0	0	0.238	0.161	0.306	0.078	0.2	0.083	130	310	147	103	85	133
ris_low		chr13:TFDP1:t:113640119|13:113637896-113640119:+	TFDP1	chr13:TFDP1:t:113640119	t	113640119	13:113637896-113640119:+	13	113637896	113640119	+	141.7	0.806		0.703	-0.103	-0.087		welch	0.5232051092561728	0.9646329354635802	0	0	0.769	0.703	0.906	0.738	0.854	0.574	117	145	191	160	89	148
ris_low		chr3:RPL14:t:40457889|3:40457363-40457889:+	RPL14	chr3:RPL14:t:40457889	t	40457889	3:40457363-40457889:+	3	40457363	40457889	+	233.2	0.912		0.809	-0.103	-0.087		welch	0.1463832427574952	0.9646329354635802	1	0	0.896	0.938	0.898	0.745	0.718	0.896	260	323	303	212	71	230
ris_low		chr15:COMMD4:s:75339344|15:75339344-75339701:+	COMMD4	chr15:COMMD4:s:75339344	s	75339344	15:75339344-75339701:+	15	75339344	75339701	+	221.0	0.664		0.56	-0.104	-0.041		welch	0.18949526888035476	0.9646329354635802	1	0	0.711	0.669	0.641	0.603	0.431	0.63	128	302	312	184	181	219
ris_low		chr16:PSMB10:t:67934948|16:67934948-67935419:-	PSMB10	chr16:PSMB10:t:67934948	t	67934948	16:67934948-67935419:-	16	67934948	67935419	-	137.2	0.805		0.701	-0.105	-0.139		welch	0.22752385660979713	0.9646329354635802	1	0	0.817	0.79	0.805	0.758	0.771	0.599	191	143	118	120	109	142
ris_low		chr20:NOP56:t:2656400|20:2656034-2656400:+	NOP56	chr20:NOP56:t:2656400	t	2656400	20:2656034-2656400:+	20	2656034	2656400	+	122.0	0.28		0.174	-0.105	-0.043		welch	0.42612406041397405	0.9646329354635802	0	0	0.198	0.368	0.257	0.214	0.306	0.089	126	152	144	126	49	135
ris_low		chr19:PRKCSH:t:11447692|19:11447597-11447692:+	PRKCSH	chr19:PRKCSH:t:11447692	t	11447692	19:11447597-11447692:+	19	11447597	11447692	+	119.8	0.6		0.494	-0.106	-0.06		welch	0.27465358067894563	0.9646329354635802	0	0	0.667	0.496	0.635	0.527	0.584	0.389	84	123	200	110	89	113
ris_low		chr5:RPL26L1:t:172959864|5:172959007-172959864:+	RPL26L1	chr5:RPL26L1:t:172959864	t	172959864	5:172959007-172959864:+	5	172959007	172959864	+	161.5	0.5		0.393	-0.107	-0.04		welch	0.1847247419177075	0.9646329354635802	0	0	0.562	0.594	0.37	0.411	0.311	0.399	130	155	173	197	61	253
ris_low		chr1:RPL22:t:6197756|1:6197756-6199369:-	RPL22	chr1:RPL22:t:6197756	t	6197756	1:6197756-6199369:-	1	6197756	6199369	-	282.0	0.174		0.066	-0.108	-0.057		welch	0.18663216308869082	0.9646329354635802	1	0	0.077	0.263	0.176	0.067	0.067	0.065	311	331	323	270	194	263
ris_low		chr1:PABPC4:t:39570002|1:39570002-39571233:-	PABPC4	chr1:PABPC4:t:39570002	t	39570002	1:39570002-39571233:-	1	39570002	39571233	-	140.2	0.734		0.626	-0.108	-0.083		welch	0.4777852954629484	0.9646329354635802	0	0	0.701	0.577	0.905	0.504	0.66	0.739	127	215	221	117	50	111
ris_low		chrX:PQBP1:t:48898491|X:48898014-48898491:+	PQBP1	chrX:PQBP1:t:48898491	t	48898491	X:48898014-48898491:+	X	48898014	48898491	+	108.2	0.493		0.385	-0.108	-0.118		welch	0.17029224898349415	0.9646329354635802	0	0	0.55	0.419	0.543	0.481	0.2	0.338	100	148	105	131	35	130
ris_low		chr7:BUD31:t:99410033|7:99409004-99410033:+	BUD31	chr7:BUD31:t:99410033	t	99410033	7:99409004-99410033:+	7	99409004	99410033	+	278.7	0.626		0.517	-0.109	-0.073		welch	0.24254278719389355	0.9646329354635802	0	0	0.737	0.555	0.649	0.629	0.335	0.543	217	434	302	248	191	280
ris_low		chr17:CHD3:s:7907488|17:7907488-7907893:+	CHD3	chr17:CHD3:s:7907488	s	7907488	17:7907488-7907893:+	17	7907488	7907893	+	139.7	0.274		0.164	-0.11	-0.068		welch	0.1575020151359945	0.9646329354635802	0	0	0.38	0.188	0.29	0.136	0.2	0.169	100	170	238	118	70	142
ris_low		chr15:MRPS11:s:88467782|15:88467782-88467910:+	MRPS11	chr15:MRPS11:s:88467782	s	88467782	15:88467782-88467910:+	15	88467782	88467910	+	120.3	0.35		0.238	-0.112	-0.152		welch	0.43309088058393774	0.9646329354635802	0	0	0.432	0.438	0.178	0.124	0.411	0.195	125	169	146	105	90	87
ris_low		chr16:TRAPPC2L:s:88859972|16:88859972-88860913:+	TRAPPC2L	chr16:TRAPPC2L:s:88859972	s	88859972	16:88859972-88860913:+	16	88859972	88860913	+	110.7	0.656		0.544	-0.112	-0.092		welch	0.29933323144977403	0.9646329354635802	0	0	0.542	0.689	0.656	0.648	0.517	0.478	48	167	186	88	60	115
ris_low		chr17:DUS1L:s:82058780|17:82058416-82058780:-	DUS1L	chr17:DUS1L:s:82058780	s	82058780	17:82058416-82058780:-	17	82058416	82058780	-	152.3	0.909		0.797	-0.112	-0.044		welch	0.28975346639270144	0.9646329354635802	0	0	0.908	0.957	0.863	0.894	0.865	0.675	130	185	190	151	89	169
ris_low		chr19:CHMP2A:t:58554236|19:58554236-58554987:-	CHMP2A	chr19:CHMP2A:t:58554236	t	58554236	19:58554236-58554987:-	19	58554236	58554987	-	131.8	0.948		0.833	-0.115	-0.104		welch	0.08863239727469217	0.9646329354635802	0	0	1.0	0.972	0.867	0.871	0.759	0.85	146	212	158	116	79	80
ris_low		chr10:NOLC1:t:102159432|10:102159338-102159432:+	NOLC1	chr10:NOLC1:t:102159432	t	102159432	10:102159338-102159432:+	10	102159338	102159432	+	120.0	0.245		0.127	-0.118	-0.089		welch	0.30034647063774306	0.9646329354635802	0	0	0.112	0.383	0.174	0.18	0.044	0.101	98	154	115	150	45	158
ris_low		chrX:KDM5C:t:53193636|X:53193636-53193772:-	KDM5C	chrX:KDM5C:t:53193636	t	53193636	X:53193636-53193772:-	X	53193636	53193772	-	147.5	0.607		0.486	-0.121	-0.106		welch	0.28658894559624887	0.9646329354635802	0	0	0.658	0.6	0.576	0.608	0.265	0.52	120	165	158	158	113	171
ris_low		chr4:MRPS18C:s:83456958|4:83456958-83458345:+	MRPS18C	chr4:MRPS18C:s:83456958	s	83456958	4:83456958-83458345:+	4	83456958	83458345	+	100.5	0.358		0.236	-0.122	-0.129		welch	0.12253199453891579	0.9646329354635802	0	0	0.443	0.352	0.282	0.216	0.118	0.311	106	182	103	134	17	61
ris_low		chr1:CAP1:s:40059458|1:40059458-40060066:+	CAP1	chr1:CAP1:s:40059458	s	40059458	1:40059458-40060066:+	1	40059458	40060066	+	100.8	0.958		0.832	-0.126	-0.093		welch	0.05977672914371859	0.9646329354635802	1	0	1.0	0.934	0.959	0.91	0.821	0.782	83	151	97	78	95	101
ris_low		chr1:ENSG00000233461:t:231522637|1:231522637-231524425:-	ENSG00000233461	chr1:ENSG00000233461:t:231522637	t	231522637	1:231522637-231524425:-	1	231522637	231524425	-	141.7	0.231		0.106	-0.126	-0.088		welch	0.1012926152395494	0.9646329354635802	1	0	0.349	0.162	0.23	0.1	0.16	0.05	129	216	126	160	119	100
ris_low		chr16:FLYWCH2:s:2883366|16:2883366-2895219:+	FLYWCH2	chr16:FLYWCH2:s:2883366	s	2883366	16:2883366-2895219:+	16	2883366	2895219	+	118.2	0.893		0.765	-0.129	-0.083		welch	0.4236274404028886	0.9646329354635802	0	0	0.985	0.679	0.962	0.906	0.661	0.729	135	109	159	106	115	85
ris_low		chr1:C1orf43:s:154220341|1:154219937-154220341:-	C1orf43	chr1:C1orf43:s:154220341	s	154220341	1:154219937-154220341:-	1	154219937	154220341	-	114.0	0.628		0.495	-0.133	-0.065		welch	0.2550075750189778	0.9646329354635802	0	0	0.671	0.576	0.643	0.639	0.495	0.312	79	125	199	97	107	77
ris_low		chr3:TRA2B:s:185937824|3:185926734-185937824:-	TRA2B	chr3:TRA2B:s:185937824	s	185937824	3:185926734-185937824:-	3	185926734	185937824	-	162.0	0.583		0.448	-0.134	-0.094		welch	0.25735349648080247	0.9646329354635802	0	0	0.623	0.593	0.54	0.4	0.618	0.398	114	285	176	175	89	133
ris_low		chr16:RNPS1:t:2264760|16:2264760-2268054:-	RNPS1	chr16:RNPS1:t:2264760	t	2264760	16:2264760-2268054:-	16	2264760	2268054	-	171.2	0.742		0.606	-0.136	-0.154		welch	0.028777375581302958	0.9646329354635802	1	0	0.756	0.687	0.798	0.568	0.604	0.648	160	201	163	185	139	179
ris_low		chr15:TPM1:t:63056984|15:63044152-63056984:+	TPM1	chr15:TPM1:t:63056984	t	63056984	15:63044152-63056984:+	15	63044152	63056984	+	265.3	0.399		0.262	-0.137	-0.12		welch	0.19707988154793882	0.9646329354635802	0	0	0.443	0.383	0.384	0.177	0.404	0.257	262	397	315	220	141	257
ris_low		chr19:ILF3:t:10688549|19:10687708-10688549:+	ILF3	chr19:ILF3:t:10688549	t	10688549	19:10687708-10688549:+	19	10687708	10688549	+	152.5	0.954		0.812	-0.142	-0.051		welch	0.0858279114780118	0.9646329354635802	0	0	0.868	1.0	1.0	0.765	0.901	0.791	152	176	103	162	131	191
ris_low		chr7:GGCT:s:30504568|7:30498938-30504568:-	GGCT	chr7:GGCT:s:30504568	s	30504568	7:30498938-30504568:-	7	30498938	30504568	-	223.0	0.399		0.256	-0.143	-0.146		welch	0.02315783786887247	0.9646329354635802	1	0	0.423	0.406	0.38	0.288	0.283	0.199	222	212	361	177	180	186
ris_low		chr18:TXNL4A:s:79988239|18:79977701-79988239:-	TXNL4A	chr18:TXNL4A:s:79988239	s	79988239	18:79977701-79988239:-	18	79977701	79988239	-	264.7	0.437		0.293	-0.145	-0.125		welch	0.08031954559962248	0.9646329354635802	1	0	0.36	0.411	0.527	0.256	0.237	0.36	275	270	315	262	177	289
ris_low		chr12:TMEM106C:t:47964208|12:47963704-47964208:+	TMEM106C	chr12:TMEM106C:t:47964208	t	47964208	12:47963704-47964208:+	12	47963704	47964208	+	126.8	0.395		0.246	-0.149	-0.161		welch	0.1468162754560604	0.9646329354635802	0	0	0.504	0.299	0.392	0.203	0.1	0.363	133	147	148	128	70	135
ris_low		chr22:CHCHD10:s:23767833|22:23766275-23767833:-	CHCHD10	chr22:CHCHD10:s:23767833	s	23767833	22:23766275-23767833:-	22	23766275	23767833	-	139.3	0.26		0.109	-0.151	-0.114		welch	0.05246253978471499	0.9646329354635802	1	0	0.178	0.312	0.249	0.078	0.104	0.15	73	157	185	166	115	140
ris_low		chr16:KNOP1:t:19710586|16:19710586-19711371:-	KNOP1	chr16:KNOP1:t:19710586	t	19710586	16:19710586-19711371:-	16	19710586	19711371	-	130.8	0.887		0.735	-0.151	-0.114		welch	0.22862635356191277	0.9646329354635802	0	0	0.878	0.856	0.942	0.69	0.917	0.667	139	181	121	116	84	144
ris_low		chr7:DBNL:s:44058280|7:44058280-44058428:+	DBNL	chr7:DBNL:s:44058280	s	44058280	7:44058280-44058428:+	7	44058280	44058428	+	121.2	0.386		0.232	-0.154	-0.106		welch	0.21954807832820944	0.9646329354635802	0	0	0.292	0.282	0.556	0.159	0.081	0.358	113	117	135	126	74	162
ris_low		chr1:ACOT7:s:6327298|1:6318578-6327298:-	ACOT7	chr1:ACOT7:s:6327298	s	6327298	1:6318578-6327298:-	1	6318578	6327298	-	139.2	1.0		0.843	-0.157			welch	0.34160425090467367	0.9646329354635802	0	0	1.0	1.0	1.0	1.0	0.959	0.732	145	108	250	56	97	179
ris_low		chr1:ACOT7:t:6318578|1:6318578-6327298:-	ACOT7	chr1:ACOT7:t:6318578	t	6318578	1:6318578-6327298:-	1	6318578	6327298	-	139.2	1.0		0.843	-0.157			welch	0.34160425090467367	0.9646329354635802	0	0	1.0	1.0	1.0	1.0	0.959	0.732	145	108	250	56	97	179
ris_low		chr16:KARS1:t:75641723|16:75641723-75647577:-	KARS1	chr16:KARS1:t:75641723	t	75641723	16:75641723-75647577:-	16	75641723	75647577	-	139.2	0.7		0.539	-0.161	-0.139		welch	0.3175436541884112	0.9646329354635802	0	0	0.673	0.776	0.608	0.476	0.72	0.559	107	214	143	185	50	136
ris_low		chr17:AURKB:t:8207840|17:8207840-8210176:-	AURKB	chr17:AURKB:t:8207840	t	8207840	17:8207840-8210176:-	17	8207840	8210176	-	136.7	0.763		0.599	-0.164	-0.107		welch	0.07427874243378522	0.9646329354635802	0	0	0.687	0.83	0.755	0.607	0.692	0.547	115	153	208	140	65	139
ris_low		chr8:EEF1D:t:143586852|8:143586852-143597347:-	EEF1D	chr8:EEF1D:t:143586852	t	143586852	8:143586852-143597347:-	8	143586852	143597347	-	141.8	0.627		0.445	-0.181	-0.167		welch	0.11515704986876082	0.9646329354635802	1	0	0.795	0.529	0.58	0.349	0.47	0.477	156	210	119	83	151	132
ris_low		chr12:PYM1:t:55903480|12:55903480-55927075:-	PYM1	chr12:PYM1:t:55903480	t	55903480	12:55903480-55927075:-	12	55903480	55927075	-	109.7	0.245		0.062	-0.182	-0.191		welch	0.07807371733238126	0.9646329354635802	1	0	0.363	0.151	0.272	0.05	0.053	0.079	91	152	125	100	76	114
ris_low		chr11:SF1:t:64765518|11:64765518-64766899:-	SF1	chr11:SF1:t:64765518	t	64765518	11:64765518-64766899:-	11	64765518	64766899	-	113.0	0.893		0.706	-0.187	-0.206		welch	0.0202213282456714	0.9646329354635802	1	0	0.929	0.946	0.817	0.675	0.653	0.763	84	130	131	126	72	135
ris_low		chrX:HUWE1:t:53542539|X:53542539-53543885:-	HUWE1	chrX:HUWE1:t:53542539	t	53542539	X:53542539-53543885:-	X	53542539	53543885	-	107.8	0.429		0.239	-0.19	-0.12		welch	0.019754654028090464	0.9646329354635802	1	0	0.38	0.444	0.446	0.177	0.299	0.261	79	108	121	124	77	138
ris_low		chrX:CITED1:t:72302934|X:72302934-72307024:-	CITED1	chrX:CITED1:t:72302934	t	72302934	X:72302934-72307024:-	X	72302934	72307024	-	196.8	0.499		0.298	-0.201	-0.115		welch	0.08829457390470559	0.9646329354635802	0	0	0.556	0.407	0.556	0.209	0.277	0.442	214	295	259	163	130	120
ris_low		chr4:OCIAD1:t:48832619|4:48831249-48832619:+	OCIAD1	chr4:OCIAD1:t:48832619	t	48832619	4:48831249-48832619:+	4	48831249	48832619	+	104.5	0.773		0.565	-0.208	-0.175		welch	0.08265858520415988	0.9646329354635802	0	0	0.881	0.771	0.66	0.452	0.5	0.69	109	153	103	104	42	116
ris_low		chr16:GSPT1:s:11897839|16:11896785-11897839:-	GSPT1	chr16:GSPT1:s:11897839	s	11897839	16:11896785-11897839:-	16	11896785	11897839	-	107.7	0.917		0.701	-0.216	-0.157		welch	0.2163433730390321	0.9646329354635802	0	0	0.971	0.952	0.842	0.78	0.905	0.571	105	124	133	109	42	133
ris_low		chr16:HIRIP3:t:29993808|16:29993808-29993905:-	HIRIP3	chr16:HIRIP3:t:29993808	t	29993808	16:29993808-29993905:-	16	29993808	29993905	-	119.0	0.69		0.446	-0.243	-0.19		welch	0.057104200224456836	0.9646329354635802	1	0	0.683	0.739	0.638	0.37	0.376	0.583	104	153	130	127	85	115
ris_low		chrX:NONO:t:71290628|X:71284453-71290628:+	NONO	chrX:NONO:t:71290628	t	71290628	X:71284453-71290628:+	X	71284453	71290628	+	101.8	0.837		0.575	-0.262	-0.271		welch	0.003395726130422636	0.48106120180987344	1	0	0.802	0.888	0.798	0.569	0.629	0.532	111	169	124	58	70	79
ris_low		chr7:SRRT:s:100885040|7:100885040-100885212:+	SRRT	chr7:SRRT:s:100885040	s	100885040	7:100885040-100885212:+	7	100885040	100885212	+	141.8	0.714		0.398	-0.316	-0.288		welch	0.0020821326774774296	0.4424531939639538	1	0	0.727	0.68	0.744	0.463	0.395	0.358	121	181	160	121	81	187
