nt_from_polyA_site	genes_contributing	DRUG-seq_mean_over_genes_smoothed25	prime-seq_mean_over_genes_smoothed25	BOBseq_mean_over_genes_smoothed25	DRUG-seq_mean_over_genes_raw	prime-seq_mean_over_genes_raw	BOBseq_mean_over_genes_raw
0	2065	0.9895	0.3913	0.3628	0.5632	0.2452	0.2455
1	2065	1.0272	0.4025	0.3715	0.6297	0.2655	0.2616
2	2065	1.0664	0.4135	0.3800	0.7035	0.3036	0.2880
3	2065	1.1065	0.4238	0.3884	0.7749	0.3294	0.3088
4	2065	1.1474	0.4337	0.3965	0.8465	0.3571	0.3297
5	2065	1.1895	0.4434	0.4044	0.9214	0.3753	0.3526
6	2065	1.2331	0.4531	0.4121	0.9984	0.3953	0.3688
7	2065	1.2777	0.4620	0.4198	1.0572	0.4152	0.3845
8	2065	1.3231	0.4707	0.4276	1.1300	0.4434	0.3999
9	2065	1.3694	0.4793	0.4353	1.1902	0.4595	0.4194
10	2065	1.4166	0.4879	0.4429	1.2671	0.4775	0.4372
11	2065	1.4653	0.4966	0.4503	1.3489	0.5008	0.4535
12	2065	1.5151	0.5054	0.4578	1.4323	0.5187	0.4674
13	2065	1.6061	0.5251	0.4740	1.5178	0.5483	0.4835
14	2065	1.6992	0.5447	0.4898	1.6148	0.5681	0.4991
15	2065	1.7953	0.5635	0.5052	1.7082	0.5778	0.5143
16	2065	1.8957	0.5819	0.5202	1.8028	0.5929	0.5268
17	2065	1.9988	0.5998	0.5348	1.9047	0.6081	0.5377
18	2065	2.1045	0.6179	0.5489	2.0169	0.6269	0.5508
19	2065	2.2129	0.6355	0.5628	2.1257	0.6310	0.5670
20	2065	2.3239	0.6531	0.5764	2.2314	0.6451	0.5826
21	2065	2.4377	0.6701	0.5896	2.3412	0.6601	0.5976
22	2065	2.5548	0.6871	0.6019	2.4562	0.6760	0.6105
23	2065	2.6741	0.7034	0.6135	2.5838	0.6972	0.6215
24	2065	2.7957	0.7192	0.6246	2.7118	0.7157	0.6374
25	2065	2.9192	0.7348	0.6351	2.8382	0.7377	0.6493
26	2065	3.0452	0.7493	0.6449	2.9560	0.7568	0.6569
27	2065	3.1731	0.7633	0.6543	3.1065	0.7725	0.6737
28	2065	3.3040	0.7772	0.6629	3.2840	0.7894	0.6826
29	2065	3.4380	0.7909	0.6710	3.4246	0.8057	0.6964
30	2065	3.5740	0.8045	0.6787	3.5649	0.8264	0.7047
31	2065	3.7113	0.8176	0.6858	3.7067	0.8376	0.7146
32	2065	3.8488	0.8308	0.6923	3.8325	0.8545	0.7256
33	2065	3.9891	0.8437	0.6980	3.9743	0.8687	0.7290
34	2065	4.1300	0.8562	0.7031	4.1178	0.8850	0.7291
35	2065	4.2726	0.8683	0.7079	4.2496	0.8838	0.7263
36	2065	4.4154	0.8796	0.7126	4.3897	0.8964	0.7302
37	2065	4.5581	0.8895	0.7164	4.5211	0.9080	0.7294
38	2065	4.7000	0.8987	0.7198	4.6677	0.9122	0.7305
39	2065	4.8416	0.9075	0.7228	4.8112	0.9172	0.7337
40	2065	4.9831	0.9155	0.7249	4.9817	0.9252	0.7297
41	2065	5.1230	0.9229	0.7266	5.1527	0.9354	0.7294
42	2065	5.2613	0.9298	0.7275	5.3036	0.9478	0.7283
43	2065	5.3975	0.9362	0.7280	5.4496	0.9543	0.7294
44	2065	5.5324	0.9422	0.7282	5.5640	0.9621	0.7294
45	2065	5.6671	0.9477	0.7279	5.7375	0.9659	0.7253
46	2065	5.8002	0.9527	0.7274	5.8631	0.9730	0.7261
47	2065	5.9325	0.9571	0.7266	6.0237	0.9787	0.7304
48	2065	6.0637	0.9622	0.7260	6.1534	0.9809	0.7373
49	2065	6.1930	0.9667	0.7253	6.2779	0.9612	0.7338
50	2065	6.3208	0.9709	0.7248	6.3867	0.9699	0.7341
51	2065	6.4463	0.9747	0.7242	6.4960	0.9749	0.7317
52	2065	6.5688	0.9784	0.7236	6.6447	0.9736	0.7250
53	2065	6.6879	0.9820	0.7233	6.7808	0.9745	0.7247
54	2065	6.8035	0.9855	0.7233	6.8811	0.9767	0.7190
55	2065	6.9156	0.9886	0.7234	6.9709	0.9864	0.7171
56	2065	7.0234	0.9916	0.7235	7.0787	0.9897	0.7200
57	2065	7.1291	0.9944	0.7237	7.2003	0.9913	0.7176
58	2065	7.2306	0.9971	0.7242	7.3002	0.9932	0.7165
59	2065	7.3289	1.0001	0.7248	7.4267	0.9964	0.7093
60	2065	7.4229	1.0029	0.7252	7.5296	1.0100	0.7112
61	2065	7.5128	1.0063	0.7255	7.6231	1.0087	0.7133
62	2065	7.5998	1.0106	0.7258	7.7146	1.0135	0.7161
63	2065	7.6846	1.0152	0.7264	7.8049	1.0064	0.7162
64	2065	7.7663	1.0197	0.7272	7.8742	1.0113	0.7191
65	2065	7.8430	1.0246	0.7282	7.9587	1.0148	0.7219
66	2065	7.9138	1.0296	0.7293	8.0442	1.0219	0.7294
67	2065	7.9810	1.0346	0.7307	8.1063	1.0269	0.7304
68	2065	8.0453	1.0397	0.7323	8.1438	1.0283	0.7333
69	2065	8.1048	1.0449	0.7337	8.2061	1.0310	0.7333
70	2065	8.1607	1.0504	0.7354	8.2760	1.0356	0.7382
71	2065	8.2130	1.0561	0.7371	8.3206	1.0457	0.7398
72	2065	8.2599	1.0618	0.7393	8.3727	1.0499	0.7423
73	2065	8.3023	1.0675	0.7413	8.4011	1.0646	0.7431
74	2065	8.3403	1.0738	0.7435	8.4537	1.0701	0.7432
75	2065	8.3745	1.0803	0.7456	8.5056	1.0843	0.7477
76	2065	8.4043	1.0875	0.7477	8.5394	1.0878	0.7520
77	2065	8.4298	1.0951	0.7497	8.5606	1.0971	0.7502
78	2065	8.4503	1.1030	0.7518	8.5526	1.0981	0.7528
79	2065	8.4644	1.1109	0.7538	8.5595	1.1034	0.7545
80	2065	8.4750	1.1194	0.7561	8.5794	1.1115	0.7571
81	2065	8.4829	1.1281	0.7584	8.5664	1.1201	0.7550
82	2065	8.4877	1.1376	0.7609	8.5970	1.1295	0.7579
83	2065	8.4871	1.1476	0.7634	8.6072	1.1361	0.7607
84	2065	8.4833	1.1581	0.7657	8.6006	1.1398	0.7630
85	2065	8.4744	1.1691	0.7682	8.5882	1.1524	0.7631
86	2065	8.4628	1.1803	0.7708	8.5738	1.1662	0.7668
87	2065	8.4485	1.1923	0.7733	8.5686	1.1738	0.7679
88	2065	8.4306	1.2047	0.7759	8.5505	1.1874	0.7688
89	2065	8.4093	1.2180	0.7788	8.5120	1.2024	0.7696
90	2065	8.3840	1.2314	0.7818	8.4715	1.2104	0.7746
91	2065	8.3571	1.2461	0.7848	8.3962	1.2205	0.7804
92	2065	8.3276	1.2610	0.7881	8.3727	1.2381	0.7870
93	2065	8.2960	1.2762	0.7915	8.3408	1.2474	0.7910
94	2065	8.2633	1.2922	0.7952	8.3267	1.2673	0.7967
95	2065	8.2274	1.3089	0.7987	8.2592	1.2854	0.7998
96	2065	8.1900	1.3263	0.8022	8.2252	1.3096	0.7981
97	2065	8.1512	1.3447	0.8060	8.1519	1.3239	0.8036
98	2065	8.1109	1.3633	0.8097	8.1117	1.3454	0.8074
99	2065	8.0681	1.3823	0.8136	8.0941	1.3705	0.8057
100	2065	8.0224	1.4017	0.8177	8.0588	1.3936	0.8132
101	2065	7.9744	1.4218	0.8220	8.0074	1.4191	0.8243
102	2065	7.9261	1.4421	0.8266	7.9291	1.4330	0.8270
103	2065	7.8759	1.4630	0.8311	7.8791	1.4664	0.8272
104	2065	7.8262	1.4854	0.8355	7.8213	1.4762	0.8353
105	2065	7.7769	1.5080	0.8400	7.7907	1.4907	0.8438
106	2065	7.7272	1.5317	0.8444	7.7492	1.5194	0.8462
107	2065	7.6755	1.5564	0.8487	7.6982	1.5468	0.8464
108	2065	7.6240	1.5819	0.8527	7.6729	1.5717	0.8491
109	2065	7.5713	1.6076	0.8568	7.6295	1.5994	0.8578
110	2065	7.5190	1.6342	0.8609	7.5811	1.6178	0.8554
111	2065	7.4664	1.6607	0.8652	7.5029	1.6425	0.8637
112	2065	7.4114	1.6872	0.8696	7.4270	1.6587	0.8713
113	2065	7.3556	1.7138	0.8741	7.3494	1.6886	0.8760
114	2065	7.2991	1.7404	0.8786	7.3048	1.7090	0.8842
115	2065	7.2435	1.7673	0.8832	7.2174	1.7340	0.8865
116	2065	7.1882	1.7941	0.8879	7.1531	1.7805	0.8916
117	2065	7.1330	1.8214	0.8928	7.1405	1.8040	0.8989
118	2065	7.0763	1.8487	0.8974	7.0995	1.8391	0.9000
119	2065	7.0201	1.8764	0.9025	7.0333	1.8842	0.9047
120	2065	6.9630	1.9038	0.9079	6.9706	1.9222	0.9000
121	2065	6.9051	1.9311	0.9136	6.9093	1.9542	0.9017
122	2065	6.8475	1.9584	0.9196	6.8451	1.9878	0.9054
123	2065	6.7904	1.9853	0.9263	6.7956	2.0077	0.9138
124	2065	6.7345	2.0118	0.9331	6.7194	2.0331	0.9171
125	2065	6.6799	2.0386	0.9402	6.6632	2.0579	0.9242
126	2065	6.6251	2.0647	0.9472	6.5951	2.0860	0.9372
127	2065	6.5713	2.0912	0.9542	6.5398	2.1055	0.9415
128	2065	6.5185	2.1178	0.9615	6.4951	2.1349	0.9447
129	2065	6.4662	2.1428	0.9689	6.4426	2.1581	0.9586
130	2065	6.4119	2.1675	0.9761	6.3731	2.1754	0.9590
131	2065	6.3569	2.1915	0.9833	6.3426	2.2120	0.9732
132	2065	6.3029	2.2145	0.9908	6.2721	2.2318	0.9832
133	2065	6.2504	2.2371	0.9987	6.2257	2.2520	0.9898
134	2065	6.1981	2.2591	1.0070	6.1901	2.2823	1.0096
135	2065	6.1469	2.2807	1.0154	6.1513	2.2912	1.0215
136	2065	6.0956	2.3025	1.0238	6.1071	2.3043	1.0349
137	2065	6.0447	2.3236	1.0325	6.0612	2.3289	1.0487
138	2065	5.9942	2.3441	1.0409	5.9801	2.3412	1.0513
139	2065	5.9438	2.3638	1.0490	5.9606	2.3726	1.0583
140	2065	5.8945	2.3832	1.0572	5.8963	2.3990	1.0681
141	2065	5.8443	2.4016	1.0660	5.8446	2.4045	1.0773
142	2065	5.7942	2.4198	1.0745	5.7844	2.4203	1.0781
143	2065	5.7455	2.4378	1.0832	5.7240	2.4413	1.0816
144	2065	5.6962	2.4547	1.0916	5.6822	2.4584	1.0915
145	2065	5.6478	2.4707	1.1000	5.6583	2.4872	1.0987
146	2065	5.5979	2.4866	1.1085	5.6029	2.5028	1.1076
147	2065	5.5468	2.5017	1.1164	5.5651	2.5295	1.1163
148	2065	5.4963	2.5171	1.1241	5.5129	2.5532	1.1245
149	2065	5.4462	2.5325	1.1317	5.4481	2.5600	1.1332
150	2065	5.3959	2.5480	1.1390	5.3992	2.5697	1.1355
151	2065	5.3474	2.5627	1.1466	5.3351	2.5776	1.1386
152	2065	5.2970	2.5764	1.1542	5.3066	2.5929	1.1472
153	2065	5.2479	2.5893	1.1618	5.2418	2.5948	1.1631
154	2065	5.1993	2.6017	1.1695	5.1899	2.6113	1.1725
155	2065	5.1501	2.6150	1.1778	5.1560	2.6250	1.1765
156	2065	5.1019	2.6275	1.1861	5.1098	2.6343	1.1816
157	2065	5.0535	2.6389	1.1945	5.0606	2.6328	1.1944
158	2065	5.0042	2.6494	1.2031	4.9784	2.6500	1.2019
159	2065	4.9561	2.6600	1.2118	4.9143	2.6603	1.2062
160	2065	4.9074	2.6697	1.2205	4.8875	2.6744	1.2155
161	2065	4.8596	2.6790	1.2295	4.8562	2.6898	1.2238
162	2065	4.8130	2.6893	1.2383	4.8018	2.7161	1.2322
163	2065	4.7664	2.6987	1.2473	4.7691	2.7109	1.2414
164	2065	4.7209	2.7082	1.2565	4.6997	2.7132	1.2481
165	2065	4.6750	2.7175	1.2660	4.6682	2.7233	1.2573
166	2065	4.6303	2.7269	1.2756	4.6298	2.7138	1.2700
167	2065	4.5871	2.7360	1.2851	4.5548	2.7512	1.2845
168	2065	4.5435	2.7447	1.2949	4.5194	2.7558	1.2893
169	2065	4.5003	2.7534	1.3045	4.4733	2.7423	1.3014
170	2065	4.4577	2.7625	1.3138	4.4258	2.7512	1.3149
171	2065	4.4169	2.7714	1.3232	4.3984	2.7659	1.3253
172	2065	4.3769	2.7804	1.3327	4.3474	2.7731	1.3345
173	2065	4.3362	2.7893	1.3419	4.3185	2.7860	1.3475
174	2065	4.2960	2.7981	1.3507	4.2842	2.8157	1.3546
175	2065	4.2567	2.8062	1.3595	4.2330	2.8060	1.3589
176	2065	4.2178	2.8157	1.3682	4.1977	2.8148	1.3700
177	2065	4.1800	2.8248	1.3770	4.1585	2.8249	1.3854
178	2065	4.1417	2.8333	1.3860	4.1261	2.8307	1.4019
179	2065	4.1040	2.8427	1.3944	4.1079	2.8397	1.4104
180	2065	4.0677	2.8514	1.4025	4.0660	2.8423	1.4219
181	2065	4.0324	2.8603	1.4109	4.0307	2.8506	1.4211
182	2065	3.9981	2.8697	1.4190	3.9960	2.8604	1.4270
183	2065	3.9638	2.8791	1.4265	3.9592	2.8720	1.4368
184	2065	3.9300	2.8880	1.4339	3.9122	2.8855	1.4446
185	2065	3.8972	2.8969	1.4411	3.8708	2.8983	1.4446
186	2065	3.8645	2.9052	1.4481	3.8519	2.9096	1.4449
187	2065	3.8321	2.9127	1.4551	3.8200	2.9180	1.4511
188	2065	3.8003	2.9206	1.4626	3.7948	2.9493	1.4598
189	2065	3.7693	2.9285	1.4699	3.7563	2.9408	1.4685
190	2065	3.7386	2.9363	1.4768	3.7099	2.9335	1.4817
191	2065	3.7084	2.9441	1.4828	3.6871	2.9490	1.4801
192	2065	3.6774	2.9517	1.4884	3.6486	2.9703	1.4872
193	2065	3.6470	2.9591	1.4946	3.6358	2.9780	1.4976
194	2065	3.6167	2.9665	1.5009	3.6161	2.9775	1.5039
195	2065	3.5869	2.9739	1.5070	3.5688	2.9849	1.5032
196	2065	3.5577	2.9807	1.5132	3.5526	2.9894	1.5106
197	2065	3.5293	2.9869	1.5191	3.5264	2.9961	1.5133
198	2065	3.5015	2.9929	1.5253	3.5024	2.9922	1.5244
199	2065	3.4733	2.9989	1.5314	3.4742	3.0035	1.5299
200	2065	3.4454	3.0044	1.5372	3.4378	3.0029	1.5461
201	2065	3.4181	3.0091	1.5427	3.4234	3.0140	1.5521
202	2065	3.3916	3.0145	1.5478	3.3902	3.0195	1.5576
203	2065	3.3664	3.0207	1.5521	3.3706	3.0252	1.5516
204	2065	3.3408	3.0264	1.5562	3.3332	3.0307	1.5518
205	2065	3.3160	3.0308	1.5598	3.3056	3.0275	1.5746
206	2065	3.2909	3.0344	1.5631	3.2729	3.0350	1.5794
207	2065	3.2665	3.0380	1.5657	3.2509	3.0452	1.5799
208	2065	3.2442	3.0410	1.5685	3.2294	3.0419	1.5929
209	2065	3.2213	3.0435	1.5709	3.2021	3.0393	1.5922
210	2065	3.1981	3.0453	1.5732	3.1752	3.0488	1.5984
211	2065	3.1750	3.0466	1.5744	3.1475	3.0601	1.5982
212	2065	3.1511	3.0462	1.5761	3.1241	3.0549	1.5961
213	2065	3.1279	3.0465	1.5768	3.1110	3.0682	1.5969
214	2065	3.1046	3.0463	1.5775	3.0938	3.0753	1.5951
215	2065	3.0813	3.0462	1.5779	3.0790	3.0891	1.5885
216	2065	3.0576	3.0473	1.5782	3.0479	3.0902	1.5840
217	2065	3.0340	3.0485	1.5784	3.0288	3.0810	1.5774
218	2065	3.0114	3.0511	1.5778	3.0087	3.0687	1.5786
219	2065	2.9891	3.0536	1.5772	3.0063	3.0665	1.5710
220	2065	2.9667	3.0552	1.5761	3.0111	3.0605	1.5729
221	2065	2.9437	3.0572	1.5745	2.9789	3.0514	1.5693
222	2065	2.9214	3.0589	1.5726	2.9480	3.0397	1.5705
223	2065	2.8996	3.0608	1.5703	2.9232	3.0254	1.5561
224	2065	2.8776	3.0621	1.5683	2.8768	2.9952	1.5710
225	2065	2.8557	3.0639	1.5662	2.8595	3.0084	1.5642
226	2065	2.8337	3.0648	1.5639	2.8394	3.0098	1.5693
227	2065	2.8100	3.0656	1.5616	2.8090	3.0173	1.5678
228	2065	2.7861	3.0665	1.5592	2.7782	3.0514	1.5601
229	2065	2.7622	3.0681	1.5568	2.7431	3.0607	1.5549
230	2065	2.7384	3.0692	1.5550	2.7404	3.0926	1.5613
231	2065	2.7141	3.0705	1.5533	2.7146	3.0976	1.5640
232	2065	2.6886	3.0721	1.5516	2.6915	3.0870	1.5528
233	2065	2.6618	3.0735	1.5499	2.6540	3.0916	1.5526
234	2065	2.6357	3.0750	1.5484	2.6460	3.0814	1.5443
235	2065	2.6097	3.0770	1.5469	2.6291	3.0954	1.5394
236	2065	2.5835	3.0800	1.5457	2.5972	3.0935	1.5506
237	2065	2.5583	3.0842	1.5442	2.5781	3.0992	1.5424
238	2065	2.5329	3.0883	1.5426	2.5603	3.0918	1.5396
239	2065	2.5080	3.0920	1.5403	2.5014	3.0954	1.5380
240	2065	2.4829	3.0957	1.5377	2.4807	3.1101	1.5268
241	2065	2.4578	3.0978	1.5352	2.4500	3.1310	1.5257
242	2065	2.4337	3.0999	1.5329	2.4337	3.1075	1.5321
243	2065	2.4091	3.1014	1.5297	2.4010	3.1013	1.5363
244	2065	2.3850	3.1024	1.5265	2.3702	3.1065	1.5277
245	2065	2.3613	3.1044	1.5237	2.3413	3.0972	1.5302
246	2065	2.3383	3.1056	1.5205	2.3256	3.0876	1.5333
247	2065	2.3150	3.1076	1.5174	2.2969	3.0907	1.5310
248	2065	2.2919	3.1086	1.5143	2.2693	3.0989	1.5259
249	2065	2.2692	3.1088	1.5108	2.2480	3.1010	1.5344
250	2065	2.2463	3.1088	1.5075	2.2238	3.1103	1.5247
251	2065	2.2231	3.1092	1.5047	2.2157	3.1033	1.5125
252	2065	2.2003	3.1098	1.5019	2.1817	3.1084	1.5007
253	2065	2.1775	3.1093	1.5001	2.1522	3.1050	1.5000
254	2065	2.1552	3.1081	1.4980	2.1407	3.1130	1.4968
255	2065	2.1324	3.1076	1.4957	2.1235	3.1295	1.4812
256	2065	2.1103	3.1082	1.4935	2.1131	3.1228	1.4837
257	2065	2.0883	3.1091	1.4917	2.0993	3.1388	1.4830
258	2065	2.0670	3.1103	1.4899	2.0792	3.1200	1.4715
259	2065	2.0455	3.1120	1.4881	2.0639	3.1318	1.4670
260	2065	2.0246	3.1141	1.4862	2.0514	3.1196	1.4624
261	2065	2.0039	3.1163	1.4846	2.0286	3.0989	1.4630
262	2065	1.9833	3.1189	1.4819	2.0067	3.0995	1.4605
263	2065	1.9632	3.1210	1.4796	1.9797	3.1023	1.4687
264	2065	1.9427	3.1229	1.4779	1.9314	3.1094	1.4690
265	2065	1.9230	3.1240	1.4765	1.9115	3.0989	1.4800
266	2065	1.9043	3.1244	1.4752	1.8920	3.1004	1.4745
267	2065	1.8855	3.1244	1.4740	1.8634	3.0959	1.4737
268	2065	1.8658	3.1236	1.4729	1.8495	3.1161	1.4826
269	2065	1.8459	3.1231	1.4719	1.8203	3.1285	1.4827
270	2065	1.8261	3.1232	1.4712	1.8073	3.1276	1.4834
271	2065	1.8065	3.1240	1.4709	1.7894	3.1291	1.4893
272	2065	1.7868	3.1239	1.4707	1.7744	3.1446	1.4848
273	2065	1.7672	3.1235	1.4709	1.7500	3.1540	1.4849
274	2065	1.7477	3.1237	1.4709	1.7327	3.1639	1.4657
275	2065	1.7288	3.1235	1.4712	1.7237	3.1640	1.4695
276	2065	1.7108	3.1230	1.4711	1.7021	3.1495	1.4692
277	2065	1.6938	3.1223	1.4709	1.6893	3.1365	1.4642
278	2065	1.6772	3.1215	1.4701	1.6834	3.1163	1.4678
279	2065	1.6620	3.1198	1.4695	1.6716	3.1130	1.4675
280	2065	1.6470	3.1183	1.4689	1.6310	3.1092	1.4533
281	2065	1.6325	3.1164	1.4676	1.6166	3.1110	1.4601
282	2065	1.6187	3.1138	1.4661	1.6031	3.1411	1.4655
283	2065	1.6051	3.1113	1.4647	1.5899	3.1401	1.4628
284	2065	1.5913	3.1088	1.4630	1.5717	3.1276	1.4621
285	2065	1.5781	3.1060	1.4613	1.5606	3.1090	1.4677
286	2065	1.5659	3.1023	1.4594	1.5410	3.1053	1.4619
287	2065	1.5544	3.0976	1.4578	1.5343	3.0938	1.4686
288	2065	1.5428	3.0933	1.4562	1.5290	3.0912	1.4658
289	2065	1.5319	3.0896	1.4557	1.5064	3.0904	1.4657
290	2065	1.5213	3.0866	1.4555	1.4985	3.0791	1.4595
291	2065	1.5106	3.0844	1.4552	1.5103	3.0579	1.4599
292	2065	1.5001	3.0820	1.4548	1.4891	3.0578	1.4571
293	2065	1.4909	3.0793	1.4546	1.4878	3.0700	1.4509
294	2065	1.4815	3.0761	1.4539	1.4733	3.0627	1.4461
295	2065	1.4724	3.0718	1.4530	1.4678	3.0650	1.4465
296	2065	1.4630	3.0679	1.4524	1.4451	3.0677	1.4491
297	2065	1.4538	3.0640	1.4517	1.4454	3.0742	1.4423
298	2065	1.4445	3.0606	1.4506	1.4439	3.0607	1.4357
299	2065	1.4357	3.0574	1.4496	1.4451	3.0459	1.4261
300	2065	1.4268	3.0545	1.4482	1.4348	3.0584	1.4298
301	2065	1.4179	3.0514	1.4463	1.4279	3.0554	1.4562
302	2065	1.4098	3.0480	1.4445	1.4248	3.0610	1.4588
303	2065	1.4016	3.0448	1.4425	1.4172	3.0618	1.4603
304	2065	1.3927	3.0419	1.4404	1.4071	3.0526	1.4593
305	2065	1.3843	3.0387	1.4384	1.4017	3.0418	1.4469
306	2065	1.3755	3.0343	1.4363	1.3823	3.0329	1.4440
307	2065	1.3671	3.0299	1.4343	1.3747	3.0324	1.4414
308	2065	1.3584	3.0254	1.4321	1.3562	3.0421	1.4472
309	2065	1.3503	3.0201	1.4298	1.3397	3.0311	1.4462
310	2065	1.3418	3.0137	1.4276	1.3298	3.0234	1.4389
311	2065	1.3331	3.0075	1.4255	1.3205	3.0255	1.4384
312	2065	1.3241	3.0012	1.4237	1.3110	3.0206	1.4319
313	2065	1.3149	2.9941	1.4218	1.3074	3.0146	1.4197
314	2065	1.3062	2.9868	1.4189	1.3040	3.0062	1.4201
315	2065	1.2984	2.9795	1.4157	1.2938	2.9977	1.4100
316	2065	1.2904	2.9716	1.4120	1.2872	2.9856	1.4063
317	2065	1.2826	2.9636	1.4082	1.2795	2.9772	1.4074
318	2065	1.2754	2.9552	1.4052	1.2682	2.9598	1.3988
319	2065	1.2689	2.9463	1.4021	1.2633	2.9537	1.3952
320	2065	1.2623	2.9368	1.3991	1.2498	2.9534	1.3930
321	2065	1.2564	2.9267	1.3960	1.2424	2.9354	1.3913
322	2065	1.2505	2.9167	1.3932	1.2321	2.9134	1.3875
323	2065	1.2447	2.9073	1.3906	1.2269	2.9054	1.3832
324	2065	1.2390	2.8975	1.3880	1.2197	2.8881	1.3799
325	2065	1.2335	2.8875	1.3854	1.2063	2.8817	1.3826
326	2065	1.2271	2.8769	1.3830	1.2098	2.8723	1.3832
327	2065	1.2207	2.8667	1.3805	1.2289	2.8783	1.3791
328	2065	1.2143	2.8567	1.3785	1.2186	2.8656	1.3696
329	2065	1.2073	2.8470	1.3766	1.2105	2.8527	1.3630
330	2065	1.1996	2.8373	1.3743	1.2235	2.8302	1.3710
331	2065	1.1917	2.8275	1.3724	1.2180	2.8104	1.3671
332	2065	1.1839	2.8178	1.3710	1.2109	2.7966	1.3669
333	2065	1.1762	2.8076	1.3696	1.2088	2.7874	1.3702
334	2065	1.1685	2.7975	1.3679	1.1921	2.7816	1.3755
335	2065	1.1606	2.7869	1.3663	1.1855	2.7892	1.3752
336	2065	1.1521	2.7764	1.3652	1.1777	2.7807	1.3719
337	2065	1.1434	2.7668	1.3641	1.1719	2.7708	1.3670
338	2065	1.1350	2.7565	1.3627	1.1475	2.7493	1.3611
339	2065	1.1264	2.7466	1.3605	1.1439	2.7514	1.3558
340	2065	1.1167	2.7357	1.3584	1.1346	2.7466	1.3611
341	2065	1.1075	2.7247	1.3565	1.1126	2.7439	1.3584
342	2065	1.0980	2.7140	1.3546	1.0876	2.7345	1.3489
343	2065	1.0877	2.7045	1.3526	1.0709	2.7153	1.3527
344	2065	1.0779	2.6962	1.3505	1.0674	2.7109	1.3595
345	2065	1.0679	2.6877	1.3481	1.0561	2.6989	1.3586
346	2065	1.0579	2.6791	1.3452	1.0507	2.6820	1.3474
347	2065	1.0486	2.6710	1.3420	1.0338	2.6488	1.3497
348	2065	1.0391	2.6623	1.3390	1.0153	2.6438	1.3540
349	2065	1.0296	2.6533	1.3362	1.0016	2.6474	1.3530
350	2065	1.0203	2.6445	1.3337	0.9976	2.6246	1.3475
351	2065	1.0116	2.6363	1.3317	0.9940	2.6251	1.3292
352	2065	1.0027	2.6280	1.3295	0.9874	2.6047	1.3266
353	2065	0.9940	2.6195	1.3273	0.9887	2.5917	1.3205
354	2065	0.9860	2.6115	1.3256	0.9728	2.5839	1.3158
355	2065	0.9788	2.6044	1.3244	0.9657	2.5920	1.3223
356	2065	0.9720	2.5979	1.3228	0.9727	2.6031	1.3145
357	2065	0.9652	2.5910	1.3209	0.9602	2.5856	1.3065
358	2065	0.9586	2.5846	1.3188	0.9599	2.5726	1.2973
359	2065	0.9521	2.5786	1.3171	0.9602	2.5786	1.2955
360	2065	0.9460	2.5738	1.3152	0.9466	2.5707	1.3016
361	2065	0.9404	2.5691	1.3133	0.9404	2.5570	1.3009
362	2065	0.9352	2.5646	1.3114	0.9383	2.5491	1.3044
363	2065	0.9296	2.5608	1.3092	0.9299	2.5461	1.3099
364	2065	0.9238	2.5567	1.3075	0.9232	2.5428	1.3011
365	2065	0.9176	2.5530	1.3057	0.9167	2.5355	1.3058
366	2065	0.9111	2.5492	1.3043	0.9132	2.5424	1.3173
367	2065	0.9049	2.5455	1.3027	0.9057	2.5582	1.3193
368	2065	0.8985	2.5410	1.3005	0.9008	2.5530	1.3116
369	2065	0.8916	2.5355	1.2985	0.8989	2.5386	1.3136
370	2065	0.8852	2.5303	1.2963	0.8912	2.5377	1.3048
371	2065	0.8782	2.5247	1.2944	0.8885	2.5330	1.3044
372	2065	0.8712	2.5185	1.2920	0.8808	2.5272	1.3031
373	2065	0.8639	2.5118	1.2892	0.8747	2.5266	1.3058
374	2065	0.8569	2.5054	1.2861	0.8730	2.5360	1.3064
375	2065	0.8498	2.4993	1.2828	0.8558	2.5275	1.2925
376	2065	0.8430	2.4935	1.2794	0.8501	2.5242	1.2857
377	2065	0.8361	2.4873	1.2759	0.8308	2.5130	1.2828
378	2065	0.8292	2.4807	1.2720	0.8268	2.4968	1.2853
379	2065	0.8222	2.4738	1.2673	0.8181	2.4913	1.2766
380	2065	0.8158	2.4661	1.2625	0.8066	2.4776	1.2670
381	2065	0.8095	2.4585	1.2579	0.8002	2.4672	1.2637
382	2065	0.8028	2.4510	1.2531	0.7990	2.4539	1.2522
383	2065	0.7965	2.4429	1.2482	0.7867	2.4336	1.2488
384	2065	0.7903	2.4352	1.2435	0.7833	2.4227	1.2360
385	2065	0.7846	2.4278	1.2388	0.7658	2.4030	1.2309
386	2065	0.7791	2.4206	1.2337	0.7647	2.3970	1.2247
387	2065	0.7735	2.4125	1.2284	0.7612	2.3983	1.2218
388	2065	0.7686	2.4042	1.2236	0.7603	2.4000	1.2232
389	2065	0.7636	2.3953	1.2190	0.7507	2.3872	1.2148
390	2065	0.7593	2.3865	1.2145	0.7432	2.3719	1.2078
391	2065	0.7551	2.3784	1.2098	0.7389	2.3700	1.1996
392	2065	0.7513	2.3703	1.2055	0.7446	2.3645	1.1989
393	2065	0.7477	2.3618	1.2019	0.7428	2.3642	1.1984
394	2065	0.7442	2.3531	1.1985	0.7322	2.3505	1.1925
395	2065	0.7408	2.3443	1.1957	0.7330	2.3364	1.1827
396	2065	0.7378	2.3361	1.1931	0.7352	2.3398	1.1870
397	2065	0.7353	2.3277	1.1906	0.7378	2.3430	1.1856
398	2065	0.7334	2.3199	1.1881	0.7359	2.3451	1.1785
399	2065	0.7314	2.3125	1.1856	0.7341	2.3334	1.1731
400	2065	0.7293	2.3047	1.1831	0.7323	2.3207	1.1725
401	2065	0.7274	2.2965	1.1803	0.7271	2.3003	1.1698
402	2065	0.7255	2.2894	1.1779	0.7219	2.2944	1.1706
403	2065	0.7237	2.2828	1.1759	0.7215	2.2943	1.1678
404	2065	0.7223	2.2753	1.1736	0.7234	2.2888	1.1703
405	2065	0.7209	2.2670	1.1712	0.7173	2.2660	1.1753
406	2065	0.7193	2.2583	1.1689	0.7126	2.2486	1.1799
407	2065	0.7182	2.2501	1.1670	0.7135	2.2344	1.1831
408	2065	0.7172	2.2418	1.1654	0.7127	2.2287	1.1830
409	2065	0.7165	2.2329	1.1635	0.7193	2.2109	1.1741
410	2065	0.7162	2.2239	1.1617	0.7181	2.2091	1.1663
411	2065	0.7158	2.2143	1.1601	0.7151	2.2125	1.1632
412	2065	0.7156	2.2047	1.1589	0.7095	2.2031	1.1604
413	2065	0.7156	2.1952	1.1578	0.7112	2.1955	1.1521
414	2065	0.7158	2.1869	1.1569	0.7034	2.2094	1.1545
415	2065	0.7161	2.1792	1.1560	0.6992	2.2063	1.1574
416	2065	0.7165	2.1717	1.1552	0.7042	2.1817	1.1438
417	2065	0.7170	2.1641	1.1544	0.7085	2.1576	1.1369
418	2065	0.7176	2.1570	1.1532	0.7034	2.1479	1.1417
419	2065	0.7192	2.1511	1.1521	0.7038	2.1450	1.1450
420	2065	0.7205	2.1455	1.1509	0.7082	2.1285	1.1438
421	2065	0.7224	2.1403	1.1497	0.7187	2.1163	1.1385
422	2065	0.7241	2.1360	1.1489	0.7291	2.1189	1.1396
423	2065	0.7258	2.1315	1.1483	0.7275	2.1055	1.1399
424	2065	0.7275	2.1270	1.1481	0.7285	2.0920	1.1420
425	2065	0.7289	2.1225	1.1476	0.7313	2.0832	1.1460
426	2065	0.7306	2.1181	1.1471	0.7323	2.0950	1.1459
427	2065	0.7328	2.1130	1.1467	0.7310	2.1017	1.1480
428	2065	0.7356	2.1079	1.1462	0.7307	2.1063	1.1498
429	2065	0.7385	2.1034	1.1464	0.7356	2.0989	1.1493
430	2065	0.7407	2.1002	1.1469	0.7321	2.0872	1.1455
431	2065	0.7434	2.0970	1.1471	0.7526	2.1016	1.1514
432	2065	0.7463	2.0941	1.1472	0.7474	2.0951	1.1551
433	2065	0.7487	2.0919	1.1470	0.7602	2.0980	1.1525
434	2065	0.7506	2.0898	1.1465	0.7607	2.1033	1.1527
435	2065	0.7521	2.0869	1.1459	0.7617	2.0974	1.1534
436	2065	0.7537	2.0839	1.1451	0.7563	2.0995	1.1565
437	2065	0.7554	2.0810	1.1443	0.7460	2.0898	1.1481
438	2065	0.7571	2.0785	1.1432	0.7526	2.0868	1.1404
439	2065	0.7588	2.0761	1.1422	0.7582	2.0813	1.1454
440	2065	0.7604	2.0732	1.1408	0.7707	2.0786	1.1435
441	2065	0.7620	2.0697	1.1392	0.7745	2.0707	1.1495
442	2065	0.7632	2.0657	1.1375	0.7652	2.0753	1.1490
443	2065	0.7646	2.0621	1.1358	0.7702	2.0685	1.1474
444	2065	0.7655	2.0576	1.1334	0.7760	2.0721	1.1460
445	2065	0.7661	2.0529	1.1309	0.7684	2.0755	1.1391
446	2065	0.7661	2.0483	1.1282	0.7671	2.0639	1.1254
447	2065	0.7658	2.0432	1.1256	0.7646	2.0457	1.1246
448	2065	0.7654	2.0378	1.1231	0.7684	2.0292	1.1220
449	2065	0.7655	2.0327	1.1202	0.7707	2.0209	1.1204
450	2065	0.7662	2.0278	1.1178	0.7733	2.0215	1.1195
451	2065	0.7670	2.0225	1.1154	0.7756	2.0338	1.1197
452	2065	0.7678	2.0164	1.1125	0.7725	2.0287	1.1150
453	2065	0.7683	2.0101	1.1095	0.7685	2.0188	1.1096
454	2065	0.7686	2.0043	1.1065	0.7665	1.9992	1.1069
455	2065	0.7694	1.9978	1.1034	0.7667	1.9973	1.1010
456	2065	0.7702	1.9919	1.1000	0.7748	1.9885	1.0924
457	2065	0.7706	1.9859	1.0964	0.7628	1.9791	1.0927
458	2065	0.7711	1.9798	1.0931	0.7600	1.9824	1.0848
459	2065	0.7713	1.9742	1.0902	0.7545	1.9749	1.0872
460	2065	0.7715	1.9688	1.0874	0.7498	1.9636	1.0902
461	2065	0.7713	1.9638	1.0844	0.7594	1.9720	1.0864
462	2065	0.7709	1.9590	1.0812	0.7648	1.9677	1.0859
463	2065	0.7703	1.9544	1.0780	0.7725	1.9534	1.0814
464	2065	0.7693	1.9482	1.0747	0.7768	1.9295	1.0737
465	2065	0.7684	1.9413	1.0717	0.7830	1.9199	1.0674
466	2065	0.7677	1.9347	1.0686	0.7839	1.9256	1.0751
467	2065	0.7671	1.9285	1.0656	0.7842	1.9142	1.0717
468	2065	0.7662	1.9225	1.0629	0.7890	1.9204	1.0627
469	2065	0.7643	1.9155	1.0602	0.7861	1.9214	1.0553
470	2065	0.7629	1.9088	1.0572	0.7822	1.9236	1.0554
471	2065	0.7615	1.9018	1.0542	0.7721	1.9241	1.0549
472	2065	0.7603	1.8948	1.0511	0.7697	1.9111	1.0538
473	2065	0.7595	1.8882	1.0478	0.7621	1.9028	1.0464
474	2065	0.7585	1.8816	1.0447	0.7622	1.9015	1.0413
475	2065	0.7573	1.8748	1.0416	0.7574	1.9061	1.0380
476	2065	0.7553	1.8685	1.0387	0.7518	1.8798	1.0387
477	2065	0.7529	1.8626	1.0358	0.7489	1.8556	1.0394
478	2065	0.7499	1.8568	1.0333	0.7514	1.8528	1.0318
479	2065	0.7468	1.8505	1.0302	0.7504	1.8460	1.0328
480	2065	0.7438	1.8443	1.0273	0.7442	1.8454	1.0327
481	2065	0.7405	1.8381	1.0245	0.7275	1.8148	1.0244
482	2065	0.7372	1.8318	1.0222	0.7284	1.8105	1.0198
483	2065	0.7341	1.8254	1.0200	0.7257	1.8073	1.0085
484	2065	0.7314	1.8187	1.0179	0.7244	1.8007	1.0107
485	2065	0.7290	1.8129	1.0156	0.7289	1.7993	1.0068
486	2065	0.7274	1.8078	1.0137	0.7356	1.8055	1.0088
487	2065	0.7256	1.8028	1.0120	0.7338	1.7995	1.0093
488	2065	0.7239	1.7975	1.0107	0.7222	1.7959	1.0075
489	2065	0.7223	1.7925	1.0094	0.7169	1.7808	1.0029
490	2065	0.7206	1.7880	1.0079	0.7077	1.7762	1.0031
491	2065	0.7192	1.7836	1.0070	0.7063	1.7682	0.9992
492	2065	0.7179	1.7798	1.0062	0.7105	1.7584	0.9973
493	2065	0.7167	1.7758	1.0055	0.7060	1.7641	0.9948
494	2065	0.7156	1.7730	1.0053	0.7039	1.7640	0.9964
495	2065	0.7145	1.7702	1.0049	0.7052	1.7636	0.9996
496	2065	0.7133	1.7670	1.0051	0.7044	1.7564	1.0033
497	2065	0.7121	1.7638	1.0050	0.7088	1.7680	0.9972
498	2065	0.7106	1.7604	1.0052	0.7221	1.7757	0.9973
499	2065	0.7088	1.7561	1.0053	0.7189	1.7745	1.0001
500	2065	0.7069	1.7520	1.0054	0.7145	1.7732	1.0058
501	2065	0.7051	1.7482	1.0056	0.7099	1.7553	1.0047
502	2065	0.7036	1.7442	1.0060	0.7082	1.7437	1.0023
503	2065	0.7024	1.7401	1.0064	0.7152	1.7419	1.0085
504	2065	0.7012	1.7359	1.0065	0.7174	1.7511	1.0152
505	2065	0.6996	1.7320	1.0069	0.7161	1.7451	1.0133
506	2065	0.6981	1.7272	1.0075	0.6985	1.7461	1.0191
507	2065	0.6971	1.7220	1.0081	0.7007	1.7401	1.0116
508	2065	0.6962	1.7162	1.0085	0.6968	1.7288	1.0133
509	2065	0.6953	1.7106	1.0088	0.6935	1.7185	1.0068
510	2065	0.6938	1.7043	1.0094	0.6928	1.7149	1.0120
511	2065	0.6917	1.6974	1.0101	0.6910	1.6985	1.0123
512	2065	0.6899	1.6902	1.0106	0.6846	1.6963	1.0115
513	2065	0.6885	1.6827	1.0106	0.6778	1.7022	1.0123
514	2065	0.6875	1.6757	1.0106	0.6780	1.6811	1.0128
515	2065	0.6864	1.6697	1.0108	0.6793	1.6727	1.0128
516	2065	0.6850	1.6635	1.0111	0.6747	1.6637	1.0033
517	2065	0.6832	1.6567	1.0112	0.6727	1.6596	1.0049
518	2065	0.6817	1.6504	1.0116	0.6678	1.6455	1.0106
519	2065	0.6806	1.6441	1.0118	0.6773	1.6344	1.0113
520	2065	0.6795	1.6377	1.0124	0.6828	1.6172	1.0095
521	2065	0.6780	1.6318	1.0130	0.6829	1.6158	1.0115
522	2065	0.6767	1.6262	1.0138	0.6707	1.6111	1.0123
523	2065	0.6753	1.6203	1.0145	0.6710	1.6027	1.0148
524	2065	0.6742	1.6146	1.0149	0.6727	1.5957	1.0121
525	2065	0.6731	1.6085	1.0153	0.6812	1.5866	1.0070
526	2065	0.6723	1.6021	1.0157	0.6838	1.5792	1.0040
527	2065	0.6719	1.5964	1.0161	0.6821	1.5938	1.0070
528	2065	0.6715	1.5908	1.0163	0.6780	1.5874	1.0167
529	2065	0.6714	1.5856	1.0167	0.6745	1.5815	1.0179
530	2065	0.6711	1.5803	1.0171	0.6777	1.5858	1.0225
531	2065	0.6713	1.5747	1.0173	0.6698	1.5904	1.0227
532	2065	0.6711	1.5690	1.0175	0.6729	1.5792	1.0286
533	2065	0.6708	1.5635	1.0175	0.6612	1.5803	1.0284
534	2065	0.6705	1.5580	1.0173	0.6607	1.5787	1.0266
535	2065	0.6706	1.5521	1.0175	0.6575	1.5686	1.0288
536	2065	0.6699	1.5457	1.0176	0.6623	1.5544	1.0224
537	2065	0.6690	1.5394	1.0180	0.6584	1.5441	1.0215
538	2065	0.6677	1.5339	1.0187	0.6587	1.5429	1.0232
539	2065	0.6665	1.5285	1.0196	0.6662	1.5389	1.0207
540	2065	0.6654	1.5229	1.0204	0.6709	1.5320	1.0184
541	2065	0.6639	1.5171	1.0208	0.6707	1.5339	1.0147
542	2065	0.6627	1.5115	1.0210	0.6657	1.5279	1.0134
543	2065	0.6613	1.5054	1.0210	0.6729	1.5056	1.0176
544	2065	0.6600	1.4990	1.0208	0.6727	1.4922	1.0142
545	2065	0.6584	1.4930	1.0207	0.6756	1.4788	1.0109
546	2065	0.6574	1.4871	1.0211	0.6754	1.4789	1.0072
547	2065	0.6563	1.4811	1.0214	0.6720	1.4635	1.0156
548	2065	0.6552	1.4750	1.0217	0.6533	1.4431	1.0170
549	2065	0.6541	1.4694	1.0224	0.6497	1.4373	1.0230
550	2065	0.6533	1.4639	1.0228	0.6487	1.4484	1.0235
551	2065	0.6522	1.4581	1.0233	0.6553	1.4454	1.0274
552	2065	0.6509	1.4526	1.0239	0.6546	1.4528	1.0276
553	2065	0.6490	1.4473	1.0243	0.6399	1.4423	1.0269
554	2065	0.6470	1.4418	1.0248	0.6444	1.4415	1.0219
555	2065	0.6455	1.4363	1.0252	0.6420	1.4329	1.0236
556	2065	0.6433	1.4315	1.0254	0.6378	1.4325	1.0172
557	2065	0.6409	1.4269	1.0254	0.6343	1.4292	1.0260
558	2065	0.6386	1.4228	1.0254	0.6339	1.4328	1.0373
559	2065	0.6364	1.4182	1.0254	0.6333	1.4278	1.0358
560	2065	0.6346	1.4142	1.0252	0.6315	1.4162	1.0353
561	2065	0.6333	1.4108	1.0248	0.6347	1.4145	1.0399
562	2065	0.6319	1.4073	1.0242	0.6373	1.4064	1.0314
563	2065	0.6306	1.4030	1.0236	0.6318	1.3969	1.0363
564	2065	0.6291	1.3990	1.0228	0.6332	1.4016	1.0351
565	2065	0.6277	1.3941	1.0221	0.6235	1.4009	1.0289
566	2065	0.6271	1.3894	1.0211	0.6219	1.3967	1.0273
567	2065	0.6265	1.3848	1.0203	0.6265	1.3899	1.0241
568	2065	0.6262	1.3800	1.0193	0.6195	1.3864	1.0207
569	2065	0.6263	1.3751	1.0187	0.6124	1.3770	1.0162
570	2065	0.6265	1.3704	1.0177	0.6179	1.3752	1.0106
571	2065	0.6267	1.3653	1.0165	0.6197	1.3652	1.0065
572	2065	0.6269	1.3607	1.0153	0.6278	1.3625	1.0093
573	2065	0.6272	1.3567	1.0141	0.6202	1.3580	1.0082
574	2065	0.6270	1.3528	1.0127	0.6158	1.3485	1.0085
575	2065	0.6265	1.3494	1.0117	0.6168	1.3408	1.0077
576	2065	0.6260	1.3462	1.0104	0.6172	1.3471	1.0068
577	2065	0.6253	1.3428	1.0091	0.6192	1.3305	1.0109
578	2065	0.6248	1.3393	1.0081	0.6252	1.3245	1.0029
579	2065	0.6241	1.3355	1.0074	0.6288	1.3256	1.0021
580	2065	0.6232	1.3321	1.0068	0.6347	1.3132	0.9968
581	2065	0.6224	1.3289	1.0061	0.6392	1.3094	1.0031
582	2065	0.6223	1.3261	1.0058	0.6400	1.3115	0.9997
583	2065	0.6220	1.3232	1.0058	0.6390	1.3070	1.0083
584	2065	0.6215	1.3208	1.0058	0.6379	1.3128	1.0063
585	2065	0.6207	1.3185	1.0052	0.6407	1.3158	1.0041
586	2065	0.6206	1.3163	1.0045	0.6289	1.3163	1.0061
587	2065	0.6209	1.3144	1.0037	0.6257	1.3228	1.0058
588	2065	0.6211	1.3118	1.0027	0.6190	1.3149	1.0037
589	2065	0.6211	1.3090	1.0016	0.6142	1.3171	1.0025
590	2065	0.6210	1.3066	1.0007	0.6113	1.3133	1.0041
591	2065	0.6211	1.3041	1.0000	0.6047	1.3033	1.0090
592	2065	0.6207	1.3014	0.9994	0.6030	1.3036	1.0101
593	2065	0.6202	1.2990	0.9989	0.6006	1.3055	1.0036
594	2065	0.6194	1.2966	0.9983	0.6100	1.3070	1.0085
595	2065	0.6186	1.2940	0.9979	0.6094	1.3041	1.0103
596	2065	0.6178	1.2912	0.9965	0.6091	1.3049	1.0059
597	2065	0.6168	1.2884	0.9952	0.6057	1.3053	0.9960
598	2065	0.6156	1.2853	0.9938	0.6200	1.3040	0.9900
599	2065	0.6146	1.2824	0.9921	0.6216	1.3008	0.9876
600	2065	0.6136	1.2792	0.9905	0.6224	1.2742	0.9821
601	2065	0.6129	1.2764	0.9889	0.6166	1.2778	0.9810
602	2065	0.6122	1.2734	0.9875	0.6177	1.2695	0.9872
603	2065	0.6116	1.2705	0.9861	0.6260	1.2640	0.9871
604	2065	0.6111	1.2679	0.9848	0.6205	1.2557	0.9862
605	2065	0.6105	1.2655	0.9839	0.6206	1.2549	0.9839
606	2065	0.6098	1.2629	0.9833	0.6200	1.2492	0.9875
607	2065	0.6085	1.2602	0.9823	0.6190	1.2455	0.9900
608	2065	0.6070	1.2574	0.9815	0.6193	1.2389	0.9744
609	2065	0.6054	1.2542	0.9809	0.6148	1.2410	0.9742
610	2065	0.6036	1.2508	0.9804	0.6107	1.2400	0.9679
611	2065	0.6013	1.2473	0.9798	0.6039	1.2421	0.9635
612	2065	0.5989	1.2438	0.9796	0.6006	1.2440	0.9654
613	2065	0.5960	1.2414	0.9796	0.6018	1.2443	0.9646
614	2065	0.5936	1.2385	0.9795	0.5960	1.2428	0.9662
615	2065	0.5909	1.2360	0.9791	0.5966	1.2390	0.9697
616	2065	0.5878	1.2336	0.9787	0.5926	1.2404	0.9767
617	2065	0.5846	1.2311	0.9787	0.5858	1.2422	0.9889
618	2065	0.5813	1.2284	0.9787	0.5831	1.2416	0.9870
619	2065	0.5779	1.2262	0.9783	0.5786	1.2387	0.9852
620	2065	0.5744	1.2238	0.9778	0.5732	1.2336	0.9902
621	2065	0.5708	1.2216	0.9776	0.5674	1.2254	0.9902
622	2065	0.5671	1.2187	0.9776	0.5611	1.2191	0.9821
623	2065	0.5632	1.2156	0.9778	0.5628	1.2164	0.9770
624	2065	0.5595	1.2120	0.9778	0.5604	1.2153	0.9813
625	2065	0.5560	1.2082	0.9774	0.5519	1.2141	0.9828
626	2065	0.5529	1.2041	0.9771	0.5565	1.2049	0.9788
627	2065	0.5498	1.1999	0.9768	0.5503	1.2070	0.9764
628	2065	0.5464	1.1959	0.9763	0.5472	1.2034	0.9781
629	2065	0.5429	1.1916	0.9754	0.5400	1.1931	0.9845
630	2065	0.5396	1.1875	0.9741	0.5389	1.1885	0.9846
631	2065	0.5364	1.1834	0.9730	0.5349	1.1925	0.9786
632	2065	0.5330	1.1791	0.9720	0.5313	1.1877	0.9763
633	2065	0.5297	1.1747	0.9708	0.5302	1.1815	0.9703
634	2065	0.5265	1.1703	0.9696	0.5207	1.1705	0.9744
635	2065	0.5235	1.1661	0.9690	0.5134	1.1612	0.9716
636	2065	0.5198	1.1620	0.9684	0.5124	1.1537	0.9646
637	2065	0.5162	1.1577	0.9678	0.5127	1.1475	0.9556
638	2065	0.5128	1.1536	0.9672	0.5252	1.1423	0.9551
639	2065	0.5092	1.1496	0.9668	0.5188	1.1371	0.9589
640	2065	0.5056	1.1454	0.9663	0.5094	1.1389	0.9587
641	2065	0.5019	1.1413	0.9657	0.5056	1.1343	0.9530
642	2065	0.4985	1.1373	0.9647	0.5047	1.1380	0.9565
643	2065	0.4953	1.1332	0.9638	0.5013	1.1406	0.9609
644	2065	0.4923	1.1284	0.9629	0.4937	1.1314	0.9598
645	2065	0.4895	1.1239	0.9619	0.4909	1.1236	0.9597
646	2065	0.4867	1.1194	0.9611	0.4883	1.1155	0.9611
647	2065	0.4842	1.1152	0.9600	0.4852	1.1124	0.9653
648	2065	0.4819	1.1113	0.9592	0.4720	1.1153	0.9626
649	2065	0.4795	1.1071	0.9589	0.4695	1.1079	0.9665
650	2065	0.4771	1.1042	0.9591	0.4676	1.1121	0.9691
651	2065	0.4744	1.1012	0.9591	0.4665	1.1043	0.9678
652	2065	0.4718	1.0981	0.9595	0.4604	1.1023	0.9629
653	2065	0.4698	1.0950	0.9598	0.4546	1.1004	0.9632
654	2065	0.4678	1.0923	0.9601	0.4534	1.0929	0.9608
655	2065	0.4661	1.0892	0.9599	0.4586	1.0850	0.9605
656	2065	0.4645	1.0859	0.9592	0.4619	1.0744	0.9572
657	2065	0.4632	1.0829	0.9584	0.4604	1.0748	0.9507
658	2065	0.4617	1.0802	0.9575	0.4610	1.0691	0.9515
659	2065	0.4604	1.0781	0.9565	0.4571	1.0650	0.9451
660	2065	0.4594	1.0762	0.9553	0.4559	1.0629	0.9529
661	2065	0.4588	1.0739	0.9543	0.4515	1.0495	0.9568
662	2065	0.4589	1.0720	0.9531	0.4545	1.0738	0.9600
663	2065	0.4589	1.0698	0.9519	0.4561	1.0679	0.9563
664	2065	0.4585	1.0675	0.9509	0.4557	1.0606	0.9678
665	2065	0.4585	1.0650	0.9499	0.4584	1.0610	0.9682
666	2065	0.4585	1.0623	0.9489	0.4555	1.0662	0.9591
667	2065	0.4586	1.0597	0.9479	0.4621	1.0619	0.9506
668	2065	0.4584	1.0572	0.9470	0.4613	1.0578	0.9435
669	2065	0.4580	1.0548	0.9463	0.4607	1.0552	0.9400
670	2065	0.4576	1.0523	0.9459	0.4534	1.0558	0.9392
671	2065	0.4571	1.0499	0.9454	0.4575	1.0646	0.9352
672	2065	0.4569	1.0476	0.9450	0.4583	1.0652	0.9342
673	2065	0.4569	1.0454	0.9444	0.4588	1.0578	0.9378
674	2065	0.4571	1.0437	0.9438	0.4704	1.0589	0.9380
675	2065	0.4572	1.0408	0.9429	0.4678	1.0572	0.9389
676	2065	0.4570	1.0383	0.9423	0.4573	1.0481	0.9416
677	2065	0.4568	1.0359	0.9416	0.4602	1.0392	0.9376
678	2065	0.4565	1.0333	0.9408	0.4550	1.0336	0.9383
679	2065	0.4564	1.0303	0.9402	0.4563	1.0262	0.9358
680	2065	0.4561	1.0269	0.9397	0.4521	1.0238	0.9396
681	2065	0.4561	1.0232	0.9393	0.4535	1.0129	0.9394
682	2065	0.4559	1.0196	0.9388	0.4500	1.0129	0.9397
683	2065	0.4559	1.0161	0.9382	0.4476	1.0091	0.9392
684	2065	0.4558	1.0123	0.9374	0.4516	1.0083	0.9347
685	2065	0.4557	1.0082	0.9365	0.4561	1.0080	0.9379
686	2065	0.4556	1.0043	0.9356	0.4561	1.0060	0.9418
687	2065	0.4551	1.0004	0.9345	0.4582	1.0014	0.9385
688	2065	0.4547	0.9962	0.9332	0.4505	1.0046	0.9421
689	2065	0.4548	0.9921	0.9318	0.4510	1.0012	0.9497
690	2065	0.4549	0.9884	0.9307	0.4501	0.9960	0.9472
691	2065	0.4552	0.9850	0.9296	0.4547	0.9921	0.9449
692	2065	0.4555	0.9820	0.9285	0.4543	0.9761	0.9382
693	2065	0.4560	0.9791	0.9273	0.4601	0.9657	0.9321
694	2065	0.4566	0.9768	0.9260	0.4575	0.9647	0.9295
695	2065	0.4573	0.9746	0.9248	0.4538	0.9683	0.9231
696	2065	0.4584	0.9726	0.9235	0.4546	0.9699	0.9159
697	2065	0.4593	0.9706	0.9228	0.4553	0.9628	0.9120
698	2065	0.4602	0.9684	0.9215	0.4561	0.9613	0.9130
699	2065	0.4613	0.9663	0.9200	0.4574	0.9616	0.9116
700	2065	0.4622	0.9629	0.9186	0.4585	0.9513	0.9074
701	2065	0.4634	0.9598	0.9170	0.4602	0.9468	0.9067
702	2065	0.4647	0.9568	0.9146	0.4621	0.9443	0.9085
703	2065	0.4660	0.9538	0.9126	0.4621	0.9505	0.9112
704	2065	0.4672	0.9506	0.9109	0.4642	0.9494	0.9084
705	2065	0.4685	0.9479	0.9093	0.4654	0.9516	0.9092
706	2065	0.4697	0.9455	0.9079	0.4669	0.9568	0.9078
707	2065	0.4711	0.9433	0.9068	0.4684	0.9572	0.9093
708	2065	0.4729	0.9408	0.9059	0.4737	0.9596	0.9073
709	2065	0.4747	0.9380	0.9054	0.4747	0.9582	0.9157
710	2065	0.4764	0.9353	0.9046	0.4800	0.9523	0.9072
711	2065	0.4782	0.9328	0.9038	0.4819	0.9535	0.9046
712	2065	0.4799	0.9302	0.9030	0.4812	0.9174	0.9023
713	2065	0.4817	0.9283	0.9026	0.4810	0.9254	0.9010
714	2065	0.4835	0.9265	0.9020	0.4831	0.9279	0.8914
715	2065	0.4854	0.9248	0.9012	0.4828	0.9211	0.8961
716	2065	0.4873	0.9228	0.9002	0.4850	0.9107	0.9033
717	2065	0.4891	0.9210	0.8988	0.4862	0.9097	0.8974
718	2065	0.4908	0.9198	0.8972	0.4903	0.9059	0.8974
719	2065	0.4924	0.9183	0.8957	0.4933	0.9102	0.9018
720	2065	0.4941	0.9166	0.8941	0.4991	0.9058	0.9011
721	2065	0.4957	0.9147	0.8931	0.4984	0.8979	0.9027
722	2065	0.4972	0.9128	0.8916	0.4978	0.8956	0.8926
723	2065	0.4986	0.9111	0.8904	0.5011	0.8985	0.8933
724	2065	0.5000	0.9094	0.8892	0.4989	0.8970	0.8918
725	2065	0.5013	0.9089	0.8881	0.5041	0.9032	0.8959
726	2065	0.5025	0.9078	0.8871	0.5060	0.9027	0.8934
727	2065	0.5039	0.9064	0.8861	0.5083	0.9016	0.8869
728	2065	0.5053	0.9053	0.8852	0.5100	0.9019	0.8861
729	2065	0.5065	0.9047	0.8842	0.5101	0.9041	0.8736
730	2065	0.5077	0.9043	0.8836	0.5065	0.9210	0.8697
731	2065	0.5084	0.9040	0.8829	0.5070	0.9195	0.8704
732	2065	0.5092	0.9034	0.8819	0.5130	0.9133	0.8708
733	2065	0.5100	0.9027	0.8811	0.5118	0.9144	0.8807
734	2065	0.5110	0.9023	0.8803	0.5120	0.9088	0.8780
735	2065	0.5120	0.9022	0.8797	0.5165	0.9103	0.8788
736	2065	0.5129	0.9018	0.8790	0.5164	0.9108	0.8734
737	2065	0.5139	0.9014	0.8784	0.5139	0.9059	0.8757
738	2065	0.5146	0.9008	0.8774	0.5115	0.8963	0.8750
739	2065	0.5153	0.8999	0.8767	0.5163	0.8935	0.8668
740	2065	0.5159	0.8989	0.8762	0.5189	0.8948	0.8742
741	2065	0.5163	0.8976	0.8757	0.5140	0.8958	0.8784
742	2065	0.5169	0.8962	0.8756	0.5177	0.8983	0.8828
743	2065	0.5175	0.8939	0.8756	0.5085	0.8978	0.8780
744	2065	0.5182	0.8914	0.8754	0.5119	0.8956	0.8778
745	2065	0.5188	0.8891	0.8748	0.5198	0.8900	0.8816
746	2065	0.5191	0.8864	0.8737	0.5220	0.8870	0.8815
747	2065	0.5196	0.8836	0.8725	0.5229	0.8919	0.8780
748	2065	0.5198	0.8812	0.8713	0.5251	0.8904	0.8746
749	2065	0.5201	0.8786	0.8700	0.5239	0.8868	0.8770
750	2065	0.5204	0.8763	0.8687	0.5215	0.8872	0.8729
751	2065	0.5208	0.8740	0.8673	0.5234	0.8798	0.8746
752	2065	0.5210	0.8715	0.8664	0.5227	0.8775	0.8749
753	2065	0.5207	0.8687	0.8649	0.5214	0.8697	0.8722
754	2065	0.5207	0.8657	0.8631	0.5231	0.8684	0.8713
755	2065	0.5206	0.8627	0.8611	0.5234	0.8636	0.8695
756	2065	0.5210	0.8595	0.8597	0.5244	0.8562	0.8668
757	2065	0.5215	0.8564	0.8580	0.5261	0.8554	0.8554
758	2065	0.5215	0.8535	0.8563	0.5207	0.8473	0.8528
759	2065	0.5215	0.8506	0.8545	0.5247	0.8397	0.8491
760	2065	0.5214	0.8473	0.8530	0.5214	0.8498	0.8472
761	2065	0.5212	0.8439	0.8516	0.5223	0.8457	0.8422
762	2065	0.5208	0.8406	0.8502	0.5211	0.8495	0.8434
763	2065	0.5206	0.8368	0.8489	0.5221	0.8385	0.8402
764	2065	0.5203	0.8333	0.8477	0.5213	0.8303	0.8435
765	2065	0.5200	0.8301	0.8464	0.5108	0.8257	0.8371
766	2065	0.5200	0.8273	0.8453	0.5142	0.8212	0.8320
767	2065	0.5201	0.8244	0.8445	0.5153	0.8225	0.8349
768	2065	0.5200	0.8211	0.8437	0.5197	0.8187	0.8411
769	2065	0.5199	0.8179	0.8428	0.5241	0.8172	0.8372
770	2065	0.5195	0.8147	0.8425	0.5203	0.8184	0.8380
771	2065	0.5196	0.8117	0.8418	0.5214	0.8131	0.8376
772	2065	0.5196	0.8088	0.8412	0.5198	0.8099	0.8383
773	2065	0.5193	0.8054	0.8406	0.5196	0.8047	0.8413
774	2065	0.5193	0.8020	0.8402	0.5155	0.8043	0.8417
775	2065	0.5193	0.7988	0.8400	0.5161	0.7925	0.8413
776	2065	0.5194	0.7959	0.8398	0.5152	0.7929	0.8431
777	2065	0.5195	0.7935	0.8395	0.5146	0.7976	0.8438
778	2065	0.5202	0.7912	0.8394	0.5237	0.7996	0.8428
779	2065	0.5207	0.7890	0.8393	0.5239	0.7952	0.8521
780	2065	0.5214	0.7866	0.8393	0.5218	0.7805	0.8490
781	2065	0.5220	0.7843	0.8391	0.5209	0.7770	0.8451
782	2065	0.5223	0.7818	0.8392	0.5172	0.7754	0.8477
783	2065	0.5227	0.7793	0.8392	0.5232	0.7728	0.8354
784	2065	0.5235	0.7773	0.8392	0.5234	0.7674	0.8339
785	2065	0.5245	0.7751	0.8394	0.5158	0.7645	0.8319
786	2065	0.5255	0.7731	0.8395	0.5224	0.7601	0.8330
787	2065	0.5266	0.7714	0.8392	0.5210	0.7699	0.8383
788	2065	0.5277	0.7703	0.8391	0.5229	0.7671	0.8354
789	2065	0.5285	0.7691	0.8390	0.5256	0.7689	0.8367
790	2065	0.5296	0.7676	0.8389	0.5261	0.7678	0.8340
791	2065	0.5303	0.7662	0.8390	0.5291	0.7657	0.8292
792	2065	0.5309	0.7651	0.8386	0.5322	0.7646	0.8349
793	2065	0.5312	0.7645	0.8384	0.5329	0.7590	0.8364
794	2065	0.5315	0.7642	0.8384	0.5324	0.7550	0.8388
795	2065	0.5320	0.7641	0.8386	0.5312	0.7567	0.8374
796	2065	0.5326	0.7642	0.8393	0.5413	0.7626	0.8384
797	2065	0.5333	0.7644	0.8403	0.5451	0.7564	0.8431
798	2065	0.5343	0.7642	0.8415	0.5428	0.7549	0.8436
799	2065	0.5351	0.7642	0.8426	0.5435	0.7617	0.8357
800	2065	0.5361	0.7637	0.8433	0.5432	0.7633	0.8388
801	2065	0.5370	0.7632	0.8442	0.5370	0.7642	0.8395
802	2065	0.5378	0.7626	0.8449	0.5402	0.7588	0.8411
803	2065	0.5387	0.7619	0.8460	0.5423	0.7664	0.8465
804	2065	0.5393	0.7615	0.8472	0.5396	0.7661	0.8421
805	2065	0.5402	0.7613	0.8483	0.5277	0.7663	0.8427
806	2065	0.5409	0.7615	0.8493	0.5290	0.7688	0.8453
807	2065	0.5416	0.7616	0.8503	0.5307	0.7734	0.8526
808	2065	0.5421	0.7617	0.8510	0.5374	0.7745	0.8543
809	2065	0.5421	0.7615	0.8518	0.5417	0.7724	0.8569
810	2065	0.5418	0.7616	0.8526	0.5410	0.7611	0.8625
811	2065	0.5415	0.7616	0.8533	0.5420	0.7599	0.8610
812	2065	0.5411	0.7611	0.8542	0.5444	0.7563	0.8559
813	2065	0.5407	0.7606	0.8550	0.5460	0.7548	0.8573
814	2065	0.5406	0.7601	0.8554	0.5464	0.7534	0.8547
815	2065	0.5407	0.7598	0.8559	0.5477	0.7508	0.8616
816	2065	0.5405	0.7590	0.8561	0.5454	0.7563	0.8586
817	2065	0.5403	0.7585	0.8563	0.5550	0.7601	0.8633
818	2065	0.5409	0.7579	0.8566	0.5494	0.7632	0.8620
819	2065	0.5416	0.7574	0.8569	0.5506	0.7580	0.8622
820	2065	0.5425	0.7565	0.8569	0.5441	0.7587	0.8558
821	2065	0.5429	0.7555	0.8573	0.5402	0.7581	0.8590
822	2065	0.5430	0.7544	0.8576	0.5372	0.7573	0.8629
823	2065	0.5432	0.7536	0.8578	0.5362	0.7548	0.8603
824	2065	0.5431	0.7528	0.8579	0.5327	0.7499	0.8587
825	2065	0.5428	0.7515	0.8582	0.5344	0.7510	0.8571
826	2065	0.5425	0.7504	0.8587	0.5343	0.7522	0.8514
827	2065	0.5419	0.7491	0.8592	0.5414	0.7511	0.8517
828	2065	0.5414	0.7478	0.8592	0.5387	0.7452	0.8531
829	2065	0.5408	0.7465	0.8596	0.5344	0.7540	0.8463
830	2065	0.5396	0.7450	0.8596	0.5413	0.7519	0.8503
831	2065	0.5390	0.7438	0.8599	0.5484	0.7554	0.8525
832	2065	0.5385	0.7429	0.8602	0.5514	0.7526	0.8530
833	2065	0.5385	0.7418	0.8610	0.5483	0.7482	0.8643
834	2065	0.5384	0.7407	0.8616	0.5448	0.7461	0.8652
835	2065	0.5385	0.7397	0.8620	0.5459	0.7409	0.8671
836	2065	0.5387	0.7388	0.8623	0.5388	0.7385	0.8627
837	2065	0.5394	0.7379	0.8627	0.5384	0.7258	0.8648
838	2065	0.5403	0.7369	0.8630	0.5384	0.7263	0.8682
839	2065	0.5411	0.7356	0.8636	0.5307	0.7217	0.8678
840	2065	0.5416	0.7344	0.8640	0.5342	0.7188	0.8626
841	2065	0.5422	0.7331	0.8640	0.5320	0.7219	0.8669
842	2065	0.5433	0.7314	0.8644	0.5247	0.7237	0.8641
843	2065	0.5442	0.7295	0.8645	0.5330	0.7331	0.8697
844	2065	0.5448	0.7275	0.8646	0.5395	0.7349	0.8708
845	2065	0.5453	0.7254	0.8645	0.5435	0.7326	0.8737
846	2065	0.5460	0.7233	0.8640	0.5374	0.7300	0.8750
847	2065	0.5469	0.7215	0.8634	0.5396	0.7317	0.8729
848	2065	0.5476	0.7197	0.8631	0.5402	0.7325	0.8667
849	2065	0.5486	0.7181	0.8629	0.5517	0.7283	0.8685
850	2065	0.5495	0.7171	0.8629	0.5573	0.7246	0.8670
851	2065	0.5503	0.7161	0.8627	0.5546	0.7209	0.8660
852	2065	0.5512	0.7151	0.8625	0.5535	0.7204	0.8607
853	2065	0.5519	0.7141	0.8623	0.5525	0.7138	0.8529
854	2065	0.5529	0.7130	0.8620	0.5616	0.7095	0.8576
855	2065	0.5538	0.7115	0.8614	0.5635	0.7062	0.8532
856	2065	0.5544	0.7096	0.8608	0.5635	0.7041	0.8548
857	2065	0.5548	0.7075	0.8600	0.5641	0.6994	0.8485
858	2065	0.5551	0.7052	0.8592	0.5667	0.6981	0.8517
859	2065	0.5556	0.7033	0.8585	0.5661	0.6994	0.8518
860	2065	0.5562	0.7015	0.8581	0.5633	0.6968	0.8592
861	2065	0.5566	0.6998	0.8578	0.5653	0.6990	0.8586
862	2065	0.5568	0.6984	0.8574	0.5606	0.7008	0.8646
863	2065	0.5568	0.6970	0.8572	0.5575	0.7002	0.8621
864	2065	0.5569	0.6957	0.8572	0.5535	0.6963	0.8627
865	2065	0.5572	0.6942	0.8573	0.5535	0.6946	0.8590
866	2065	0.5575	0.6930	0.8576	0.5552	0.6934	0.8574
867	2065	0.5578	0.6915	0.8573	0.5488	0.6880	0.8508
868	2065	0.5578	0.6903	0.8571	0.5458	0.6843	0.8529
869	2065	0.5579	0.6890	0.8567	0.5504	0.6825	0.8512
870	2065	0.5579	0.6877	0.8564	0.5514	0.6762	0.8534
871	2065	0.5576	0.6865	0.8557	0.5509	0.6819	0.8574
872	2065	0.5573	0.6851	0.8548	0.5537	0.6863	0.8626
873	2065	0.5573	0.6841	0.8536	0.5512	0.6906	0.8605
874	2065	0.5575	0.6829	0.8524	0.5565	0.6925	0.8593
875	2065	0.5576	0.6816	0.8510	0.5570	0.6906	0.8616
876	2065	0.5577	0.6802	0.8497	0.5573	0.6881	0.8661
877	2065	0.5580	0.6788	0.8482	0.5594	0.6830	0.8633
878	2065	0.5582	0.6774	0.8470	0.5619	0.6822	0.8585
879	2065	0.5583	0.6758	0.8457	0.5667	0.6736	0.8513
880	2065	0.5586	0.6742	0.8449	0.5653	0.6755	0.8488
881	2065	0.5587	0.6724	0.8437	0.5650	0.6707	0.8443
882	2065	0.5589	0.6707	0.8428	0.5644	0.6689	0.8407
883	2065	0.5589	0.6693	0.8416	0.5592	0.6664	0.8331
884	2065	0.5589	0.6674	0.8404	0.5596	0.6657	0.8304
885	2065	0.5588	0.6653	0.8390	0.5613	0.6703	0.8284
886	2065	0.5588	0.6628	0.8379	0.5705	0.6700	0.8305
887	2065	0.5582	0.6602	0.8369	0.5637	0.6685	0.8295
888	2065	0.5576	0.6578	0.8360	0.5597	0.6658	0.8281
889	2065	0.5573	0.6556	0.8352	0.5617	0.6601	0.8249
890	2065	0.5571	0.6537	0.8344	0.5580	0.6609	0.8289
891	2065	0.5569	0.6517	0.8337	0.5576	0.6531	0.8266
892	2065	0.5565	0.6499	0.8332	0.5561	0.6469	0.8295
893	2065	0.5561	0.6479	0.8329	0.5503	0.6385	0.8231
894	2065	0.5556	0.6461	0.8329	0.5532	0.6412	0.8284
895	2065	0.5552	0.6440	0.8330	0.5520	0.6402	0.8247
896	2065	0.5549	0.6418	0.8334	0.5514	0.6361	0.8262
897	2065	0.5545	0.6398	0.8340	0.5520	0.6325	0.8286
898	2065	0.5540	0.6377	0.8343	0.5496	0.6294	0.8325
899	2065	0.5530	0.6355	0.8349	0.5431	0.6258	0.8351
900	2065	0.5526	0.6332	0.8355	0.5421	0.6309	0.8392
901	2065	0.5527	0.6316	0.8361	0.5477	0.6339	0.8446
902	2065	0.5529	0.6303	0.8369	0.5556	0.6364	0.8428
903	2065	0.5533	0.6292	0.8375	0.5570	0.6321	0.8417
904	2065	0.5535	0.6281	0.8384	0.5554	0.6282	0.8389
905	2065	0.5535	0.6270	0.8391	0.5565	0.6258	0.8422
906	2065	0.5538	0.6260	0.8401	0.5521	0.6252	0.8427
907	2065	0.5540	0.6249	0.8410	0.5535	0.6148	0.8455
908	2065	0.5543	0.6240	0.8419	0.5533	0.6122	0.8418
909	2065	0.5546	0.6229	0.8428	0.5485	0.6160	0.8461
910	2065	0.5551	0.6216	0.8431	0.5492	0.6167	0.8364
911	2065	0.5556	0.6203	0.8433	0.5449	0.6166	0.8435
912	2065	0.5560	0.6192	0.8433	0.5539	0.6112	0.8443
913	2065	0.5564	0.6176	0.8431	0.5619	0.6255	0.8446
914	2065	0.5565	0.6159	0.8428	0.5682	0.6274	0.8446
915	2065	0.5562	0.6143	0.8427	0.5664	0.6327	0.8439
916	2065	0.5559	0.6130	0.8430	0.5643	0.6250	0.8485
917	2065	0.5558	0.6121	0.8437	0.5559	0.6198	0.8472
918	2065	0.5556	0.6112	0.8446	0.5582	0.6153	0.8478
919	2065	0.5553	0.6105	0.8453	0.5585	0.6134	0.8508
920	2065	0.5550	0.6102	0.8461	0.5571	0.6175	0.8489
921	2065	0.5549	0.6104	0.8473	0.5612	0.6088	0.8474
922	2065	0.5549	0.6106	0.8483	0.5633	0.5998	0.8362
923	2065	0.5547	0.6107	0.8498	0.5629	0.5976	0.8369
924	2065	0.5543	0.6107	0.8513	0.5527	0.5960	0.8353
925	2065	0.5541	0.6111	0.8527	0.5523	0.5933	0.8357
926	2065	0.5534	0.6110	0.8540	0.5504	0.5900	0.8364
927	2065	0.5528	0.6113	0.8553	0.5479	0.5955	0.8408
928	2065	0.5521	0.6112	0.8565	0.5495	0.6016	0.8482
929	2065	0.5511	0.6115	0.8572	0.5536	0.6058	0.8565
930	2065	0.5504	0.6121	0.8580	0.5494	0.6028	0.8638
931	2065	0.5496	0.6132	0.8589	0.5464	0.6074	0.8616
932	2065	0.5486	0.6142	0.8595	0.5446	0.6069	0.8665
933	2065	0.5475	0.6151	0.8602	0.5515	0.6178	0.8698
934	2065	0.5463	0.6162	0.8607	0.5488	0.6200	0.8723
935	2065	0.5451	0.6178	0.8618	0.5428	0.6188	0.8745
936	2065	0.5441	0.6194	0.8630	0.5367	0.6181	0.8797
937	2065	0.5443	0.6212	0.8643	0.5474	0.6205	0.8785
938	2065	0.5445	0.6231	0.8656	0.5462	0.6229	0.8786
939	2065	0.5450	0.6251	0.8666	0.5523	0.6348	0.8780
940	2065	0.5454	0.6270	0.8673	0.5489	0.6297	0.8715
941	2065	0.5457	0.6291	0.8678	0.5396	0.6335	0.8667
942	2065	0.5456	0.6310	0.8681	0.5383	0.6358	0.8680
943	2065	0.5455	0.6332	0.8679	0.5379	0.6410	0.8698
944	2065	0.5454	0.6354	0.8675	0.5333	0.6385	0.8658
945	2065	0.5449	0.6379	0.8666	0.5300	0.6403	0.8671
946	2065	0.5440	0.6401	0.8656	0.5304	0.6377	0.8600
947	2065	0.5431	0.6421	0.8643	0.5338	0.6375	0.8628
948	2065	0.5428	0.6440	0.8629	0.5387	0.6378	0.8673
949	2065	0.5428	0.6459	0.8615	0.5568	0.6426	0.8671
950	2065	0.5421	0.6478	0.8600	0.5584	0.6396	0.8690
951	2065	0.5417	0.6492	0.8584	0.5625	0.6416	0.8619
952	2065	0.5410	0.6502	0.8568	0.5582	0.6423	0.8582
953	2065	0.5405	0.6514	0.8555	0.5567	0.6529	0.8612
954	2065	0.5401	0.6524	0.8541	0.5504	0.6544	0.8629
955	2065	0.5398	0.6535	0.8529	0.5473	0.6569	0.8588
956	2065	0.5394	0.6546	0.8514	0.5437	0.6619	0.8504
957	2065	0.5393	0.6557	0.8501	0.5321	0.6715	0.8458
958	2065	0.5396	0.6566	0.8489	0.5283	0.6719	0.8442
959	2065	0.5399	0.6577	0.8479	0.5280	0.6688	0.8401
960	2065	0.5400	0.6590	0.8470	0.5339	0.6672	0.8396
961	2065	0.5401	0.6604	0.8456	0.5375	0.6664	0.8435
962	2065	0.5393	0.6616	0.8448	0.5296	0.6684	0.8423
963	2065	0.5383	0.6631	0.8439	0.5364	0.6571	0.8391
964	2065	0.5373	0.6644	0.8432	0.5346	0.6592	0.8380
965	2065	0.5365	0.6654	0.8430	0.5374	0.6589	0.8369
966	2065	0.5355	0.6658	0.8426	0.5285	0.6586	0.8325
967	2065	0.5347	0.6660	0.8418	0.5297	0.6656	0.8376
968	2065	0.5338	0.6660	0.8411	0.5302	0.6681	0.8323
969	2065	0.5331	0.6659	0.8411	0.5295	0.6649	0.8342
970	2065	0.5332	0.6656	0.8411	0.5377	0.6633	0.8357
971	2065	0.5334	0.6650	0.8413	0.5370	0.6650	0.8369
972	2065	0.5337	0.6645	0.8416	0.5382	0.6706	0.8382
973	2065	0.5337	0.6639	0.8420	0.5389	0.6735	0.8346
974	2065	0.5336	0.6636	0.8421	0.5375	0.6726	0.8453
975	2065	0.5334	0.6631	0.8422	0.5343	0.6752	0.8460
976	2065	0.5328	0.6631	0.8423	0.5380	0.6753	0.8454
977	2065	0.5319	0.6627	0.8425	0.5378	0.6669	0.8522
978	2065	0.5309	0.6625	0.8429	0.5319	0.6637	0.8514
979	2065	0.5303	0.6623	0.8438	0.5286	0.6583	0.8434
980	2065	0.5295	0.6618	0.8444	0.5250	0.6581	0.8425
981	2065	0.5286	0.6609	0.8450	0.5274	0.6595	0.8490
982	2065	0.5274	0.6601	0.8458	0.5328	0.6635	0.8473
983	2065	0.5258	0.6592	0.8466	0.5346	0.6570	0.8484
984	2065	0.5242	0.6583	0.8476	0.5360	0.6547	0.8481
985	2065	0.5223	0.6573	0.8488	0.5344	0.6537	0.8495
986	2065	0.5205	0.6562	0.8503	0.5343	0.6576	0.8464
987	2065	0.5178	0.6550	0.8514	0.5252	0.6571	0.8449
988	2065	0.5151	0.6537	0.8525	0.5200	0.6560	0.8405
989	2065	0.5121	0.6524	0.8536	0.5114	0.6509	0.8425
990	2065	0.5089	0.6513	0.8547	0.5125	0.6534	0.8478
991	2065	0.5059	0.6501	0.8558	0.5133	0.6526	0.8550
992	2065	0.5030	0.6492	0.8573	0.5102	0.6529	0.8531
993	2065	0.5001	0.6480	0.8591	0.5080	0.6465	0.8474
994	2065	0.4973	0.6468	0.8608	0.5000	0.6440	0.8533
995	2065	0.4942	0.6451	0.8627	0.4972	0.6419	0.8560
996	2065	0.4908	0.6436	0.8649	0.4981	0.6432	0.8607
997	2065	0.4874	0.6421	0.8673	0.4903	0.6452	0.8702
998	2065	0.4841	0.6406	0.8696	0.4932	0.6443	0.8701
999	2065	0.4806	0.6388	0.8718	0.4696	0.6435	0.8730
1000	2063	0.4775	0.6368	0.8741	0.4680	0.6424	0.8740
1001	2063	0.4743	0.6347	0.8766	0.4630	0.6425	0.8725
1002	2062	0.4714	0.6325	0.8792	0.4569	0.6412	0.8797
1003	2062	0.4684	0.6306	0.8819	0.4567	0.6336	0.8809
1004	2062	0.4655	0.6288	0.8843	0.4557	0.6336	0.8799
1005	2061	0.4629	0.6267	0.8867	0.4536	0.6300	0.8882
1006	2061	0.4603	0.6248	0.8894	0.4572	0.6281	0.8917
1007	2061	0.4579	0.6231	0.8918	0.4555	0.6212	0.8946
1008	2060	0.4554	0.6214	0.8942	0.4496	0.6209	0.9029
1009	2059	0.4530	0.6199	0.8965	0.4508	0.6169	0.9068
1010	2058	0.4507	0.6181	0.8985	0.4519	0.6149	0.9082
1011	2058	0.4485	0.6163	0.9004	0.4475	0.6127	0.9006
1012	2057	0.4471	0.6146	0.9020	0.4465	0.6069	0.9018
1013	2057	0.4459	0.6128	0.9038	0.4412	0.6036	0.9037
1014	2057	0.4445	0.6111	0.9058	0.4375	0.5971	0.9074
1015	2057	0.4432	0.6097	0.9075	0.4379	0.6054	0.9153
1016	2057	0.4420	0.6087	0.9091	0.4423	0.6068	0.9149
1017	2057	0.4408	0.6077	0.9108	0.4433	0.6018	0.9150
1018	2057	0.4398	0.6071	0.9120	0.4444	0.5982	0.9142
1019	2057	0.4388	0.6067	0.9131	0.4406	0.6019	0.9136
1020	2057	0.4375	0.6065	0.9140	0.4344	0.5984	0.9148
1021	2056	0.4366	0.6062	0.9145	0.4375	0.6061	0.9186
1022	2056	0.4353	0.6062	0.9148	0.4325	0.6016	0.9198
1023	2053	0.4342	0.6062	0.9148	0.4383	0.5989	0.9188
1024	2053	0.4332	0.6061	0.9152	0.4356	0.5999	0.9134
1025	2052	0.4323	0.6065	0.9155	0.4366	0.5987	0.9167
1026	2052	0.4316	0.6069	0.9161	0.4275	0.6001	0.9240
1027	2052	0.4309	0.6073	0.9164	0.4248	0.6063	0.9208
1028	2051	0.4301	0.6072	0.9164	0.4270	0.6078	0.9214
1029	2051	0.4295	0.6071	0.9161	0.4261	0.6076	0.9223
1030	2049	0.4289	0.6070	0.9158	0.4297	0.6150	0.9179
1031	2049	0.4280	0.6071	0.9158	0.4305	0.6192	0.9210
1032	2047	0.4272	0.6072	0.9153	0.4243	0.6148	0.9151
1033	2046	0.4266	0.6075	0.9147	0.4254	0.6140	0.9164
1034	2046	0.4259	0.6076	0.9142	0.4192	0.6177	0.9141
1035	2046	0.4257	0.6079	0.9132	0.4252	0.6155	0.9096
1036	2045	0.4252	0.6084	0.9119	0.4214	0.6105	0.9093
1037	2044	0.4249	0.6085	0.9109	0.4251	0.6150	0.9104
1038	2044	0.4246	0.6087	0.9096	0.4221	0.6132	0.9166
1039	2044	0.4249	0.6086	0.9081	0.4209	0.6079	0.9150
1040	2044	0.4255	0.6084	0.9066	0.4177	0.6041	0.9151
1041	2044	0.4260	0.6080	0.9051	0.4268	0.6031	0.9085
1042	2040	0.4264	0.6076	0.9034	0.4277	0.5988	0.9081
1043	2040	0.4268	0.6070	0.9018	0.4229	0.6005	0.9129
1044	2039	0.4273	0.6058	0.9001	0.4219	0.6057	0.9014
1045	2039	0.4282	0.6049	0.8985	0.4190	0.6068	0.9015
1046	2039	0.4293	0.6041	0.8967	0.4203	0.6076	0.9044
1047	2039	0.4308	0.6033	0.8948	0.4258	0.6098	0.8954
1048	2039	0.4319	0.6028	0.8931	0.4260	0.6095	0.8865
1049	2039	0.4330	0.6027	0.8916	0.4282	0.6030	0.8876
1050	2039	0.4342	0.6026	0.8899	0.4295	0.6034	0.8854
1051	2038	0.4355	0.6024	0.8879	0.4340	0.5995	0.8856
1052	2037	0.4367	0.6027	0.8857	0.4402	0.5995	0.8845
1053	2035	0.4380	0.6028	0.8834	0.4391	0.5976	0.8838
1054	2034	0.4389	0.6029	0.8814	0.4380	0.5981	0.8799
1055	2034	0.4394	0.6032	0.8794	0.4392	0.6001	0.8774
1056	2034	0.4402	0.6035	0.8774	0.4419	0.5901	0.8783
1057	2034	0.4412	0.6035	0.8758	0.4465	0.5917	0.8754
1058	2034	0.4424	0.6038	0.8740	0.4540	0.5939	0.8708
1059	2034	0.4435	0.6038	0.8719	0.4567	0.5980	0.8662
1060	2034	0.4444	0.6036	0.8701	0.4521	0.6037	0.8674
1061	2034	0.4453	0.6034	0.8690	0.4497	0.6064	0.8716
1062	2033	0.4461	0.6035	0.8680	0.4554	0.6124	0.8682
1063	2033	0.4468	0.6038	0.8670	0.4531	0.6094	0.8662
1064	2033	0.4477	0.6042	0.8658	0.4526	0.6156	0.8603
1065	2033	0.4481	0.6045	0.8645	0.4504	0.6061	0.8567
1066	2032	0.4484	0.6046	0.8634	0.4473	0.6061	0.8601
1067	2032	0.4487	0.6048	0.8625	0.4409	0.6055	0.8575
1068	2031	0.4489	0.6047	0.8617	0.4422	0.6071	0.8615
1069	2029	0.4492	0.6046	0.8611	0.4483	0.6072	0.8616
1070	2028	0.4493	0.6045	0.8608	0.4485	0.6132	0.8577
1071	2028	0.4489	0.6043	0.8607	0.4481	0.6070	0.8525
1072	2027	0.4487	0.6038	0.8609	0.4490	0.6070	0.8499
1073	2027	0.4484	0.6032	0.8612	0.4477	0.6046	0.8599
1074	2026	0.4485	0.6024	0.8613	0.4475	0.6056	0.8628
1075	2023	0.4482	0.6013	0.8615	0.4487	0.6104	0.8585
1076	2023	0.4479	0.6003	0.8618	0.4542	0.6097	0.8564
1077	2023	0.4477	0.5992	0.8624	0.4508	0.6048	0.8527
1078	2022	0.4475	0.5988	0.8631	0.4473	0.6022	0.8547
1079	2021	0.4469	0.5983	0.8638	0.4456	0.6035	0.8570
1080	2020	0.4467	0.5980	0.8648	0.4451	0.5961	0.8589
1081	2020	0.4463	0.5975	0.8656	0.4482	0.5890	0.8633
1082	2019	0.4458	0.5968	0.8668	0.4486	0.5889	0.8677
1083	2019	0.4450	0.5961	0.8680	0.4451	0.5875	0.8674
1084	2018	0.4441	0.5954	0.8693	0.4501	0.5855	0.8725
1085	2018	0.4429	0.5947	0.8708	0.4467	0.5891	0.8742
1086	2017	0.4416	0.5940	0.8720	0.4523	0.5873	0.8735
1087	2016	0.4402	0.5933	0.8731	0.4471	0.5829	0.8740
1088	2015	0.4384	0.5924	0.8747	0.4447	0.5852	0.8741
1089	2014	0.4361	0.5916	0.8764	0.4483	0.5894	0.8750
1090	2013	0.4338	0.5908	0.8784	0.4445	0.5943	0.8737
1091	2013	0.4315	0.5901	0.8805	0.4335	0.5934	0.8780
1092	2012	0.4294	0.5893	0.8827	0.4345	0.5999	0.8815
1093	2012	0.4271	0.5886	0.8845	0.4338	0.5944	0.8815
1094	2012	0.4244	0.5881	0.8861	0.4352	0.5895	0.8919
1095	2012	0.4217	0.5876	0.8876	0.4296	0.5948	0.8878
1096	2012	0.4187	0.5871	0.8891	0.4242	0.5906	0.8858
1097	2009	0.4153	0.5866	0.8906	0.4204	0.5883	0.8867
1098	2009	0.4121	0.5858	0.8924	0.4144	0.5879	0.8915
1099	2009	0.4086	0.5849	0.8943	0.4114	0.5886	0.8897
1100	2008	0.4053	0.5839	0.8963	0.4050	0.5870	0.8969
1101	2007	0.4022	0.5827	0.8983	0.3972	0.5892	0.9008
1102	2006	0.3988	0.5811	0.9005	0.3931	0.5854	0.9024
1103	2004	0.3957	0.5792	0.9026	0.3900	0.5858	0.9069
1104	2004	0.3930	0.5773	0.9044	0.3910	0.5831	0.9115
1105	2003	0.3905	0.5750	0.9062	0.3894	0.5768	0.9043
1106	2003	0.3881	0.5729	0.9080	0.3801	0.5768	0.9035
1107	2003	0.3856	0.5709	0.9094	0.3803	0.5777	0.9048
1108	2002	0.3834	0.5685	0.9113	0.3705	0.5747	0.9060
1109	2001	0.3814	0.5660	0.9132	0.3658	0.5718	0.9101
1110	1999	0.3796	0.5637	0.9155	0.3654	0.5698	0.9187
1111	1997	0.3778	0.5617	0.9175	0.3645	0.5659	0.9216
1112	1997	0.3761	0.5597	0.9195	0.3652	0.5562	0.9219
1113	1997	0.3747	0.5578	0.9210	0.3668	0.5559	0.9247
1114	1997	0.3736	0.5558	0.9227	0.3649	0.5491	0.9295
1115	1997	0.3728	0.5541	0.9243	0.3658	0.5487	0.9260
1116	1997	0.3723	0.5523	0.9257	0.3677	0.5439	0.9240
1117	1996	0.3722	0.5505	0.9268	0.3720	0.5440	0.9264
1118	1996	0.3720	0.5489	0.9282	0.3734	0.5420	0.9276
1119	1995	0.3723	0.5472	0.9296	0.3731	0.5394	0.9256
1120	1994	0.3727	0.5454	0.9310	0.3743	0.5332	0.9355
1121	1993	0.3733	0.5436	0.9324	0.3725	0.5301	0.9342
1122	1992	0.3740	0.5417	0.9336	0.3769	0.5291	0.9428
1123	1992	0.3748	0.5399	0.9344	0.3694	0.5374	0.9429
1124	1991	0.3753	0.5383	0.9352	0.3678	0.5399	0.9384
1125	1987	0.3761	0.5372	0.9360	0.3713	0.5401	0.9358
1126	1987	0.3768	0.5361	0.9364	0.3687	0.5394	0.9427
1127	1986	0.3778	0.5353	0.9367	0.3730	0.5418	0.9416
1128	1986	0.3787	0.5345	0.9371	0.3777	0.5402	0.9430
1129	1986	0.3795	0.5339	0.9377	0.3873	0.5388	0.9392
1130	1985	0.3804	0.5331	0.9382	0.3854	0.5377	0.9381
1131	1984	0.3813	0.5325	0.9386	0.3888	0.5332	0.9390
1132	1983	0.3824	0.5319	0.9386	0.3887	0.5322	0.9387
1133	1982	0.3832	0.5313	0.9383	0.3857	0.5303	0.9416
1134	1981	0.3842	0.5308	0.9380	0.3846	0.5248	0.9395
1135	1980	0.3850	0.5305	0.9375	0.3832	0.5232	0.9397
1136	1980	0.3862	0.5297	0.9370	0.3773	0.5264	0.9416
1137	1980	0.3877	0.5289	0.9368	0.3858	0.5285	0.9421
1138	1980	0.3891	0.5280	0.9365	0.3855	0.5280	0.9347
1139	1979	0.3908	0.5273	0.9361	0.3879	0.5302	0.9367
1140	1978	0.3924	0.5266	0.9357	0.3884	0.5295	0.9361
1141	1976	0.3939	0.5260	0.9351	0.3893	0.5292	0.9392
1142	1976	0.3955	0.5256	0.9344	0.3944	0.5229	0.9399
1143	1976	0.3972	0.5253	0.9340	0.3965	0.5278	0.9359
1144	1975	0.3990	0.5254	0.9336	0.3988	0.5237	0.9274
1145	1973	0.4008	0.5260	0.9330	0.3961	0.5172	0.9265
1146	1971	0.4028	0.5267	0.9318	0.3965	0.5182	0.9268
1147	1970	0.4050	0.5278	0.9308	0.3962	0.5210	0.9300
1148	1970	0.4074	0.5291	0.9296	0.3993	0.5196	0.9299
1149	1970	0.4099	0.5304	0.9286	0.4057	0.5176	0.9347
1150	1969	0.4118	0.5316	0.9276	0.4070	0.5180	0.9293
1151	1968	0.4140	0.5328	0.9266	0.4117	0.5237	0.9325
1152	1967	0.4162	0.5339	0.9256	0.4117	0.5238	0.9319
1153	1967	0.4185	0.5349	0.9251	0.4162	0.5251	0.9262
1154	1967	0.4207	0.5362	0.9247	0.4267	0.5277	0.9221
1155	1967	0.4225	0.5379	0.9243	0.4286	0.5315	0.9282
1156	1966	0.4242	0.5394	0.9238	0.4345	0.5360	0.9290
1157	1966	0.4257	0.5412	0.9244	0.4326	0.5458	0.9228
1158	1965	0.4272	0.5432	0.9247	0.4353	0.5468	0.9130
1159	1964	0.4285	0.5454	0.9252	0.4409	0.5532	0.9149
1160	1964	0.4294	0.5479	0.9251	0.4422	0.5570	0.9101
1161	1964	0.4303	0.5504	0.9246	0.4390	0.5568	0.9161
1162	1963	0.4311	0.5530	0.9240	0.4331	0.5591	0.9166
1163	1961	0.4319	0.5555	0.9236	0.4407	0.5573	0.9103
1164	1959	0.4326	0.5578	0.9227	0.4442	0.5586	0.9103
1165	1959	0.4331	0.5598	0.9220	0.4457	0.5536	0.9232
1166	1959	0.4335	0.5617	0.9212	0.4438	0.5633	0.9289
1167	1959	0.4334	0.5636	0.9208	0.4391	0.5638	0.9302
1168	1958	0.4336	0.5652	0.9201	0.4395	0.5651	0.9248
1169	1956	0.4331	0.5667	0.9192	0.4369	0.5697	0.9424
1170	1956	0.4327	0.5678	0.9184	0.4317	0.5671	0.9344
1171	1956	0.4322	0.5691	0.9177	0.4293	0.5730	0.9378
1172	1955	0.4317	0.5704	0.9169	0.4194	0.5845	0.9291
1173	1954	0.4312	0.5714	0.9164	0.4224	0.5814	0.9173
1174	1954	0.4308	0.5723	0.9156	0.4249	0.5833	0.9183
1175	1954	0.4305	0.5732	0.9147	0.4273	0.5799	0.9204
1176	1953	0.4302	0.5743	0.9140	0.4281	0.5802	0.9104
1177	1953	0.4297	0.5754	0.9133	0.4252	0.5742	0.9142
1178	1953	0.4293	0.5765	0.9120	0.4270	0.5739	0.9058
1179	1952	0.4291	0.5773	0.9106	0.4226	0.5742	0.9109
1180	1952	0.4287	0.5781	0.9090	0.4335	0.5713	0.9123
1181	1951	0.4284	0.5790	0.9078	0.4232	0.5733	0.9062
1182	1951	0.4283	0.5798	0.9059	0.4220	0.5744	0.9026
1183	1950	0.4286	0.5807	0.9044	0.4231	0.5794	0.8939
1184	1950	0.4291	0.5813	0.9026	0.4283	0.5845	0.8965
1185	1950	0.4299	0.5813	0.9012	0.4289	0.5828	0.8980
1186	1950	0.4309	0.5815	0.9002	0.4303	0.5789	0.8956
1187	1950	0.4320	0.5816	0.8993	0.4254	0.5828	0.8927
1188	1949	0.4328	0.5819	0.8981	0.4322	0.5844	0.8939
1189	1949	0.4337	0.5818	0.8975	0.4335	0.5851	0.8927
1190	1948	0.4347	0.5821	0.8969	0.4352	0.5827	0.8919
1191	1945	0.4357	0.5822	0.8969	0.4376	0.5817	0.8925
1192	1943	0.4365	0.5824	0.8970	0.4302	0.5841	0.8915
1193	1941	0.4369	0.5828	0.8972	0.4323	0.5882	0.8937
1194	1941	0.4376	0.5831	0.8977	0.4342	0.5898	0.8949
1195	1940	0.4385	0.5826	0.8986	0.4388	0.5891	0.8964
1196	1940	0.4394	0.5819	0.8998	0.4409	0.5884	0.8937
1197	1938	0.4400	0.5807	0.9009	0.4413	0.5852	0.8931
1198	1937	0.4405	0.5795	0.9016	0.4463	0.5860	0.8926
1199	1935	0.4410	0.5783	0.9022	0.4515	0.5864	0.8958
1200	1934	0.4422	0.5769	0.9029	0.4494	0.5864	0.8906
1201	1933	0.4427	0.5756	0.9037	0.4490	0.5789	0.8951
1202	1932	0.4436	0.5743	0.9045	0.4499	0.5798	0.9006
1203	1931	0.4446	0.5731	0.9047	0.4532	0.5785	0.9057
1204	1930	0.4457	0.5718	0.9044	0.4418	0.5792	0.9129
1205	1930	0.4472	0.5703	0.9040	0.4435	0.5809	0.9177
1206	1929	0.4485	0.5687	0.9036	0.4413	0.5800	0.9177
1207	1929	0.4498	0.5668	0.9025	0.4440	0.5621	0.9250
1208	1928	0.4509	0.5648	0.9014	0.4450	0.5606	0.9252
1209	1928	0.4519	0.5629	0.9004	0.4437	0.5567	0.9237
1210	1926	0.4534	0.5606	0.8996	0.4422	0.5522	0.9159
1211	1926	0.4546	0.5582	0.8989	0.4426	0.5477	0.9103
1212	1926	0.4558	0.5555	0.8980	0.4544	0.5492	0.9095
1213	1926	0.4571	0.5527	0.8976	0.4454	0.5508	0.9134
1214	1926	0.4584	0.5503	0.8972	0.4565	0.5523	0.9136
1215	1925	0.4599	0.5479	0.8966	0.4602	0.5544	0.8953
1216	1925	0.4613	0.5456	0.8960	0.4654	0.5483	0.8854
1217	1924	0.4630	0.5432	0.8952	0.4682	0.5476	0.8820
1218	1923	0.4646	0.5407	0.8941	0.4641	0.5478	0.8837
1219	1922	0.4663	0.5383	0.8932	0.4671	0.5418	0.8674
1220	1922	0.4682	0.5364	0.8919	0.4644	0.5402	0.8696
1221	1921	0.4702	0.5345	0.8907	0.4680	0.5390	0.8683
1222	1921	0.4720	0.5326	0.8895	0.4776	0.5293	0.8728
1223	1921	0.4739	0.5310	0.8887	0.4771	0.5259	0.8753
1224	1921	0.4763	0.5295	0.8881	0.4818	0.5169	0.8744
1225	1921	0.4788	0.5278	0.8876	0.4805	0.5169	0.8793
1226	1920	0.4816	0.5261	0.8868	0.4816	0.5195	0.8851
1227	1918	0.4837	0.5239	0.8861	0.4869	0.5205	0.8850
1228	1918	0.4857	0.5217	0.8858	0.4887	0.5209	0.8906
1229	1918	0.4874	0.5196	0.8857	0.4858	0.5178	0.8949
1230	1918	0.4892	0.5176	0.8856	0.4821	0.5195	0.8897
1231	1917	0.4910	0.5152	0.8854	0.4841	0.5199	0.8940
1232	1916	0.4928	0.5128	0.8859	0.4918	0.5148	0.8923
1233	1916	0.4946	0.5107	0.8863	0.4944	0.5128	0.8948
1234	1916	0.4963	0.5087	0.8867	0.4886	0.5099	0.8957
1235	1916	0.4978	0.5074	0.8868	0.4907	0.5106	0.8946
1236	1915	0.4994	0.5061	0.8868	0.5015	0.5118	0.8948
1237	1914	0.5000	0.5054	0.8865	0.5171	0.5068	0.8983
1238	1914	0.5008	0.5047	0.8861	0.5144	0.5063	0.8941
1239	1913	0.5014	0.5037	0.8853	0.5106	0.4986	0.8940
1240	1913	0.5020	0.5027	0.8844	0.5086	0.4996	0.8884
1241	1913	0.5023	0.5015	0.8832	0.5098	0.4965	0.8825
1242	1912	0.5027	0.5005	0.8812	0.5116	0.4969	0.8812
1243	1911	0.5034	0.4992	0.8794	0.5102	0.4865	0.8781
1244	1911	0.5040	0.4979	0.8773	0.5121	0.4835	0.8800
1245	1909	0.5039	0.4971	0.8752	0.5100	0.4871	0.8785
1246	1909	0.5038	0.4963	0.8729	0.5098	0.4892	0.8780
1247	1909	0.5037	0.4959	0.8706	0.5159	0.4962	0.8773
1248	1909	0.5036	0.4954	0.8685	0.5157	0.4942	0.8743
1249	1909	0.5029	0.4951	0.8663	0.4976	0.4995	0.8678
1250	1907	0.5015	0.4947	0.8642	0.4989	0.4981	0.8685
1251	1906	0.5001	0.4947	0.8622	0.4974	0.4962	0.8654
1252	1904	0.4988	0.4949	0.8604	0.5011	0.4938	0.8625
1253	1901	0.4973	0.4950	0.8589	0.4975	0.4921	0.8606
1254	1901	0.4955	0.4952	0.8579	0.4961	0.4920	0.8448
1255	1901	0.4938	0.4952	0.8568	0.4993	0.4870	0.8445
1256	1900	0.4920	0.4957	0.8558	0.4990	0.4882	0.8410
1257	1899	0.4901	0.4964	0.8548	0.4900	0.4952	0.8405
1258	1899	0.4884	0.4971	0.8539	0.4915	0.4928	0.8373
1259	1899	0.4865	0.4975	0.8528	0.4864	0.4977	0.8387
1260	1897	0.4842	0.4975	0.8518	0.4865	0.4985	0.8415
1261	1896	0.4817	0.4977	0.8510	0.4851	0.5038	0.8388
1262	1896	0.4796	0.4977	0.8505	0.4810	0.4988	0.8471
1263	1896	0.4781	0.4976	0.8495	0.4814	0.5057	0.8451
1264	1893	0.4765	0.4973	0.8483	0.4763	0.5033	0.8481
1265	1893	0.4748	0.4971	0.8472	0.4710	0.5022	0.8514
1266	1893	0.4730	0.4968	0.8462	0.4668	0.5009	0.8577
1267	1893	0.4711	0.4964	0.8455	0.4682	0.4983	0.8531
1268	1893	0.4691	0.4964	0.8449	0.4664	0.4979	0.8533
1269	1893	0.4669	0.4963	0.8443	0.4632	0.5007	0.8554
1270	1892	0.4649	0.4959	0.8438	0.4683	0.5039	0.8545
1271	1892	0.4628	0.4956	0.8430	0.4630	0.5000	0.8505
1272	1892	0.4610	0.4951	0.8422	0.4562	0.4974	0.8535
1273	1890	0.4596	0.4948	0.8411	0.4530	0.4986	0.8539
1274	1890	0.4573	0.4942	0.8404	0.4469	0.4982	0.8548
1275	1889	0.4551	0.4941	0.8392	0.4611	0.4958	0.8434
1276	1887	0.4529	0.4936	0.8379	0.4572	0.4889	0.8366
1277	1884	0.4508	0.4934	0.8362	0.4576	0.4892	0.8336
1278	1884	0.4490	0.4931	0.8344	0.4527	0.4852	0.8366
1279	1884	0.4475	0.4931	0.8325	0.4496	0.4827	0.8258
1280	1884	0.4457	0.4931	0.8306	0.4489	0.4865	0.8305
1281	1884	0.4439	0.4932	0.8286	0.4444	0.4842	0.8250
1282	1882	0.4423	0.4931	0.8265	0.4402	0.4871	0.8287
1283	1882	0.4404	0.4928	0.8246	0.4396	0.4843	0.8185
1284	1879	0.4386	0.4927	0.8230	0.4398	0.4852	0.8180
1285	1878	0.4367	0.4923	0.8212	0.4516	0.4912	0.8144
1286	1878	0.4350	0.4920	0.8196	0.4277	0.4894	0.8194
1287	1878	0.4337	0.4916	0.8178	0.4273	0.4948	0.8187
1288	1878	0.4322	0.4915	0.8163	0.4254	0.4942	0.8112
1289	1878	0.4307	0.4916	0.8149	0.4232	0.4974	0.8065
1290	1878	0.4291	0.4918	0.8134	0.4274	0.4957	0.8075
1291	1878	0.4277	0.4920	0.8118	0.4285	0.5005	0.8091
1292	1877	0.4268	0.4923	0.8107	0.4231	0.4986	0.8052
1293	1876	0.4258	0.4927	0.8095	0.4208	0.4997	0.8043
1294	1876	0.4251	0.4931	0.8085	0.4233	0.4993	0.8028
1295	1875	0.4263	0.4932	0.8070	0.4203	0.4947	0.8067
1296	1875	0.4275	0.4938	0.8060	0.4191	0.4976	0.8102
1297	1875	0.4287	0.4943	0.8050	0.4094	0.4880	0.8090
1298	1874	0.4299	0.4945	0.8041	0.4107	0.4920	0.8135
1299	1872	0.4320	0.4948	0.8031	0.4141	0.4885	0.8103
1300	1872	0.4341	0.4949	0.8018	0.4219	0.4917	0.8057
1301	1872	0.4365	0.4949	0.8007	0.4198	0.4919	0.8003
1302	1871	0.4392	0.4951	0.7996	0.4194	0.4936	0.7970
1303	1869	0.4420	0.4953	0.7986	0.4182	0.4925	0.7965
1304	1868	0.4449	0.4953	0.7972	0.4250	0.4898	0.7980
1305	1868	0.4480	0.4956	0.7961	0.4254	0.4959	0.8006
1306	1867	0.4512	0.4961	0.7950	0.4252	0.4949	0.8003
1307	1867	0.4544	0.4966	0.7939	0.4720	0.4885	0.7910
1308	1867	0.4574	0.4974	0.7924	0.4690	0.4989	0.7937
1309	1866	0.4605	0.4981	0.7908	0.4701	0.4976	0.7928
1310	1866	0.4645	0.4991	0.7889	0.4813	0.4971	0.7914
1311	1865	0.4689	0.5001	0.7868	0.4797	0.4960	0.7938
1312	1865	0.4730	0.5014	0.7848	0.4793	0.4982	0.7862
1313	1865	0.4759	0.5026	0.7830	0.4867	0.4951	0.7846
1314	1865	0.4788	0.5038	0.7812	0.4909	0.5004	0.7798
1315	1865	0.4819	0.5048	0.7796	0.4975	0.5006	0.7819
1316	1865	0.4851	0.5062	0.7779	0.4999	0.5020	0.7740
1317	1865	0.4882	0.5078	0.7761	0.4997	0.5068	0.7786
1318	1865	0.4916	0.5093	0.7741	0.5020	0.5103	0.7760
1319	1862	0.4952	0.5109	0.7722	0.5022	0.5118	0.7755
1320	1860	0.4972	0.5128	0.7711	0.4964	0.5164	0.7685
1321	1859	0.4996	0.5145	0.7698	0.4970	0.5130	0.7703
1322	1859	0.5020	0.5161	0.7685	0.5101	0.5141	0.7627
1323	1859	0.5034	0.5174	0.7674	0.5183	0.5169	0.7603
1324	1859	0.5048	0.5188	0.7660	0.5178	0.5215	0.7603
1325	1859	0.5063	0.5198	0.7651	0.4956	0.5213	0.7610
1326	1859	0.5076	0.5208	0.7644	0.4923	0.5225	0.7567
1327	1859	0.5088	0.5215	0.7641	0.4952	0.5187	0.7570
1328	1858	0.5099	0.5224	0.7638	0.4989	0.5260	0.7522
1329	1857	0.5105	0.5231	0.7640	0.5017	0.5317	0.7525
1330	1857	0.5113	0.5238	0.7641	0.5111	0.5318	0.7505
1331	1856	0.5122	0.5245	0.7642	0.5151	0.5352	0.7548
1332	1856	0.5128	0.5252	0.7642	0.5214	0.5370	0.7618
1333	1855	0.5140	0.5257	0.7646	0.5288	0.5394	0.7623
1334	1855	0.5153	0.5264	0.7650	0.5311	0.5389	0.7595
1335	1854	0.5162	0.5270	0.7654	0.5164	0.5301	0.7637
1336	1851	0.5168	0.5276	0.7658	0.5137	0.5299	0.7598
1337	1849	0.5176	0.5279	0.7662	0.5175	0.5231	0.7632
1338	1848	0.5192	0.5281	0.7665	0.5194	0.5206	0.7683
1339	1848	0.5212	0.5283	0.7674	0.5220	0.5186	0.7709
1340	1845	0.5229	0.5290	0.7681	0.5229	0.5224	0.7754
1341	1845	0.5246	0.5294	0.7691	0.5165	0.5206	0.7792
1342	1845	0.5260	0.5297	0.7702	0.5193	0.5240	0.7802
1343	1845	0.5251	0.5297	0.7712	0.5236	0.5263	0.7776
1344	1844	0.5241	0.5296	0.7722	0.5187	0.5291	0.7772
1345	1842	0.5227	0.5295	0.7729	0.5266	0.5308	0.7781
1346	1842	0.5211	0.5288	0.7735	0.5285	0.5289	0.7793
1347	1842	0.5191	0.5280	0.7740	0.5334	0.5307	0.7738
1348	1841	0.5177	0.5278	0.7745	0.5321	0.5301	0.7708
1349	1840	0.5165	0.5275	0.7756	0.5380	0.5288	0.7696
1350	1838	0.5150	0.5276	0.7766	0.5366	0.5272	0.7692
1351	1837	0.5133	0.5276	0.7774	0.5410	0.5282	0.7771
1352	1834	0.5112	0.5278	0.7780	0.5387	0.5359	0.7759
1353	1834	0.5091	0.5279	0.7783	0.5415	0.5362	0.7776
1354	1834	0.5075	0.5281	0.7783	0.5352	0.5378	0.7793
1355	1834	0.5058	0.5281	0.7780	0.4891	0.5334	0.7752
1356	1834	0.5038	0.5280	0.7779	0.4896	0.5329	0.7799
1357	1834	0.5022	0.5276	0.7780	0.4883	0.5326	0.7808
1358	1834	0.5003	0.5269	0.7781	0.4869	0.5232	0.7767
1359	1833	0.4984	0.5263	0.7781	0.4811	0.5187	0.7723
1360	1830	0.4964	0.5259	0.7785	0.4819	0.5244	0.7758
1361	1827	0.4943	0.5254	0.7789	0.4831	0.5226	0.7866
1362	1826	0.4919	0.5249	0.7795	0.4799	0.5250	0.7873
1363	1825	0.4896	0.5246	0.7801	0.4768	0.5206	0.7892
1364	1825	0.4873	0.5243	0.7805	0.4704	0.5239	0.7867
1365	1824	0.4853	0.5238	0.7810	0.4696	0.5251	0.7827
1366	1824	0.4832	0.5230	0.7817	0.4779	0.5265	0.7784
1367	1823	0.4816	0.5222	0.7824	0.4752	0.5246	0.7738
1368	1822	0.4815	0.5215	0.7833	0.4759	0.5218	0.7755
1369	1822	0.4814	0.5208	0.7838	0.4786	0.5195	0.7789
1370	1822	0.4813	0.5201	0.7839	0.4780	0.5138	0.7806
1371	1822	0.4811	0.5197	0.7842	0.4807	0.5145	0.7798
1372	1821	0.4813	0.5196	0.7852	0.4829	0.5200	0.7829
1373	1821	0.4816	0.5194	0.7858	0.4796	0.5185	0.7814
1374	1821	0.4819	0.5196	0.7859	0.4790	0.5167	0.7831
1375	1820	0.4822	0.5198	0.7861	0.4792	0.5191	0.7854
1376	1819	0.4828	0.5203	0.7859	0.4846	0.5207	0.7861
1377	1818	0.4836	0.5206	0.7856	0.4877	0.5227	0.7894
1378	1816	0.4844	0.5209	0.7855	0.4891	0.5171	0.7946
1379	1814	0.4853	0.5210	0.7854	0.4945	0.5170	0.7963
1380	1814	0.4866	0.5209	0.7857	0.4873	0.5153	0.7978
1381	1814	0.4876	0.5212	0.7858	0.4879	0.5159	0.7919
1382	1814	0.4888	0.5214	0.7857	0.4850	0.5149	0.7840
1383	1813	0.4898	0.5219	0.7853	0.4819	0.5125	0.7854
1384	1813	0.4910	0.5222	0.7851	0.4856	0.5172	0.7958
1385	1812	0.4922	0.5224	0.7850	0.4893	0.5191	0.7903
1386	1812	0.4938	0.5227	0.7847	0.4903	0.5279	0.7905
1387	1812	0.4955	0.5233	0.7847	0.4881	0.5305	0.7917
1388	1812	0.4971	0.5238	0.7846	0.4924	0.5316	0.7847
1389	1812	0.4982	0.5242	0.7842	0.4907	0.5325	0.7795
1390	1812	0.4992	0.5242	0.7836	0.4891	0.5321	0.7784
1391	1812	0.5002	0.5245	0.7829	0.4986	0.5289	0.7766
1392	1811	0.5011	0.5250	0.7823	0.5093	0.5236	0.7820
1393	1811	0.5021	0.5257	0.7818	0.5012	0.5279	0.7787
1394	1810	0.5028	0.5262	0.7815	0.5076	0.5257	0.7763
1395	1809	0.5037	0.5269	0.7815	0.5041	0.5250	0.7706
1396	1809	0.5048	0.5277	0.7812	0.5094	0.5237	0.7741
1397	1808	0.5057	0.5285	0.7809	0.5135	0.5252	0.7793
1398	1808	0.5064	0.5292	0.7807	0.5185	0.5244	0.7759
1399	1808	0.5072	0.5296	0.7803	0.5227	0.5323	0.7817
1400	1807	0.5078	0.5297	0.7798	0.5178	0.5316	0.7836
1401	1807	0.5081	0.5297	0.7799	0.5126	0.5306	0.7749
1402	1807	0.5085	0.5294	0.7800	0.5134	0.5229	0.7761
1403	1807	0.5091	0.5293	0.7802	0.5132	0.5258	0.7759
1404	1806	0.5092	0.5292	0.7807	0.5170	0.5280	0.7811
1405	1806	0.5090	0.5292	0.7814	0.5130	0.5325	0.7848
1406	1806	0.5095	0.5291	0.7821	0.5048	0.5294	0.7856
1407	1804	0.5096	0.5290	0.7830	0.5077	0.5309	0.7829
1408	1803	0.5101	0.5291	0.7841	0.5094	0.5333	0.7802
1409	1802	0.5106	0.5293	0.7853	0.5100	0.5377	0.7863
1410	1801	0.5110	0.5291	0.7861	0.5060	0.5353	0.7850
1411	1801	0.5112	0.5290	0.7870	0.5093	0.5384	0.7808
1412	1801	0.5111	0.5285	0.7875	0.5030	0.5335	0.7805
1413	1799	0.5113	0.5280	0.7878	0.4999	0.5317	0.7860
1414	1799	0.5117	0.5276	0.7885	0.5023	0.5251	0.7817
1415	1799	0.5120	0.5276	0.7891	0.5023	0.5288	0.7842
1416	1798	0.5123	0.5274	0.7897	0.5018	0.5271	0.7896
1417	1797	0.5123	0.5269	0.7901	0.5051	0.5233	0.7986
1418	1794	0.5126	0.5261	0.7905	0.5125	0.5243	0.7968
1419	1792	0.5132	0.5256	0.7910	0.5114	0.5250	0.7989
1420	1790	0.5137	0.5249	0.7918	0.5148	0.5267	0.7978
1421	1788	0.5140	0.5244	0.7928	0.5238	0.5283	0.8053
1422	1788	0.5143	0.5236	0.7932	0.5230	0.5217	0.7982
1423	1788	0.5146	0.5229	0.7938	0.5228	0.5210	0.7981
1424	1787	0.5147	0.5220	0.7945	0.5211	0.5188	0.7954
1425	1786	0.5150	0.5213	0.7951	0.5212	0.5186	0.7908
1426	1786	0.5155	0.5209	0.7955	0.5235	0.5219	0.7925
1427	1785	0.5159	0.5208	0.7959	0.5203	0.5233	0.7904
1428	1782	0.5160	0.5206	0.7962	0.5215	0.5193	0.7901
1429	1782	0.5158	0.5205	0.7964	0.5174	0.5167	0.7929
1430	1782	0.5154	0.5208	0.7960	0.5210	0.5129	0.7932
1431	1777	0.5145	0.5209	0.7957	0.5191	0.5153	0.7976
1432	1776	0.5137	0.5212	0.7958	0.5207	0.5149	0.8029
1433	1774	0.5128	0.5216	0.7961	0.5162	0.5207	0.8067
1434	1772	0.5113	0.5221	0.7959	0.5163	0.5173	0.7952
1435	1772	0.5097	0.5227	0.7959	0.5135	0.5180	0.8002
1436	1772	0.5080	0.5233	0.7960	0.5118	0.5150	0.7978
1437	1772	0.5060	0.5239	0.7959	0.5106	0.5177	0.7974
1438	1772	0.5041	0.5245	0.7959	0.5125	0.5209	0.7944
1439	1772	0.5027	0.5251	0.7959	0.5121	0.5219	0.7935
1440	1772	0.5016	0.5260	0.7962	0.5065	0.5230	0.7914
1441	1771	0.5005	0.5271	0.7961	0.4972	0.5256	0.7940
1442	1771	0.4994	0.5283	0.7960	0.4938	0.5313	0.7887
1443	1769	0.4983	0.5295	0.7958	0.4911	0.5275	0.7902
1444	1769	0.4974	0.5307	0.7953	0.4910	0.5319	0.7998
1445	1768	0.4964	0.5321	0.7946	0.4917	0.5361	0.8049
1446	1765	0.4954	0.5329	0.7940	0.4875	0.5414	0.8006
1447	1765	0.4944	0.5337	0.7935	0.4817	0.5376	0.7981
1448	1765	0.4936	0.5344	0.7927	0.4796	0.5348	0.8011
1449	1765	0.4931	0.5350	0.7922	0.4729	0.5334	0.7926
1450	1764	0.4928	0.5360	0.7915	0.4735	0.5348	0.7919
1451	1763	0.4925	0.5370	0.7905	0.4876	0.5370	0.7923
1452	1762	0.4921	0.5381	0.7894	0.4926	0.5452	0.7970
1453	1760	0.4920	0.5390	0.7884	0.4942	0.5456	0.7888
1454	1760	0.4923	0.5400	0.7874	0.4891	0.5475	0.7904
1455	1760	0.4924	0.5409	0.7867	0.4945	0.5441	0.7887
1456	1759	0.4927	0.5421	0.7859	0.4961	0.5450	0.7847
1457	1759	0.4928	0.5431	0.7848	0.4960	0.5484	0.7854
1458	1757	0.4929	0.5438	0.7837	0.4903	0.5415	0.7906
1459	1757	0.4926	0.5445	0.7827	0.4923	0.5381	0.7831
1460	1757	0.4925	0.5455	0.7821	0.4926	0.5350	0.7810
1461	1757	0.4925	0.5468	0.7813	0.5008	0.5308	0.7835
1462	1757	0.4929	0.5483	0.7808	0.5018	0.5429	0.7799
1463	1756	0.4936	0.5499	0.7806	0.5053	0.5457	0.7700
1464	1756	0.4936	0.5512	0.7805	0.5023	0.5473	0.7675
1465	1756	0.4935	0.5522	0.7800	0.5056	0.5473	0.7660
1466	1755	0.4936	0.5538	0.7801	0.5028	0.5494	0.7690
1467	1755	0.4939	0.5553	0.7798	0.4975	0.5544	0.7702
1468	1754	0.4945	0.5573	0.7797	0.4992	0.5579	0.7705
1469	1754	0.4951	0.5592	0.7798	0.4924	0.5566	0.7731
1470	1754	0.4955	0.5607	0.7799	0.4950	0.5541	0.7765
1471	1753	0.4962	0.5624	0.7795	0.4798	0.5582	0.7748
1472	1752	0.4966	0.5641	0.7795	0.4781	0.5638	0.7838
1473	1751	0.4969	0.5660	0.7799	0.4798	0.5656	0.7823
1474	1749	0.4969	0.5679	0.7804	0.4835	0.5714	0.7801
1475	1748	0.4968	0.5692	0.7811	0.4896	0.5737	0.7868
1476	1748	0.4963	0.5703	0.7822	0.4878	0.5698	0.7880
1477	1747	0.4961	0.5715	0.7835	0.4907	0.5722	0.7846
1478	1747	0.4957	0.5724	0.7848	0.4959	0.5840	0.7914
1479	1747	0.4958	0.5734	0.7860	0.4984	0.5858	0.7832
1480	1747	0.4961	0.5740	0.7872	0.5094	0.5934	0.7863
1481	1747	0.4964	0.5743	0.7884	0.5110	0.5922	0.7885
1482	1746	0.4969	0.5746	0.7895	0.5048	0.5874	0.7859
1483	1745	0.4975	0.5750	0.7905	0.5083	0.5836	0.7821
1484	1745	0.4987	0.5749	0.7915	0.5014	0.5811	0.7835
1485	1745	0.4999	0.5747	0.7923	0.5003	0.5812	0.7895
1486	1745	0.5009	0.5744	0.7932	0.5010	0.5787	0.7954
1487	1745	0.5017	0.5737	0.7943	0.5001	0.5748	0.7992
1488	1743	0.5023	0.5729	0.7951	0.4937	0.5729	0.7970
1489	1743	0.5026	0.5722	0.7960	0.4953	0.5778	0.8000
1490	1743	0.5027	0.5711	0.7973	0.4972	0.5708	0.7996
1491	1743	0.5027	0.5694	0.7985	0.5050	0.5728	0.7971
1492	1743	0.5027	0.5675	0.7999	0.5049	0.5690	0.8008
1493	1743	0.5024	0.5655	0.8013	0.5055	0.5666	0.8013
1494	1742	0.5021	0.5637	0.8026	0.5054	0.5648	0.8009
1495	1741	0.5021	0.5623	0.8042	0.5096	0.5643	0.7996
1496	1738	0.5023	0.5609	0.8061	0.5103	0.5557	0.8018
1497	1736	0.5025	0.5600	0.8080	0.5098	0.5583	0.8033
1498	1735	0.5030	0.5592	0.8099	0.5044	0.5574	0.8033
1499	1735	0.5034	0.5588	0.8115	0.5034	0.5536	0.8090
1500	1735	0.5038	0.5583	0.8133	0.5041	0.5535	0.8051
1501	1735	0.5043	0.5582	0.8154	0.4958	0.5537	0.8124
1502	1735	0.5049	0.5579	0.8177	0.4928	0.5442	0.8154
1503	1735	0.5053	0.5577	0.8200	0.4963	0.5423	0.8233
1504	1734	0.5055	0.5573	0.8223	0.4991	0.5374	0.8180
1505	1733	0.5058	0.5567	0.8243	0.5007	0.5434	0.8213
1506	1733	0.5062	0.5561	0.8260	0.5028	0.5462	0.8202
1507	1729	0.5068	0.5557	0.8275	0.5047	0.5525	0.8245
1508	1729	0.5071	0.5553	0.8292	0.5142	0.5501	0.8312
1509	1729	0.5077	0.5553	0.8306	0.5071	0.5578	0.8317
1510	1728	0.5085	0.5552	0.8319	0.5126	0.5609	0.8352
1511	1725	0.5094	0.5551	0.8334	0.5116	0.5704	0.8365
1512	1724	0.5105	0.5550	0.8346	0.5090	0.5610	0.8430
1513	1724	0.5115	0.5547	0.8361	0.5069	0.5693	0.8504
1514	1723	0.5134	0.5546	0.8375	0.5089	0.5717	0.8582
1515	1723	0.5154	0.5550	0.8389	0.5082	0.5666	0.8576
1516	1721	0.5169	0.5551	0.8397	0.5087	0.5610	0.8540
1517	1721	0.5183	0.5554	0.8413	0.5133	0.5540	0.8495
1518	1720	0.5190	0.5552	0.8427	0.5165	0.5535	0.8456
1519	1720	0.5194	0.5548	0.8441	0.5199	0.5527	0.8385
1520	1719	0.5200	0.5542	0.8454	0.5162	0.5561	0.8402
1521	1718	0.5203	0.5536	0.8464	0.5261	0.5557	0.8368
1522	1716	0.5209	0.5528	0.8474	0.5290	0.5561	0.8368
1523	1716	0.5215	0.5520	0.8481	0.5269	0.5547	0.8407
1524	1716	0.5220	0.5513	0.8488	0.5302	0.5496	0.8382
1525	1716	0.5226	0.5511	0.8491	0.5300	0.5477	0.8435
1526	1716	0.5235	0.5505	0.8493	0.5437	0.5501	0.8480
1527	1716	0.5242	0.5497	0.8494	0.5428	0.5535	0.8492
1528	1716	0.5249	0.5492	0.8497	0.5332	0.5466	0.8444
1529	1716	0.5254	0.5491	0.8498	0.5338	0.5441	0.8571
1530	1715	0.5258	0.5498	0.8502	0.5184	0.5378	0.8562
1531	1714	0.5267	0.5505	0.8510	0.5136	0.5373	0.8559
1532	1714	0.5277	0.5513	0.8520	0.5204	0.5371	0.8575
1533	1714	0.5290	0.5523	0.8530	0.5200	0.5353	0.8557
1534	1714	0.5299	0.5533	0.8543	0.5234	0.5376	0.8563
1535	1713	0.5308	0.5543	0.8557	0.5268	0.5415	0.8537
1536	1712	0.5323	0.5555	0.8567	0.5242	0.5521	0.8525
1537	1712	0.5334	0.5567	0.8576	0.5244	0.5557	0.8514
1538	1712	0.5354	0.5582	0.8586	0.5285	0.5543	0.8545
1539	1711	0.5366	0.5595	0.8592	0.5259	0.5507	0.8617
1540	1710	0.5380	0.5611	0.8595	0.5263	0.5552	0.8646
1541	1710	0.5399	0.5630	0.8596	0.5207	0.5588	0.8575
1542	1705	0.5417	0.5653	0.8591	0.5247	0.5720	0.8593
1543	1705	0.5438	0.5676	0.8587	0.5396	0.5707	0.8644
1544	1702	0.5460	0.5699	0.8583	0.5449	0.5730	0.8627
1545	1699	0.5479	0.5720	0.8578	0.5473	0.5791	0.8673
1546	1695	0.5497	0.5747	0.8571	0.5490	0.5817	0.8686
1547	1695	0.5516	0.5769	0.8562	0.5517	0.5824	0.8715
1548	1694	0.5531	0.5787	0.8558	0.5632	0.5834	0.8651
1549	1694	0.5544	0.5798	0.8552	0.5598	0.5804	0.8627
1550	1693	0.5558	0.5807	0.8543	0.5783	0.5836	0.8675
1551	1693	0.5574	0.5815	0.8533	0.5746	0.5842	0.8624
1552	1691	0.5593	0.5824	0.8518	0.5782	0.5922	0.8561
1553	1691	0.5610	0.5833	0.8502	0.5803	0.5938	0.8478
1554	1690	0.5633	0.5842	0.8489	0.5778	0.6014	0.8447
1555	1688	0.5653	0.5848	0.8478	0.5724	0.5955	0.8463
1556	1688	0.5666	0.5854	0.8467	0.5691	0.5949	0.8448
1557	1688	0.5676	0.5856	0.8455	0.5672	0.5915	0.8463
1558	1688	0.5685	0.5861	0.8440	0.5647	0.6014	0.8371
1559	1686	0.5692	0.5865	0.8427	0.5715	0.5924	0.8353
1560	1685	0.5697	0.5868	0.8413	0.5625	0.5878	0.8424
1561	1685	0.5697	0.5871	0.8398	0.5582	0.5779	0.8391
1562	1684	0.5695	0.5876	0.8385	0.5593	0.5781	0.8293
1563	1682	0.5686	0.5880	0.8369	0.5680	0.5748	0.8284
1564	1682	0.5676	0.5886	0.8353	0.5731	0.5734	0.8251
1565	1682	0.5664	0.5885	0.8340	0.5690	0.5782	0.8232
1566	1681	0.5650	0.5883	0.8329	0.5776	0.5817	0.8259
1567	1680	0.5635	0.5879	0.8319	0.5742	0.5862	0.8306
1568	1679	0.5623	0.5877	0.8309	0.5724	0.5848	0.8379
1569	1679	0.5612	0.5876	0.8300	0.5699	0.5798	0.8327
1570	1679	0.5602	0.5882	0.8290	0.5702	0.5899	0.8307
1571	1679	0.5595	0.5884	0.8284	0.5668	0.5917	0.8360
1572	1679	0.5583	0.5890	0.8281	0.5640	0.5909	0.8354
1573	1677	0.5573	0.5897	0.8277	0.5627	0.5911	0.8286
1574	1676	0.5565	0.5904	0.8274	0.5560	0.5934	0.8289
1575	1676	0.5558	0.5908	0.8276	0.5552	0.5941	0.8290
1576	1676	0.5546	0.5913	0.8278	0.5505	0.5981	0.8210
1577	1676	0.5528	0.5917	0.8280	0.5484	0.5908	0.8231
1578	1676	0.5512	0.5920	0.8280	0.5433	0.5882	0.8217
1579	1676	0.5496	0.5921	0.8283	0.5424	0.5911	0.8185
1580	1676	0.5480	0.5916	0.8285	0.5412	0.5903	0.8223
1581	1675	0.5462	0.5912	0.8284	0.5419	0.5915	0.8219
1582	1674	0.5442	0.5910	0.8283	0.5425	0.6069	0.8201
1583	1674	0.5418	0.5903	0.8280	0.5462	0.6072	0.8242
1584	1673	0.5398	0.5897	0.8276	0.5410	0.6083	0.8275
1585	1672	0.5378	0.5892	0.8273	0.5389	0.6039	0.8314
1586	1672	0.5355	0.5885	0.8274	0.5389	0.5956	0.8315
1587	1672	0.5335	0.5879	0.8274	0.5412	0.5883	0.8345
1588	1671	0.5309	0.5872	0.8274	0.5371	0.5872	0.8348
1589	1670	0.5283	0.5863	0.8276	0.5280	0.5828	0.8291
1590	1669	0.5258	0.5854	0.8283	0.5300	0.5873	0.8239
1591	1669	0.5236	0.5846	0.8295	0.5374	0.5832	0.8332
1592	1668	0.5215	0.5835	0.8308	0.5348	0.5741	0.8348
1593	1668	0.5194	0.5825	0.8321	0.5256	0.5748	0.8354
1594	1668	0.5174	0.5816	0.8332	0.5198	0.5746	0.8300
1595	1666	0.5154	0.5799	0.8342	0.5115	0.5712	0.8244
1596	1665	0.5133	0.5779	0.8352	0.5155	0.5786	0.8252
1597	1665	0.5113	0.5759	0.8358	0.5137	0.5763	0.8287
1598	1663	0.5095	0.5744	0.8356	0.5072	0.5752	0.8311
1599	1662	0.5077	0.5735	0.8355	0.5061	0.5786	0.8267
1600	1662	0.5056	0.5728	0.8354	0.4902	0.5766	0.8293
1601	1662	0.5032	0.5720	0.8353	0.4839	0.5754	0.8268
1602	1662	0.5014	0.5711	0.8355	0.4865	0.5675	0.8415
1603	1661	0.4996	0.5699	0.8360	0.4885	0.5680	0.8498
1604	1661	0.4973	0.5690	0.8361	0.4907	0.5648	0.8533
1605	1661	0.4952	0.5686	0.8365	0.4889	0.5649	0.8529
1606	1660	0.4936	0.5682	0.8367	0.4908	0.5686	0.8507
1607	1660	0.4922	0.5680	0.8371	0.4925	0.5654	0.8434
1608	1659	0.4916	0.5674	0.8378	0.4943	0.5560	0.8494
1609	1658	0.4906	0.5662	0.8383	0.4907	0.5570	0.8423
1610	1658	0.4896	0.5652	0.8384	0.4944	0.5682	0.8284
1611	1657	0.4888	0.5642	0.8386	0.4930	0.5718	0.8282
1612	1657	0.4881	0.5633	0.8387	0.4882	0.5710	0.8316
1613	1655	0.4881	0.5626	0.8386	0.4770	0.5672	0.8320
1614	1654	0.4886	0.5619	0.8387	0.4830	0.5612	0.8341
1615	1653	0.4890	0.5616	0.8381	0.4866	0.5572	0.8376
1616	1653	0.4895	0.5614	0.8371	0.4798	0.5612	0.8360
1617	1653	0.4899	0.5615	0.8358	0.4823	0.5628	0.8425
1618	1652	0.4906	0.5617	0.8345	0.4842	0.5660	0.8411
1619	1652	0.4913	0.5618	0.8336	0.4860	0.5702	0.8414
1620	1652	0.4918	0.5615	0.8328	0.4962	0.5546	0.8406
1621	1650	0.4922	0.5617	0.8315	0.4902	0.5501	0.8379
1622	1650	0.4928	0.5617	0.8303	0.4884	0.5503	0.8322
1623	1649	0.4932	0.5613	0.8298	0.4888	0.5509	0.8341
1624	1649	0.4939	0.5607	0.8293	0.4880	0.5555	0.8309
1625	1649	0.4950	0.5603	0.8284	0.4909	0.5586	0.8273
1626	1649	0.4967	0.5600	0.8272	0.4956	0.5580	0.8283
1627	1648	0.4981	0.5600	0.8261	0.4955	0.5608	0.8254
1628	1648	0.4996	0.5603	0.8250	0.5023	0.5628	0.8253
1629	1648	0.5014	0.5605	0.8241	0.4993	0.5681	0.8208
1630	1647	0.5031	0.5605	0.8227	0.5064	0.5691	0.8207
1631	1645	0.5045	0.5606	0.8212	0.5087	0.5706	0.8289
1632	1645	0.5058	0.5604	0.8196	0.5047	0.5581	0.8224
1633	1643	0.5067	0.5609	0.8183	0.5049	0.5617	0.8171
1634	1643	0.5076	0.5615	0.8169	0.5048	0.5565	0.8120
1635	1642	0.5085	0.5620	0.8155	0.5065	0.5578	0.8175
1636	1641	0.5093	0.5623	0.8143	0.5101	0.5575	0.8145
1637	1639	0.5104	0.5622	0.8136	0.5147	0.5603	0.8091
1638	1638	0.5115	0.5618	0.8128	0.5198	0.5597	0.8021
1639	1638	0.5129	0.5614	0.8121	0.5179	0.5615	0.8063
1640	1637	0.5139	0.5607	0.8113	0.5242	0.5649	0.8117
1641	1637	0.5144	0.5599	0.8102	0.5245	0.5661	0.8117
1642	1637	0.5152	0.5589	0.8091	0.5257	0.5620	0.8086
1643	1637	0.5158	0.5578	0.8081	0.5187	0.5685	0.8041
1644	1635	0.5165	0.5565	0.8068	0.5187	0.5662	0.8015
1645	1634	0.5173	0.5555	0.8057	0.5190	0.5677	0.8076
1646	1634	0.5179	0.5543	0.8050	0.5110	0.5647	0.8024
1647	1633	0.5189	0.5534	0.8048	0.5115	0.5623	0.7964
1648	1632	0.5198	0.5521	0.8044	0.5099	0.5583	0.8054
1649	1631	0.5205	0.5507	0.8041	0.5150	0.5535	0.8117
1650	1629	0.5213	0.5493	0.8041	0.5192	0.5484	0.8083
1651	1625	0.5218	0.5480	0.8045	0.5293	0.5474	0.8110
1652	1625	0.5222	0.5465	0.8049	0.5211	0.5440	0.8057
1653	1624	0.5221	0.5451	0.8052	0.5147	0.5433	0.7963
1654	1624	0.5219	0.5434	0.8054	0.5202	0.5417	0.7953
1655	1624	0.5218	0.5419	0.8054	0.5212	0.5423	0.7954
1656	1624	0.5222	0.5402	0.8054	0.5249	0.5382	0.7949
1657	1623	0.5227	0.5385	0.8056	0.5241	0.5328	0.7965
1658	1623	0.5230	0.5377	0.8055	0.5220	0.5320	0.7994
1659	1623	0.5235	0.5372	0.8058	0.5298	0.5328	0.8066
1660	1623	0.5240	0.5367	0.8063	0.5273	0.5262	0.8086
1661	1623	0.5249	0.5365	0.8064	0.5293	0.5237	0.8058
1662	1622	0.5256	0.5363	0.8063	0.5332	0.5252	0.8084
1663	1622	0.5259	0.5363	0.8066	0.5334	0.5251	0.8123
1664	1619	0.5256	0.5359	0.8068	0.5267	0.5264	0.8158
1665	1618	0.5256	0.5355	0.8070	0.5218	0.5291	0.8198
1666	1617	0.5257	0.5351	0.8077	0.5206	0.5238	0.8164
1667	1617	0.5258	0.5344	0.8086	0.5227	0.5248	0.8090
1668	1617	0.5255	0.5334	0.8092	0.5288	0.5256	0.8052
1669	1615	0.5250	0.5334	0.8098	0.5305	0.5242	0.8062
1670	1615	0.5251	0.5341	0.8104	0.5261	0.5470	0.8056
1671	1612	0.5255	0.5347	0.8110	0.5241	0.5512	0.8084
1672	1610	0.5257	0.5357	0.8112	0.5249	0.5510	0.8095
1673	1609	0.5261	0.5369	0.8113	0.5319	0.5529	0.8074
1674	1609	0.5265	0.5384	0.8116	0.5324	0.5493	0.8092
1675	1608	0.5266	0.5400	0.8117	0.5254	0.5477	0.8153
1676	1608	0.5266	0.5415	0.8117	0.5226	0.5364	0.8169
1677	1608	0.5272	0.5428	0.8117	0.5222	0.5359	0.8106
1678	1606	0.5278	0.5437	0.8115	0.5161	0.5332	0.8144
1679	1606	0.5284	0.5447	0.8115	0.5224	0.5221	0.8173
1680	1606	0.5290	0.5457	0.8120	0.5141	0.5191	0.8107
1681	1605	0.5292	0.5463	0.8126	0.5131	0.5385	0.8085
1682	1604	0.5291	0.5471	0.8133	0.5272	0.5487	0.8122
1683	1604	0.5292	0.5475	0.8140	0.5307	0.5486	0.8145
1684	1604	0.5296	0.5478	0.8147	0.5356	0.5559	0.8129
1685	1602	0.5297	0.5482	0.8153	0.5377	0.5573	0.8106
1686	1601	0.5297	0.5487	0.8161	0.5374	0.5623	0.8132
1687	1601	0.5293	0.5495	0.8168	0.5370	0.5631	0.8099
1688	1601	0.5291	0.5506	0.8172	0.5333	0.5622	0.8120
1689	1601	0.5287	0.5523	0.8175	0.5404	0.5596	0.8174
1690	1600	0.5285	0.5543	0.8181	0.5387	0.5530	0.8155
1691	1600	0.5286	0.5566	0.8187	0.5356	0.5480	0.8161
1692	1597	0.5283	0.5592	0.8195	0.5359	0.5487	0.8211
1693	1596	0.5282	0.5618	0.8205	0.5342	0.5410	0.8194
1694	1596	0.5281	0.5635	0.8216	0.5281	0.5451	0.8230
1695	1595	0.5273	0.5650	0.8223	0.5287	0.5573	0.8233
1696	1595	0.5267	0.5668	0.8228	0.5351	0.5569	0.8261
1697	1595	0.5256	0.5682	0.8234	0.5273	0.5614	0.8260
1698	1593	0.5247	0.5697	0.8245	0.5325	0.5668	0.8265
1699	1591	0.5237	0.5709	0.8257	0.5209	0.5685	0.8273
1700	1590	0.5225	0.5720	0.8267	0.5214	0.5746	0.8249
1701	1589	0.5212	0.5733	0.8276	0.5132	0.5794	0.8241
1702	1589	0.5196	0.5747	0.8283	0.5162	0.5867	0.8259
1703	1588	0.5182	0.5762	0.8288	0.5195	0.5899	0.8303
1704	1586	0.5168	0.5780	0.8294	0.5129	0.5873	0.8351
1705	1586	0.5157	0.5798	0.8300	0.5127	0.5832	0.8366
1706	1585	0.5147	0.5817	0.8308	0.5106	0.5819	0.8353
1707	1585	0.5141	0.5836	0.8316	0.5072	0.5867	0.8297
1708	1585	0.5135	0.5840	0.8322	0.5148	0.5930	0.8278
1709	1585	0.5127	0.5844	0.8326	0.5087	0.5921	0.8290
1710	1585	0.5123	0.5845	0.8330	0.5147	0.5930	0.8377
1711	1585	0.5116	0.5844	0.8337	0.5119	0.5927	0.8416
1712	1585	0.5118	0.5844	0.8343	0.5071	0.5911	0.8346
1713	1585	0.5117	0.5842	0.8346	0.5019	0.5950	0.8358
1714	1585	0.5120	0.5838	0.8350	0.5005	0.5930	0.8338
1715	1583	0.5121	0.5830	0.8354	0.5026	0.5915	0.8280
1716	1582	0.5121	0.5822	0.8356	0.5024	0.5932	0.8317
1717	1582	0.5123	0.5817	0.8356	0.5083	0.5934	0.8369
1718	1581	0.5126	0.5814	0.8354	0.5094	0.5880	0.8387
1719	1581	0.5130	0.5802	0.8349	0.5111	0.5925	0.8430
1720	1581	0.5132	0.5782	0.8347	0.5146	0.5690	0.8383
1721	1581	0.5129	0.5759	0.8346	0.5163	0.5669	0.8357
1722	1581	0.5128	0.5735	0.8343	0.5153	0.5641	0.8378
1723	1581	0.5126	0.5710	0.8336	0.5155	0.5629	0.8427
1724	1581	0.5126	0.5686	0.8324	0.5263	0.5694	0.8416
1725	1581	0.5125	0.5661	0.8315	0.5182	0.5681	0.8339
1726	1581	0.5128	0.5635	0.8304	0.5202	0.5697	0.8342
1727	1579	0.5130	0.5611	0.8291	0.5204	0.5669	0.8354
1728	1579	0.5129	0.5587	0.8283	0.5186	0.5707	0.8342
1729	1578	0.5130	0.5564	0.8272	0.5181	0.5740	0.8370
1730	1577	0.5129	0.5541	0.8260	0.5206	0.5768	0.8295
1731	1577	0.5128	0.5524	0.8249	0.5198	0.5518	0.8230
1732	1577	0.5127	0.5504	0.8237	0.5133	0.5369	0.8262
1733	1576	0.5122	0.5488	0.8224	0.5078	0.5346	0.8236
1734	1576	0.5117	0.5476	0.8214	0.5065	0.5325	0.8216
1735	1576	0.5115	0.5468	0.8201	0.5078	0.5316	0.8208
1736	1576	0.5116	0.5462	0.8182	0.5113	0.5303	0.8115
1737	1576	0.5117	0.5454	0.8164	0.5067	0.5297	0.8118
1738	1576	0.5119	0.5443	0.8152	0.5092	0.5306	0.8092
1739	1576	0.5124	0.5431	0.8139	0.5037	0.5315	0.8022
1740	1575	0.5130	0.5419	0.8124	0.5012	0.5316	0.8055
1741	1574	0.5137	0.5403	0.8108	0.5054	0.5371	0.8050
1742	1573	0.5146	0.5386	0.8089	0.5052	0.5347	0.8083
1743	1573	0.5154	0.5368	0.8074	0.5074	0.5456	0.8112
1744	1573	0.5166	0.5363	0.8062	0.5078	0.5433	0.8109
1745	1573	0.5182	0.5369	0.8048	0.5026	0.5300	0.8064
1746	1572	0.5200	0.5374	0.8032	0.5041	0.5353	0.8117
1747	1572	0.5218	0.5380	0.8016	0.5092	0.5458	0.8044
1748	1571	0.5235	0.5386	0.7996	0.5186	0.5476	0.7950
1749	1570	0.5255	0.5392	0.7978	0.5280	0.5473	0.7978
1750	1570	0.5272	0.5399	0.7960	0.5251	0.5412	0.8037
1751	1569	0.5292	0.5406	0.7943	0.5322	0.5399	0.8025
1752	1569	0.5316	0.5414	0.7930	0.5358	0.5361	0.7962
1753	1569	0.5340	0.5423	0.7916	0.5354	0.5306	0.7943
1754	1568	0.5361	0.5430	0.7903	0.5403	0.5319	0.7910
1755	1568	0.5380	0.5435	0.7887	0.5396	0.5317	0.7901
1756	1568	0.5396	0.5438	0.7871	0.5506	0.5408	0.7933
1757	1567	0.5413	0.5437	0.7854	0.5545	0.5517	0.7913
1758	1566	0.5429	0.5442	0.7840	0.5522	0.5478	0.7852
1759	1565	0.5445	0.5446	0.7822	0.5511	0.5472	0.7807
1760	1564	0.5457	0.5447	0.7804	0.5507	0.5462	0.7720
1761	1564	0.5464	0.5448	0.7789	0.5595	0.5452	0.7658
1762	1564	0.5467	0.5446	0.7771	0.5504	0.5463	0.7671
1763	1563	0.5475	0.5449	0.7753	0.5581	0.5486	0.7671
1764	1561	0.5477	0.5453	0.7736	0.5650	0.5506	0.7677
1765	1561	0.5477	0.5460	0.7721	0.5612	0.5542	0.7712
1766	1561	0.5471	0.5470	0.7707	0.5581	0.5542	0.7719
1767	1560	0.5464	0.5479	0.7690	0.5533	0.5482	0.7697
1768	1559	0.5459	0.5488	0.7672	0.5464	0.5520	0.7713
1769	1557	0.5451	0.5496	0.7653	0.5492	0.5432	0.7689
1770	1554	0.5445	0.5500	0.7636	0.5447	0.5421	0.7698
1771	1554	0.5441	0.5506	0.7622	0.5426	0.5453	0.7660
1772	1554	0.5440	0.5512	0.7612	0.5393	0.5482	0.7613
1773	1554	0.5441	0.5519	0.7605	0.5377	0.5484	0.7563
1774	1554	0.5435	0.5526	0.7602	0.5350	0.5432	0.7539
1775	1553	0.5434	0.5538	0.7596	0.5450	0.5483	0.7571
1776	1553	0.5428	0.5548	0.7589	0.5357	0.5498	0.7614
1777	1552	0.5420	0.5556	0.7579	0.5358	0.5545	0.7578
1778	1551	0.5416	0.5566	0.7567	0.5208	0.5556	0.7591
1779	1551	0.5409	0.5573	0.7556	0.5231	0.5549	0.7479
1780	1551	0.5403	0.5586	0.7548	0.5271	0.5533	0.7472
1781	1550	0.5400	0.5594	0.7538	0.5312	0.5597	0.7460
1782	1550	0.5397	0.5609	0.7531	0.5380	0.5634	0.7474
1783	1549	0.5397	0.5626	0.7527	0.5436	0.5626	0.7498
1784	1549	0.5396	0.5640	0.7523	0.5493	0.5621	0.7555
1785	1548	0.5397	0.5649	0.7523	0.5519	0.5627	0.7557
1786	1548	0.5393	0.5662	0.7524	0.5441	0.5639	0.7578
1787	1548	0.5389	0.5685	0.7527	0.5489	0.5756	0.7523
1788	1548	0.5383	0.5706	0.7526	0.5440	0.5728	0.7493
1789	1548	0.5380	0.5728	0.7521	0.5437	0.5721	0.7427
1790	1548	0.5373	0.5750	0.7515	0.5502	0.5777	0.7422
1791	1546	0.5375	0.5771	0.7509	0.5414	0.5737	0.7441
1792	1545	0.5373	0.5793	0.7504	0.5395	0.5793	0.7486
1793	1543	0.5371	0.5816	0.7501	0.5380	0.5733	0.7472
1794	1543	0.5360	0.5834	0.7500	0.5420	0.5788	0.7504
1795	1542	0.5344	0.5848	0.7500	0.5441	0.5862	0.7598
1796	1542	0.5326	0.5865	0.7498	0.5406	0.5804	0.7567
1797	1542	0.5303	0.5882	0.7497	0.5409	0.5690	0.7615
1798	1541	0.5277	0.5900	0.7495	0.5287	0.5830	0.7589
1799	1540	0.5250	0.5919	0.7490	0.5252	0.5993	0.7620
1800	1540	0.5222	0.5930	0.7490	0.5306	0.6011	0.7543
1801	1540	0.5199	0.5942	0.7488	0.5270	0.6059	0.7475
1802	1540	0.5172	0.5953	0.7489	0.5190	0.6079	0.7446
1803	1540	0.5140	0.5963	0.7488	0.5243	0.6095	0.7424
1804	1540	0.5111	0.5976	0.7485	0.5199	0.6098	0.7370
1805	1538	0.5081	0.5988	0.7478	0.5203	0.6099	0.7390
1806	1537	0.5051	0.6000	0.7473	0.5038	0.6044	0.7437
1807	1536	0.5018	0.6013	0.7463	0.4993	0.5991	0.7475
1808	1536	0.4986	0.6025	0.7450	0.4984	0.6046	0.7456
1809	1536	0.4955	0.6037	0.7437	0.4926	0.6043	0.7510
1810	1536	0.4923	0.6055	0.7422	0.4858	0.6080	0.7503
1811	1535	0.4899	0.6065	0.7407	0.4772	0.6117	0.7454
1812	1533	0.4875	0.6067	0.7390	0.4797	0.6040	0.7534
1813	1533	0.4845	0.6066	0.7377	0.4865	0.6009	0.7442
1814	1532	0.4814	0.6065	0.7366	0.4755	0.6016	0.7452
1815	1531	0.4785	0.6063	0.7358	0.4700	0.6028	0.7403
1816	1531	0.4758	0.6059	0.7352	0.4687	0.6061	0.7358
1817	1531	0.4729	0.6054	0.7351	0.4646	0.6076	0.7316
1818	1530	0.4697	0.6050	0.7349	0.4631	0.6044	0.7336
1819	1530	0.4671	0.6047	0.7344	0.4602	0.6120	0.7267
1820	1530	0.4646	0.6045	0.7339	0.4637	0.6154	0.7265
1821	1529	0.4623	0.6040	0.7334	0.4633	0.6112	0.7249
1822	1528	0.4602	0.6036	0.7328	0.4607	0.6122	0.7225
1823	1526	0.4582	0.6029	0.7321	0.4676	0.6094	0.7213
1824	1525	0.4568	0.6019	0.7315	0.4661	0.6045	0.7218
1825	1525	0.4548	0.6007	0.7308	0.4546	0.5977	0.7214
1826	1525	0.4532	0.5997	0.7308	0.4513	0.6032	0.7188
1827	1524	0.4522	0.5985	0.7307	0.4453	0.6020	0.7238
1828	1524	0.4514	0.5970	0.7312	0.4565	0.5998	0.7292
1829	1524	0.4508	0.5956	0.7316	0.4480	0.5989	0.7327
1830	1523	0.4504	0.5946	0.7321	0.4391	0.5995	0.7352
1831	1523	0.4500	0.5935	0.7324	0.4392	0.5969	0.7322
1832	1523	0.4498	0.5920	0.7330	0.4372	0.5927	0.7340
1833	1521	0.4495	0.5905	0.7333	0.4407	0.5932	0.7339
1834	1519	0.4493	0.5891	0.7337	0.4411	0.5939	0.7343
1835	1519	0.4490	0.5879	0.7343	0.4360	0.5908	0.7333
1836	1519	0.4486	0.5864	0.7350	0.4414	0.5861	0.7296
1837	1518	0.4483	0.5845	0.7356	0.4299	0.5755	0.7373
1838	1517	0.4481	0.5826	0.7364	0.4459	0.5743	0.7436
1839	1516	0.4481	0.5805	0.7376	0.4504	0.5714	0.7438
1840	1515	0.4484	0.5787	0.7387	0.4497	0.5675	0.7510
1841	1513	0.4477	0.5770	0.7395	0.4545	0.5702	0.7479
1842	1512	0.4477	0.5754	0.7404	0.4537	0.5810	0.7425
1843	1510	0.4478	0.5736	0.7411	0.4535	0.5770	0.7426
1844	1510	0.4477	0.5718	0.7417	0.4559	0.5746	0.7416
1845	1510	0.4479	0.5702	0.7424	0.4567	0.5781	0.7324
1846	1509	0.4480	0.5683	0.7433	0.4583	0.5770	0.7356
1847	1508	0.4485	0.5663	0.7442	0.4534	0.5830	0.7378
1848	1507	0.4495	0.5648	0.7452	0.4560	0.5713	0.7386
1849	1506	0.4506	0.5636	0.7464	0.4583	0.5572	0.7358
1850	1506	0.4521	0.5633	0.7473	0.4492	0.5512	0.7417
1851	1506	0.4525	0.5631	0.7481	0.4525	0.5503	0.7495
1852	1505	0.4527	0.5633	0.7494	0.4530	0.5551	0.7510
1853	1505	0.4533	0.5638	0.7505	0.4392	0.5581	0.7502
1854	1503	0.4540	0.5641	0.7517	0.4482	0.5585	0.7552
1855	1501	0.4550	0.5643	0.7532	0.4408	0.5556	0.7512
1856	1499	0.4561	0.5646	0.7546	0.4381	0.5519	0.7477
1857	1498	0.4572	0.5651	0.7563	0.4415	0.5519	0.7513
1858	1496	0.4581	0.5655	0.7585	0.4422	0.5456	0.7574
1859	1495	0.4590	0.5661	0.7606	0.4548	0.5455	0.7564
1860	1494	0.4602	0.5665	0.7628	0.4610	0.5517	0.7583
1861	1494	0.4612	0.5674	0.7652	0.4694	0.5576	0.7597
1862	1493	0.4623	0.5690	0.7676	0.4660	0.5666	0.7603
1863	1493	0.4639	0.5708	0.7700	0.4563	0.5691	0.7637
1864	1493	0.4655	0.5725	0.7725	0.4561	0.5781	0.7751
1865	1491	0.4675	0.5744	0.7745	0.4635	0.5781	0.7788
1866	1488	0.4698	0.5761	0.7766	0.4728	0.5796	0.7777
1867	1488	0.4719	0.5780	0.7783	0.4785	0.5850	0.7804
1868	1487	0.4743	0.5801	0.7803	0.4812	0.5847	0.7784
1869	1486	0.4772	0.5822	0.7824	0.4826	0.5857	0.7836
1870	1486	0.4801	0.5842	0.7845	0.4803	0.5894	0.7868
1871	1486	0.4829	0.5865	0.7861	0.4806	0.5922	0.7894
1872	1486	0.4851	0.5887	0.7878	0.4823	0.5920	0.7931
1873	1486	0.4873	0.5908	0.7891	0.4824	0.5935	0.7961
1874	1485	0.4891	0.5928	0.7907	0.4854	0.5971	0.7964
1875	1485	0.4911	0.5944	0.7921	0.4888	0.5964	0.8027
1876	1483	0.4934	0.5960	0.7930	0.4925	0.5928	0.8122
1877	1482	0.4955	0.5974	0.7933	0.5039	0.6027	0.8009
1878	1482	0.4974	0.5993	0.7932	0.4971	0.6020	0.8014
1879	1479	0.4990	0.6012	0.7934	0.5004	0.6056	0.7989
1880	1478	0.5005	0.6024	0.7934	0.4990	0.6071	0.7998
1881	1478	0.5018	0.6039	0.7934	0.5113	0.6042	0.8013
1882	1478	0.5029	0.6052	0.7930	0.5131	0.6018	0.8032
1883	1478	0.5041	0.6060	0.7927	0.5122	0.6053	0.7987
1884	1477	0.5051	0.6067	0.7921	0.5103	0.6004	0.7970
1885	1476	0.5061	0.6077	0.7914	0.5159	0.6041	0.7925
1886	1476	0.5071	0.6084	0.7909	0.5143	0.6074	0.7986
1887	1475	0.5080	0.6091	0.7903	0.5178	0.6059	0.7955
1888	1474	0.5088	0.6101	0.7896	0.5118	0.6088	0.7853
1889	1474	0.5092	0.6111	0.7885	0.5082	0.6136	0.7825
1890	1473	0.5094	0.6115	0.7878	0.5128	0.6255	0.7781
1891	1473	0.5099	0.6119	0.7869	0.5121	0.6275	0.7820
1892	1473	0.5102	0.6123	0.7860	0.5151	0.6156	0.7793
1893	1473	0.5109	0.6126	0.7850	0.5148	0.6216	0.7797
1894	1473	0.5111	0.6132	0.7841	0.5111	0.6187	0.7736
1895	1473	0.5111	0.6138	0.7831	0.5080	0.6080	0.7790
1896	1473	0.5112	0.6142	0.7826	0.5062	0.6113	0.7745
1897	1473	0.5111	0.6150	0.7820	0.5068	0.6146	0.7754
1898	1472	0.5104	0.6153	0.7820	0.5076	0.6118	0.7831
1899	1471	0.5093	0.6151	0.7818	0.5089	0.6141	0.7820
1900	1470	0.5080	0.6147	0.7819	0.5097	0.6229	0.7852
1901	1468	0.5068	0.6141	0.7826	0.5017	0.6186	0.7849
1902	1468	0.5060	0.6130	0.7832	0.5079	0.6104	0.7843
1903	1468	0.5046	0.6114	0.7842	0.5098	0.6120	0.7778
1904	1468	0.5031	0.6098	0.7854	0.5084	0.6165	0.7756
1905	1468	0.5017	0.6087	0.7867	0.5152	0.6154	0.7761
1906	1467	0.5001	0.6076	0.7882	0.5168	0.6192	0.7786
1907	1465	0.4994	0.6065	0.7902	0.5131	0.6157	0.7782
1908	1465	0.4985	0.6057	0.7920	0.5146	0.6163	0.7865
1909	1464	0.4978	0.6047	0.7941	0.5081	0.6200	0.7815
1910	1464	0.4970	0.6033	0.7959	0.4987	0.6109	0.7916
1911	1463	0.4957	0.6019	0.7978	0.4873	0.6028	0.7950
1912	1463	0.4944	0.6003	0.8000	0.4840	0.5951	0.7976
1913	1460	0.4930	0.5984	0.8016	0.4838	0.5954	0.8024
1914	1458	0.4921	0.5964	0.8029	0.4863	0.5849	0.7988
1915	1457	0.4907	0.5946	0.8046	0.4801	0.5850	0.8034
1916	1456	0.4893	0.5927	0.8065	0.4741	0.5894	0.8099
1917	1455	0.4878	0.5905	0.8084	0.4784	0.5875	0.8127
1918	1455	0.4861	0.5882	0.8107	0.4769	0.5928	0.8185
1919	1454	0.4839	0.5858	0.8128	0.4917	0.5926	0.8225
1920	1453	0.4818	0.5837	0.8148	0.4872	0.5866	0.8253
1921	1450	0.4794	0.5814	0.8167	0.4878	0.5866	0.8259
1922	1449	0.4775	0.5792	0.8192	0.4861	0.5793	0.8208
1923	1448	0.4765	0.5772	0.8215	0.4763	0.5775	0.8309
1924	1447	0.4759	0.5756	0.8236	0.4755	0.5736	0.8357
1925	1447	0.4755	0.5742	0.8259	0.4764	0.5751	0.8252
1926	1446	0.4750	0.5729	0.8281	0.4780	0.5706	0.8180
1927	1445	0.4741	0.5722	0.8308	0.4738	0.5648	0.8272
1928	1445	0.4732	0.5712	0.8335	0.4733	0.5641	0.8246
1929	1444	0.4725	0.5698	0.8360	0.4707	0.5622	0.8238
1930	1444	0.4717	0.5689	0.8389	0.4726	0.5562	0.8339
1931	1442	0.4708	0.5675	0.8418	0.4624	0.5593	0.8312
1932	1441	0.4693	0.5661	0.8448	0.4616	0.5626	0.8279
1933	1438	0.4683	0.5651	0.8475	0.4540	0.5608	0.8341
1934	1436	0.4672	0.5640	0.8502	0.4609	0.5632	0.8422
1935	1436	0.4660	0.5628	0.8531	0.4730	0.5624	0.8495
1936	1436	0.4649	0.5615	0.8555	0.4730	0.5612	0.8486
1937	1436	0.4638	0.5603	0.8577	0.4744	0.5617	0.8539
1938	1435	0.4630	0.5586	0.8603	0.4706	0.5635	0.8571
1939	1435	0.4624	0.5569	0.8632	0.4625	0.5655	0.8662
1940	1434	0.4619	0.5557	0.8659	0.4595	0.5604	0.8725
1941	1432	0.4613	0.5545	0.8690	0.4555	0.5554	0.8721
1942	1430	0.4608	0.5532	0.8722	0.4583	0.5644	0.8859
1943	1429	0.4602	0.5526	0.8751	0.4551	0.5572	0.8903
1944	1429	0.4600	0.5522	0.8782	0.4551	0.5580	0.8971
1945	1429	0.4601	0.5517	0.8813	0.4618	0.5606	0.8940
1946	1428	0.4607	0.5511	0.8844	0.4604	0.5610	0.8914
1947	1428	0.4610	0.5504	0.8875	0.4563	0.5488	0.8943
1948	1427	0.4609	0.5499	0.8902	0.4480	0.5456	0.8914
1949	1427	0.4614	0.5495	0.8934	0.4481	0.5423	0.8911
1950	1427	0.4622	0.5491	0.8964	0.4562	0.5335	0.8886
1951	1426	0.4635	0.5486	0.8993	0.4630	0.5281	0.8910
1952	1424	0.4653	0.5479	0.9016	0.4601	0.5336	0.8951
1953	1423	0.4671	0.5474	0.9037	0.4603	0.5340	0.9014
1954	1423	0.4692	0.5469	0.9058	0.4585	0.5306	0.9035
1955	1421	0.4711	0.5460	0.9075	0.4557	0.5409	0.9079
1956	1421	0.4736	0.5452	0.9091	0.4591	0.5502	0.9076
1957	1420	0.4765	0.5444	0.9101	0.4633	0.5497	0.9063
1958	1420	0.4790	0.5436	0.9114	0.4695	0.5467	0.9116
1959	1420	0.4818	0.5428	0.9127	0.4685	0.5456	0.9196
1960	1420	0.4851	0.5427	0.9141	0.4708	0.5481	0.9174
1961	1420	0.4887	0.5426	0.9158	0.4843	0.5511	0.9281
1962	1420	0.4926	0.5425	0.9173	0.4945	0.5524	0.9288
1963	1420	0.4959	0.5429	0.9190	0.5021	0.5511	0.9281
1964	1420	0.4987	0.5436	0.9205	0.5074	0.5471	0.9252
1965	1420	0.5020	0.5440	0.9219	0.5048	0.5476	0.9258
1966	1419	0.5053	0.5443	0.9233	0.5086	0.5437	0.9246
1967	1419	0.5089	0.5446	0.9252	0.5060	0.5414	0.9283
1968	1417	0.5129	0.5447	0.9269	0.5178	0.5382	0.9288
1969	1417	0.5169	0.5444	0.9287	0.5263	0.5389	0.9235
1970	1416	0.5207	0.5447	0.9306	0.5242	0.5406	0.9244
1971	1416	0.5242	0.5451	0.9327	0.5320	0.5412	0.9247
1972	1414	0.5276	0.5455	0.9343	0.5386	0.5443	0.9308
1973	1413	0.5304	0.5461	0.9359	0.5382	0.5434	0.9339
1974	1413	0.5328	0.5466	0.9373	0.5447	0.5416	0.9281
1975	1413	0.5350	0.5470	0.9389	0.5387	0.5415	0.9294
1976	1412	0.5370	0.5474	0.9404	0.5338	0.5472	0.9287
1977	1408	0.5391	0.5478	0.9417	0.5419	0.5428	0.9315
1978	1406	0.5413	0.5479	0.9426	0.5428	0.5418	0.9349
1979	1406	0.5437	0.5483	0.9434	0.5497	0.5375	0.9510
1980	1406	0.5464	0.5486	0.9435	0.5540	0.5445	0.9520
1981	1406	0.5488	0.5491	0.9439	0.5608	0.5424	0.9525
1982	1406	0.5511	0.5498	0.9443	0.5579	0.5560	0.9521
1983	1406	0.5534	0.5503	0.9454	0.5560	0.5576	0.9643
1984	1406	0.5555	0.5509	0.9471	0.5528	0.5560	0.9603
1985	1406	0.5576	0.5515	0.9488	0.5429	0.5637	0.9576
1986	1406	0.5598	0.5524	0.9500	0.5434	0.5625	0.9638
1987	1406	0.5617	0.5535	0.9515	0.5507	0.5613	0.9674
1988	1406	0.5637	0.5546	0.9531	0.5520	0.5631	0.9671
1989	1406	0.5656	0.5558	0.9546	0.5591	0.5564	0.9582
1990	1406	0.5674	0.5570	0.9560	0.5601	0.5488	0.9461
1991	1404	0.5695	0.5581	0.9575	0.5692	0.5550	0.9456
1992	1403	0.5715	0.5595	0.9584	0.5716	0.5480	0.9318
1993	1402	0.5733	0.5602	0.9591	0.5796	0.5520	0.9367
1994	1401	0.5748	0.5607	0.9600	0.5823	0.5551	0.9355
1995	1401	0.5766	0.5607	0.9606	0.5831	0.5526	0.9519
1996	1401	0.5783	0.5607	0.9606	0.5842	0.5566	0.9654
1997	1400	0.5803	0.5611	0.9606	0.5912	0.5607	0.9731
1998	1400	0.5829	0.5610	0.9604	0.5935	0.5656	0.9649
1999	1400	0.5851	0.5609	0.9600	0.5909	0.5680	0.9648
2000	1400	0.5872	0.5610	0.9595	0.5877	0.5697	0.9692
2001	1400	0.5899	0.5609	0.9589	0.5824	0.5760	0.9662
2002	1400	0.5924	0.5612	0.9585	0.5866	0.5730	0.9688
2003	1400	0.5950	0.5618	0.9584	0.5957	0.5706	0.9720
2004	1400	0.5975	0.5622	0.9585	0.5991	0.5713	0.9723
2005	1400	0.5997	0.5628	0.9590	0.6006	0.5621	0.9692
2006	1400	0.6013	0.5632	0.9593	0.5963	0.5555	0.9746
2007	1400	0.6022	0.5636	0.9598	0.6029	0.5557	0.9689
2008	1400	0.6037	0.5640	0.9594	0.6003	0.5574	0.9637
2009	1399	0.6051	0.5644	0.9587	0.6024	0.5657	0.9601
2010	1398	0.6064	0.5648	0.9574	0.6079	0.5629	0.9535
2011	1397	0.6079	0.5650	0.9566	0.5987	0.5590	0.9534
2012	1394	0.6096	0.5659	0.9559	0.6020	0.5640	0.9533
2013	1393	0.6116	0.5668	0.9547	0.6209	0.5602	0.9531
2014	1393	0.6144	0.5675	0.9537	0.6200	0.5637	0.9494
2015	1392	0.6167	0.5685	0.9525	0.6269	0.5654	0.9426
2016	1390	0.6189	0.5697	0.9509	0.6294	0.5655	0.9489
2017	1390	0.6208	0.5710	0.9491	0.6284	0.5612	0.9432
2018	1389	0.6226	0.5730	0.9474	0.6177	0.5634	0.9439
2019	1387	0.6243	0.5753	0.9456	0.6069	0.5633	0.9475
2020	1386	0.6263	0.5771	0.9439	0.6194	0.5628	0.9443
2021	1385	0.6283	0.5787	0.9422	0.6196	0.5683	0.9460
2022	1385	0.6303	0.5801	0.9407	0.6228	0.5692	0.9418
2023	1384	0.6326	0.5813	0.9394	0.6322	0.5720	0.9455
2024	1384	0.6356	0.5827	0.9376	0.6331	0.5887	0.9469
2025	1384	0.6391	0.5843	0.9353	0.6382	0.5936	0.9393
2026	1384	0.6419	0.5860	0.9333	0.6517	0.5929	0.9415
2027	1384	0.6449	0.5878	0.9314	0.6451	0.5984	0.9365
2028	1384	0.6477	0.5898	0.9302	0.6485	0.5993	0.9327
2029	1383	0.6508	0.5919	0.9286	0.6479	0.6056	0.9270
2030	1383	0.6540	0.5940	0.9272	0.6449	0.6117	0.9272
2031	1382	0.6576	0.5958	0.9256	0.6404	0.6124	0.9302
2032	1382	0.6619	0.5976	0.9234	0.6512	0.6021	0.9265
2033	1381	0.6658	0.5993	0.9205	0.6503	0.5956	0.9197
2034	1380	0.6697	0.6008	0.9171	0.6535	0.6009	0.9242
2035	1378	0.6732	0.6021	0.9134	0.6656	0.5921	0.9210
2036	1377	0.6767	0.6033	0.9095	0.6741	0.5954	0.9086
2037	1377	0.6804	0.6039	0.9053	0.6874	0.6024	0.8959
2038	1376	0.6837	0.6042	0.9014	0.6918	0.6042	0.9015
2039	1376	0.6866	0.6043	0.8973	0.6956	0.6081	0.9035
2040	1375	0.6901	0.6041	0.8933	0.6957	0.6163	0.9122
2041	1375	0.6936	0.6040	0.8894	0.7075	0.6182	0.9074
2042	1375	0.6974	0.6038	0.8858	0.7095	0.6128	0.9101
2043	1374	0.7017	0.6035	0.8823	0.7076	0.6092	0.9029
2044	1373	0.7064	0.6032	0.8783	0.7143	0.6068	0.8929
2045	1373	0.7102	0.6033	0.8743	0.7158	0.6072	0.8722
2046	1373	0.7141	0.6037	0.8706	0.7163	0.6046	0.8591
2047	1372	0.7179	0.6032	0.8665	0.7108	0.6029	0.8515
2048	1371	0.7211	0.6031	0.8625	0.7201	0.5997	0.8469
2049	1370	0.7242	0.6028	0.8586	0.7253	0.6050	0.8421
2050	1370	0.7269	0.6025	0.8551	0.7213	0.6013	0.8408
2051	1369	0.7288	0.6021	0.8511	0.7252	0.5952	0.8393
2052	1367	0.7308	0.6016	0.8472	0.7306	0.5936	0.8381
2053	1367	0.7326	0.6008	0.8431	0.7363	0.5952	0.8352
2054	1365	0.7337	0.6000	0.8391	0.7449	0.6012	0.8358
2055	1364	0.7346	0.5997	0.8350	0.7514	0.6050	0.8390
2056	1364	0.7357	0.5996	0.8313	0.7569	0.6039	0.8311
2057	1363	0.7366	0.5997	0.8281	0.7480	0.6063	0.8270
2058	1362	0.7373	0.6000	0.8260	0.7456	0.6036	0.8265
2059	1362	0.7381	0.6005	0.8244	0.7494	0.5904	0.8221
2060	1361	0.7396	0.6012	0.8234	0.7461	0.5877	0.8209
2061	1359	0.7411	0.6021	0.8224	0.7519	0.5893	0.8115
2062	1358	0.7432	0.6024	0.8215	0.7551	0.5954	0.8082
2063	1358	0.7454	0.6031	0.8208	0.7394	0.5945	0.8009
2064	1357	0.7478	0.6044	0.8202	0.7441	0.5943	0.8070
2065	1356	0.7499	0.6054	0.8195	0.7421	0.5959	0.8090
2066	1356	0.7521	0.6065	0.8190	0.7341	0.5987	0.8072
2067	1356	0.7538	0.6073	0.8187	0.7323	0.6057	0.8074
2068	1355	0.7552	0.6075	0.8179	0.7347	0.6068	0.8105
2069	1354	0.7565	0.6082	0.8172	0.7360	0.6089	0.8130
2070	1352	0.7581	0.6087	0.8166	0.7358	0.6143	0.8192
2071	1351	0.7603	0.6096	0.8161	0.7342	0.6179	0.8198
2072	1351	0.7623	0.6109	0.8156	0.7479	0.6194	0.8268
2073	1351	0.7654	0.6124	0.8152	0.7590	0.6237	0.8208
2074	1351	0.7684	0.6140	0.8154	0.7765	0.6110	0.8211
2075	1351	0.7708	0.6153	0.8160	0.7782	0.6203	0.8235
2076	1350	0.7739	0.6165	0.8168	0.7838	0.6261	0.8220
2077	1350	0.7769	0.6178	0.8173	0.7850	0.6198	0.8228
2078	1349	0.7805	0.6190	0.8177	0.7912	0.6216	0.8218
2079	1348	0.7840	0.6200	0.8181	0.7872	0.6221	0.8294
2080	1346	0.7875	0.6210	0.8184	0.7848	0.6101	0.8173
2081	1345	0.7911	0.6221	0.8186	0.7902	0.6203	0.8136
2082	1345	0.7954	0.6233	0.8188	0.7888	0.6195	0.8126
2083	1344	0.7998	0.6243	0.8190	0.7999	0.6253	0.8131
2084	1344	0.8047	0.6251	0.8188	0.7987	0.6236	0.8097
2085	1344	0.8092	0.6260	0.8185	0.8253	0.6259	0.8114
2086	1343	0.8129	0.6269	0.8184	0.8246	0.6300	0.8166
2087	1342	0.8160	0.6282	0.8184	0.8169	0.6268	0.8240
2088	1342	0.8194	0.6293	0.8182	0.8161	0.6255	0.8205
2089	1342	0.8226	0.6303	0.8179	0.8195	0.6264	0.8196
2090	1340	0.8253	0.6316	0.8172	0.8309	0.6252	0.8184
2091	1340	0.8274	0.6326	0.8165	0.8219	0.6241	0.8174
2092	1340	0.8294	0.6336	0.8157	0.8198	0.6293	0.8157
2093	1340	0.8320	0.6348	0.8151	0.8264	0.6345	0.8147
2094	1340	0.8345	0.6356	0.8148	0.8426	0.6401	0.8179
2095	1339	0.8368	0.6365	0.8146	0.8455	0.6380	0.8253
2096	1339	0.8389	0.6372	0.8142	0.8568	0.6380	0.8142
2097	1339	0.8410	0.6382	0.8140	0.8608	0.6432	0.8188
2098	1338	0.8422	0.6394	0.8139	0.8507	0.6472	0.8192
2099	1337	0.8435	0.6407	0.8136	0.8533	0.6435	0.8218
2100	1336	0.8451	0.6416	0.8129	0.8655	0.6457	0.8165
2101	1335	0.8466	0.6429	0.8126	0.8624	0.6532	0.8155
2102	1335	0.8478	0.6443	0.8122	0.8522	0.6509	0.8055
2103	1335	0.8487	0.6458	0.8121	0.8433	0.6475	0.8050
2104	1335	0.8498	0.6469	0.8121	0.8383	0.6453	0.8082
2105	1335	0.8511	0.6479	0.8125	0.8506	0.6420	0.8032
2106	1335	0.8521	0.6490	0.8129	0.8519	0.6395	0.8057
2107	1333	0.8524	0.6497	0.8132	0.8456	0.6420	0.8071
2108	1333	0.8527	0.6504	0.8126	0.8539	0.6435	0.8039
2109	1332	0.8522	0.6505	0.8126	0.8509	0.6476	0.8045
2110	1330	0.8509	0.6504	0.8118	0.8542	0.6567	0.8073
2111	1329	0.8495	0.6500	0.8113	0.8573	0.6606	0.8102
2112	1329	0.8474	0.6500	0.8106	0.8572	0.6510	0.8075
2113	1329	0.8444	0.6494	0.8100	0.8539	0.6576	0.8121
2114	1327	0.8412	0.6483	0.8098	0.8503	0.6621	0.8105
2115	1327	0.8381	0.6479	0.8099	0.8514	0.6608	0.8147
2116	1327	0.8350	0.6477	0.8103	0.8510	0.6526	0.8182
2117	1326	0.8325	0.6474	0.8104	0.8525	0.6553	0.8240
2118	1325	0.8293	0.6473	0.8108	0.8495	0.6602	0.8264
2119	1325	0.8262	0.6470	0.8113	0.8507	0.6593	0.8246
2120	1324	0.8236	0.6468	0.8119	0.8543	0.6540	0.8113
2121	1324	0.8202	0.6466	0.8125	0.8434	0.6412	0.8128
2122	1322	0.8172	0.6462	0.8131	0.8284	0.6402	0.7986
2123	1321	0.8125	0.6455	0.8137	0.8151	0.6379	0.8063
2124	1321	0.8077	0.6449	0.8142	0.8007	0.6436	0.8050
2125	1321	0.8026	0.6449	0.8148	0.7912	0.6303	0.8025
2126	1321	0.7983	0.6445	0.8153	0.7829	0.6258	0.8088
2127	1320	0.7948	0.6440	0.8161	0.7750	0.6415	0.8097
2128	1319	0.7907	0.6435	0.8165	0.7657	0.6417	0.8135
2129	1317	0.7865	0.6433	0.8170	0.7742	0.6371	0.8112
2130	1315	0.7822	0.6430	0.8174	0.7716	0.6394	0.8146
2131	1315	0.7779	0.6427	0.8176	0.7748	0.6342	0.8182
2132	1314	0.7732	0.6422	0.8180	0.7808	0.6355	0.8217
2133	1313	0.7681	0.6421	0.8191	0.7679	0.6378	0.8190
2134	1312	0.7631	0.6425	0.8203	0.7750	0.6391	0.8186
2135	1312	0.7595	0.6431	0.8221	0.7386	0.6400	0.8234
2136	1312	0.7562	0.6434	0.8234	0.7364	0.6447	0.8222
2137	1311	0.7536	0.6436	0.8247	0.7300	0.6504	0.8215
2138	1310	0.7513	0.6444	0.8263	0.7458	0.6470	0.8257
2139	1310	0.7494	0.6455	0.8275	0.7639	0.6502	0.8291
2140	1309	0.7478	0.6462	0.8287	0.7479	0.6499	0.8263
2141	1308	0.7464	0.6472	0.8300	0.7451	0.6476	0.8302
2142	1307	0.7446	0.6486	0.8313	0.7454	0.6456	0.8326
2143	1306	0.7428	0.6502	0.8329	0.7419	0.6530	0.8336
2144	1306	0.7407	0.6520	0.8344	0.7331	0.6483	0.8348
2145	1305	0.7386	0.6537	0.8357	0.7282	0.6500	0.8365
2146	1305	0.7365	0.6552	0.8372	0.7181	0.6525	0.8436
2147	1303	0.7343	0.6568	0.8391	0.7372	0.6534	0.8432
2148	1302	0.7336	0.6584	0.8411	0.7342	0.6460	0.8404
2149	1302	0.7324	0.6598	0.8430	0.7353	0.6493	0.8373
2150	1301	0.7314	0.6612	0.8451	0.7328	0.6492	0.8414
2151	1301	0.7302	0.6626	0.8469	0.7369	0.6538	0.8388
2152	1301	0.7287	0.6636	0.8486	0.7353	0.6590	0.8411
2153	1301	0.7278	0.6648	0.8501	0.7294	0.6676	0.8437
2154	1298	0.7271	0.6663	0.8513	0.7287	0.6720	0.8458
2155	1298	0.7262	0.6678	0.8521	0.7262	0.6801	0.8533
2156	1298	0.7255	0.6691	0.8530	0.7225	0.6780	0.8558
2157	1297	0.7250	0.6707	0.8540	0.7286	0.6787	0.8544
2158	1296	0.7246	0.6722	0.8549	0.7171	0.6736	0.8575
2159	1295	0.7247	0.6737	0.8555	0.7194	0.6798	0.8651
2160	1293	0.7239	0.6754	0.8560	0.7197	0.6816	0.8732
2161	1293	0.7233	0.6777	0.8564	0.7069	0.6792	0.8709
2162	1292	0.7227	0.6798	0.8569	0.7063	0.6850	0.8731
2163	1291	0.7224	0.6819	0.8571	0.7137	0.6807	0.8719
2164	1291	0.7218	0.6839	0.8572	0.7271	0.6766	0.8718
2165	1291	0.7216	0.6857	0.8571	0.7247	0.6801	0.8638
2166	1291	0.7219	0.6869	0.8571	0.7280	0.6833	0.8601
2167	1291	0.7215	0.6881	0.8570	0.7240	0.6845	0.8528
2168	1289	0.7213	0.6889	0.8564	0.7238	0.6860	0.8559
2169	1289	0.7210	0.6895	0.8556	0.7206	0.6869	0.8579
2170	1288	0.7192	0.6903	0.8548	0.7175	0.6894	0.8592
2171	1288	0.7180	0.6910	0.8539	0.7205	0.6900	0.8596
2172	1287	0.7164	0.6917	0.8528	0.7184	0.6943	0.8547
2173	1287	0.7152	0.6930	0.8516	0.7185	0.7031	0.8512
2174	1287	0.7143	0.6940	0.8509	0.7210	0.7018	0.8491
2175	1287	0.7134	0.6947	0.8505	0.7256	0.7022	0.8465
2176	1286	0.7114	0.6959	0.8505	0.7202	0.7049	0.8408
2177	1285	0.7086	0.6973	0.8508	0.7319	0.7035	0.8400
2178	1284	0.7058	0.6984	0.8517	0.7372	0.6976	0.8425
2179	1284	0.7029	0.6994	0.8531	0.7185	0.7017	0.8435
2180	1284	0.7003	0.7005	0.8551	0.7208	0.7008	0.8400
2181	1283	0.6977	0.7014	0.8570	0.7139	0.6918	0.8351
2182	1282	0.6948	0.7021	0.8589	0.6855	0.6990	0.8326
2183	1281	0.6919	0.7028	0.8610	0.6862	0.6919	0.8368
2184	1279	0.6888	0.7035	0.8631	0.6804	0.6971	0.8365
2185	1278	0.6852	0.7040	0.8654	0.6890	0.7125	0.8449
2186	1278	0.6817	0.7044	0.8681	0.6840	0.7044	0.8516
2187	1278	0.6776	0.7047	0.8713	0.6839	0.7029	0.8639
2188	1278	0.6733	0.7052	0.8746	0.6645	0.7119	0.8714
2189	1277	0.6691	0.7057	0.8786	0.6556	0.7108	0.8787
2190	1277	0.6643	0.7062	0.8826	0.6554	0.7071	0.8875
2191	1276	0.6593	0.7066	0.8862	0.6553	0.7098	0.8949
2192	1275	0.6547	0.7067	0.8897	0.6595	0.7121	0.9033
2193	1273	0.6497	0.7066	0.8930	0.6583	0.7065	0.9022
2194	1272	0.6450	0.7072	0.8963	0.6489	0.7053	0.9055
2195	1272	0.6412	0.7075	0.9001	0.6437	0.7077	0.9117
2196	1269	0.6379	0.7084	0.9035	0.6428	0.7075	0.9124
2197	1269	0.6343	0.7089	0.9072	0.6289	0.7057	0.9128
2198	1268	0.6301	0.7088	0.9106	0.6324	0.7139	0.9194
2199	1268	0.6265	0.7091	0.9138	0.6183	0.7093	0.9277
2200	1266	0.6229	0.7093	0.9164	0.6176	0.7154	0.9283
2201	1266	0.6199	0.7092	0.9185	0.6141	0.7153	0.9427
2202	1265	0.6167	0.7095	0.9203	0.6128	0.7166	0.9379
2203	1265	0.6134	0.7098	0.9217	0.6110	0.7074	0.9344
2204	1265	0.6098	0.7097	0.9228	0.6044	0.7037	0.9309
2205	1264	0.6061	0.7096	0.9239	0.5963	0.6995	0.9229
2206	1264	0.6024	0.7096	0.9249	0.5957	0.7059	0.9168
2207	1263	0.5994	0.7099	0.9262	0.5906	0.7073	0.9262
2208	1263	0.5967	0.7106	0.9275	0.6029	0.7140	0.9231
2209	1263	0.5939	0.7113	0.9288	0.5907	0.7112	0.9296
2210	1262	0.5918	0.7122	0.9304	0.5853	0.7080	0.9285
2211	1262	0.5894	0.7125	0.9320	0.5935	0.7119	0.9328
2212	1262	0.5877	0.7128	0.9335	0.5944	0.7087	0.9281
2213	1262	0.5860	0.7125	0.9350	0.5881	0.7101	0.9253
2214	1261	0.5843	0.7124	0.9366	0.5758	0.7172	0.9219
2215	1261	0.5821	0.7119	0.9384	0.5725	0.7146	0.9234
2216	1261	0.5801	0.7119	0.9406	0.5658	0.7086	0.9226
2217	1261	0.5784	0.7118	0.9430	0.5678	0.7086	0.9305
2218	1260	0.5772	0.7121	0.9455	0.5662	0.7065	0.9279
2219	1259	0.5760	0.7122	0.9484	0.5727	0.7126	0.9364
2220	1259	0.5753	0.7120	0.9509	0.5774	0.7251	0.9455
2221	1259	0.5743	0.7118	0.9536	0.5714	0.7262	0.9434
2222	1259	0.5735	0.7113	0.9559	0.5763	0.7285	0.9543
2223	1257	0.5728	0.7105	0.9578	0.5743	0.7212	0.9580
2224	1257	0.5724	0.7095	0.9590	0.5744	0.7149	0.9656
2225	1257	0.5720	0.7085	0.9601	0.5749	0.7102	0.9664
2226	1256	0.5719	0.7073	0.9609	0.5729	0.7126	0.9817
2227	1255	0.5726	0.7057	0.9618	0.5575	0.7036	0.9842
2228	1253	0.5738	0.7043	0.9625	0.5600	0.7070	0.9901
2229	1253	0.5758	0.7032	0.9633	0.5634	0.7021	0.9892
2230	1253	0.5772	0.7021	0.9635	0.5648	0.7066	0.9867
2231	1251	0.5790	0.7009	0.9639	0.5674	0.7077	0.9897
2232	1250	0.5806	0.6999	0.9639	0.5730	0.7029	0.9866
2233	1249	0.5821	0.6981	0.9636	0.5780	0.7093	0.9923
2234	1249	0.5843	0.6967	0.9634	0.5698	0.6976	0.9855
2235	1249	0.5865	0.6957	0.9625	0.5689	0.6877	0.9770
2236	1249	0.5889	0.6949	0.9615	0.5821	0.6880	0.9619
2237	1247	0.5911	0.6940	0.9602	0.5854	0.6824	0.9563
2238	1247	0.5935	0.6937	0.9588	0.5849	0.6810	0.9451
2239	1246	0.5965	0.6933	0.9566	0.5945	0.6776	0.9447
2240	1244	0.6003	0.6937	0.9543	0.6014	0.6794	0.9416
2241	1243	0.6044	0.6943	0.9517	0.6154	0.6805	0.9417
2242	1241	0.6085	0.6951	0.9491	0.6035	0.6804	0.9351
2243	1240	0.6128	0.6960	0.9468	0.6107	0.6786	0.9393
2244	1240	0.6170	0.6968	0.9444	0.6124	0.6862	0.9361
2245	1239	0.6210	0.6977	0.9419	0.6159	0.6815	0.9375
2246	1238	0.6248	0.6986	0.9391	0.6262	0.6908	0.9383
2247	1238	0.6290	0.7001	0.9360	0.6314	0.7017	0.9322
2248	1235	0.6332	0.7023	0.9332	0.6328	0.7012	0.9335
2249	1235	0.6369	0.7043	0.9307	0.6312	0.6948	0.9320
2250	1235	0.6411	0.7068	0.9287	0.6348	0.7003	0.9322
2251	1234	0.6454	0.7093	0.9271	0.6476	0.7046	0.9266
2252	1233	0.6495	0.7117	0.9257	0.6519	0.7120	0.9264
2253	1233	0.6533	0.7141	0.9246	0.6637	0.7216	0.9238
2254	1233	0.6566	0.7169	0.9236	0.6644	0.7242	0.9258
2255	1233	0.6603	0.7198	0.9228	0.6733	0.7282	0.9287
2256	1233	0.6641	0.7225	0.9219	0.6715	0.7270	0.9302
2257	1233	0.6679	0.7253	0.9208	0.6728	0.7261	0.9248
2258	1233	0.6717	0.7280	0.9194	0.6740	0.7310	0.9207
2259	1233	0.6751	0.7304	0.9185	0.6731	0.7360	0.9094
2260	1232	0.6781	0.7323	0.9176	0.6748	0.7423	0.9049
2261	1232	0.6810	0.7342	0.9165	0.6749	0.7379	0.9010
2262	1232	0.6840	0.7364	0.9151	0.6913	0.7448	0.9046
2263	1231	0.6867	0.7382	0.9136	0.6916	0.7436	0.9072
2264	1230	0.6890	0.7400	0.9120	0.6975	0.7374	0.9078
2265	1230	0.6912	0.7415	0.9102	0.6960	0.7406	0.9150
2266	1229	0.6932	0.7429	0.9086	0.6973	0.7503	0.9176
2267	1227	0.6952	0.7442	0.9073	0.6974	0.7519	0.9148
2268	1226	0.6965	0.7455	0.9057	0.7041	0.7458	0.9166
2269	1225	0.6978	0.7469	0.9039	0.7089	0.7577	0.9091
2270	1225	0.6987	0.7483	0.9023	0.7088	0.7485	0.9029
2271	1225	0.6994	0.7493	0.9008	0.7129	0.7496	0.9143
2272	1224	0.7002	0.7503	0.9001	0.7065	0.7493	0.9110
2273	1224	0.7007	0.7508	0.8996	0.7056	0.7484	0.9056
2274	1224	0.7011	0.7517	0.8994	0.7048	0.7500	0.8972
2275	1224	0.7006	0.7522	0.8990	0.7038	0.7468	0.8944
2276	1224	0.7004	0.7527	0.8989	0.7036	0.7499	0.8858
2277	1224	0.6999	0.7534	0.8986	0.7078	0.7496	0.8818
2278	1223	0.6994	0.7543	0.8981	0.7126	0.7549	0.8847
2279	1222	0.6981	0.7547	0.8973	0.7138	0.7572	0.8933
2280	1222	0.6969	0.7556	0.8969	0.7069	0.7607	0.8868
2281	1222	0.6950	0.7570	0.8962	0.7031	0.7624	0.8860
2282	1222	0.6929	0.7577	0.8964	0.6955	0.7608	0.8848
2283	1221	0.6911	0.7589	0.8965	0.6923	0.7549	0.8842
2284	1218	0.6890	0.7598	0.8960	0.6917	0.7614	0.8920
2285	1217	0.6868	0.7600	0.8963	0.6888	0.7547	0.8928
2286	1214	0.6846	0.7604	0.8964	0.6834	0.7613	0.8954
2287	1214	0.6825	0.7609	0.8967	0.6808	0.7571	0.8950
2288	1214	0.6803	0.7612	0.8970	0.6856	0.7566	0.9026
2289	1214	0.6777	0.7615	0.8974	0.6859	0.7543	0.9018
2290	1213	0.6750	0.7613	0.8983	0.6836	0.7627	0.9032
2291	1213	0.6716	0.7606	0.8991	0.6640	0.7601	0.8967
2292	1213	0.6687	0.7597	0.8997	0.6668	0.7746	0.9039
2293	1213	0.6656	0.7589	0.9010	0.6577	0.7819	0.9009
2294	1212	0.6629	0.7579	0.9027	0.6549	0.7735	0.9129
2295	1210	0.6603	0.7569	0.9044	0.6656	0.7800	0.9051
2296	1210	0.6573	0.7560	0.9061	0.6586	0.7709	0.9036
2297	1209	0.6544	0.7549	0.9078	0.6523	0.7564	0.9168
2298	1209	0.6520	0.7538	0.9095	0.6509	0.7568	0.9087
2299	1209	0.6501	0.7528	0.9112	0.6511	0.7639	0.9051
2300	1209	0.6474	0.7517	0.9130	0.6498	0.7535	0.9005
2301	1208	0.6451	0.7506	0.9145	0.6388	0.7561	0.8969
2302	1208	0.6422	0.7496	0.9163	0.6394	0.7460	0.9045
2303	1208	0.6395	0.7483	0.9177	0.6283	0.7379	0.9055
2304	1206	0.6377	0.7467	0.9193	0.6409	0.7345	0.9081
2305	1203	0.6355	0.7443	0.9206	0.6294	0.7396	0.9179
2306	1203	0.6335	0.7417	0.9216	0.6352	0.7379	0.9290
2307	1202	0.6311	0.7389	0.9227	0.6309	0.7347	0.9275
2308	1202	0.6280	0.7359	0.9243	0.6187	0.7346	0.9267
2309	1199	0.6249	0.7330	0.9254	0.6178	0.7329	0.9331
2310	1198	0.6221	0.7306	0.9263	0.6301	0.7280	0.9371
2311	1198	0.6193	0.7285	0.9275	0.6342	0.7349	0.9383
2312	1198	0.6165	0.7262	0.9290	0.6138	0.7298	0.9401
2313	1198	0.6138	0.7246	0.9306	0.6290	0.7301	0.9393
2314	1198	0.6119	0.7230	0.9323	0.6126	0.7280	0.9458
2315	1198	0.6096	0.7219	0.9340	0.6170	0.7313	0.9402
2316	1198	0.6074	0.7212	0.9355	0.6184	0.7193	0.9342
2317	1198	0.6045	0.7205	0.9364	0.6112	0.7148	0.9373
2318	1198	0.6019	0.7195	0.9370	0.6097	0.7173	0.9271
2319	1197	0.5988	0.7186	0.9372	0.5930	0.7022	0.9403
2320	1195	0.5959	0.7179	0.9377	0.5887	0.7060	0.9451
2321	1195	0.5935	0.7174	0.9380	0.5814	0.6987	0.9296
2322	1195	0.5922	0.7169	0.9380	0.5819	0.6967	0.9389
2323	1195	0.5905	0.7167	0.9378	0.5813	0.7045	0.9388
2324	1195	0.5884	0.7160	0.9373	0.5811	0.7069	0.9440
2325	1195	0.5872	0.7157	0.9365	0.5811	0.7129	0.9393
2326	1194	0.5854	0.7150	0.9356	0.5916	0.7164	0.9412
2327	1193	0.5839	0.7144	0.9341	0.5819	0.7185	0.9456
2328	1192	0.5821	0.7134	0.9328	0.5749	0.7184	0.9435
2329	1192	0.5804	0.7132	0.9316	0.5666	0.7187	0.9290
2330	1192	0.5787	0.7129	0.9298	0.5647	0.7146	0.9352
2331	1191	0.5770	0.7118	0.9283	0.5584	0.7157	0.9339
2332	1191	0.5754	0.7115	0.9259	0.5575	0.7176	0.9388
2333	1191	0.5736	0.7109	0.9234	0.5589	0.7202	0.9341
2334	1191	0.5719	0.7110	0.9215	0.5862	0.7218	0.9337
2335	1191	0.5703	0.7117	0.9186	0.5874	0.7223	0.9307
2336	1190	0.5687	0.7119	0.9160	0.5818	0.7180	0.9275
2337	1187	0.5671	0.7121	0.9135	0.5841	0.7212	0.9190
2338	1186	0.5650	0.7121	0.9109	0.5834	0.7124	0.9163
2339	1186	0.5625	0.7115	0.9083	0.5759	0.7131	0.9101
2340	1185	0.5603	0.7111	0.9059	0.5722	0.7080	0.9067
2341	1184	0.5581	0.7104	0.9038	0.5751	0.7130	0.9035
2342	1183	0.5562	0.7100	0.9018	0.5684	0.7064	0.8931
2343	1183	0.5544	0.7095	0.8993	0.5672	0.6922	0.8884
2344	1182	0.5520	0.7093	0.8967	0.5535	0.6931	0.8819
2345	1182	0.5500	0.7091	0.8937	0.5446	0.6925	0.8816
2346	1182	0.5483	0.7082	0.8910	0.5383	0.6996	0.8820
2347	1182	0.5458	0.7075	0.8878	0.5412	0.7141	0.8662
2348	1182	0.5430	0.7066	0.8845	0.5403	0.7098	0.8752
2349	1182	0.5403	0.7055	0.8813	0.5414	0.7116	0.8795
2350	1182	0.5378	0.7043	0.8785	0.5306	0.7138	0.8757
2351	1181	0.5345	0.7034	0.8761	0.5283	0.7021	0.8769
2352	1180	0.5317	0.7029	0.8742	0.5255	0.7067	0.8847
2353	1179	0.5290	0.7028	0.8727	0.5197	0.7027	0.8898
2354	1179	0.5261	0.7029	0.8714	0.5194	0.7071	0.8806
2355	1179	0.5233	0.7033	0.8704	0.5204	0.7034	0.8723
2356	1177	0.5208	0.7042	0.8696	0.4995	0.7108	0.8688
2357	1175	0.5191	0.7055	0.8690	0.5078	0.7108	0.8635
2358	1173	0.5183	0.7067	0.8682	0.5151	0.6994	0.8659
2359	1173	0.5177	0.7076	0.8672	0.5232	0.7024	0.8544
2360	1173	0.5169	0.7085	0.8665	0.5176	0.6998	0.8477
2361	1173	0.5167	0.7096	0.8652	0.5137	0.6913	0.8482
2362	1172	0.5162	0.7110	0.8639	0.5225	0.6919	0.8493
2363	1172	0.5160	0.7125	0.8627	0.5009	0.6899	0.8569
2364	1172	0.5158	0.7141	0.8615	0.5062	0.7001	0.8626
2365	1169	0.5163	0.7154	0.8606	0.5055	0.7068	0.8677
2366	1169	0.5172	0.7171	0.8594	0.5026	0.7147	0.8711
2367	1169	0.5182	0.7187	0.8589	0.4965	0.7166	0.8685
2368	1169	0.5189	0.7202	0.8585	0.5066	0.7145	0.8695
2369	1168	0.5209	0.7216	0.8584	0.5104	0.7263	0.8654
2370	1168	0.5223	0.7228	0.8589	0.5249	0.7213	0.8613
2371	1167	0.5237	0.7246	0.8595	0.5225	0.7221	0.8579
2372	1167	0.5239	0.7262	0.8601	0.5215	0.7378	0.8482
2373	1167	0.5249	0.7283	0.8611	0.5346	0.7365	0.8444
2374	1167	0.5262	0.7305	0.8620	0.5285	0.7464	0.8448
2375	1166	0.5271	0.7326	0.8631	0.5258	0.7523	0.8462
2376	1165	0.5287	0.7346	0.8639	0.5251	0.7403	0.8483
2377	1165	0.5304	0.7364	0.8644	0.5364	0.7406	0.8610
2378	1164	0.5326	0.7379	0.8649	0.5443	0.7446	0.8609
2379	1163	0.5351	0.7391	0.8656	0.5443	0.7461	0.8668
2380	1163	0.5381	0.7402	0.8665	0.5379	0.7426	0.8640
2381	1163	0.5408	0.7414	0.8679	0.5472	0.7456	0.8662
2382	1162	0.5435	0.7421	0.8695	0.5451	0.7409	0.8747
2383	1160	0.5458	0.7427	0.8712	0.5482	0.7425	0.8809
2384	1160	0.5485	0.7432	0.8727	0.5297	0.7439	0.8701
2385	1157	0.5512	0.7431	0.8745	0.5429	0.7507	0.8713
2386	1156	0.5534	0.7432	0.8762	0.5464	0.7484	0.8706
2387	1156	0.5560	0.7427	0.8780	0.5429	0.7422	0.8783
2388	1156	0.5589	0.7421	0.8801	0.5410	0.7423	0.8762
2389	1156	0.5621	0.7418	0.8824	0.5497	0.7435	0.8745
2390	1156	0.5650	0.7413	0.8838	0.5600	0.7437	0.8824
2391	1155	0.5678	0.7409	0.8851	0.5657	0.7462	0.8865
2392	1155	0.5707	0.7411	0.8863	0.5712	0.7437	0.8925
2393	1155	0.5733	0.7413	0.8879	0.5740	0.7440	0.9043
2394	1155	0.5756	0.7414	0.8894	0.5768	0.7447	0.9059
2395	1154	0.5781	0.7416	0.8907	0.5831	0.7361	0.9042
2396	1154	0.5802	0.7419	0.8918	0.5904	0.7354	0.8945
2397	1153	0.5828	0.7419	0.8936	0.5879	0.7343	0.8928
2398	1153	0.5847	0.7418	0.8956	0.5897	0.7380	0.8866
2399	1152	0.5865	0.7418	0.8977	0.5938	0.7358	0.8908
2400	1151	0.5883	0.7418	0.8996	0.5981	0.7365	0.8990
2401	1151	0.5903	0.7419	0.9015	0.6065	0.7328	0.9040
2402	1151	0.5920	0.7418	0.9032	0.6075	0.7286	0.8975
2403	1151	0.5933	0.7414	0.9046	0.6143	0.7340	0.8930
2404	1151	0.5945	0.7420	0.9062	0.6168	0.7505	0.8968
2405	1151	0.5957	0.7426	0.9076	0.6033	0.7486	0.9045
2406	1150	0.5961	0.7432	0.9088	0.6045	0.7469	0.9027
2407	1150	0.5960	0.7432	0.9102	0.6075	0.7468	0.9073
2408	1150	0.5958	0.7433	0.9119	0.6015	0.7488	0.9092
2409	1150	0.5956	0.7441	0.9141	0.5952	0.7459	0.9151
2410	1147	0.5953	0.7443	0.9162	0.5892	0.7481	0.9202
2411	1146	0.5945	0.7442	0.9190	0.5913	0.7486	0.9229
2412	1146	0.5943	0.7436	0.9217	0.5879	0.7415	0.9259
2413	1146	0.5940	0.7428	0.9241	0.5919	0.7452	0.9243
2414	1146	0.5930	0.7424	0.9263	0.5930	0.7406	0.9181
2415	1146	0.5918	0.7420	0.9283	0.5912	0.7330	0.9155
2416	1146	0.5903	0.7417	0.9305	0.5966	0.7617	0.9270
2417	1145	0.5889	0.7406	0.9324	0.6008	0.7592	0.9267
2418	1145	0.5882	0.7395	0.9342	0.5830	0.7590	0.9352
2419	1145	0.5880	0.7384	0.9359	0.5759	0.7430	0.9410
2420	1144	0.5878	0.7375	0.9375	0.5772	0.7406	0.9480
2421	1143	0.5880	0.7363	0.9389	0.5849	0.7536	0.9484
2422	1143	0.5886	0.7353	0.9403	0.5797	0.7392	0.9452
2423	1143	0.5891	0.7340	0.9416	0.5720	0.7355	0.9568
2424	1143	0.5897	0.7328	0.9426	0.5879	0.7219	0.9577
2425	1143	0.5905	0.7322	0.9432	0.5891	0.7170	0.9596
2426	1143	0.5908	0.7316	0.9439	0.5825	0.7216	0.9590
2427	1143	0.5908	0.7311	0.9450	0.5765	0.7182	0.9463
2428	1142	0.5907	0.7313	0.9462	0.5780	0.7275	0.9479
2429	1142	0.5905	0.7305	0.9472	0.5819	0.7238	0.9457
2430	1142	0.5903	0.7297	0.9484	0.5847	0.7201	0.9489
2431	1142	0.5907	0.7292	0.9491	0.6009	0.7196	0.9460
2432	1141	0.5914	0.7296	0.9495	0.6030	0.7238	0.9473
2433	1141	0.5912	0.7305	0.9494	0.6044	0.7196	0.9445
2434	1141	0.5907	0.7310	0.9494	0.6116	0.7206	0.9499
2435	1141	0.5903	0.7311	0.9497	0.6008	0.7162	0.9509
2436	1141	0.5902	0.7318	0.9494	0.6080	0.7180	0.9494
2437	1139	0.5898	0.7328	0.9491	0.6076	0.7268	0.9395
2438	1139	0.5891	0.7338	0.9488	0.5977	0.7287	0.9418
2439	1138	0.5888	0.7349	0.9486	0.5952	0.7300	0.9478
2440	1137	0.5888	0.7361	0.9491	0.5873	0.7364	0.9456
2441	1137	0.5889	0.7373	0.9496	0.5922	0.7436	0.9509
2442	1136	0.5886	0.7379	0.9501	0.5949	0.7380	0.9576
2443	1134	0.5883	0.7384	0.9499	0.5944	0.7467	0.9508
2444	1133	0.5873	0.7388	0.9497	0.5935	0.7532	0.9516
2445	1132	0.5861	0.7389	0.9499	0.5724	0.7626	0.9464
2446	1131	0.5850	0.7397	0.9500	0.5718	0.7651	0.9477
2447	1129	0.5840	0.7405	0.9501	0.5696	0.7439	0.9516
2448	1128	0.5837	0.7413	0.9499	0.5704	0.7525	0.9496
2449	1127	0.5836	0.7420	0.9497	0.5766	0.7454	0.9501
2450	1127	0.5838	0.7424	0.9500	0.5728	0.7437	0.9530
2451	1127	0.5843	0.7430	0.9503	0.5742	0.7489	0.9544
2452	1126	0.5849	0.7433	0.9504	0.5751	0.7470	0.9586
2453	1124	0.5859	0.7434	0.9503	0.5805	0.7584	0.9614
2454	1124	0.5867	0.7418	0.9496	0.5758	0.7386	0.9566
2455	1124	0.5877	0.7404	0.9485	0.5771	0.7331	0.9439
2456	1122	0.5886	0.7386	0.9474	0.5759	0.7289	0.9411
2457	1122	0.5903	0.7368	0.9460	0.5723	0.7270	0.9519
2458	1121	0.5926	0.7349	0.9449	0.5765	0.7400	0.9473
2459	1121	0.5950	0.7325	0.9438	0.5873	0.7408	0.9524
2460	1121	0.5975	0.7308	0.9425	0.5932	0.7342	0.9464
2461	1119	0.6000	0.7288	0.9414	0.6068	0.7361	0.9434
2462	1118	0.6019	0.7270	0.9402	0.6112	0.7369	0.9471
2463	1116	0.6039	0.7250	0.9389	0.6112	0.7434	0.9496
2464	1115	0.6063	0.7234	0.9377	0.6086	0.7371	0.9497
2465	1115	0.6091	0.7217	0.9366	0.6123	0.7390	0.9442
2466	1114	0.6115	0.7194	0.9354	0.6124	0.7038	0.9338
2467	1113	0.6138	0.7178	0.9346	0.6199	0.7036	0.9302
2468	1113	0.6159	0.7164	0.9343	0.6171	0.7024	0.9236
2469	1112	0.6175	0.7150	0.9342	0.6365	0.7080	0.9159
2470	1111	0.6194	0.7141	0.9335	0.6308	0.7137	0.9198
2471	1111	0.6212	0.7127	0.9330	0.6313	0.7069	0.9188
2472	1111	0.6225	0.7113	0.9325	0.6324	0.7012	0.9200
2473	1111	0.6234	0.7105	0.9323	0.6313	0.7011	0.9208
2474	1109	0.6239	0.7101	0.9324	0.6260	0.7010	0.9217
2475	1108	0.6241	0.7095	0.9326	0.6228	0.6947	0.9206
2476	1107	0.6243	0.7086	0.9331	0.6345	0.7073	0.9244
2477	1106	0.6250	0.7076	0.9336	0.6429	0.7041	0.9293
2478	1106	0.6255	0.7063	0.9343	0.6410	0.7031	0.9312
2479	1104	0.6258	0.7059	0.9355	0.6337	0.6977	0.9373
2480	1104	0.6258	0.7056	0.9369	0.6290	0.6984	0.9375
2481	1103	0.6258	0.7049	0.9388	0.6154	0.6925	0.9390
2482	1102	0.6253	0.7036	0.9406	0.6218	0.7050	0.9340
2483	1102	0.6251	0.7019	0.9424	0.6218	0.7051	0.9342
2484	1100	0.6251	0.7005	0.9443	0.6177	0.7057	0.9394
2485	1099	0.6251	0.6997	0.9468	0.6162	0.7142	0.9407
2486	1099	0.6256	0.6987	0.9493	0.6199	0.7256	0.9468
2487	1098	0.6261	0.6979	0.9517	0.6154	0.7232	0.9537
2488	1097	0.6277	0.6971	0.9542	0.6178	0.7196	0.9609
2489	1097	0.6285	0.6959	0.9566	0.6252	0.7141	0.9616
2490	1096	0.6295	0.6946	0.9588	0.6253	0.7048	0.9627
2491	1096	0.6310	0.6927	0.9608	0.6193	0.6950	0.9622
2492	1095	0.6332	0.6914	0.9629	0.6190	0.6958	0.9671
2493	1095	0.6356	0.6905	0.9652	0.6187	0.6843	0.9707
2494	1095	0.6384	0.6896	0.9678	0.6224	0.6753	0.9597
2495	1095	0.6410	0.6884	0.9706	0.6263	0.6712	0.9644
2496	1094	0.6437	0.6866	0.9739	0.6319	0.6729	0.9686
2497	1094	0.6465	0.6847	0.9767	0.6325	0.6805	0.9820
2498	1094	0.6493	0.6828	0.9795	0.6421	0.6762	0.9815
2499	1094	0.6517	0.6806	0.9821	0.6402	0.6806	0.9829
2500	1093	0.6544	0.6789	0.9842	0.6611	0.6752	0.9833
2501	1093	0.6571	0.6770	0.9859	0.6549	0.6782	0.9839
2502	1093	0.6602	0.6758	0.9876	0.6696	0.6721	0.9843
2503	1093	0.6637	0.6751	0.9893	0.6785	0.6539	0.9803
2504	1093	0.6676	0.6750	0.9908	0.6889	0.6666	0.9903
2505	1093	0.6714	0.6749	0.9925	0.6884	0.6739	0.9954
2506	1093	0.6752	0.6756	0.9941	0.6859	0.6701	1.0054
2507	1092	0.6780	0.6766	0.9963	0.6869	0.6747	1.0027
2508	1092	0.6808	0.6776	0.9980	0.6889	0.6604	1.0167
2509	1092	0.6831	0.6782	0.9994	0.6872	0.6581	1.0092
2510	1092	0.6854	0.6788	1.0004	0.6865	0.6685	1.0118
2511	1092	0.6872	0.6795	1.0012	0.6790	0.6708	1.0115
2512	1091	0.6887	0.6799	1.0017	0.6845	0.6798	1.0050
2513	1091	0.6891	0.6807	1.0025	0.6847	0.6725	1.0052
2514	1091	0.6891	0.6809	1.0032	0.7014	0.6838	1.0031
2515	1089	0.6886	0.6816	1.0041	0.7124	0.6882	1.0040
2516	1088	0.6876	0.6825	1.0052	0.7180	0.6926	1.0016
2517	1087	0.6863	0.6831	1.0061	0.7144	0.6928	1.0081
2518	1087	0.6865	0.6834	1.0068	0.7141	0.7014	1.0117
2519	1087	0.6867	0.6846	1.0069	0.6929	0.6992	1.0148
2520	1087	0.6866	0.6854	1.0071	0.6944	0.6962	1.0057
2521	1087	0.6865	0.6868	1.0067	0.6899	0.6886	1.0051
2522	1085	0.6867	0.6884	1.0073	0.6898	0.6967	1.0060
2523	1084	0.6868	0.6896	1.0082	0.6871	0.6921	1.0016
2524	1083	0.6867	0.6903	1.0095	0.6772	0.6902	0.9960
2525	1082	0.6865	0.6907	1.0110	0.6724	0.6955	1.0037
2526	1082	0.6858	0.6917	1.0119	0.6549	0.6845	1.0014
2527	1082	0.6842	0.6924	1.0129	0.6559	0.6879	1.0070
2528	1082	0.6828	0.6928	1.0141	0.6538	0.6767	1.0069
2529	1081	0.6811	0.6927	1.0153	0.6567	0.6836	1.0119
2530	1081	0.6795	0.6928	1.0159	0.6929	0.6808	1.0133
2531	1081	0.6773	0.6929	1.0161	0.6911	0.6994	1.0087
2532	1081	0.6760	0.6933	1.0166	0.6846	0.6948	1.0069
2533	1081	0.6746	0.6938	1.0174	0.6873	0.6951	1.0075
2534	1081	0.6733	0.6943	1.0185	0.6912	0.6975	1.0229
2535	1081	0.6722	0.6946	1.0189	0.6905	0.7004	1.0351
2536	1081	0.6709	0.6948	1.0197	0.6752	0.6878	1.0437
2537	1080	0.6699	0.6952	1.0204	0.6794	0.6894	1.0421
2538	1080	0.6687	0.6954	1.0203	0.6668	0.6963	1.0293
2539	1079	0.6680	0.6962	1.0208	0.6626	0.7015	1.0287
2540	1078	0.6665	0.6967	1.0210	0.6778	0.6993	1.0334
2541	1078	0.6646	0.6981	1.0211	0.6741	0.6896	1.0312
2542	1078	0.6619	0.6989	1.0212	0.6740	0.6958	1.0236
2543	1077	0.6578	0.7000	1.0214	0.6602	0.7029	1.0150
2544	1075	0.6537	0.7003	1.0214	0.6596	0.7090	1.0278
2545	1075	0.6498	0.7010	1.0212	0.6604	0.7088	1.0268
2546	1074	0.6457	0.7022	1.0208	0.6559	0.7021	1.0329
2547	1073	0.6413	0.7036	1.0197	0.6627	0.7033	1.0161
2548	1071	0.6373	0.7050	1.0181	0.6542	0.6989	1.0209
2549	1071	0.6337	0.7069	1.0157	0.6542	0.6980	1.0134
2550	1071	0.6300	0.7088	1.0138	0.6417	0.7020	1.0019
2551	1069	0.6267	0.7105	1.0126	0.6364	0.7031	1.0125
2552	1067	0.6229	0.7117	1.0112	0.6191	0.7027	1.0116
2553	1067	0.6185	0.7126	1.0098	0.6056	0.7116	1.0108
2554	1067	0.6142	0.7138	1.0083	0.5907	0.7027	1.0134
2555	1066	0.6098	0.7151	1.0067	0.5905	0.7069	1.0187
2556	1064	0.6056	0.7160	1.0053	0.5883	0.7078	1.0087
2557	1063	0.6012	0.7168	1.0032	0.5878	0.7123	1.0026
2558	1062	0.5968	0.7181	1.0013	0.5845	0.7247	0.9959
2559	1061	0.5927	0.7195	0.9990	0.5803	0.7337	0.9958
2560	1059	0.5886	0.7206	0.9974	0.5905	0.7344	0.9944
2561	1059	0.5851	0.7222	0.9957	0.5858	0.7356	0.9855
2562	1056	0.5821	0.7245	0.9946	0.5854	0.7376	0.9938
2563	1056	0.5786	0.7264	0.9943	0.5844	0.7372	0.9994
2564	1056	0.5757	0.7284	0.9935	0.5687	0.7324	0.9941
2565	1056	0.5733	0.7308	0.9923	0.5684	0.7216	0.9995
2566	1054	0.5714	0.7331	0.9910	0.5665	0.7208	0.9914
2567	1053	0.5703	0.7357	0.9895	0.5631	0.7280	0.9839
2568	1053	0.5690	0.7385	0.9875	0.5561	0.7249	0.9799
2569	1052	0.5676	0.7408	0.9858	0.5494	0.7302	0.9768
2570	1051	0.5661	0.7424	0.9845	0.5498	0.7397	0.9778
2571	1051	0.5647	0.7436	0.9833	0.5535	0.7379	0.9767
2572	1051	0.5631	0.7446	0.9815	0.5607	0.7309	0.9757
2573	1051	0.5612	0.7452	0.9796	0.5656	0.7375	0.9786
2574	1049	0.5598	0.7456	0.9779	0.5788	0.7554	0.9856
2575	1049	0.5582	0.7457	0.9758	0.5557	0.7506	0.9936
2576	1046	0.5571	0.7457	0.9740	0.5642	0.7541	0.9929
2577	1046	0.5566	0.7457	0.9721	0.5573	0.7628	0.9812
2578	1046	0.5556	0.7463	0.9701	0.5578	0.7681	0.9794
2579	1046	0.5548	0.7472	0.9683	0.5637	0.7675	0.9763
2580	1046	0.5539	0.7475	0.9670	0.5575	0.7757	0.9692
2581	1045	0.5534	0.7476	0.9662	0.5531	0.7654	0.9642
2582	1045	0.5530	0.7474	0.9656	0.5526	0.7537	0.9717
2583	1045	0.5527	0.7468	0.9651	0.5485	0.7530	0.9650
2584	1044	0.5524	0.7464	0.9644	0.5407	0.7605	0.9507
2585	1044	0.5516	0.7461	0.9642	0.5425	0.7475	0.9478
2586	1044	0.5507	0.7456	0.9642	0.5498	0.7460	0.9426
2587	1043	0.5491	0.7444	0.9641	0.5466	0.7417	0.9414
2588	1042	0.5485	0.7432	0.9641	0.5577	0.7366	0.9536
2589	1042	0.5479	0.7418	0.9638	0.5563	0.7334	0.9461
2590	1042	0.5482	0.7407	0.9640	0.5432	0.7353	0.9493
2591	1041	0.5486	0.7389	0.9644	0.5464	0.7446	0.9484
2592	1041	0.5488	0.7369	0.9647	0.5398	0.7344	0.9492
2593	1039	0.5497	0.7346	0.9650	0.5427	0.7267	0.9610
2594	1039	0.5508	0.7327	0.9657	0.5398	0.7251	0.9617
2595	1038	0.5522	0.7315	0.9661	0.5421	0.7264	0.9661
2596	1037	0.5538	0.7298	0.9668	0.5469	0.7281	0.9590
2597	1037	0.5558	0.7280	0.9678	0.5397	0.7220	0.9702
2598	1037	0.5571	0.7265	0.9689	0.5439	0.7260	0.9788
2599	1037	0.5586	0.7250	0.9704	0.5377	0.7234	0.9840
2600	1036	0.5604	0.7233	0.9717	0.5421	0.7208	0.9924
2601	1036	0.5620	0.7223	0.9726	0.5484	0.7212	0.9849
2602	1036	0.5638	0.7220	0.9739	0.5651	0.7331	0.9865
2603	1036	0.5658	0.7223	0.9754	0.5690	0.7245	0.9899
2604	1035	0.5675	0.7219	0.9771	0.5689	0.7173	0.9839
2605	1035	0.5702	0.7223	0.9787	0.5795	0.7176	0.9768
2606	1034	0.5727	0.7231	0.9799	0.5801	0.7188	0.9820
2607	1034	0.5759	0.7238	0.9811	0.5879	0.7224	0.9817
2608	1034	0.5787	0.7243	0.9821	0.5889	0.7127	0.9815
2609	1034	0.5813	0.7252	0.9835	0.5909	0.7147	0.9763
2610	1034	0.5841	0.7265	0.9838	0.5739	0.7088	0.9742
2611	1033	0.5865	0.7277	0.9833	0.5871	0.7089	0.9808
2612	1033	0.5888	0.7286	0.9825	0.5926	0.7004	0.9746
2613	1033	0.5910	0.7297	0.9806	0.5965	0.7106	0.9761
2614	1033	0.5929	0.7308	0.9790	0.6013	0.7257	0.9790
2615	1033	0.5942	0.7313	0.9776	0.5931	0.7423	0.9857
2616	1033	0.5954	0.7318	0.9761	0.5889	0.7366	0.9907
2617	1033	0.5965	0.7329	0.9748	0.6076	0.7425	0.9900
2618	1033	0.5972	0.7334	0.9738	0.6057	0.7472	0.9898
2619	1032	0.5982	0.7340	0.9726	0.6195	0.7427	0.9922
2620	1032	0.5991	0.7349	0.9714	0.6119	0.7388	0.9907
2621	1032	0.5999	0.7360	0.9703	0.6125	0.7518	0.9938
2622	1032	0.6009	0.7367	0.9695	0.6095	0.7532	0.9784
2623	1031	0.6023	0.7380	0.9685	0.6047	0.7571	0.9659
2624	1031	0.6031	0.7398	0.9670	0.5955	0.7452	0.9648
2625	1031	0.6038	0.7420	0.9658	0.5960	0.7492	0.9458
2626	1029	0.6041	0.7437	0.9641	0.5968	0.7467	0.9438
2627	1028	0.6041	0.7449	0.9623	0.5970	0.7460	0.9523
2628	1026	0.6043	0.7460	0.9599	0.5988	0.7386	0.9511
2629	1026	0.6050	0.7473	0.9574	0.5963	0.7436	0.9525
2630	1026	0.6054	0.7485	0.9547	0.5972	0.7309	0.9520
2631	1026	0.6068	0.7498	0.9519	0.6057	0.7330	0.9524
2632	1026	0.6078	0.7515	0.9491	0.6096	0.7441	0.9513
2633	1026	0.6090	0.7538	0.9463	0.6093	0.7407	0.9538
2634	1025	0.6104	0.7555	0.9436	0.6161	0.7328	0.9566
2635	1025	0.6121	0.7574	0.9408	0.6094	0.7411	0.9497
2636	1024	0.6137	0.7589	0.9383	0.6050	0.7527	0.9420
2637	1024	0.6155	0.7611	0.9357	0.6112	0.7561	0.9455
2638	1024	0.6169	0.7633	0.9333	0.6030	0.7535	0.9329
2639	1023	0.6182	0.7660	0.9311	0.6029	0.7562	0.9333
2640	1022	0.6196	0.7683	0.9282	0.5981	0.7705	0.9270
2641	1021	0.6209	0.7711	0.9249	0.6064	0.7670	0.9278
2642	1021	0.6227	0.7736	0.9216	0.6158	0.7730	0.9233
2643	1021	0.6242	0.7765	0.9180	0.6405	0.7803	0.9180
2644	1020	0.6253	0.7791	0.9141	0.6467	0.7861	0.9218
2645	1019	0.6261	0.7816	0.9107	0.6405	0.7951	0.9211
2646	1018	0.6267	0.7842	0.9070	0.6478	0.7941	0.9259
2647	1018	0.6273	0.7868	0.9033	0.6524	0.8005	0.9082
2648	1018	0.6285	0.7894	0.9003	0.6441	0.7950	0.9049
2649	1018	0.6299	0.7913	0.8974	0.6406	0.8018	0.9003
2650	1017	0.6307	0.7932	0.8943	0.6320	0.8020	0.8857
2651	1017	0.6318	0.7949	0.8911	0.6296	0.8148	0.8873
2652	1017	0.6325	0.7965	0.8878	0.6319	0.8032	0.8812
2653	1016	0.6342	0.7970	0.8842	0.6311	0.8087	0.8691
2654	1016	0.6360	0.7980	0.8803	0.6392	0.8068	0.8689
2655	1016	0.6378	0.7988	0.8764	0.6359	0.8032	0.8612
2656	1016	0.6387	0.7993	0.8727	0.6345	0.7972	0.8566
2657	1015	0.6391	0.7992	0.8688	0.6276	0.8084	0.8644
2658	1015	0.6398	0.7987	0.8653	0.6256	0.8048	0.8616
2659	1014	0.6402	0.7981	0.8614	0.6303	0.7992	0.8660
2660	1014	0.6403	0.7973	0.8587	0.6390	0.8038	0.8733
2661	1012	0.6409	0.7965	0.8563	0.6411	0.8009	0.8699
2662	1012	0.6416	0.7955	0.8541	0.6311	0.8038	0.8687
2663	1012	0.6426	0.7944	0.8528	0.6292	0.7963	0.8530
2664	1011	0.6435	0.7927	0.8514	0.6217	0.7964	0.8509
2665	1010	0.6445	0.7922	0.8498	0.6402	0.7838	0.8348
2666	1008	0.6456	0.7922	0.8485	0.6511	0.7905	0.8304
2667	1008	0.6466	0.7922	0.8466	0.6618	0.7943	0.8267
2668	1006	0.6489	0.7925	0.8448	0.6627	0.7908	0.8257
2669	1004	0.6512	0.7929	0.8433	0.6555	0.7852	0.8252
2670	1003	0.6543	0.7926	0.8413	0.6596	0.7833	0.8325
2671	1002	0.6577	0.7926	0.8392	0.6563	0.7771	0.8277
2672	1000	0.6609	0.7931	0.8364	0.6570	0.7813	0.8416
2673	999	0.6641	0.7933	0.8334	0.6570	0.7757	0.8444
2674	999	0.6670	0.7935	0.8306	0.6592	0.7773	0.8449
2675	999	0.6710	0.7940	0.8277	0.6570	0.7744	0.8554
2676	999	0.6751	0.7952	0.8260	0.6515	0.7712	0.8509
2677	999	0.6798	0.7963	0.8242	0.6561	0.7896	0.8412
2678	999	0.6839	0.7975	0.8231	0.6594	0.8090	0.8361
2679	999	0.6869	0.7983	0.8221	0.6653	0.8077	0.8218
2680	999	0.6899	0.7991	0.8218	0.6916	0.8110	0.8161
2681	998	0.6920	0.7998	0.8218	0.6925	0.8068	0.8193
2682	997	0.6944	0.8003	0.8213	0.7068	0.8008	0.8148
2683	997	0.6963	0.8009	0.8204	0.7105	0.8037	0.8081
2684	997	0.6979	0.8019	0.8195	0.7093	0.8122	0.7974
2685	996	0.6993	0.8026	0.8182	0.7181	0.8096	0.7976
2686	996	0.7011	0.8040	0.8167	0.7136	0.8045	0.8005
2687	995	0.7031	0.8052	0.8153	0.7320	0.8182	0.7961
2688	994	0.7054	0.8071	0.8141	0.7329	0.8256	0.8104
2689	993	0.7077	0.8088	0.8135	0.7377	0.8248	0.8065
2690	993	0.7099	0.8102	0.8138	0.7420	0.8131	0.8074
2691	993	0.7123	0.8109	0.8145	0.7282	0.8108	0.8031
2692	993	0.7143	0.8116	0.8162	0.7350	0.8131	0.8192
2693	993	0.7153	0.8122	0.8183	0.7164	0.8084	0.8267
2694	993	0.7161	0.8129	0.8202	0.7149	0.7977	0.8122
2695	993	0.7162	0.8139	0.8226	0.7074	0.7984	0.8100
2696	993	0.7159	0.8150	0.8258	0.6950	0.8026	0.8061
2697	993	0.7155	0.8155	0.8294	0.6925	0.7978	0.8091
2698	993	0.7146	0.8160	0.8332	0.7036	0.8117	0.8077
2699	992	0.7139	0.8174	0.8369	0.7080	0.8079	0.8089
2700	991	0.7128	0.8183	0.8408	0.7136	0.8220	0.8259
2701	991	0.7114	0.8189	0.8449	0.7105	0.8136	0.8344
2702	991	0.7102	0.8188	0.8493	0.7100	0.8234	0.8501
2703	991	0.7082	0.8195	0.8539	0.7201	0.8259	0.8534
2704	991	0.7065	0.8206	0.8586	0.7158	0.8261	0.8640
2705	989	0.7033	0.8211	0.8630	0.7162	0.8265	0.8686
2706	988	0.7016	0.8220	0.8672	0.7130	0.8250	0.8678
2707	988	0.7000	0.8235	0.8722	0.7094	0.8261	0.8750
2708	987	0.6986	0.8249	0.8773	0.7013	0.8300	0.8873
2709	987	0.6979	0.8267	0.8827	0.6997	0.8236	0.8882
2710	987	0.6973	0.8287	0.8875	0.6966	0.8244	0.8916
2711	987	0.6962	0.8300	0.8924	0.6965	0.8390	0.8918
2712	986	0.6949	0.8319	0.8971	0.7026	0.8411	0.8958
2713	986	0.6935	0.8334	0.9010	0.6987	0.8388	0.9124
2714	986	0.6923	0.8356	0.9050	0.7087	0.8229	0.9158
2715	985	0.6916	0.8360	0.9083	0.6916	0.8303	0.9217
2716	985	0.6913	0.8358	0.9120	0.6853	0.8396	0.9225
2717	985	0.6915	0.8350	0.9157	0.6565	0.8247	0.9284
2718	984	0.6904	0.8347	0.9192	0.6722	0.8318	0.9310
2719	983	0.6903	0.8343	0.9220	0.6760	0.8342	0.9371
2720	983	0.6898	0.8334	0.9247	0.6711	0.8343	0.9386
2721	982	0.6897	0.8336	0.9274	0.6783	0.8467	0.9407
2722	982	0.6896	0.8342	0.9303	0.6764	0.8473	0.9294
2723	980	0.6895	0.8344	0.9332	0.6769	0.8455	0.9297
2724	980	0.6897	0.8342	0.9361	0.6762	0.8541	0.9260
2725	979	0.6889	0.8339	0.9387	0.6773	0.8605	0.9236
2726	979	0.6882	0.8334	0.9400	0.6818	0.8684	0.9349
2727	979	0.6871	0.8335	0.9411	0.6918	0.8320	0.9336
2728	979	0.6868	0.8337	0.9417	0.7136	0.8212	0.9453
2729	979	0.6872	0.8336	0.9427	0.7192	0.8068	0.9555
2730	979	0.6883	0.8337	0.9430	0.6892	0.8186	0.9563
2731	979	0.6887	0.8338	0.9430	0.7115	0.8146	0.9374
2732	979	0.6893	0.8338	0.9431	0.6972	0.8052	0.9424
2733	979	0.6898	0.8336	0.9430	0.6974	0.8349	0.9565
2734	978	0.6904	0.8328	0.9429	0.6966	0.8378	0.9599
2735	978	0.6908	0.8327	0.9434	0.6961	0.8294	0.9634
2736	977	0.6909	0.8323	0.9440	0.7001	0.8331	0.9660
2737	976	0.6910	0.8316	0.9452	0.6834	0.8343	0.9601
2738	976	0.6908	0.8304	0.9461	0.6811	0.8272	0.9452
2739	976	0.6903	0.8287	0.9467	0.6816	0.8250	0.9418
2740	976	0.6895	0.8283	0.9471	0.6829	0.8355	0.9381
2741	976	0.6877	0.8282	0.9474	0.6969	0.8365	0.9460
2742	976	0.6864	0.8292	0.9467	0.6817	0.8280	0.9364
2743	975	0.6861	0.8296	0.9459	0.6825	0.8329	0.9322
2744	975	0.6856	0.8313	0.9461	0.6913	0.8339	0.9381
2745	975	0.6856	0.8329	0.9459	0.6854	0.8303	0.9378
2746	975	0.6855	0.8334	0.9451	0.6921	0.8276	0.9365
2747	975	0.6858	0.8343	0.9438	0.6875	0.8439	0.9429
2748	974	0.6859	0.8353	0.9423	0.6780	0.8360	0.9447
2749	973	0.6856	0.8356	0.9403	0.6782	0.8371	0.9554
2750	973	0.6855	0.8354	0.9386	0.6741	0.8307	0.9459
2751	973	0.6857	0.8358	0.9368	0.6691	0.8241	0.9503
2752	971	0.6854	0.8360	0.9351	0.6717	0.8232	0.9424
2753	971	0.6852	0.8354	0.9336	0.6689	0.8179	0.9536
2754	971	0.6841	0.8343	0.9318	0.6849	0.8316	0.9383
2755	971	0.6837	0.8335	0.9302	0.6836	0.8300	0.9353
2756	971	0.6829	0.8325	0.9290	0.6988	0.8569	0.9430
2757	970	0.6820	0.8318	0.9273	0.6957	0.8440	0.9375
2758	970	0.6819	0.8314	0.9263	0.6965	0.8492	0.9356
2759	969	0.6817	0.8305	0.9251	0.7019	0.8594	0.9298
2760	969	0.6815	0.8289	0.9237	0.6988	0.8530	0.9239
2761	969	0.6818	0.8281	0.9225	0.6942	0.8409	0.9157
2762	969	0.6819	0.8271	0.9208	0.6805	0.8309	0.9183
2763	969	0.6823	0.8262	0.9195	0.6859	0.8363	0.9019
2764	969	0.6832	0.8254	0.9180	0.6747	0.8294	0.8989
2765	968	0.6831	0.8247	0.9171	0.6763	0.8213	0.8990
2766	968	0.6822	0.8242	0.9158	0.6703	0.8084	0.9018
2767	966	0.6806	0.8240	0.9152	0.6707	0.8085	0.8973
2768	966	0.6792	0.8232	0.9150	0.6624	0.8090	0.9012
2769	964	0.6764	0.8216	0.9147	0.6706	0.8146	0.8963
2770	963	0.6737	0.8205	0.9146	0.6828	0.8203	0.9120
2771	963	0.6709	0.8182	0.9142	0.6875	0.8062	0.9061
2772	963	0.6676	0.8154	0.9143	0.6817	0.8041	0.9077
2773	962	0.6645	0.8126	0.9148	0.6861	0.8161	0.9150
2774	961	0.6619	0.8099	0.9159	0.6798	0.8116	0.9139
2775	961	0.6600	0.8073	0.9171	0.6843	0.8074	0.9122
2776	961	0.6580	0.8050	0.9195	0.6907	0.8036	0.9143
2777	961	0.6565	0.8031	0.9223	0.6698	0.8061	0.9180
2778	961	0.6549	0.8007	0.9255	0.6465	0.8069	0.9223
2779	960	0.6532	0.7989	0.9279	0.6453	0.8250	0.9230
2780	960	0.6520	0.7985	0.9303	0.6485	0.8108	0.9311
2781	960	0.6511	0.7980	0.9328	0.6283	0.8163	0.9358
2782	960	0.6498	0.7973	0.9355	0.6293	0.8170	0.9329
2783	959	0.6477	0.7968	0.9376	0.6247	0.7927	0.9273
2784	959	0.6453	0.7974	0.9395	0.6195	0.7878	0.9310
2785	959	0.6433	0.7980	0.9410	0.6212	0.7840	0.9365
2786	958	0.6412	0.7981	0.9422	0.6312	0.7740	0.9430
2787	958	0.6396	0.7984	0.9439	0.6324	0.7664	0.9500
2788	957	0.6385	0.7990	0.9452	0.6365	0.7776	0.9601
2789	957	0.6373	0.7995	0.9462	0.6359	0.7813	0.9702
2790	956	0.6369	0.7997	0.9466	0.6356	0.7625	0.9788
2791	956	0.6373	0.8000	0.9470	0.6296	0.7632	0.9622
2792	956	0.6371	0.7989	0.9479	0.6404	0.7986	0.9561
2793	956	0.6370	0.7983	0.9483	0.6406	0.7960	0.9630
2794	956	0.6374	0.7963	0.9485	0.6361	0.7969	0.9642
2795	956	0.6376	0.7941	0.9484	0.6304	0.8071	0.9643
2796	955	0.6380	0.7924	0.9482	0.6280	0.8225	0.9545
2797	953	0.6380	0.7907	0.9478	0.6318	0.8179	0.9463
2798	953	0.6379	0.7893	0.9471	0.6339	0.8188	0.9447
2799	952	0.6371	0.7883	0.9462	0.6399	0.8198	0.9549
2800	951	0.6366	0.7880	0.9452	0.6566	0.8215	0.9462
2801	951	0.6358	0.7874	0.9439	0.6608	0.8170	0.9378
2802	951	0.6356	0.7870	0.9428	0.6600	0.8105	0.9280
2803	950	0.6353	0.7872	0.9410	0.6549	0.8153	0.9330
2804	950	0.6353	0.7876	0.9397	0.6414	0.7970	0.9467
2805	948	0.6348	0.7865	0.9387	0.6465	0.7962	0.9412
2806	947	0.6344	0.7852	0.9376	0.6375	0.7664	0.9386
2807	947	0.6340	0.7838	0.9370	0.6355	0.7611	0.9318
2808	947	0.6338	0.7818	0.9358	0.6335	0.7498	0.9224
2809	946	0.6337	0.7790	0.9348	0.6188	0.7451	0.9215
2810	946	0.6341	0.7761	0.9346	0.6189	0.7487	0.9194
2811	945	0.6342	0.7731	0.9342	0.6130	0.7503	0.9194
2812	945	0.6345	0.7701	0.9331	0.6189	0.7586	0.9243
2813	945	0.6339	0.7669	0.9318	0.6170	0.7629	0.9274
2814	945	0.6327	0.7639	0.9307	0.6307	0.7713	0.9424
2815	944	0.6321	0.7614	0.9299	0.6286	0.7683	0.9357
2816	944	0.6314	0.7583	0.9283	0.6295	0.7736	0.9284
2817	944	0.6311	0.7555	0.9261	0.6285	0.7703	0.9318
2818	944	0.6305	0.7529	0.9239	0.6284	0.7629	0.9356
2819	943	0.6306	0.7514	0.9222	0.6270	0.7611	0.9483
2820	942	0.6308	0.7503	0.9207	0.6252	0.7583	0.9343
2821	942	0.6310	0.7494	0.9198	0.6269	0.7514	0.9306
2822	940	0.6317	0.7489	0.9185	0.6416	0.7458	0.9419
2823	938	0.6320	0.7486	0.9173	0.6347	0.7443	0.9341
2824	938	0.6322	0.7486	0.9154	0.6488	0.7435	0.9262
2825	938	0.6324	0.7478	0.9133	0.6397	0.7426	0.9150
2826	938	0.6329	0.7467	0.9109	0.6321	0.7434	0.9088
2827	938	0.6329	0.7452	0.9077	0.6439	0.7472	0.9089
2828	938	0.6333	0.7440	0.9050	0.6391	0.7371	0.8924
2829	938	0.6334	0.7424	0.9024	0.6331	0.7279	0.8929
2830	936	0.6332	0.7398	0.8997	0.6315	0.7311	0.8859
2831	934	0.6327	0.7374	0.8963	0.6390	0.7285	0.8948
2832	934	0.6328	0.7354	0.8925	0.6405	0.7326	0.8941
2833	934	0.6328	0.7326	0.8895	0.6393	0.7291	0.9012
2834	934	0.6329	0.7298	0.8872	0.6368	0.7311	0.8896
2835	934	0.6322	0.7265	0.8845	0.6264	0.7422	0.8893
2836	934	0.6316	0.7234	0.8824	0.6178	0.7486	0.8704
2837	933	0.6306	0.7200	0.8803	0.6251	0.7408	0.8713
2838	933	0.6296	0.7164	0.8790	0.6282	0.7332	0.8690
2839	933	0.6290	0.7132	0.8783	0.6312	0.7348	0.8628
2840	931	0.6277	0.7098	0.8777	0.6380	0.7379	0.8667
2841	931	0.6263	0.7068	0.8776	0.6334	0.7334	0.8643
2842	930	0.6252	0.7041	0.8774	0.6223	0.7055	0.8639
2843	930	0.6242	0.7011	0.8774	0.6171	0.7022	0.8508
2844	930	0.6232	0.6985	0.8774	0.6274	0.7121	0.8527
2845	929	0.6223	0.6959	0.8779	0.6271	0.6892	0.8602
2846	929	0.6216	0.6938	0.8783	0.6281	0.6802	0.8729
2847	929	0.6213	0.6918	0.8794	0.6237	0.6648	0.8737
2848	928	0.6212	0.6899	0.8805	0.6207	0.6647	0.8825
2849	928	0.6215	0.6877	0.8821	0.6233	0.6597	0.8726
2850	927	0.6218	0.6859	0.8835	0.6160	0.6532	0.8833
2851	927	0.6217	0.6842	0.8853	0.6152	0.6620	0.8908
2852	927	0.6211	0.6823	0.8867	0.6115	0.6636	0.8946
2853	927	0.6205	0.6806	0.8881	0.6061	0.6612	0.8890
2854	926	0.6202	0.6794	0.8898	0.6036	0.6597	0.8874
2855	926	0.6203	0.6793	0.8916	0.6073	0.6569	0.8875
2856	926	0.6206	0.6794	0.8940	0.6146	0.6637	0.8954
2857	926	0.6203	0.6793	0.8959	0.6176	0.6686	0.9065
2858	926	0.6196	0.6806	0.8973	0.6223	0.6757	0.9093
2859	925	0.6184	0.6828	0.8981	0.6280	0.6812	0.9170
2860	925	0.6178	0.6862	0.8982	0.6239	0.6943	0.9188
2861	923	0.6175	0.6893	0.8980	0.6261	0.6933	0.9088
2862	922	0.6167	0.6930	0.8987	0.6322	0.6968	0.9081
2863	922	0.6165	0.6974	0.8992	0.6262	0.6907	0.9119
2864	922	0.6164	0.7012	0.8998	0.6161	0.6859	0.8990
2865	922	0.6162	0.7050	0.9002	0.6234	0.6964	0.9024
2866	921	0.6164	0.7090	0.9010	0.6263	0.7032	0.9068
2867	920	0.6164	0.7129	0.9019	0.6245	0.7034	0.9077
2868	920	0.6168	0.7169	0.9030	0.6241	0.7034	0.9115
2869	920	0.6166	0.7206	0.9040	0.6190	0.7094	0.9011
2870	920	0.6161	0.7241	0.9050	0.6094	0.7234	0.8944
2871	920	0.6155	0.7277	0.9054	0.5987	0.7356	0.8916
2872	920	0.6147	0.7306	0.9062	0.6091	0.7483	0.8780
2873	920	0.6152	0.7330	0.9068	0.6127	0.7436	0.8768
2874	920	0.6157	0.7351	0.9079	0.6046	0.7524	0.8904
2875	920	0.6161	0.7372	0.9091	0.6112	0.7627	0.8960
2876	920	0.6163	0.7392	0.9103	0.6104	0.7560	0.9057
2877	920	0.6169	0.7417	0.9121	0.6083	0.7589	0.9035
2878	920	0.6173	0.7441	0.9135	0.6095	0.7622	0.9099
2879	919	0.6176	0.7462	0.9151	0.6051	0.7558	0.9097
2880	918	0.6181	0.7482	0.9169	0.6158	0.7577	0.9146
2881	916	0.6187	0.7502	0.9185	0.6095	0.7564	0.9206
2882	915	0.6188	0.7515	0.9200	0.6053	0.7555	0.9308
2883	915	0.6194	0.7524	0.9214	0.6090	0.7667	0.9205
2884	915	0.6207	0.7525	0.9229	0.6084	0.7531	0.9363
2885	915	0.6215	0.7523	0.9252	0.6350	0.7531	0.9338
2886	914	0.6228	0.7526	0.9278	0.6385	0.7462	0.9366
2887	914	0.6239	0.7524	0.9299	0.6421	0.7499	0.9390
2888	913	0.6247	0.7520	0.9315	0.6328	0.7398	0.9408
2889	912	0.6262	0.7515	0.9327	0.6290	0.7493	0.9428
2890	912	0.6276	0.7511	0.9338	0.6339	0.7566	0.9386
2891	911	0.6291	0.7508	0.9347	0.6341	0.7559	0.9471
2892	910	0.6308	0.7509	0.9351	0.6364	0.7538	0.9532
2893	909	0.6321	0.7521	0.9358	0.6403	0.7515	0.9508
2894	909	0.6340	0.7531	0.9362	0.6201	0.7425	0.9397
2895	908	0.6360	0.7540	0.9359	0.6252	0.7469	0.9282
2896	908	0.6376	0.7542	0.9364	0.6301	0.7367	0.9303
2897	907	0.6390	0.7547	0.9359	0.6311	0.7436	0.9342
2898	907	0.6395	0.7549	0.9357	0.6442	0.7519	0.9426
2899	907	0.6398	0.7553	0.9357	0.6317	0.7482	0.9412
2900	907	0.6396	0.7553	0.9353	0.6329	0.7516	0.9361
2901	907	0.6395	0.7558	0.9347	0.6477	0.7424	0.9364
2902	907	0.6396	0.7557	0.9340	0.6422	0.7497	0.9314
2903	905	0.6393	0.7551	0.9335	0.6462	0.7554	0.9318
2904	905	0.6389	0.7543	0.9325	0.6484	0.7577	0.9211
2905	904	0.6379	0.7539	0.9309	0.6493	0.7882	0.9300
2906	904	0.6367	0.7536	0.9293	0.6555	0.7801	0.9319
2907	902	0.6358	0.7531	0.9280	0.6565	0.7804	0.9234
2908	902	0.6346	0.7517	0.9274	0.6491	0.7704	0.9327
2909	902	0.6332	0.7505	0.9271	0.6427	0.7660	0.9252
2910	902	0.6305	0.7484	0.9269	0.6469	0.7575	0.9283
2911	902	0.6274	0.7466	0.9266	0.6454	0.7565	0.9361
2912	902	0.6245	0.7453	0.9261	0.6374	0.7507	0.9288
2913	901	0.6214	0.7440	0.9256	0.6314	0.7503	0.9251
2914	899	0.6178	0.7433	0.9245	0.6316	0.7489	0.9250
2915	898	0.6146	0.7422	0.9238	0.6267	0.7414	0.9261
2916	897	0.6111	0.7408	0.9229	0.6238	0.7346	0.9226
2917	897	0.6072	0.7393	0.9223	0.6117	0.7449	0.9146
2918	897	0.6030	0.7360	0.9209	0.6104	0.7430	0.9107
2919	897	0.5983	0.7334	0.9193	0.5962	0.7314	0.9061
2920	897	0.5939	0.7307	0.9179	0.5964	0.7110	0.9124
2921	896	0.5893	0.7280	0.9164	0.5948	0.7061	0.9233
2922	896	0.5849	0.7255	0.9149	0.5626	0.6911	0.9290
2923	895	0.5790	0.7235	0.9135	0.5668	0.7068	0.9354
2924	895	0.5729	0.7223	0.9123	0.5597	0.7153	0.9298
2925	895	0.5665	0.7221	0.9116	0.5555	0.7198	0.9233
2926	894	0.5604	0.7218	0.9116	0.5579	0.7255	0.9094
2927	893	0.5546	0.7220	0.9113	0.5614	0.7215	0.9136
2928	893	0.5486	0.7217	0.9109	0.5584	0.7217	0.9078
2929	893	0.5421	0.7216	0.9105	0.5517	0.7184	0.9061
2930	892	0.5358	0.7210	0.9099	0.5438	0.7076	0.8955
2931	892	0.5293	0.7205	0.9097	0.5384	0.7136	0.8912
2932	892	0.5228	0.7205	0.9096	0.5453	0.7133	0.8887
2933	892	0.5162	0.7213	0.9096	0.5364	0.7031	0.8948
2934	892	0.5093	0.7227	0.9090	0.5309	0.7044	0.8881
2935	892	0.5033	0.7243	0.9083	0.5005	0.7071	0.8950
2936	892	0.4969	0.7254	0.9068	0.4927	0.7266	0.9057
2937	892	0.4906	0.7264	0.9056	0.4773	0.7444	0.9107
2938	892	0.4845	0.7268	0.9048	0.4797	0.7449	0.9253
2939	892	0.4779	0.7275	0.9046	0.4854	0.7524	0.9168
2940	891	0.4713	0.7276	0.9047	0.4783	0.7355	0.9170
2941	891	0.4651	0.7276	0.9050	0.4614	0.7305	0.9122
2942	891	0.4593	0.7277	0.9052	0.4524	0.7298	0.9005
2943	890	0.4542	0.7270	0.9059	0.4487	0.7317	0.9054
2944	889	0.4495	0.7260	0.9068	0.4329	0.7297	0.9039
2945	889	0.4446	0.7249	0.9078	0.4311	0.7321	0.9108
2946	889	0.4410	0.7247	0.9086	0.4229	0.7407	0.9085
2947	889	0.4377	0.7243	0.9099	0.4124	0.7318	0.9119
2948	889	0.4360	0.7240	0.9108	0.4080	0.7334	0.8980
2949	888	0.4347	0.7233	0.9110	0.4012	0.7398	0.8997
2950	888	0.4338	0.7217	0.9109	0.4026	0.7312	0.9037
2951	888	0.4334	0.7202	0.9100	0.3944	0.7416	0.9039
2952	888	0.4331	0.7185	0.9095	0.3966	0.7247	0.9174
2953	888	0.4335	0.7172	0.9090	0.4038	0.7229	0.9152
2954	888	0.4347	0.7163	0.9090	0.4068	0.7209	0.9113
2955	888	0.4367	0.7152	0.9094	0.4144	0.6886	0.9109
2956	888	0.4388	0.7142	0.9099	0.4213	0.6890	0.9134
2957	888	0.4418	0.7132	0.9106	0.4227	0.6867	0.9161
2958	887	0.4450	0.7121	0.9106	0.4457	0.6970	0.9145
2959	887	0.4488	0.7104	0.9102	0.4488	0.6938	0.9188
2960	887	0.4532	0.7094	0.9098	0.4579	0.7002	0.9194
2961	887	0.4576	0.7076	0.9101	0.4605	0.7085	0.9094
2962	887	0.4628	0.7046	0.9099	0.4547	0.7046	0.9084
2963	886	0.4686	0.7013	0.9096	0.4707	0.7087	0.9025
2964	886	0.4748	0.6974	0.9098	0.4771	0.7081	0.9037
2965	886	0.4809	0.6940	0.9094	0.4877	0.7038	0.9058
2966	886	0.4869	0.6907	0.9091	0.4928	0.7073	0.9112
2967	886	0.4930	0.6877	0.9088	0.5016	0.7040	0.9107
2968	886	0.4991	0.6860	0.9085	0.5027	0.7068	0.9180
2969	886	0.5054	0.6837	0.9080	0.5081	0.7047	0.9224
2970	886	0.5118	0.6819	0.9071	0.5097	0.7043	0.9101
2971	886	0.5173	0.6794	0.9061	0.5177	0.6972	0.8974
2972	886	0.5229	0.6771	0.9046	0.5230	0.7073	0.9024
2973	885	0.5280	0.6743	0.9032	0.5187	0.6890	0.9063
2974	885	0.5330	0.6704	0.9017	0.5296	0.6629	0.8953
2975	883	0.5384	0.6664	0.8997	0.5492	0.6502	0.8951
2976	882	0.5436	0.6625	0.8980	0.5476	0.6443	0.9085
2977	881	0.5486	0.6586	0.8967	0.5491	0.6404	0.9092
2978	881	0.5535	0.6556	0.8952	0.5552	0.6398	0.9077
2979	880	0.5584	0.6527	0.8931	0.5595	0.6463	0.9038
2980	880	0.5629	0.6499	0.8914	0.5654	0.6452	0.9034
2981	880	0.5679	0.6468	0.8899	0.5784	0.6322	0.9003
2982	879	0.5725	0.6438	0.8881	0.5837	0.6414	0.8934
2983	879	0.5771	0.6409	0.8866	0.5822	0.6340	0.8885
2984	879	0.5816	0.6381	0.8853	0.5902	0.6356	0.8808
2985	878	0.5860	0.6352	0.8838	0.5859	0.6311	0.8857
2986	878	0.5906	0.6329	0.8818	0.5853	0.6106	0.8729
2987	876	0.5951	0.6315	0.8804	0.5895	0.6053	0.8576
2988	876	0.5970	0.6307	0.8797	0.6007	0.6111	0.8602
2989	874	0.5992	0.6301	0.8785	0.6017	0.6111	0.8715
2990	873	0.6014	0.6296	0.8771	0.6109	0.6288	0.8667
2991	873	0.6036	0.6291	0.8756	0.6145	0.6350	0.8585
2992	873	0.6059	0.6283	0.8742	0.6149	0.6324	0.8698
2993	872	0.6080	0.6274	0.8727	0.6277	0.6305	0.8798
2994	872	0.6096	0.6271	0.8712	0.6234	0.6301	0.8782
2995	872	0.6112	0.6263	0.8698	0.6232	0.6315	0.8724
2996	871	0.6130	0.6258	0.8687	0.6300	0.6266	0.8644
2997	871	0.6145	0.6251	0.8679	0.6330	0.6349	0.8641
2998	871	0.6165	0.6247	0.8666	0.6358	0.6311	0.8573
2999	871	0.6189	0.6258	0.8661	0.6411	0.6269	0.8588
