nt_from_polyA_site	genes_contributing	DRUG-seq_mean_over_genes_smoothed25	prime-seq_mean_over_genes_smoothed25	BOBseq_mean_over_genes_smoothed25	DRUG-seq_mean_over_genes_raw	prime-seq_mean_over_genes_raw	BOBseq_mean_over_genes_raw
0	2070	1.0639	0.4025	1.2659	0.6257	0.2519	1.3184
1	2070	1.1035	0.4139	1.2615	0.6863	0.2752	1.2865
2	2070	1.1439	0.4251	1.2570	0.7721	0.3108	1.2799
3	2070	1.1850	0.4356	1.2521	0.8506	0.3373	1.2769
4	2070	1.2270	0.4458	1.2474	0.9289	0.3630	1.2753
5	2070	1.2700	0.4559	1.2429	0.9940	0.3857	1.2708
6	2070	1.3133	0.4660	1.2389	1.0628	0.4058	1.2680
7	2070	1.3572	0.4752	1.2350	1.1298	0.4279	1.2648
8	2070	1.4022	0.4843	1.2315	1.2001	0.4575	1.2597
9	2070	1.4485	0.4932	1.2281	1.2717	0.4769	1.2546
10	2070	1.4968	0.5023	1.2247	1.3548	0.4940	1.2471
11	2070	1.5464	0.5115	1.2216	1.4297	0.5148	1.2339
12	2070	1.5966	0.5209	1.2184	1.5243	0.5315	1.2202
13	2070	1.6888	0.5416	1.2110	1.6189	0.5620	1.2054
14	2070	1.7850	0.5622	1.2047	1.7088	0.5822	1.1934
15	2070	1.8829	0.5819	1.1985	1.8017	0.5925	1.1792
16	2070	1.9833	0.6013	1.1922	1.8988	0.6098	1.1713
17	2070	2.0862	0.6204	1.1859	2.0012	0.6275	1.1672
18	2070	2.1918	0.6394	1.1796	2.0932	0.6471	1.1656
19	2070	2.3004	0.6580	1.1733	2.1912	0.6512	1.1623
20	2070	2.4124	0.6765	1.1670	2.3017	0.6654	1.1604
21	2070	2.5273	0.6942	1.1609	2.4199	0.6807	1.1565
22	2070	2.6452	0.7117	1.1549	2.5608	0.7016	1.1517
23	2070	2.7651	0.7285	1.1491	2.6871	0.7240	1.1482
24	2070	2.8878	0.7451	1.1439	2.7999	0.7471	1.1425
25	2070	3.0127	0.7615	1.1391	2.9320	0.7695	1.1345
26	2070	3.1407	0.7770	1.1349	3.0916	0.7882	1.1286
27	2070	3.2714	0.7921	1.1310	3.2183	0.8044	1.1236
28	2070	3.4041	0.8071	1.1275	3.3626	0.8214	1.1198
29	2070	3.5394	0.8216	1.1243	3.5011	0.8410	1.1172
30	2070	3.6754	0.8358	1.1214	3.6334	0.8611	1.1138
31	2070	3.8142	0.8495	1.1184	3.7786	0.8718	1.1108
32	2070	3.9544	0.8634	1.1156	3.9291	0.8889	1.1086
33	2070	4.0967	0.8768	1.1130	4.0720	0.9002	1.1066
34	2070	4.2391	0.8899	1.1104	4.2200	0.9148	1.1041
35	2070	4.3814	0.9023	1.1081	4.3507	0.9136	1.1032
36	2070	4.5232	0.9139	1.1060	4.4986	0.9297	1.1017
37	2070	4.6651	0.9238	1.1043	4.6469	0.9427	1.1007
38	2070	4.8071	0.9331	1.1029	4.8187	0.9493	1.1002
39	2070	4.9474	0.9418	1.1016	4.9755	0.9588	1.0959
40	2070	5.0870	0.9497	1.1006	5.1185	0.9670	1.0922
41	2070	5.2251	0.9571	1.0998	5.2816	0.9731	1.0918
42	2070	5.3623	0.9638	1.0992	5.4011	0.9833	1.0934
43	2070	5.4988	0.9701	1.0989	5.5637	0.9892	1.0927
44	2070	5.6343	0.9761	1.0988	5.6966	0.9970	1.0920
45	2070	5.7688	0.9814	1.0988	5.8593	1.0014	1.0943
46	2070	5.9019	0.9862	1.0992	5.9804	1.0074	1.0915
47	2070	6.0339	0.9904	1.0996	6.1169	1.0116	1.0936
48	2070	6.1646	0.9950	1.1001	6.2324	1.0138	1.0968
49	2070	6.2928	0.9991	1.1008	6.3475	0.9956	1.0990
50	2070	6.4187	1.0028	1.1016	6.4823	1.0027	1.0999
51	2070	6.5416	1.0059	1.1024	6.5991	1.0049	1.0970
52	2070	6.6613	1.0088	1.1034	6.7087	1.0034	1.0987
53	2070	6.7782	1.0117	1.1046	6.8136	1.0047	1.0994
54	2070	6.8908	1.0145	1.1059	6.9318	1.0080	1.1031
55	2070	7.0013	1.0168	1.1071	7.0452	1.0192	1.1056
56	2070	7.1079	1.0189	1.1085	7.1662	1.0227	1.1086
57	2070	7.2115	1.0208	1.1100	7.2925	1.0214	1.1090
58	2070	7.3114	1.0227	1.1116	7.4008	1.0198	1.1148
59	2070	7.4081	1.0247	1.1134	7.5179	1.0201	1.1150
60	2070	7.5020	1.0266	1.1153	7.6189	1.0293	1.1164
61	2070	7.5933	1.0288	1.1173	7.7049	1.0299	1.1188
62	2070	7.6804	1.0319	1.1192	7.7933	1.0367	1.1191
63	2070	7.7632	1.0353	1.1212	7.8903	1.0261	1.1203
64	2070	7.8433	1.0388	1.1234	7.9685	1.0317	1.1216
65	2070	7.9196	1.0428	1.1258	8.0420	1.0399	1.1228
66	2070	7.9916	1.0469	1.1283	8.0962	1.0414	1.1238
67	2070	8.0587	1.0509	1.1307	8.1629	1.0408	1.1244
68	2070	8.1220	1.0548	1.1332	8.2285	1.0420	1.1273
69	2070	8.1811	1.0589	1.1356	8.2872	1.0448	1.1290
70	2070	8.2353	1.0634	1.1381	8.3559	1.0488	1.1337
71	2070	8.2847	1.0683	1.1403	8.3992	1.0589	1.1378
72	2070	8.3289	1.0735	1.1426	8.4630	1.0583	1.1416
73	2070	8.3683	1.0790	1.1449	8.5158	1.0681	1.1455
74	2070	8.4037	1.0849	1.1473	8.5260	1.0726	1.1474
75	2070	8.4338	1.0908	1.1498	8.5525	1.0889	1.1503
76	2070	8.4591	1.0977	1.1524	8.5999	1.0923	1.1514
77	2070	8.4794	1.1049	1.1550	8.6161	1.1034	1.1576
78	2070	8.4944	1.1121	1.1578	8.6151	1.1066	1.1613
79	2070	8.5051	1.1200	1.1606	8.6077	1.1098	1.1641
80	2070	8.5115	1.1286	1.1636	8.6277	1.1165	1.1679
81	2070	8.5133	1.1376	1.1664	8.6435	1.1231	1.1691
82	2070	8.5128	1.1473	1.1693	8.6491	1.1338	1.1704
83	2070	8.5072	1.1573	1.1722	8.6341	1.1428	1.1698
84	2070	8.4982	1.1679	1.1751	8.6240	1.1499	1.1730
85	2070	8.4847	1.1793	1.1780	8.6048	1.1666	1.1743
86	2070	8.4672	1.1911	1.1808	8.5892	1.1790	1.1786
87	2070	8.4475	1.2037	1.1837	8.5469	1.1831	1.1819
88	2070	8.4253	1.2166	1.1867	8.5211	1.1987	1.1849
89	2070	8.3999	1.2302	1.1898	8.4771	1.2128	1.1880
90	2070	8.3708	1.2442	1.1928	8.4177	1.2205	1.1910
91	2070	8.3393	1.2593	1.1957	8.3624	1.2371	1.1942
92	2070	8.3062	1.2750	1.1988	8.3239	1.2576	1.1987
93	2070	8.2709	1.2910	1.2018	8.2722	1.2656	1.1987
94	2070	8.2332	1.3079	1.2050	8.2760	1.2878	1.2015
95	2070	8.1933	1.3254	1.2082	8.2152	1.2997	1.2063
96	2070	8.1517	1.3435	1.2116	8.1752	1.3225	1.2098
97	2070	8.1075	1.3624	1.2151	8.1245	1.3437	1.2134
98	2070	8.0621	1.3813	1.2187	8.0782	1.3635	1.2162
99	2070	8.0137	1.4006	1.2223	8.0335	1.3880	1.2210
100	2070	7.9653	1.4202	1.2258	7.9974	1.4113	1.2246
101	2070	7.9157	1.4405	1.2294	7.9645	1.4328	1.2286
102	2070	7.8652	1.4611	1.2330	7.8898	1.4520	1.2319
103	2070	7.8152	1.4823	1.2365	7.8270	1.4853	1.2353
104	2070	7.7643	1.5049	1.2401	7.7797	1.5024	1.2396
105	2070	7.7126	1.5278	1.2434	7.7453	1.5149	1.2447
106	2070	7.6613	1.5517	1.2469	7.7006	1.5458	1.2481
107	2070	7.6072	1.5767	1.2503	7.6523	1.5720	1.2503
108	2070	7.5541	1.6025	1.2536	7.5941	1.5952	1.2552
109	2070	7.4997	1.6287	1.2569	7.5198	1.6220	1.2598
110	2070	7.4445	1.6554	1.2601	7.4692	1.6405	1.2654
111	2070	7.3892	1.6823	1.2633	7.3778	1.6616	1.2678
112	2070	7.3326	1.7091	1.2664	7.3376	1.6715	1.2704
113	2070	7.2755	1.7357	1.2694	7.2826	1.7074	1.2742
114	2070	7.2170	1.7627	1.2724	7.2138	1.7259	1.2777
115	2070	7.1588	1.7899	1.2753	7.1663	1.7513	1.2801
116	2070	7.1017	1.8168	1.2782	7.0912	1.8032	1.2823
117	2070	7.0444	1.8437	1.2810	7.0311	1.8290	1.2831
118	2070	6.9860	1.8709	1.2837	6.9885	1.8634	1.2846
119	2070	6.9283	1.8983	1.2863	6.9260	1.9129	1.2863
120	2070	6.8704	1.9253	1.2888	6.8866	1.9456	1.2903
121	2070	6.8120	1.9521	1.2913	6.8157	1.9774	1.2910
122	2070	6.7546	1.9789	1.2938	6.7430	2.0114	1.2942
123	2070	6.6980	2.0052	1.2961	6.6970	2.0351	1.2961
124	2070	6.6430	2.0313	1.2985	6.6187	2.0567	1.2978
125	2070	6.5885	2.0579	1.3009	6.5697	2.0761	1.3000
126	2070	6.5334	2.0833	1.3033	6.5022	2.1080	1.3033
127	2070	6.4798	2.1094	1.3056	6.4353	2.1331	1.3045
128	2070	6.4258	2.1356	1.3079	6.3973	2.1576	1.3091
129	2070	6.3734	2.1600	1.3103	6.3487	2.1756	1.3097
130	2070	6.3216	2.1839	1.3127	6.2857	2.1938	1.3114
131	2070	6.2698	2.2070	1.3152	6.2580	2.2306	1.3126
132	2070	6.2189	2.2288	1.3176	6.2041	2.2476	1.3141
133	2070	6.1675	2.2502	1.3200	6.1342	2.2659	1.3173
134	2070	6.1162	2.2713	1.3223	6.0853	2.2922	1.3217
135	2070	6.0659	2.2920	1.3246	6.0530	2.2985	1.3234
136	2070	6.0156	2.3126	1.3269	6.0042	2.3128	1.3271
137	2070	5.9656	2.3325	1.3291	5.9753	2.3368	1.3315
138	2070	5.9154	2.3522	1.3314	5.9054	2.3433	1.3335
139	2070	5.8660	2.3710	1.3337	5.8715	2.3781	1.3355
140	2070	5.8178	2.3892	1.3359	5.8170	2.4050	1.3385
141	2070	5.7691	2.4062	1.3380	5.7818	2.4143	1.3402
142	2070	5.7205	2.4227	1.3403	5.7362	2.4247	1.3438
143	2070	5.6728	2.4392	1.3426	5.6931	2.4429	1.3471
144	2070	5.6240	2.4543	1.3451	5.6534	2.4564	1.3476
145	2070	5.5757	2.4689	1.3476	5.6006	2.4803	1.3482
146	2070	5.5280	2.4836	1.3500	5.5342	2.5064	1.3500
147	2070	5.4805	2.4977	1.3522	5.4849	2.5284	1.3520
148	2070	5.4332	2.5123	1.3544	5.4413	2.5491	1.3523
149	2070	5.3858	2.5270	1.3566	5.3667	2.5544	1.3534
150	2070	5.3374	2.5419	1.3586	5.3166	2.5704	1.3576
151	2070	5.2906	2.5563	1.3605	5.2653	2.5779	1.3596
152	2070	5.2429	2.5695	1.3624	5.2313	2.5872	1.3615
153	2070	5.1957	2.5818	1.3645	5.1798	2.5835	1.3618
154	2070	5.1478	2.5931	1.3666	5.1328	2.5863	1.3662
155	2070	5.0989	2.6053	1.3685	5.0953	2.6060	1.3699
156	2070	5.0503	2.6168	1.3705	5.0374	2.6098	1.3739
157	2070	5.0021	2.6274	1.3725	4.9959	2.6124	1.3758
158	2070	4.9549	2.6378	1.3747	4.9412	2.6331	1.3781
159	2070	4.9093	2.6476	1.3769	4.8984	2.6453	1.3776
160	2070	4.8638	2.6567	1.3792	4.8699	2.6637	1.3782
161	2070	4.8185	2.6655	1.3816	4.8196	2.6787	1.3804
162	2070	4.7741	2.6752	1.3840	4.7652	2.7098	1.3814
163	2070	4.7303	2.6839	1.3863	4.7361	2.7045	1.3820
164	2070	4.6873	2.6924	1.3886	4.6782	2.7079	1.3836
165	2070	4.6448	2.7006	1.3908	4.6378	2.7104	1.3896
166	2070	4.6027	2.7093	1.3930	4.5842	2.6979	1.3934
167	2070	4.5614	2.7184	1.3950	4.5139	2.7292	1.3924
168	2070	4.5196	2.7270	1.3969	4.4766	2.7312	1.3959
169	2070	4.4791	2.7356	1.3987	4.4507	2.7208	1.3985
170	2070	4.4394	2.7444	1.4004	4.4202	2.7405	1.4027
171	2070	4.3999	2.7529	1.4022	4.3921	2.7522	1.4059
172	2070	4.3612	2.7614	1.4038	4.3482	2.7562	1.4085
173	2070	4.3220	2.7698	1.4054	4.3081	2.7685	1.4107
174	2070	4.2831	2.7779	1.4071	4.2585	2.7969	1.4140
175	2070	4.2454	2.7852	1.4086	4.2198	2.7879	1.4163
176	2070	4.2076	2.7940	1.4100	4.1915	2.7905	1.4161
177	2070	4.1706	2.8024	1.4113	4.1677	2.7908	1.4169
178	2070	4.1334	2.8105	1.4123	4.1280	2.8017	1.4155
179	2070	4.0980	2.8196	1.4133	4.0996	2.8148	1.4165
180	2070	4.0641	2.8285	1.4142	4.0507	2.8208	1.4180
181	2070	4.0308	2.8375	1.4150	4.0248	2.8250	1.4200
182	2070	3.9979	2.8469	1.4158	4.0030	2.8326	1.4187
183	2070	3.9644	2.8558	1.4163	3.9555	2.8450	1.4208
184	2070	3.9308	2.8642	1.4167	3.9310	2.8562	1.4181
185	2070	3.8982	2.8728	1.4170	3.8889	2.8737	1.4192
186	2070	3.8661	2.8808	1.4172	3.8478	2.8826	1.4216
187	2070	3.8347	2.8883	1.4172	3.8218	2.8923	1.4185
188	2070	3.8031	2.8958	1.4171	3.7905	2.9254	1.4174
189	2070	3.7722	2.9038	1.4170	3.7539	2.9165	1.4172
190	2070	3.7407	2.9119	1.4168	3.7078	2.9121	1.4156
191	2070	3.7096	2.9200	1.4168	3.7004	2.9276	1.4166
192	2070	3.6779	2.9283	1.4166	3.6662	2.9493	1.4166
193	2070	3.6467	2.9363	1.4164	3.6441	2.9568	1.4159
194	2070	3.6150	2.9445	1.4160	3.6280	2.9565	1.4174
195	2070	3.5831	2.9528	1.4158	3.5812	2.9619	1.4156
196	2070	3.5522	2.9605	1.4154	3.5532	2.9635	1.4153
197	2070	3.5213	2.9677	1.4151	3.5320	2.9713	1.4152
198	2070	3.4912	2.9744	1.4148	3.5056	2.9685	1.4159
199	2070	3.4613	2.9812	1.4144	3.4744	2.9837	1.4156
200	2070	3.4316	2.9874	1.4142	3.4297	2.9770	1.4141
201	2070	3.4028	2.9926	1.4140	3.4187	2.9898	1.4120
202	2070	3.3748	2.9984	1.4138	3.3797	2.9919	1.4130
203	2070	3.3484	3.0051	1.4137	3.3525	3.0054	1.4148
204	2070	3.3211	3.0111	1.4134	3.3070	3.0230	1.4128
205	2070	3.2943	3.0158	1.4130	3.2711	3.0193	1.4120
206	2070	3.2683	3.0196	1.4125	3.2310	3.0299	1.4106
207	2070	3.2422	3.0231	1.4118	3.2061	3.0408	1.4125
208	2070	3.2171	3.0261	1.4111	3.1819	3.0366	1.4110
209	2070	3.1921	3.0287	1.4104	3.1592	3.0363	1.4117
210	2070	3.1667	3.0307	1.4096	3.1365	3.0410	1.4111
211	2070	3.1413	3.0326	1.4087	3.0993	3.0536	1.4125
212	2070	3.1156	3.0329	1.4078	3.0810	3.0462	1.4131
213	2070	3.0909	3.0341	1.4070	3.0686	3.0559	1.4129
214	2070	3.0658	3.0349	1.4062	3.0547	3.0620	1.4113
215	2070	3.0412	3.0363	1.4053	3.0480	3.0800	1.4119
216	2070	3.0172	3.0384	1.4043	3.0170	3.0777	1.4105
217	2070	2.9937	3.0402	1.4031	2.9984	3.0665	1.4065
218	2070	2.9710	3.0432	1.4020	2.9918	3.0526	1.4035
219	2070	2.9484	3.0461	1.4009	2.9758	3.0432	1.3988
220	2070	2.9266	3.0484	1.3998	2.9556	3.0363	1.3983
221	2070	2.9050	3.0513	1.3986	2.9269	3.0282	1.3986
222	2070	2.8834	3.0541	1.3973	2.8981	3.0213	1.3953
223	2070	2.8618	3.0573	1.3960	2.8692	3.0165	1.3932
224	2070	2.8401	3.0598	1.3945	2.8310	2.9908	1.3937
225	2070	2.8185	3.0629	1.3930	2.8131	3.0073	1.3933
226	2070	2.7965	3.0654	1.3914	2.7910	3.0108	1.3918
227	2070	2.7727	3.0676	1.3898	2.7649	3.0251	1.3899
228	2070	2.7485	3.0694	1.3881	2.7538	3.0588	1.3895
229	2070	2.7243	3.0719	1.3865	2.7190	3.0679	1.3851
230	2070	2.7001	3.0740	1.3848	2.7027	3.0944	1.3836
231	2070	2.6747	3.0765	1.3832	2.6671	3.1024	1.3833
232	2070	2.6492	3.0794	1.3816	2.6617	3.0986	1.3849
233	2070	2.6235	3.0821	1.3800	2.6412	3.1088	1.3817
234	2070	2.5981	3.0847	1.3781	2.6181	3.1066	1.3787
235	2070	2.5729	3.0875	1.3762	2.5963	3.1206	1.3787
236	2070	2.5480	3.0911	1.3745	2.5568	3.1170	1.3756
237	2070	2.5240	3.0957	1.3727	2.5410	3.1236	1.3743
238	2070	2.4998	3.1000	1.3707	2.5190	3.1170	1.3726
239	2070	2.4754	3.1038	1.3688	2.4591	3.1178	1.3708
240	2070	2.4512	3.1075	1.3668	2.4437	3.1260	1.3712
241	2070	2.4263	3.1096	1.3646	2.4119	3.1396	1.3701
242	2070	2.4026	3.1113	1.3625	2.3950	3.1184	1.3645
243	2070	2.3792	3.1127	1.3603	2.3563	3.1149	1.3627
244	2070	2.3565	3.1137	1.3581	2.3377	3.1151	1.3588
245	2070	2.3335	3.1154	1.3557	2.3125	3.1053	1.3570
246	2070	2.3107	3.1159	1.3533	2.2916	3.0917	1.3514
247	2070	2.2882	3.1168	1.3509	2.2691	3.0924	1.3496
248	2070	2.2659	3.1166	1.3484	2.2457	3.1053	1.3505
249	2070	2.2443	3.1157	1.3460	2.2323	3.1066	1.3471
250	2070	2.2226	3.1145	1.3436	2.2080	3.1140	1.3453
251	2070	2.2009	3.1136	1.3413	2.1809	3.1059	1.3428
252	2070	2.1798	3.1129	1.3389	2.1588	3.1179	1.3392
253	2070	2.1587	3.1114	1.3365	2.1332	3.1129	1.3368
254	2070	2.1379	3.1094	1.3341	2.1256	3.1100	1.3325
255	2070	2.1167	3.1084	1.3318	2.1173	3.1286	1.3281
256	2070	2.0969	3.1086	1.3297	2.1008	3.1267	1.3272
257	2070	2.0769	3.1095	1.3276	2.0868	3.1426	1.3244
258	2070	2.0574	3.1105	1.3255	2.0702	3.1217	1.3216
259	2070	2.0380	3.1125	1.3234	2.0557	3.1272	1.3196
260	2070	2.0187	3.1151	1.3214	2.0384	3.1171	1.3174
261	2070	1.9996	3.1174	1.3195	2.0163	3.0936	1.3143
262	2070	1.9800	3.1195	1.3175	1.9998	3.0929	1.3149
263	2070	1.9609	3.1211	1.3157	1.9763	3.0961	1.3147
264	2070	1.9423	3.1224	1.3139	1.9307	3.0995	1.3116
265	2070	1.9243	3.1227	1.3122	1.9159	3.0888	1.3107
266	2070	1.9065	3.1226	1.3106	1.8919	3.0889	1.3092
267	2070	1.8883	3.1226	1.3092	1.8648	3.0931	1.3082
268	2070	1.8692	3.1218	1.3078	1.8613	3.1217	1.3089
269	2070	1.8499	3.1211	1.3064	1.8374	3.1369	1.3066
270	2070	1.8314	3.1205	1.3050	1.8267	3.1312	1.3040
271	2070	1.8129	3.1207	1.3036	1.8068	3.1417	1.3001
272	2070	1.7941	3.1200	1.3024	1.7864	3.1577	1.3004
273	2070	1.7752	3.1187	1.3011	1.7677	3.1605	1.3013
274	2070	1.7569	3.1184	1.3001	1.7433	3.1608	1.2985
275	2070	1.7388	3.1177	1.2988	1.7296	3.1536	1.2990
276	2070	1.7214	3.1168	1.2974	1.7164	3.1373	1.2987
277	2070	1.7056	3.1159	1.2960	1.7087	3.1269	1.2970
278	2070	1.6901	3.1150	1.2947	1.6869	3.1107	1.2967
279	2070	1.6757	3.1133	1.2933	1.6718	3.1085	1.2959
280	2070	1.6612	3.1113	1.2918	1.6387	3.1092	1.2932
281	2070	1.6466	3.1088	1.2902	1.6197	3.1088	1.2921
282	2070	1.6323	3.1057	1.2887	1.6225	3.1285	1.2895
283	2070	1.6185	3.1033	1.2873	1.6096	3.1266	1.2875
284	2070	1.6050	3.1005	1.2859	1.5849	3.1085	1.2885
285	2070	1.5920	3.0974	1.2845	1.5665	3.0852	1.2872
286	2070	1.5795	3.0936	1.2829	1.5590	3.0869	1.2872
287	2070	1.5677	3.0893	1.2813	1.5463	3.0753	1.2825
288	2070	1.5560	3.0859	1.2797	1.5415	3.0736	1.2799
289	2070	1.5443	3.0830	1.2780	1.5359	3.0753	1.2776
290	2070	1.5326	3.0811	1.2763	1.5283	3.0676	1.2768
291	2070	1.5217	3.0795	1.2746	1.5318	3.0472	1.2742
292	2070	1.5108	3.0778	1.2729	1.5033	3.0434	1.2707
293	2070	1.5010	3.0758	1.2712	1.4948	3.0578	1.2696
294	2070	1.4914	3.0734	1.2695	1.4802	3.0605	1.2692
295	2070	1.4809	3.0700	1.2679	1.4814	3.0710	1.2682
296	2070	1.4706	3.0670	1.2663	1.4689	3.0703	1.2673
297	2070	1.4608	3.0648	1.2647	1.4629	3.0803	1.2648
298	2070	1.4510	3.0633	1.2629	1.4538	3.0666	1.2620
299	2070	1.4413	3.0621	1.2611	1.4490	3.0536	1.2576
300	2070	1.4320	3.0612	1.2593	1.4382	3.0677	1.2584
301	2070	1.4226	3.0598	1.2577	1.4237	3.0652	1.2560
302	2070	1.4133	3.0581	1.2561	1.4154	3.0785	1.2553
303	2070	1.4041	3.0566	1.2544	1.4141	3.0712	1.2541
304	2070	1.3942	3.0556	1.2528	1.3984	3.0652	1.2529
305	2070	1.3850	3.0541	1.2513	1.3956	3.0592	1.2501
306	2070	1.3759	3.0512	1.2498	1.3796	3.0496	1.2496
307	2070	1.3672	3.0477	1.2485	1.3600	3.0431	1.2497
308	2070	1.3580	3.0439	1.2471	1.3518	3.0526	1.2493
309	2070	1.3490	3.0391	1.2457	1.3383	3.0532	1.2464
310	2070	1.3398	3.0333	1.2444	1.3237	3.0483	1.2441
311	2070	1.3308	3.0275	1.2431	1.3147	3.0562	1.2414
312	2070	1.3219	3.0220	1.2420	1.3143	3.0540	1.2381
313	2070	1.3139	3.0159	1.2408	1.3077	3.0367	1.2380
314	2070	1.3064	3.0094	1.2397	1.3029	3.0347	1.2380
315	2070	1.2993	3.0026	1.2385	1.2975	3.0298	1.2356
316	2070	1.2919	2.9954	1.2373	1.2846	3.0210	1.2338
317	2070	1.2847	2.9879	1.2360	1.2743	3.0073	1.2327
318	2070	1.2777	2.9798	1.2348	1.2676	2.9847	1.2325
319	2070	1.2708	2.9713	1.2335	1.2605	2.9725	1.2353
320	2070	1.2643	2.9629	1.2323	1.2531	2.9754	1.2343
321	2070	1.2581	2.9537	1.2309	1.2439	2.9516	1.2324
322	2070	1.2518	2.9445	1.2295	1.2312	2.9337	1.2323
323	2070	1.2457	2.9359	1.2283	1.2298	2.9222	1.2300
324	2070	1.2397	2.9263	1.2272	1.2273	2.9165	1.2297
325	2070	1.2336	2.9164	1.2261	1.2373	2.9140	1.2290
326	2070	1.2269	2.9063	1.2250	1.2376	2.9037	1.2274
327	2070	1.2199	2.8963	1.2238	1.2359	2.9083	1.2252
328	2070	1.2125	2.8864	1.2226	1.2291	2.8910	1.2242
329	2070	1.2048	2.8768	1.2213	1.2203	2.8794	1.2217
330	2070	1.1968	2.8677	1.2200	1.2185	2.8557	1.2189
331	2070	1.1884	2.8589	1.2187	1.2075	2.8381	1.2180
332	2070	1.1800	2.8501	1.2172	1.1991	2.8313	1.2180
333	2070	1.1715	2.8403	1.2157	1.1966	2.8243	1.2150
334	2070	1.1632	2.8311	1.2142	1.1803	2.8225	1.2131
335	2070	1.1547	2.8215	1.2126	1.1712	2.8325	1.2131
336	2070	1.1456	2.8123	1.2111	1.1655	2.8158	1.2132
337	2070	1.1362	2.8031	1.2096	1.1596	2.8062	1.2114
338	2070	1.1264	2.7930	1.2080	1.1405	2.7858	1.2090
339	2070	1.1165	2.7834	1.2064	1.1293	2.7848	1.2081
340	2070	1.1059	2.7725	1.2047	1.1125	2.7817	1.2056
341	2070	1.0958	2.7618	1.2030	1.0916	2.7810	1.2016
342	2070	1.0859	2.7514	1.2012	1.0749	2.7808	1.2008
343	2070	1.0756	2.7419	1.1996	1.0579	2.7632	1.1997
344	2070	1.0657	2.7332	1.1980	1.0501	2.7517	1.1975
345	2070	1.0557	2.7245	1.1964	1.0405	2.7310	1.1969
346	2070	1.0459	2.7157	1.1949	1.0354	2.7225	1.1953
347	2070	1.0368	2.7068	1.1935	1.0183	2.6941	1.1935
348	2070	1.0276	2.6972	1.1921	1.0037	2.6905	1.1915
349	2070	1.0183	2.6877	1.1906	0.9923	2.6867	1.1910
350	2070	1.0096	2.6783	1.1892	0.9932	2.6636	1.1890
351	2070	1.0015	2.6699	1.1878	0.9885	2.6613	1.1877
352	2070	0.9933	2.6613	1.1864	0.9722	2.6362	1.1845
353	2070	0.9856	2.6525	1.1852	0.9746	2.6253	1.1800
354	2070	0.9785	2.6441	1.1840	0.9730	2.6181	1.1777
355	2070	0.9721	2.6361	1.1828	0.9614	2.6172	1.1778
356	2070	0.9659	2.6285	1.1816	0.9604	2.6229	1.1782
357	2070	0.9598	2.6210	1.1805	0.9501	2.6123	1.1784
358	2070	0.9538	2.6140	1.1794	0.9517	2.6037	1.1782
359	2070	0.9477	2.6073	1.1782	0.9508	2.6010	1.1787
360	2070	0.9419	2.6014	1.1769	0.9430	2.5929	1.1780
361	2070	0.9363	2.5957	1.1757	0.9328	2.5784	1.1756
362	2070	0.9311	2.5903	1.1745	0.9417	2.5706	1.1755
363	2070	0.9252	2.5855	1.1732	0.9375	2.5753	1.1746
364	2070	0.9193	2.5807	1.1718	0.9252	2.5694	1.1733
365	2070	0.9132	2.5766	1.1705	0.9186	2.5633	1.1739
366	2070	0.9068	2.5722	1.1692	0.9156	2.5695	1.1731
367	2070	0.9000	2.5681	1.1680	0.9138	2.5828	1.1710
368	2070	0.8934	2.5632	1.1667	0.9023	2.5730	1.1702
369	2070	0.8864	2.5578	1.1653	0.8976	2.5632	1.1689
370	2070	0.8799	2.5523	1.1638	0.8902	2.5569	1.1687
371	2070	0.8730	2.5463	1.1621	0.8835	2.5534	1.1654
372	2070	0.8660	2.5399	1.1603	0.8738	2.5477	1.1628
373	2070	0.8590	2.5329	1.1585	0.8645	2.5472	1.1611
374	2070	0.8522	2.5264	1.1566	0.8608	2.5516	1.1590
375	2070	0.8449	2.5203	1.1547	0.8477	2.5435	1.1573
376	2070	0.8375	2.5140	1.1528	0.8398	2.5427	1.1536
377	2070	0.8302	2.5072	1.1509	0.8196	2.5320	1.1505
378	2070	0.8233	2.5002	1.1488	0.8138	2.5170	1.1479
379	2070	0.8162	2.4929	1.1468	0.8045	2.5137	1.1484
380	2070	0.8092	2.4845	1.1448	0.7953	2.4969	1.1463
381	2070	0.8028	2.4764	1.1429	0.7869	2.4863	1.1428
382	2070	0.7965	2.4681	1.1410	0.7859	2.4743	1.1410
383	2070	0.7905	2.4595	1.1392	0.7786	2.4544	1.1348
384	2070	0.7845	2.4510	1.1374	0.7765	2.4413	1.1338
385	2070	0.7788	2.4427	1.1357	0.7683	2.4189	1.1322
386	2070	0.7735	2.4347	1.1340	0.7643	2.4158	1.1295
387	2070	0.7681	2.4262	1.1324	0.7568	2.4170	1.1277
388	2070	0.7632	2.4176	1.1310	0.7524	2.4183	1.1270
389	2070	0.7585	2.4083	1.1296	0.7449	2.4000	1.1247
390	2070	0.7543	2.3991	1.1283	0.7440	2.3887	1.1235
391	2070	0.7504	2.3905	1.1271	0.7400	2.3849	1.1220
392	2070	0.7471	2.3816	1.1257	0.7373	2.3742	1.1217
393	2070	0.7443	2.3726	1.1244	0.7423	2.3692	1.1210
394	2070	0.7418	2.3633	1.1232	0.7401	2.3578	1.1230
395	2070	0.7397	2.3538	1.1220	0.7396	2.3415	1.1229
396	2070	0.7376	2.3445	1.1211	0.7347	2.3407	1.1198
397	2070	0.7357	2.3353	1.1201	0.7315	2.3404	1.1208
398	2070	0.7338	2.3268	1.1191	0.7314	2.3458	1.1197
399	2070	0.7322	2.3184	1.1181	0.7268	2.3396	1.1194
400	2070	0.7305	2.3096	1.1171	0.7242	2.3281	1.1209
401	2070	0.7291	2.3004	1.1160	0.7229	2.3108	1.1197
402	2070	0.7277	2.2922	1.1148	0.7149	2.3018	1.1182
403	2070	0.7262	2.2843	1.1136	0.7162	2.3035	1.1162
404	2070	0.7250	2.2756	1.1123	0.7213	2.2911	1.1143
405	2070	0.7241	2.2662	1.1109	0.7254	2.2715	1.1141
406	2070	0.7227	2.2569	1.1095	0.7250	2.2537	1.1118
407	2070	0.7217	2.2478	1.1079	0.7324	2.2358	1.1107
408	2070	0.7212	2.2386	1.1063	0.7266	2.2235	1.1124
409	2070	0.7209	2.2292	1.1047	0.7282	2.2108	1.1099
410	2070	0.7209	2.2197	1.1029	0.7227	2.2048	1.1062
411	2070	0.7208	2.2093	1.1012	0.7233	2.2077	1.1056
412	2070	0.7211	2.1984	1.0995	0.7140	2.1961	1.1022
413	2070	0.7215	2.1876	1.0976	0.7186	2.1875	1.0998
414	2070	0.7222	2.1776	1.0955	0.7093	2.1961	1.0950
415	2070	0.7233	2.1683	1.0934	0.7071	2.1897	1.0921
416	2070	0.7243	2.1589	1.0915	0.7099	2.1674	1.0897
417	2070	0.7256	2.1499	1.0896	0.7135	2.1407	1.0871
418	2070	0.7266	2.1412	1.0877	0.7077	2.1366	1.0848
419	2070	0.7280	2.1339	1.0858	0.7160	2.1295	1.0834
420	2070	0.7291	2.1271	1.0839	0.7266	2.1132	1.0831
421	2070	0.7306	2.1208	1.0819	0.7283	2.1056	1.0803
422	2070	0.7320	2.1151	1.0799	0.7302	2.1023	1.0762
423	2070	0.7335	2.1093	1.0780	0.7297	2.0841	1.0769
424	2070	0.7352	2.1033	1.0761	0.7325	2.0682	1.0770
425	2070	0.7372	2.0974	1.0741	0.7349	2.0585	1.0727
426	2070	0.7395	2.0918	1.0722	0.7401	2.0604	1.0667
427	2070	0.7423	2.0859	1.0704	0.7423	2.0687	1.0670
428	2070	0.7451	2.0802	1.0687	0.7411	2.0693	1.0686
429	2070	0.7479	2.0748	1.0670	0.7550	2.0647	1.0669
430	2070	0.7504	2.0707	1.0653	0.7504	2.0542	1.0664
431	2070	0.7532	2.0665	1.0638	0.7592	2.0727	1.0649
432	2070	0.7556	2.0627	1.0624	0.7610	2.0650	1.0632
433	2070	0.7574	2.0599	1.0610	0.7645	2.0673	1.0624
434	2070	0.7591	2.0569	1.0597	0.7611	2.0667	1.0602
435	2070	0.7605	2.0533	1.0585	0.7601	2.0594	1.0584
436	2070	0.7622	2.0496	1.0572	0.7679	2.0587	1.0565
437	2070	0.7640	2.0460	1.0558	0.7638	2.0496	1.0543
438	2070	0.7657	2.0430	1.0545	0.7755	2.0466	1.0522
439	2070	0.7673	2.0403	1.0534	0.7802	2.0486	1.0503
440	2070	0.7686	2.0370	1.0523	0.7752	2.0457	1.0489
441	2070	0.7696	2.0333	1.0511	0.7796	2.0343	1.0455
442	2070	0.7706	2.0293	1.0499	0.7769	2.0386	1.0464
443	2070	0.7717	2.0258	1.0488	0.7772	2.0299	1.0457
444	2070	0.7723	2.0214	1.0477	0.7767	2.0342	1.0484
445	2070	0.7724	2.0170	1.0467	0.7724	2.0440	1.0482
446	2070	0.7720	2.0127	1.0457	0.7706	2.0299	1.0477
447	2070	0.7716	2.0080	1.0448	0.7651	2.0134	1.0481
448	2070	0.7713	2.0034	1.0439	0.7704	1.9905	1.0431
449	2070	0.7708	1.9992	1.0430	0.7775	1.9800	1.0421
450	2070	0.7706	1.9953	1.0423	0.7787	1.9831	1.0401
451	2070	0.7700	1.9910	1.0416	0.7806	1.9925	1.0401
452	2070	0.7695	1.9856	1.0410	0.7738	1.9871	1.0390
453	2070	0.7691	1.9798	1.0403	0.7674	1.9767	1.0372
454	2070	0.7687	1.9748	1.0398	0.7796	1.9628	1.0387
455	2070	0.7683	1.9691	1.0392	0.7771	1.9679	1.0381
456	2070	0.7677	1.9642	1.0386	0.7733	1.9621	1.0373
457	2070	0.7671	1.9592	1.0379	0.7642	1.9564	1.0387
458	2070	0.7666	1.9542	1.0371	0.7538	1.9588	1.0364
459	2070	0.7660	1.9497	1.0362	0.7520	1.9493	1.0375
460	2070	0.7652	1.9454	1.0351	0.7522	1.9445	1.0362
461	2070	0.7638	1.9417	1.0343	0.7564	1.9532	1.0354
462	2070	0.7621	1.9385	1.0335	0.7585	1.9526	1.0354
463	2070	0.7603	1.9352	1.0326	0.7605	1.9380	1.0352
464	2070	0.7583	1.9309	1.0317	0.7684	1.9145	1.0348
465	2070	0.7568	1.9257	1.0309	0.7634	1.9015	1.0323
466	2070	0.7552	1.9209	1.0300	0.7696	1.9078	1.0321
467	2070	0.7530	1.9162	1.0291	0.7681	1.8976	1.0320
468	2070	0.7508	1.9112	1.0282	0.7629	1.9070	1.0308
469	2070	0.7484	1.9052	1.0274	0.7613	1.9098	1.0307
470	2070	0.7465	1.8992	1.0265	0.7605	1.9189	1.0281
471	2070	0.7447	1.8930	1.0255	0.7550	1.9173	1.0243
472	2070	0.7431	1.8873	1.0245	0.7455	1.9051	1.0224
473	2070	0.7413	1.8818	1.0235	0.7356	1.8986	1.0224
474	2070	0.7394	1.8762	1.0225	0.7339	1.8986	1.0218
475	2070	0.7372	1.8703	1.0215	0.7335	1.9024	1.0186
476	2070	0.7342	1.8650	1.0204	0.7316	1.8834	1.0173
477	2070	0.7312	1.8598	1.0193	0.7357	1.8574	1.0176
478	2070	0.7282	1.8550	1.0183	0.7272	1.8572	1.0163
479	2070	0.7250	1.8496	1.0173	0.7256	1.8439	1.0163
480	2070	0.7219	1.8443	1.0163	0.7215	1.8437	1.0155
481	2070	0.7191	1.8390	1.0153	0.7138	1.8119	1.0166
482	2070	0.7164	1.8335	1.0142	0.7160	1.8073	1.0156
483	2070	0.7141	1.8276	1.0133	0.7096	1.8046	1.0130
484	2070	0.7121	1.8218	1.0126	0.7098	1.8055	1.0125
485	2070	0.7105	1.8168	1.0119	0.7081	1.8069	1.0112
486	2070	0.7091	1.8123	1.0112	0.7086	1.8136	1.0097
487	2070	0.7078	1.8076	1.0106	0.7046	1.8055	1.0097
488	2070	0.7061	1.8025	1.0101	0.6853	1.8038	1.0085
489	2070	0.7049	1.7974	1.0097	0.6920	1.7863	1.0078
490	2070	0.7037	1.7930	1.0092	0.6905	1.7819	1.0064
491	2070	0.7028	1.7885	1.0088	0.6877	1.7723	1.0061
492	2070	0.7022	1.7847	1.0083	0.6924	1.7654	1.0069
493	2070	0.7016	1.7804	1.0080	0.6915	1.7735	1.0057
494	2070	0.7007	1.7775	1.0076	0.6934	1.7724	1.0049
495	2070	0.6998	1.7744	1.0071	0.7029	1.7722	1.0053
496	2070	0.6992	1.7712	1.0067	0.7066	1.7708	1.0058
497	2070	0.6985	1.7675	1.0063	0.7041	1.7804	1.0052
498	2070	0.6979	1.7635	1.0059	0.7027	1.7855	1.0063
499	2070	0.6971	1.7585	1.0055	0.6993	1.7817	1.0065
500	2070	0.6963	1.7538	1.0051	0.6930	1.7766	1.0057
501	2070	0.6965	1.7493	1.0046	0.7007	1.7557	1.0059
502	2070	0.6963	1.7450	1.0041	0.7061	1.7458	1.0062
503	2070	0.6961	1.7406	1.0036	0.7054	1.7463	1.0053
504	2070	0.6960	1.7363	1.0032	0.7094	1.7472	1.0061
505	2070	0.6961	1.7318	1.0028	0.7069	1.7380	1.0067
506	2070	0.6959	1.7265	1.0025	0.6908	1.7380	1.0067
507	2070	0.6957	1.7207	1.0021	0.6933	1.7311	1.0041
508	2070	0.6950	1.7142	1.0016	0.6946	1.7228	1.0028
509	2070	0.6942	1.7075	1.0011	0.6921	1.7133	1.0012
510	2070	0.6935	1.7004	1.0007	0.6938	1.7077	1.0014
511	2070	0.6928	1.6929	1.0002	0.6874	1.6890	1.0003
512	2070	0.6925	1.6853	0.9995	0.6858	1.6864	0.9997
513	2070	0.6925	1.6774	0.9988	0.6888	1.6934	0.9966
514	2070	0.6923	1.6701	0.9981	0.6884	1.6768	0.9944
515	2070	0.6919	1.6639	0.9975	0.6863	1.6728	0.9952
516	2070	0.6914	1.6574	0.9968	0.6851	1.6638	0.9958
517	2070	0.6904	1.6505	0.9960	0.6945	1.6548	0.9969
518	2070	0.6897	1.6441	0.9952	0.6864	1.6397	0.9961
519	2070	0.6895	1.6380	0.9944	0.6867	1.6273	0.9953
520	2070	0.6895	1.6317	0.9936	0.6877	1.6094	0.9941
521	2070	0.6891	1.6258	0.9929	0.6861	1.6045	0.9941
522	2070	0.6890	1.6201	0.9923	0.6847	1.6024	0.9940
523	2070	0.6886	1.6141	0.9917	0.6857	1.5982	0.9929
524	2070	0.6884	1.6085	0.9910	0.6920	1.5918	0.9899
525	2070	0.6884	1.6026	0.9903	0.6926	1.5785	0.9886
526	2070	0.6882	1.5964	0.9897	0.6966	1.5732	0.9893
527	2070	0.6884	1.5907	0.9891	0.6951	1.5905	0.9894
528	2070	0.6888	1.5846	0.9884	0.6930	1.5840	0.9881
529	2070	0.6892	1.5791	0.9878	0.6845	1.5751	0.9857
530	2070	0.6888	1.5737	0.9872	0.6906	1.5789	0.9870
531	2070	0.6887	1.5680	0.9865	0.6859	1.5839	0.9859
532	2070	0.6885	1.5623	0.9859	0.6924	1.5734	0.9850
533	2070	0.6884	1.5564	0.9853	0.6859	1.5753	0.9866
534	2070	0.6882	1.5506	0.9846	0.6900	1.5705	0.9849
535	2070	0.6877	1.5442	0.9839	0.6838	1.5601	0.9858
536	2070	0.6867	1.5373	0.9831	0.6818	1.5483	0.9845
537	2070	0.6856	1.5305	0.9825	0.6847	1.5393	0.9825
538	2070	0.6844	1.5248	0.9819	0.6840	1.5379	0.9795
539	2070	0.6830	1.5192	0.9813	0.6944	1.5327	0.9794
540	2070	0.6819	1.5129	0.9806	0.6968	1.5215	0.9785
541	2070	0.6805	1.5065	0.9801	0.6927	1.5269	0.9809
542	2070	0.6792	1.5005	0.9796	0.6851	1.5199	0.9815
543	2070	0.6776	1.4940	0.9791	0.6840	1.4955	0.9798
544	2070	0.6760	1.4873	0.9786	0.6835	1.4851	0.9801
545	2070	0.6739	1.4809	0.9781	0.6833	1.4625	0.9777
546	2070	0.6721	1.4745	0.9775	0.6812	1.4590	0.9779
547	2070	0.6702	1.4679	0.9769	0.6723	1.4427	0.9756
548	2070	0.6685	1.4613	0.9762	0.6609	1.4255	0.9744
549	2070	0.6666	1.4553	0.9756	0.6649	1.4224	0.9728
550	2070	0.6648	1.4490	0.9751	0.6616	1.4349	0.9738
551	2070	0.6629	1.4425	0.9748	0.6616	1.4334	0.9743
552	2070	0.6604	1.4363	0.9746	0.6691	1.4351	0.9736
553	2070	0.6577	1.4303	0.9744	0.6565	1.4232	0.9738
554	2070	0.6552	1.4238	0.9742	0.6528	1.4243	0.9741
555	2070	0.6529	1.4174	0.9740	0.6500	1.4161	0.9744
556	2070	0.6505	1.4119	0.9740	0.6461	1.4182	0.9743
557	2070	0.6479	1.4064	0.9739	0.6417	1.4127	0.9727
558	2070	0.6454	1.4016	0.9739	0.6396	1.4145	0.9702
559	2070	0.6428	1.3966	0.9739	0.6435	1.4053	0.9702
560	2070	0.6405	1.3922	0.9740	0.6394	1.3965	0.9689
561	2070	0.6388	1.3881	0.9741	0.6358	1.3963	0.9686
562	2070	0.6369	1.3839	0.9742	0.6395	1.3840	0.9704
563	2070	0.6352	1.3791	0.9742	0.6355	1.3753	0.9719
564	2070	0.6336	1.3745	0.9743	0.6332	1.3778	0.9736
565	2070	0.6319	1.3692	0.9744	0.6293	1.3706	0.9741
566	2070	0.6307	1.3643	0.9744	0.6294	1.3647	0.9762
567	2070	0.6297	1.3595	0.9744	0.6274	1.3606	0.9778
568	2070	0.6290	1.3545	0.9744	0.6249	1.3558	0.9783
569	2070	0.6287	1.3493	0.9745	0.6179	1.3483	0.9778
570	2070	0.6286	1.3445	0.9745	0.6206	1.3417	0.9773
571	2070	0.6286	1.3393	0.9746	0.6169	1.3361	0.9789
572	2070	0.6283	1.3349	0.9746	0.6151	1.3312	0.9775
573	2070	0.6278	1.3311	0.9748	0.6187	1.3247	0.9770
574	2070	0.6268	1.3275	0.9750	0.6168	1.3166	0.9761
575	2070	0.6257	1.3247	0.9750	0.6176	1.3143	0.9740
576	2070	0.6246	1.3219	0.9750	0.6223	1.3188	0.9761
577	2070	0.6236	1.3190	0.9747	0.6269	1.3031	0.9757
578	2070	0.6226	1.3162	0.9744	0.6269	1.3004	0.9738
579	2070	0.6214	1.3131	0.9740	0.6270	1.3035	0.9742
580	2070	0.6205	1.3101	0.9735	0.6334	1.2919	0.9749
581	2070	0.6197	1.3075	0.9730	0.6387	1.2876	0.9755
582	2070	0.6194	1.3051	0.9725	0.6378	1.2917	0.9730
583	2070	0.6189	1.3031	0.9721	0.6396	1.2847	0.9725
584	2070	0.6190	1.3014	0.9716	0.6358	1.2968	0.9722
585	2070	0.6192	1.2999	0.9711	0.6277	1.3018	0.9729
586	2070	0.6190	1.2986	0.9706	0.6116	1.3061	0.9730
587	2070	0.6189	1.2977	0.9702	0.6115	1.3140	0.9719
588	2070	0.6188	1.2959	0.9699	0.6085	1.3039	0.9698
589	2070	0.6182	1.2940	0.9694	0.6077	1.3070	0.9682
590	2070	0.6174	1.2927	0.9689	0.6049	1.3001	0.9652
591	2070	0.6166	1.2913	0.9686	0.5984	1.2854	0.9663
592	2070	0.6156	1.2893	0.9680	0.6063	1.2879	0.9660
593	2070	0.6145	1.2877	0.9674	0.6050	1.2894	0.9660
594	2070	0.6130	1.2860	0.9668	0.6103	1.2898	0.9657
595	2070	0.6116	1.2841	0.9662	0.6059	1.2898	0.9662
596	2070	0.6101	1.2823	0.9655	0.6196	1.2934	0.9656
597	2070	0.6088	1.2802	0.9648	0.6200	1.2937	0.9651
598	2070	0.6077	1.2779	0.9641	0.6139	1.2921	0.9655
599	2070	0.6070	1.2755	0.9633	0.6154	1.2945	0.9654
600	2070	0.6062	1.2729	0.9625	0.6137	1.2695	0.9681
601	2070	0.6055	1.2708	0.9617	0.6085	1.2715	0.9632
602	2070	0.6046	1.2683	0.9610	0.6080	1.2703	0.9631
603	2070	0.6038	1.2662	0.9605	0.6059	1.2657	0.9646
604	2070	0.6032	1.2646	0.9598	0.6029	1.2533	0.9607
605	2070	0.6022	1.2630	0.9592	0.6042	1.2528	0.9594
606	2070	0.6011	1.2612	0.9586	0.6019	1.2447	0.9595
607	2070	0.5997	1.2593	0.9579	0.6035	1.2444	0.9576
608	2070	0.5981	1.2574	0.9573	0.6020	1.2393	0.9556
609	2070	0.5958	1.2551	0.9566	0.6032	1.2454	0.9548
610	2070	0.5931	1.2525	0.9561	0.5986	1.2441	0.9548
611	2070	0.5909	1.2498	0.9556	0.5943	1.2454	0.9531
612	2070	0.5888	1.2468	0.9549	0.5921	1.2489	0.9517
613	2070	0.5864	1.2446	0.9541	0.5901	1.2504	0.9509
614	2070	0.5842	1.2424	0.9534	0.5870	1.2468	0.9518
615	2070	0.5817	1.2400	0.9527	0.5852	1.2464	0.9504
616	2070	0.5792	1.2375	0.9520	0.5834	1.2452	0.9497
617	2070	0.5765	1.2349	0.9514	0.5806	1.2475	0.9505
618	2070	0.5735	1.2323	0.9509	0.5783	1.2440	0.9506
619	2070	0.5705	1.2303	0.9504	0.5742	1.2442	0.9501
620	2070	0.5671	1.2280	0.9499	0.5657	1.2426	0.9497
621	2070	0.5636	1.2257	0.9494	0.5617	1.2340	0.9499
622	2070	0.5598	1.2224	0.9489	0.5543	1.2286	0.9518
623	2070	0.5558	1.2187	0.9483	0.5568	1.2244	0.9532
624	2070	0.5522	1.2146	0.9479	0.5632	1.2204	0.9488
625	2070	0.5486	1.2099	0.9475	0.5545	1.2161	0.9474
626	2070	0.5451	1.2051	0.9471	0.5529	1.2149	0.9456
627	2070	0.5414	1.2003	0.9466	0.5468	1.2095	0.9461
628	2070	0.5375	1.1959	0.9462	0.5430	1.2033	0.9454
629	2070	0.5335	1.1915	0.9459	0.5344	1.1905	0.9472
630	2070	0.5297	1.1871	0.9455	0.5286	1.1867	0.9462
631	2070	0.5259	1.1827	0.9451	0.5279	1.1936	0.9458
632	2070	0.5221	1.1781	0.9447	0.5197	1.1875	0.9462
633	2070	0.5184	1.1734	0.9443	0.5136	1.1812	0.9439
634	2070	0.5150	1.1684	0.9440	0.5074	1.1637	0.9410
635	2070	0.5118	1.1638	0.9435	0.4991	1.1518	0.9415
636	2070	0.5081	1.1594	0.9429	0.5038	1.1418	0.9420
637	2070	0.5040	1.1548	0.9426	0.5030	1.1319	0.9408
638	2070	0.5001	1.1504	0.9423	0.5023	1.1301	0.9418
639	2070	0.4963	1.1459	0.9422	0.4958	1.1274	0.9402
640	2070	0.4926	1.1413	0.9419	0.4860	1.1369	0.9401
641	2070	0.4890	1.1370	0.9417	0.4828	1.1360	0.9405
642	2070	0.4860	1.1332	0.9415	0.4859	1.1366	0.9419
643	2070	0.4833	1.1293	0.9412	0.4846	1.1336	0.9406
644	2070	0.4806	1.1247	0.9411	0.4782	1.1289	0.9392
645	2070	0.4782	1.1203	0.9409	0.4745	1.1251	0.9410
646	2070	0.4761	1.1160	0.9408	0.4750	1.1105	0.9414
647	2070	0.4741	1.1122	0.9407	0.4753	1.1120	0.9388
648	2070	0.4725	1.1089	0.9407	0.4648	1.1141	0.9396
649	2070	0.4708	1.1054	0.9406	0.4611	1.1055	0.9408
650	2070	0.4692	1.1033	0.9406	0.4567	1.1061	0.9407
651	2070	0.4676	1.1010	0.9405	0.4580	1.1027	0.9411
652	2070	0.4663	1.0988	0.9406	0.4527	1.0951	0.9406
653	2070	0.4654	1.0963	0.9406	0.4527	1.0963	0.9404
654	2070	0.4646	1.0943	0.9406	0.4598	1.0938	0.9403
655	2070	0.4637	1.0919	0.9404	0.4608	1.0906	0.9408
656	2070	0.4627	1.0894	0.9403	0.4627	1.0794	0.9421
657	2070	0.4620	1.0872	0.9402	0.4588	1.0766	0.9417
658	2070	0.4614	1.0850	0.9399	0.4603	1.0725	0.9408
659	2070	0.4609	1.0838	0.9396	0.4583	1.0707	0.9401
660	2070	0.4608	1.0823	0.9394	0.4600	1.0677	0.9398
661	2070	0.4612	1.0806	0.9392	0.4607	1.0552	0.9403
662	2070	0.4619	1.0795	0.9389	0.4632	1.0794	0.9410
663	2070	0.4626	1.0782	0.9387	0.4624	1.0734	0.9397
664	2070	0.4629	1.0765	0.9384	0.4629	1.0718	0.9421
665	2070	0.4635	1.0749	0.9383	0.4634	1.0735	0.9402
666	2070	0.4640	1.0731	0.9382	0.4615	1.0862	0.9399
667	2070	0.4643	1.0712	0.9382	0.4632	1.0759	0.9384
668	2070	0.4644	1.0691	0.9380	0.4616	1.0729	0.9378
669	2070	0.4645	1.0669	0.9378	0.4602	1.0727	0.9365
670	2070	0.4647	1.0646	0.9376	0.4591	1.0716	0.9327
671	2070	0.4650	1.0624	0.9373	0.4626	1.0787	0.9346
672	2070	0.4653	1.0602	0.9372	0.4719	1.0762	0.9337
673	2070	0.4658	1.0581	0.9371	0.4754	1.0717	0.9337
674	2070	0.4665	1.0565	0.9370	0.4777	1.0768	0.9336
675	2070	0.4670	1.0539	0.9369	0.4761	1.0723	0.9347
676	2070	0.4671	1.0515	0.9368	0.4656	1.0609	0.9351
677	2070	0.4674	1.0490	0.9366	0.4677	1.0560	0.9367
678	2070	0.4676	1.0460	0.9366	0.4650	1.0511	0.9388
679	2070	0.4684	1.0424	0.9364	0.4676	1.0453	0.9389
680	2070	0.4690	1.0387	0.9363	0.4630	1.0388	0.9376
681	2070	0.4695	1.0348	0.9361	0.4647	1.0252	0.9373
682	2070	0.4701	1.0308	0.9360	0.4638	1.0179	0.9356
683	2070	0.4704	1.0268	0.9359	0.4671	1.0168	0.9347
684	2070	0.4706	1.0227	0.9358	0.4667	1.0164	0.9374
685	2070	0.4706	1.0183	0.9357	0.4717	1.0165	0.9362
686	2070	0.4702	1.0140	0.9355	0.4785	1.0145	0.9376
687	2070	0.4697	1.0095	0.9355	0.4743	1.0130	0.9384
688	2070	0.4693	1.0048	0.9353	0.4653	1.0140	0.9382
689	2070	0.4692	1.0002	0.9351	0.4702	1.0097	0.9374
690	2070	0.4691	0.9959	0.9347	0.4704	0.9999	0.9384
691	2070	0.4693	0.9919	0.9342	0.4812	0.9945	0.9362
692	2070	0.4696	0.9881	0.9337	0.4774	0.9827	0.9343
693	2070	0.4699	0.9846	0.9333	0.4752	0.9762	0.9351
694	2070	0.4702	0.9819	0.9329	0.4728	0.9732	0.9324
695	2070	0.4707	0.9795	0.9325	0.4686	0.9726	0.9312
696	2070	0.4710	0.9773	0.9321	0.4673	0.9752	0.9316
697	2070	0.4713	0.9747	0.9316	0.4703	0.9665	0.9308
698	2070	0.4714	0.9720	0.9313	0.4655	0.9642	0.9299
699	2070	0.4713	0.9694	0.9308	0.4651	0.9641	0.9326
700	2070	0.4712	0.9654	0.9303	0.4670	0.9543	0.9308
701	2070	0.4715	0.9618	0.9297	0.4637	0.9473	0.9284
702	2070	0.4717	0.9582	0.9292	0.4655	0.9471	0.9271
703	2070	0.4718	0.9548	0.9285	0.4693	0.9508	0.9274
704	2070	0.4717	0.9510	0.9278	0.4752	0.9517	0.9268
705	2070	0.4718	0.9478	0.9271	0.4699	0.9515	0.9278
706	2070	0.4720	0.9449	0.9264	0.4737	0.9565	0.9270
707	2070	0.4723	0.9423	0.9257	0.4757	0.9583	0.9256
708	2070	0.4730	0.9394	0.9251	0.4747	0.9603	0.9251
709	2070	0.4739	0.9363	0.9245	0.4743	0.9538	0.9251
710	2070	0.4751	0.9337	0.9240	0.4737	0.9485	0.9266
711	2070	0.4765	0.9312	0.9234	0.4753	0.9480	0.9267
712	2070	0.4775	0.9286	0.9228	0.4720	0.9148	0.9251
713	2070	0.4786	0.9267	0.9222	0.4731	0.9219	0.9242
714	2070	0.4797	0.9249	0.9217	0.4748	0.9216	0.9238
715	2070	0.4808	0.9232	0.9214	0.4744	0.9140	0.9205
716	2070	0.4819	0.9213	0.9211	0.4784	0.9004	0.9185
717	2070	0.4827	0.9194	0.9207	0.4787	0.9028	0.9165
718	2070	0.4838	0.9182	0.9204	0.4816	0.9039	0.9181
719	2070	0.4847	0.9166	0.9202	0.4802	0.9062	0.9166
720	2070	0.4856	0.9149	0.9199	0.4848	0.9004	0.9154
721	2070	0.4868	0.9129	0.9197	0.4905	0.8997	0.9163
722	2070	0.4880	0.9112	0.9195	0.4993	0.9002	0.9178
723	2070	0.4890	0.9096	0.9193	0.5009	0.9018	0.9163
724	2070	0.4900	0.9081	0.9190	0.4897	0.8986	0.9164
725	2070	0.4913	0.9077	0.9189	0.4945	0.9075	0.9156
726	2070	0.4925	0.9065	0.9188	0.4922	0.9030	0.9174
727	2070	0.4936	0.9053	0.9188	0.4920	0.9027	0.9183
728	2070	0.4948	0.9045	0.9190	0.4967	0.9039	0.9191
729	2070	0.4955	0.9045	0.9192	0.4968	0.9053	0.9189
730	2070	0.4963	0.9044	0.9193	0.4978	0.9201	0.9199
731	2070	0.4969	0.9044	0.9194	0.4963	0.9168	0.9203
732	2070	0.4979	0.9042	0.9196	0.4983	0.9153	0.9190
733	2070	0.4987	0.9042	0.9198	0.5030	0.9128	0.9200
734	2070	0.4994	0.9040	0.9200	0.5041	0.9093	0.9199
735	2070	0.4999	0.9040	0.9202	0.4991	0.9093	0.9206
736	2070	0.5002	0.9039	0.9204	0.5012	0.9106	0.9208
737	2070	0.5011	0.9039	0.9207	0.5046	0.9042	0.9218
738	2070	0.5017	0.9035	0.9209	0.5015	0.8921	0.9228
739	2070	0.5023	0.9031	0.9212	0.5038	0.8913	0.9242
740	2070	0.5030	0.9024	0.9215	0.5041	0.8948	0.9244
741	2070	0.5038	0.9014	0.9216	0.4953	0.9003	0.9225
742	2070	0.5048	0.9001	0.9217	0.5002	0.9010	0.9205
743	2070	0.5055	0.8980	0.9218	0.4965	0.9019	0.9200
744	2070	0.5062	0.8958	0.9219	0.5032	0.9019	0.9206
745	2070	0.5070	0.8935	0.9220	0.5063	0.9000	0.9216
746	2070	0.5075	0.8911	0.9220	0.5080	0.8955	0.9216
747	2070	0.5079	0.8886	0.9220	0.5108	0.9007	0.9221
748	2070	0.5085	0.8865	0.9220	0.5100	0.8998	0.9228
749	2070	0.5092	0.8842	0.9219	0.5120	0.8966	0.9219
750	2070	0.5095	0.8823	0.9218	0.5099	0.8975	0.9224
751	2070	0.5100	0.8805	0.9217	0.5067	0.8931	0.9244
752	2070	0.5106	0.8785	0.9215	0.5087	0.8860	0.9242
753	2070	0.5109	0.8763	0.9214	0.5166	0.8785	0.9224
754	2070	0.5119	0.8736	0.9213	0.5219	0.8731	0.9228
755	2070	0.5127	0.8709	0.9211	0.5164	0.8684	0.9224
756	2070	0.5135	0.8680	0.9208	0.5138	0.8601	0.9224
757	2070	0.5143	0.8649	0.9206	0.5180	0.8585	0.9212
758	2070	0.5149	0.8619	0.9204	0.5140	0.8531	0.9210
759	2070	0.5157	0.8588	0.9202	0.5156	0.8473	0.9199
760	2070	0.5163	0.8552	0.9200	0.5139	0.8567	0.9189
761	2070	0.5167	0.8515	0.9199	0.5173	0.8522	0.9193
762	2070	0.5166	0.8479	0.9197	0.5140	0.8578	0.9190
763	2070	0.5167	0.8439	0.9196	0.5132	0.8461	0.9211
764	2070	0.5171	0.8402	0.9193	0.5177	0.8406	0.9194
765	2070	0.5173	0.8367	0.9191	0.5136	0.8401	0.9214
766	2070	0.5172	0.8335	0.9190	0.5198	0.8325	0.9184
767	2070	0.5170	0.8305	0.9189	0.5190	0.8353	0.9156
768	2070	0.5168	0.8272	0.9190	0.5178	0.8287	0.9144
769	2070	0.5169	0.8242	0.9191	0.5224	0.8252	0.9143
770	2070	0.5168	0.8211	0.9193	0.5229	0.8252	0.9165
771	2070	0.5169	0.8179	0.9195	0.5275	0.8166	0.9172
772	2070	0.5171	0.8146	0.9199	0.5258	0.8122	0.9179
773	2070	0.5171	0.8108	0.9202	0.5201	0.8066	0.9184
774	2070	0.5171	0.8070	0.9206	0.5092	0.8069	0.9183
775	2070	0.5174	0.8032	0.9211	0.5123	0.7961	0.9187
776	2070	0.5178	0.7998	0.9214	0.5158	0.8007	0.9180
777	2070	0.5181	0.7965	0.9218	0.5135	0.7998	0.9192
778	2070	0.5186	0.7932	0.9222	0.5153	0.7986	0.9188
779	2070	0.5188	0.7900	0.9226	0.5154	0.7979	0.9220
780	2070	0.5190	0.7867	0.9231	0.5135	0.7857	0.9228
781	2070	0.5194	0.7834	0.9237	0.5149	0.7847	0.9253
782	2070	0.5200	0.7800	0.9243	0.5145	0.7802	0.9263
783	2070	0.5206	0.7766	0.9249	0.5175	0.7741	0.9271
784	2070	0.5210	0.7739	0.9255	0.5206	0.7651	0.9283
785	2070	0.5215	0.7711	0.9261	0.5148	0.7616	0.9283
786	2070	0.5221	0.7683	0.9266	0.5168	0.7572	0.9288
787	2070	0.5231	0.7659	0.9271	0.5202	0.7622	0.9299
788	2070	0.5241	0.7638	0.9276	0.5235	0.7616	0.9301
789	2070	0.5248	0.7615	0.9282	0.5260	0.7591	0.9297
790	2070	0.5256	0.7592	0.9287	0.5261	0.7566	0.9293
791	2070	0.5263	0.7573	0.9292	0.5244	0.7530	0.9286
792	2070	0.5272	0.7554	0.9296	0.5250	0.7526	0.9288
793	2070	0.5279	0.7540	0.9298	0.5281	0.7457	0.9298
794	2070	0.5287	0.7526	0.9299	0.5356	0.7407	0.9304
795	2070	0.5297	0.7517	0.9299	0.5383	0.7407	0.9315
796	2070	0.5307	0.7510	0.9299	0.5386	0.7479	0.9317
797	2070	0.5315	0.7506	0.9298	0.5381	0.7417	0.9318
798	2070	0.5327	0.7499	0.9297	0.5356	0.7383	0.9311
799	2070	0.5339	0.7493	0.9297	0.5331	0.7454	0.9320
800	2070	0.5351	0.7482	0.9295	0.5370	0.7434	0.9314
801	2070	0.5359	0.7471	0.9293	0.5340	0.7440	0.9323
802	2070	0.5368	0.7459	0.9292	0.5334	0.7427	0.9317
803	2070	0.5382	0.7446	0.9291	0.5336	0.7501	0.9316
804	2070	0.5396	0.7437	0.9291	0.5375	0.7505	0.9300
805	2070	0.5410	0.7429	0.9290	0.5312	0.7504	0.9279
806	2070	0.5418	0.7426	0.9290	0.5341	0.7514	0.9278
807	2070	0.5422	0.7423	0.9289	0.5398	0.7571	0.9270
808	2070	0.5423	0.7420	0.9287	0.5423	0.7572	0.9268
809	2070	0.5424	0.7414	0.9286	0.5404	0.7551	0.9265
810	2070	0.5424	0.7410	0.9285	0.5439	0.7435	0.9267
811	2070	0.5425	0.7407	0.9285	0.5476	0.7422	0.9271
812	2070	0.5425	0.7399	0.9285	0.5495	0.7352	0.9271
813	2070	0.5425	0.7392	0.9285	0.5450	0.7321	0.9250
814	2070	0.5428	0.7383	0.9285	0.5491	0.7297	0.9266
815	2070	0.5431	0.7376	0.9286	0.5610	0.7244	0.9275
816	2070	0.5436	0.7363	0.9287	0.5580	0.7314	0.9268
817	2070	0.5439	0.7352	0.9290	0.5592	0.7325	0.9274
818	2070	0.5447	0.7341	0.9293	0.5484	0.7374	0.9281
819	2070	0.5454	0.7331	0.9297	0.5476	0.7324	0.9283
820	2070	0.5459	0.7320	0.9300	0.5402	0.7333	0.9282
821	2070	0.5464	0.7309	0.9304	0.5407	0.7338	0.9292
822	2070	0.5469	0.7300	0.9308	0.5389	0.7315	0.9294
823	2070	0.5472	0.7293	0.9312	0.5359	0.7319	0.9305
824	2070	0.5472	0.7288	0.9317	0.5338	0.7251	0.9322
825	2070	0.5469	0.7281	0.9322	0.5374	0.7239	0.9313
826	2070	0.5467	0.7276	0.9328	0.5405	0.7230	0.9327
827	2070	0.5462	0.7271	0.9332	0.5422	0.7242	0.9331
828	2070	0.5451	0.7266	0.9337	0.5451	0.7192	0.9354
829	2070	0.5443	0.7262	0.9342	0.5467	0.7230	0.9369
830	2070	0.5434	0.7257	0.9348	0.5496	0.7221	0.9362
831	2070	0.5431	0.7255	0.9353	0.5517	0.7253	0.9356
832	2070	0.5430	0.7256	0.9357	0.5540	0.7295	0.9365
833	2070	0.5433	0.7256	0.9362	0.5548	0.7314	0.9358
834	2070	0.5432	0.7254	0.9366	0.5514	0.7313	0.9372
835	2070	0.5437	0.7251	0.9370	0.5519	0.7279	0.9371
836	2070	0.5445	0.7250	0.9374	0.5466	0.7280	0.9387
837	2070	0.5452	0.7250	0.9378	0.5419	0.7194	0.9387
838	2070	0.5459	0.7251	0.9382	0.5415	0.7194	0.9397
839	2070	0.5463	0.7250	0.9386	0.5372	0.7151	0.9378
840	2070	0.5468	0.7248	0.9390	0.5332	0.7139	0.9387
841	2070	0.5471	0.7244	0.9393	0.5361	0.7195	0.9406
842	2070	0.5477	0.7238	0.9395	0.5375	0.7208	0.9409
843	2070	0.5483	0.7229	0.9397	0.5417	0.7334	0.9410
844	2070	0.5489	0.7219	0.9400	0.5437	0.7344	0.9396
845	2070	0.5495	0.7205	0.9403	0.5487	0.7331	0.9399
846	2070	0.5499	0.7191	0.9406	0.5381	0.7276	0.9391
847	2070	0.5502	0.7176	0.9410	0.5518	0.7258	0.9404
848	2070	0.5506	0.7162	0.9414	0.5542	0.7286	0.9409
849	2070	0.5511	0.7149	0.9418	0.5530	0.7243	0.9409
850	2070	0.5515	0.7140	0.9422	0.5542	0.7274	0.9418
851	2070	0.5518	0.7131	0.9425	0.5514	0.7200	0.9431
852	2070	0.5523	0.7123	0.9430	0.5543	0.7185	0.9420
853	2070	0.5532	0.7116	0.9436	0.5533	0.7112	0.9425
854	2070	0.5540	0.7105	0.9440	0.5614	0.7064	0.9418
855	2070	0.5542	0.7091	0.9446	0.5647	0.7008	0.9416
856	2070	0.5540	0.7073	0.9450	0.5645	0.6996	0.9425
857	2070	0.5539	0.7052	0.9456	0.5713	0.6951	0.9440
858	2070	0.5538	0.7031	0.9461	0.5628	0.6949	0.9451
859	2070	0.5542	0.7012	0.9467	0.5595	0.6945	0.9470
860	2070	0.5546	0.6995	0.9471	0.5614	0.6939	0.9477
861	2070	0.5549	0.6979	0.9475	0.5593	0.6952	0.9470
862	2070	0.5551	0.6966	0.9478	0.5522	0.6974	0.9482
863	2070	0.5554	0.6952	0.9481	0.5484	0.6974	0.9486
864	2070	0.5559	0.6941	0.9482	0.5501	0.6949	0.9504
865	2070	0.5563	0.6929	0.9485	0.5573	0.6955	0.9521
866	2070	0.5568	0.6919	0.9487	0.5540	0.6929	0.9527
867	2070	0.5570	0.6910	0.9491	0.5427	0.6859	0.9544
868	2070	0.5570	0.6904	0.9495	0.5386	0.6865	0.9526
869	2070	0.5569	0.6896	0.9498	0.5394	0.6836	0.9527
870	2070	0.5565	0.6889	0.9500	0.5467	0.6796	0.9532
871	2070	0.5565	0.6880	0.9501	0.5477	0.6798	0.9542
872	2070	0.5568	0.6871	0.9502	0.5613	0.6838	0.9516
873	2070	0.5567	0.6865	0.9502	0.5617	0.6877	0.9506
874	2070	0.5569	0.6859	0.9502	0.5603	0.6920	0.9486
875	2070	0.5572	0.6850	0.9505	0.5613	0.6924	0.9478
876	2070	0.5575	0.6840	0.9506	0.5624	0.6925	0.9469
877	2070	0.5578	0.6831	0.9508	0.5646	0.6891	0.9480
878	2070	0.5577	0.6822	0.9509	0.5657	0.6876	0.9492
879	2070	0.5577	0.6810	0.9511	0.5670	0.6835	0.9514
880	2070	0.5586	0.6800	0.9512	0.5653	0.6858	0.9504
881	2070	0.5593	0.6786	0.9515	0.5615	0.6795	0.9511
882	2070	0.5598	0.6774	0.9517	0.5603	0.6758	0.9494
883	2070	0.5599	0.6764	0.9519	0.5645	0.6726	0.9473
884	2070	0.5599	0.6751	0.9520	0.5657	0.6738	0.9480
885	2070	0.5596	0.6736	0.9521	0.5601	0.6779	0.9478
886	2070	0.5593	0.6719	0.9522	0.5631	0.6792	0.9486
887	2070	0.5587	0.6699	0.9524	0.5599	0.6749	0.9535
888	2070	0.5580	0.6679	0.9526	0.5553	0.6746	0.9524
889	2070	0.5574	0.6662	0.9529	0.5574	0.6713	0.9541
890	2070	0.5570	0.6648	0.9530	0.5548	0.6721	0.9563
891	2070	0.5567	0.6633	0.9530	0.5558	0.6646	0.9571
892	2070	0.5564	0.6619	0.9530	0.5636	0.6590	0.9574
893	2070	0.5562	0.6606	0.9529	0.5561	0.6517	0.9584
894	2070	0.5560	0.6593	0.9527	0.5520	0.6546	0.9584
895	2070	0.5557	0.6579	0.9526	0.5500	0.6540	0.9575
896	2070	0.5550	0.6565	0.9525	0.5479	0.6479	0.9573
897	2070	0.5540	0.6552	0.9525	0.5530	0.6459	0.9541
898	2070	0.5536	0.6538	0.9523	0.5561	0.6450	0.9531
899	2070	0.5532	0.6523	0.9521	0.5439	0.6418	0.9541
900	2070	0.5530	0.6507	0.9515	0.5446	0.6438	0.9531
901	2070	0.5531	0.6498	0.9509	0.5463	0.6488	0.9533
902	2070	0.5533	0.6490	0.9502	0.5543	0.6534	0.9510
903	2070	0.5536	0.6484	0.9494	0.5599	0.6514	0.9498
904	2070	0.5537	0.6477	0.9487	0.5586	0.6490	0.9517
905	2070	0.5532	0.6471	0.9481	0.5604	0.6517	0.9480
906	2070	0.5529	0.6466	0.9475	0.5557	0.6485	0.9460
907	2070	0.5530	0.6459	0.9469	0.5537	0.6409	0.9465
908	2070	0.5533	0.6454	0.9463	0.5478	0.6358	0.9461
909	2070	0.5536	0.6448	0.9456	0.5388	0.6431	0.9463
910	2070	0.5538	0.6439	0.9451	0.5516	0.6430	0.9443
911	2070	0.5540	0.6428	0.9445	0.5519	0.6408	0.9426
912	2070	0.5538	0.6416	0.9439	0.5554	0.6355	0.9383
913	2070	0.5535	0.6404	0.9433	0.5586	0.6506	0.9370
914	2070	0.5534	0.6388	0.9426	0.5620	0.6524	0.9373
915	2070	0.5529	0.6371	0.9420	0.5630	0.6558	0.9371
916	2070	0.5520	0.6356	0.9415	0.5572	0.6487	0.9385
917	2070	0.5512	0.6345	0.9408	0.5511	0.6433	0.9421
918	2070	0.5502	0.6330	0.9403	0.5492	0.6393	0.9439
919	2070	0.5493	0.6318	0.9399	0.5534	0.6381	0.9441
920	2070	0.5485	0.6308	0.9395	0.5568	0.6398	0.9422
921	2070	0.5479	0.6302	0.9390	0.5575	0.6328	0.9403
922	2070	0.5476	0.6293	0.9386	0.5578	0.6242	0.9401
923	2070	0.5471	0.6285	0.9382	0.5593	0.6167	0.9392
924	2070	0.5465	0.6279	0.9379	0.5408	0.6138	0.9380
925	2070	0.5460	0.6275	0.9378	0.5374	0.6136	0.9375
926	2070	0.5452	0.6267	0.9378	0.5414	0.6078	0.9367
927	2070	0.5441	0.6262	0.9377	0.5421	0.6104	0.9359
928	2070	0.5428	0.6256	0.9377	0.5389	0.6151	0.9367
929	2070	0.5414	0.6254	0.9376	0.5375	0.6198	0.9361
930	2070	0.5403	0.6254	0.9373	0.5352	0.6142	0.9349
931	2070	0.5392	0.6259	0.9370	0.5340	0.6194	0.9358
932	2070	0.5376	0.6263	0.9365	0.5333	0.6156	0.9357
933	2070	0.5361	0.6267	0.9362	0.5337	0.6213	0.9346
934	2070	0.5345	0.6272	0.9358	0.5313	0.6214	0.9354
935	2070	0.5337	0.6281	0.9355	0.5391	0.6231	0.9353
936	2070	0.5331	0.6293	0.9352	0.5355	0.6234	0.9354
937	2070	0.5331	0.6308	0.9349	0.5428	0.6273	0.9356
938	2070	0.5336	0.6321	0.9347	0.5396	0.6294	0.9367
939	2070	0.5337	0.6336	0.9343	0.5335	0.6417	0.9358
940	2070	0.5336	0.6350	0.9339	0.5306	0.6400	0.9356
941	2070	0.5336	0.6366	0.9335	0.5223	0.6425	0.9352
942	2070	0.5335	0.6380	0.9331	0.5233	0.6450	0.9365
943	2070	0.5332	0.6397	0.9327	0.5222	0.6505	0.9355
944	2070	0.5329	0.6414	0.9323	0.5146	0.6496	0.9320
945	2070	0.5321	0.6437	0.9318	0.5185	0.6482	0.9335
946	2070	0.5313	0.6457	0.9313	0.5186	0.6461	0.9317
947	2070	0.5307	0.6474	0.9309	0.5381	0.6455	0.9312
948	2070	0.5300	0.6490	0.9304	0.5424	0.6466	0.9329
949	2070	0.5296	0.6505	0.9298	0.5426	0.6530	0.9310
950	2070	0.5286	0.6520	0.9292	0.5493	0.6453	0.9310
951	2070	0.5278	0.6530	0.9286	0.5444	0.6456	0.9277
952	2070	0.5271	0.6536	0.9280	0.5388	0.6445	0.9257
953	2070	0.5265	0.6542	0.9274	0.5394	0.6553	0.9275
954	2070	0.5260	0.6547	0.9268	0.5334	0.6557	0.9261
955	2070	0.5256	0.6555	0.9261	0.5294	0.6563	0.9250
956	2070	0.5256	0.6560	0.9253	0.5249	0.6630	0.9244
957	2070	0.5261	0.6565	0.9247	0.5148	0.6710	0.9237
958	2070	0.5264	0.6571	0.9241	0.5128	0.6714	0.9222
959	2070	0.5266	0.6580	0.9235	0.5155	0.6652	0.9242
960	2070	0.5263	0.6592	0.9229	0.5213	0.6620	0.9237
961	2070	0.5256	0.6604	0.9222	0.5273	0.6621	0.9217
962	2070	0.5250	0.6615	0.9215	0.5179	0.6657	0.9206
963	2070	0.5243	0.6629	0.9208	0.5196	0.6535	0.9202
964	2070	0.5236	0.6642	0.9202	0.5164	0.6556	0.9205
965	2070	0.5229	0.6653	0.9198	0.5139	0.6552	0.9212
966	2070	0.5220	0.6659	0.9192	0.5098	0.6563	0.9196
967	2070	0.5213	0.6663	0.9187	0.5135	0.6634	0.9193
968	2070	0.5209	0.6667	0.9182	0.5239	0.6629	0.9165
969	2070	0.5208	0.6668	0.9178	0.5251	0.6623	0.9165
970	2070	0.5212	0.6668	0.9173	0.5277	0.6646	0.9184
971	2070	0.5215	0.6667	0.9167	0.5238	0.6688	0.9173
972	2070	0.5218	0.6667	0.9160	0.5290	0.6738	0.9159
973	2070	0.5218	0.6666	0.9153	0.5260	0.6768	0.9150
974	2070	0.5217	0.6666	0.9146	0.5269	0.6799	0.9141
975	2070	0.5216	0.6662	0.9140	0.5315	0.6802	0.9132
976	2070	0.5215	0.6662	0.9133	0.5270	0.6787	0.9131
977	2070	0.5212	0.6659	0.9126	0.5226	0.6728	0.9144
978	2070	0.5210	0.6658	0.9119	0.5159	0.6707	0.9135
979	2070	0.5210	0.6654	0.9113	0.5157	0.6656	0.9140
980	2070	0.5208	0.6648	0.9107	0.5198	0.6662	0.9126
981	2070	0.5200	0.6637	0.9101	0.5223	0.6658	0.9130
982	2070	0.5191	0.6625	0.9096	0.5239	0.6716	0.9105
983	2070	0.5178	0.6613	0.9091	0.5211	0.6681	0.9087
984	2070	0.5168	0.6599	0.9086	0.5220	0.6642	0.9075
985	2070	0.5154	0.6584	0.9081	0.5230	0.6608	0.9051
986	2070	0.5141	0.6567	0.9077	0.5232	0.6608	0.9045
987	2070	0.5119	0.6547	0.9073	0.5151	0.6568	0.9042
988	2070	0.5094	0.6526	0.9070	0.5176	0.6544	0.9034
989	2070	0.5069	0.6506	0.9067	0.5100	0.6468	0.9034
990	2070	0.5042	0.6488	0.9064	0.5075	0.6518	0.9033
991	2070	0.5017	0.6467	0.9061	0.5110	0.6478	0.9037
992	2070	0.4993	0.6448	0.9059	0.5084	0.6475	0.9044
993	2070	0.4965	0.6429	0.9057	0.5042	0.6369	0.9031
994	2070	0.4937	0.6410	0.9054	0.5020	0.6324	0.9044
995	2070	0.4906	0.6385	0.9052	0.4965	0.6328	0.9047
996	2070	0.4878	0.6364	0.9052	0.4979	0.6342	0.9048
997	2070	0.4851	0.6344	0.9052	0.4939	0.6366	0.9036
998	2070	0.4822	0.6326	0.9052	0.4936	0.6345	0.9047
999	2070	0.4791	0.6307	0.9053	0.4713	0.6287	0.9056
1000	2068	0.4764	0.6288	0.9054	0.4695	0.6284	0.9056
1001	2068	0.4733	0.6269	0.9055	0.4636	0.6297	0.9049
1002	2067	0.4705	0.6252	0.9056	0.4564	0.6278	0.9065
1003	2067	0.4680	0.6235	0.9057	0.4540	0.6182	0.9073
1004	2067	0.4653	0.6219	0.9057	0.4537	0.6183	0.9076
1005	2066	0.4627	0.6201	0.9057	0.4514	0.6189	0.9071
1006	2066	0.4604	0.6186	0.9057	0.4511	0.6169	0.9065
1007	2066	0.4581	0.6175	0.9055	0.4481	0.6105	0.9062
1008	2065	0.4554	0.6162	0.9052	0.4505	0.6148	0.9077
1009	2064	0.4529	0.6151	0.9049	0.4543	0.6147	0.9067
1010	2063	0.4504	0.6137	0.9045	0.4499	0.6160	0.9059
1011	2063	0.4479	0.6125	0.9042	0.4459	0.6131	0.9063
1012	2062	0.4460	0.6114	0.9037	0.4465	0.6079	0.9068
1013	2062	0.4443	0.6104	0.9031	0.4420	0.6072	0.9070
1014	2062	0.4426	0.6095	0.9025	0.4404	0.6032	0.9066
1015	2062	0.4411	0.6088	0.9017	0.4438	0.6095	0.9045
1016	2062	0.4398	0.6087	0.9008	0.4445	0.6088	0.9038
1017	2062	0.4386	0.6086	0.8998	0.4434	0.6030	0.9043
1018	2062	0.4376	0.6090	0.8987	0.4455	0.5998	0.9026
1019	2062	0.4366	0.6097	0.8977	0.4440	0.6030	0.8997
1020	2062	0.4354	0.6104	0.8967	0.4299	0.6005	0.8979
1021	2061	0.4343	0.6111	0.8957	0.4360	0.6075	0.8963
1022	2061	0.4329	0.6119	0.8947	0.4299	0.6028	0.8953
1023	2058	0.4319	0.6126	0.8939	0.4306	0.6038	0.8957
1024	2058	0.4309	0.6133	0.8929	0.4248	0.6003	0.8938
1025	2057	0.4297	0.6143	0.8919	0.4277	0.6039	0.8905
1026	2057	0.4286	0.6152	0.8907	0.4217	0.6068	0.8901
1027	2057	0.4280	0.6162	0.8895	0.4186	0.6113	0.8862
1028	2056	0.4271	0.6165	0.8884	0.4197	0.6145	0.8850
1029	2056	0.4262	0.6168	0.8873	0.4253	0.6153	0.8821
1030	2054	0.4255	0.6171	0.8862	0.4252	0.6289	0.8810
1031	2054	0.4247	0.6175	0.8851	0.4265	0.6347	0.8809
1032	2052	0.4240	0.6182	0.8841	0.4188	0.6298	0.8816
1033	2051	0.4239	0.6189	0.8831	0.4215	0.6308	0.8817
1034	2051	0.4236	0.6192	0.8821	0.4207	0.6351	0.8833
1035	2051	0.4237	0.6199	0.8811	0.4249	0.6345	0.8839
1036	2050	0.4235	0.6204	0.8801	0.4194	0.6296	0.8833
1037	2049	0.4237	0.6210	0.8791	0.4184	0.6328	0.8800
1038	2049	0.4239	0.6215	0.8781	0.4146	0.6301	0.8780
1039	2049	0.4244	0.6217	0.8771	0.4245	0.6271	0.8766
1040	2049	0.4249	0.6218	0.8764	0.4222	0.6189	0.8764
1041	2049	0.4253	0.6217	0.8757	0.4221	0.6156	0.8756
1042	2045	0.4256	0.6215	0.8752	0.4247	0.6093	0.8770
1043	2045	0.4262	0.6208	0.8747	0.4252	0.6112	0.8760
1044	2044	0.4267	0.6196	0.8742	0.4265	0.6192	0.8750
1045	2044	0.4279	0.6187	0.8736	0.4269	0.6177	0.8732
1046	2044	0.4290	0.6177	0.8730	0.4290	0.6173	0.8712
1047	2044	0.4302	0.6167	0.8723	0.4317	0.6189	0.8697
1048	2044	0.4314	0.6158	0.8715	0.4258	0.6168	0.8696
1049	2044	0.4326	0.6151	0.8708	0.4309	0.6142	0.8687
1050	2044	0.4340	0.6146	0.8702	0.4337	0.6161	0.8660
1051	2043	0.4353	0.6140	0.8697	0.4329	0.6122	0.8666
1052	2042	0.4361	0.6138	0.8692	0.4305	0.6143	0.8667
1053	2040	0.4368	0.6136	0.8687	0.4296	0.6127	0.8691
1054	2039	0.4376	0.6136	0.8682	0.4344	0.6095	0.8683
1055	2039	0.4382	0.6137	0.8676	0.4386	0.6124	0.8692
1056	2039	0.4389	0.6138	0.8670	0.4402	0.6045	0.8685
1057	2039	0.4397	0.6135	0.8664	0.4475	0.6076	0.8662
1058	2039	0.4404	0.6134	0.8659	0.4495	0.6054	0.8666
1059	2039	0.4410	0.6131	0.8654	0.4515	0.6087	0.8664
1060	2039	0.4417	0.6128	0.8650	0.4540	0.6123	0.8640
1061	2039	0.4424	0.6126	0.8645	0.4508	0.6139	0.8641
1062	2038	0.4431	0.6124	0.8641	0.4519	0.6192	0.8665
1063	2038	0.4436	0.6122	0.8638	0.4474	0.6158	0.8659
1064	2038	0.4443	0.6120	0.8635	0.4450	0.6221	0.8645
1065	2038	0.4451	0.6117	0.8631	0.4404	0.6141	0.8638
1066	2037	0.4459	0.6113	0.8627	0.4410	0.6139	0.8629
1067	2037	0.4468	0.6111	0.8622	0.4406	0.6120	0.8618
1068	2036	0.4475	0.6103	0.8616	0.4428	0.6138	0.8596
1069	2034	0.4480	0.6096	0.8610	0.4467	0.6116	0.8612
1070	2033	0.4483	0.6089	0.8606	0.4426	0.6151	0.8600
1071	2033	0.4483	0.6082	0.8600	0.4459	0.6102	0.8587
1072	2032	0.4484	0.6072	0.8595	0.4489	0.6127	0.8597
1073	2032	0.4481	0.6063	0.8590	0.4418	0.6111	0.8576
1074	2031	0.4478	0.6053	0.8584	0.4478	0.6084	0.8575
1075	2028	0.4475	0.6040	0.8579	0.4474	0.6105	0.8592
1076	2028	0.4474	0.6029	0.8573	0.4494	0.6090	0.8591
1077	2028	0.4476	0.6019	0.8569	0.4508	0.6073	0.8581
1078	2027	0.4481	0.6013	0.8564	0.4497	0.6022	0.8585
1079	2026	0.4482	0.6006	0.8559	0.4574	0.6034	0.8553
1080	2025	0.4482	0.6003	0.8556	0.4564	0.5922	0.8550
1081	2025	0.4482	0.5999	0.8553	0.4527	0.5876	0.8535
1082	2024	0.4479	0.5993	0.8549	0.4557	0.5892	0.8542
1083	2024	0.4475	0.5987	0.8545	0.4495	0.5876	0.8532
1084	2023	0.4468	0.5981	0.8541	0.4531	0.5861	0.8537
1085	2023	0.4456	0.5974	0.8536	0.4477	0.5885	0.8503
1086	2022	0.4446	0.5969	0.8531	0.4431	0.5884	0.8513
1087	2021	0.4432	0.5964	0.8524	0.4430	0.5874	0.8518
1088	2020	0.4416	0.5958	0.8517	0.4451	0.5892	0.8529
1089	2019	0.4397	0.5951	0.8510	0.4490	0.5965	0.8526
1090	2018	0.4376	0.5943	0.8504	0.4541	0.5981	0.8521
1091	2018	0.4355	0.5937	0.8497	0.4440	0.5970	0.8511
1092	2017	0.4330	0.5930	0.8491	0.4410	0.6048	0.8529
1093	2017	0.4306	0.5924	0.8485	0.4424	0.6025	0.8531
1094	2017	0.4281	0.5921	0.8480	0.4378	0.5973	0.8513
1095	2017	0.4255	0.5916	0.8474	0.4327	0.6004	0.8500
1096	2017	0.4230	0.5912	0.8468	0.4289	0.5956	0.8483
1097	2014	0.4203	0.5907	0.8463	0.4202	0.5953	0.8472
1098	2014	0.4178	0.5900	0.8459	0.4149	0.5975	0.8443
1099	2014	0.4156	0.5891	0.8456	0.4126	0.5965	0.8417
1100	2013	0.4131	0.5879	0.8452	0.4096	0.5947	0.8412
1101	2012	0.4106	0.5867	0.8448	0.3997	0.5936	0.8418
1102	2011	0.4081	0.5849	0.8444	0.3985	0.5867	0.8416
1103	2009	0.4056	0.5830	0.8440	0.3974	0.5856	0.8424
1104	2009	0.4036	0.5811	0.8436	0.3945	0.5858	0.8400
1105	2008	0.4020	0.5789	0.8431	0.3966	0.5791	0.8408
1106	2008	0.4004	0.5767	0.8427	0.3915	0.5783	0.8409
1107	2008	0.3991	0.5748	0.8422	0.3902	0.5785	0.8389
1108	2007	0.3980	0.5727	0.8418	0.3874	0.5773	0.8387
1109	2006	0.3967	0.5707	0.8415	0.3843	0.5728	0.8396
1110	2004	0.3959	0.5684	0.8412	0.3857	0.5701	0.8407
1111	2002	0.3952	0.5665	0.8410	0.3882	0.5661	0.8431
1112	2002	0.3945	0.5647	0.8408	0.3820	0.5582	0.8429
1113	2002	0.3941	0.5629	0.8408	0.3820	0.5587	0.8435
1114	2002	0.3941	0.5613	0.8407	0.3859	0.5516	0.8425
1115	2002	0.3943	0.5600	0.8406	0.3909	0.5513	0.8411
1116	2002	0.3947	0.5587	0.8405	0.3961	0.5483	0.8407
1117	2001	0.3955	0.5573	0.8406	0.3999	0.5505	0.8416
1118	2001	0.3961	0.5563	0.8407	0.4031	0.5488	0.8415
1119	2000	0.3966	0.5550	0.8407	0.4043	0.5493	0.8408
1120	1999	0.3970	0.5537	0.8409	0.4047	0.5478	0.8402
1121	1998	0.3975	0.5523	0.8410	0.3982	0.5439	0.8396
1122	1997	0.3980	0.5510	0.8411	0.4004	0.5402	0.8394
1123	1997	0.3986	0.5496	0.8411	0.3961	0.5475	0.8389
1124	1996	0.3989	0.5484	0.8410	0.3943	0.5522	0.8377
1125	1992	0.3995	0.5476	0.8408	0.4013	0.5514	0.8399
1126	1992	0.4003	0.5466	0.8406	0.3983	0.5534	0.8395
1127	1991	0.4010	0.5459	0.8404	0.4046	0.5535	0.8407
1128	1991	0.4018	0.5454	0.8402	0.4061	0.5518	0.8404
1129	1991	0.4024	0.5449	0.8399	0.4152	0.5526	0.8417
1130	1990	0.4026	0.5441	0.8396	0.4131	0.5532	0.8429
1131	1989	0.4027	0.5434	0.8391	0.4022	0.5461	0.8406
1132	1988	0.4028	0.5426	0.8387	0.4013	0.5460	0.8432
1133	1987	0.4028	0.5416	0.8382	0.4000	0.5419	0.8430
1134	1986	0.4033	0.5408	0.8378	0.3964	0.5400	0.8422
1135	1985	0.4038	0.5402	0.8373	0.4009	0.5350	0.8408
1136	1985	0.4046	0.5391	0.8369	0.3943	0.5365	0.8389
1137	1985	0.4056	0.5377	0.8364	0.3984	0.5375	0.8380
1138	1985	0.4064	0.5365	0.8359	0.4023	0.5351	0.8383
1139	1984	0.4073	0.5355	0.8354	0.4038	0.5347	0.8372
1140	1983	0.4084	0.5345	0.8349	0.4104	0.5369	0.8367
1141	1981	0.4096	0.5338	0.8343	0.4091	0.5365	0.8350
1142	1981	0.4105	0.5331	0.8336	0.4067	0.5309	0.8324
1143	1981	0.4115	0.5326	0.8329	0.4054	0.5323	0.8302
1144	1980	0.4132	0.5324	0.8323	0.4057	0.5277	0.8293
1145	1978	0.4150	0.5328	0.8316	0.4058	0.5226	0.8297
1146	1976	0.4169	0.5334	0.8309	0.4092	0.5235	0.8289
1147	1975	0.4191	0.5343	0.8302	0.4134	0.5256	0.8279
1148	1975	0.4210	0.5355	0.8296	0.4164	0.5202	0.8271
1149	1975	0.4233	0.5368	0.8290	0.4200	0.5182	0.8267
1150	1974	0.4254	0.5381	0.8285	0.4210	0.5200	0.8266
1151	1973	0.4272	0.5393	0.8280	0.4216	0.5288	0.8269
1152	1972	0.4292	0.5405	0.8276	0.4321	0.5302	0.8275
1153	1972	0.4309	0.5415	0.8272	0.4345	0.5330	0.8258
1154	1972	0.4325	0.5429	0.8269	0.4377	0.5363	0.8251
1155	1972	0.4341	0.5443	0.8266	0.4400	0.5389	0.8248
1156	1971	0.4357	0.5459	0.8265	0.4431	0.5412	0.8257
1157	1971	0.4375	0.5478	0.8265	0.4469	0.5559	0.8251
1158	1970	0.4386	0.5497	0.8265	0.4478	0.5573	0.8264
1159	1969	0.4394	0.5518	0.8267	0.4502	0.5619	0.8251
1160	1969	0.4399	0.5543	0.8270	0.4494	0.5660	0.8242
1161	1969	0.4404	0.5569	0.8273	0.4510	0.5684	0.8252
1162	1968	0.4408	0.5598	0.8275	0.4509	0.5693	0.8247
1163	1966	0.4410	0.5623	0.8278	0.4490	0.5652	0.8262
1164	1964	0.4411	0.5644	0.8281	0.4533	0.5659	0.8273
1165	1964	0.4407	0.5663	0.8284	0.4515	0.5627	0.8272
1166	1964	0.4406	0.5681	0.8287	0.4496	0.5693	0.8268
1167	1964	0.4402	0.5695	0.8290	0.4465	0.5683	0.8258
1168	1963	0.4398	0.5708	0.8293	0.4466	0.5715	0.8265
1169	1961	0.4389	0.5719	0.8296	0.4489	0.5748	0.8293
1170	1961	0.4379	0.5725	0.8299	0.4334	0.5697	0.8306
1171	1961	0.4371	0.5734	0.8300	0.4307	0.5771	0.8336
1172	1960	0.4362	0.5741	0.8303	0.4250	0.5883	0.8346
1173	1959	0.4354	0.5748	0.8305	0.4292	0.5849	0.8337
1174	1959	0.4346	0.5752	0.8307	0.4304	0.5894	0.8334
1175	1959	0.4338	0.5758	0.8310	0.4254	0.5833	0.8340
1176	1958	0.4332	0.5766	0.8312	0.4244	0.5824	0.8347
1177	1958	0.4324	0.5774	0.8313	0.4228	0.5774	0.8345
1178	1958	0.4319	0.5782	0.8315	0.4313	0.5764	0.8327
1179	1957	0.4315	0.5788	0.8316	0.4273	0.5729	0.8332
1180	1957	0.4310	0.5796	0.8318	0.4297	0.5696	0.8324
1181	1956	0.4306	0.5804	0.8320	0.4206	0.5694	0.8322
1182	1956	0.4301	0.5813	0.8321	0.4238	0.5703	0.8326
1183	1955	0.4303	0.5823	0.8321	0.4263	0.5795	0.8307
1184	1955	0.4307	0.5831	0.8319	0.4278	0.5813	0.8304
1185	1955	0.4317	0.5833	0.8318	0.4290	0.5822	0.8298
1186	1955	0.4324	0.5836	0.8318	0.4309	0.5799	0.8310
1187	1955	0.4330	0.5838	0.8318	0.4308	0.5840	0.8313
1188	1954	0.4338	0.5842	0.8318	0.4349	0.5854	0.8320
1189	1954	0.4347	0.5842	0.8318	0.4340	0.5859	0.8304
1190	1953	0.4359	0.5845	0.8318	0.4387	0.5821	0.8306
1191	1950	0.4366	0.5848	0.8319	0.4395	0.5848	0.8310
1192	1948	0.4369	0.5851	0.8319	0.4338	0.5872	0.8306
1193	1946	0.4374	0.5854	0.8321	0.4361	0.5926	0.8311
1194	1946	0.4383	0.5858	0.8322	0.4375	0.5968	0.8308
1195	1945	0.4390	0.5852	0.8324	0.4380	0.5949	0.8303
1196	1945	0.4398	0.5844	0.8326	0.4415	0.5957	0.8304
1197	1943	0.4402	0.5834	0.8328	0.4487	0.5931	0.8317
1198	1942	0.4412	0.5823	0.8331	0.4477	0.5941	0.8329
1199	1940	0.4420	0.5811	0.8334	0.4456	0.5946	0.8341
1200	1939	0.4430	0.5797	0.8336	0.4442	0.5917	0.8344
1201	1938	0.4440	0.5782	0.8339	0.4481	0.5836	0.8350
1202	1937	0.4451	0.5768	0.8342	0.4505	0.5857	0.8342
1203	1936	0.4460	0.5756	0.8345	0.4501	0.5833	0.8344
1204	1935	0.4467	0.5740	0.8347	0.4347	0.5789	0.8343
1205	1935	0.4477	0.5724	0.8349	0.4430	0.5778	0.8356
1206	1934	0.4485	0.5704	0.8351	0.4411	0.5791	0.8363
1207	1934	0.4495	0.5680	0.8352	0.4431	0.5568	0.8366
1208	1933	0.4504	0.5657	0.8354	0.4445	0.5581	0.8358
1209	1933	0.4510	0.5632	0.8356	0.4401	0.5567	0.8365
1210	1931	0.4516	0.5606	0.8357	0.4526	0.5548	0.8363
1211	1931	0.4523	0.5577	0.8358	0.4504	0.5492	0.8375
1212	1931	0.4533	0.5544	0.8359	0.4576	0.5486	0.8380
1213	1931	0.4544	0.5514	0.8360	0.4588	0.5482	0.8376
1214	1931	0.4554	0.5489	0.8360	0.4624	0.5520	0.8384
1215	1930	0.4564	0.5465	0.8362	0.4607	0.5510	0.8380
1216	1930	0.4572	0.5441	0.8364	0.4570	0.5460	0.8355
1217	1929	0.4586	0.5418	0.8366	0.4581	0.5473	0.8360
1218	1928	0.4598	0.5397	0.8367	0.4570	0.5424	0.8356
1219	1927	0.4609	0.5374	0.8368	0.4613	0.5376	0.8337
1220	1927	0.4620	0.5360	0.8369	0.4609	0.5357	0.8355
1221	1926	0.4633	0.5342	0.8371	0.4575	0.5338	0.8350
1222	1926	0.4648	0.5323	0.8372	0.4635	0.5276	0.8358
1223	1926	0.4658	0.5305	0.8372	0.4639	0.5228	0.8359
1224	1926	0.4668	0.5288	0.8372	0.4720	0.5120	0.8354
1225	1926	0.4683	0.5269	0.8372	0.4721	0.5150	0.8362
1226	1925	0.4696	0.5250	0.8372	0.4728	0.5225	0.8358
1227	1923	0.4707	0.5226	0.8371	0.4751	0.5244	0.8386
1228	1923	0.4719	0.5205	0.8371	0.4713	0.5237	0.8399
1229	1923	0.4733	0.5184	0.8371	0.4687	0.5223	0.8389
1230	1923	0.4747	0.5163	0.8371	0.4723	0.5239	0.8382
1231	1922	0.4761	0.5140	0.8371	0.4692	0.5235	0.8399
1232	1921	0.4774	0.5119	0.8372	0.4712	0.5196	0.8396
1233	1921	0.4790	0.5099	0.8372	0.4751	0.5135	0.8397
1234	1921	0.4807	0.5080	0.8372	0.4792	0.5109	0.8386
1235	1921	0.4821	0.5067	0.8371	0.4769	0.5087	0.8373
1236	1920	0.4833	0.5055	0.8370	0.4763	0.5080	0.8367
1237	1919	0.4838	0.5049	0.8369	0.4934	0.5010	0.8383
1238	1919	0.4844	0.5041	0.8368	0.4922	0.4993	0.8365
1239	1918	0.4851	0.5030	0.8367	0.4891	0.4936	0.8375
1240	1918	0.4856	0.5017	0.8365	0.4903	0.4979	0.8368
1241	1918	0.4861	0.5005	0.8364	0.4938	0.4924	0.8362
1242	1917	0.4868	0.4994	0.8361	0.4931	0.4949	0.8360
1243	1916	0.4871	0.4981	0.8358	0.4913	0.4862	0.8363
1244	1916	0.4875	0.4970	0.8354	0.4935	0.4833	0.8357
1245	1914	0.4878	0.4961	0.8351	0.5009	0.4871	0.8352
1246	1914	0.4877	0.4953	0.8347	0.4992	0.4871	0.8345
1247	1914	0.4874	0.4949	0.8344	0.4995	0.4933	0.8332
1248	1914	0.4875	0.4944	0.8341	0.4950	0.4937	0.8342
1249	1914	0.4874	0.4943	0.8338	0.4842	0.4974	0.8335
1250	1912	0.4862	0.4944	0.8335	0.4875	0.4947	0.8334
1251	1911	0.4851	0.4949	0.8333	0.4880	0.4954	0.8336
1252	1909	0.4840	0.4955	0.8331	0.4883	0.4921	0.8333
1253	1906	0.4829	0.4961	0.8330	0.4853	0.4920	0.8359
1254	1906	0.4814	0.4969	0.8329	0.4844	0.4955	0.8317
1255	1906	0.4799	0.4975	0.8328	0.4797	0.4916	0.8314
1256	1905	0.4787	0.4985	0.8326	0.4809	0.4950	0.8302
1257	1904	0.4773	0.4997	0.8325	0.4772	0.4975	0.8315
1258	1904	0.4756	0.5008	0.8323	0.4738	0.4950	0.8298
1259	1904	0.4738	0.5017	0.8321	0.4722	0.4986	0.8300
1260	1902	0.4717	0.5021	0.8320	0.4776	0.4972	0.8314
1261	1901	0.4705	0.5024	0.8318	0.4742	0.5053	0.8288
1262	1901	0.4695	0.5025	0.8317	0.4636	0.5035	0.8300
1263	1901	0.4684	0.5025	0.8315	0.4646	0.5112	0.8321
1264	1898	0.4669	0.5021	0.8313	0.4627	0.5094	0.8339
1265	1898	0.4653	0.5018	0.8312	0.4621	0.5128	0.8335
1266	1898	0.4635	0.5014	0.8309	0.4557	0.5123	0.8333
1267	1898	0.4617	0.5007	0.8308	0.4559	0.5098	0.8336
1268	1898	0.4602	0.5002	0.8308	0.4624	0.5107	0.8318
1269	1898	0.4585	0.4995	0.8306	0.4583	0.5143	0.8317
1270	1897	0.4568	0.4986	0.8303	0.4576	0.5143	0.8302
1271	1897	0.4556	0.4979	0.8302	0.4540	0.5092	0.8308
1272	1897	0.4545	0.4971	0.8301	0.4475	0.5035	0.8297
1273	1895	0.4531	0.4966	0.8301	0.4638	0.5007	0.8297
1274	1895	0.4507	0.4958	0.8302	0.4615	0.5004	0.8303
1275	1894	0.4485	0.4954	0.8301	0.4587	0.4965	0.8297
1276	1892	0.4466	0.4947	0.8300	0.4514	0.4842	0.8291
1277	1889	0.4448	0.4941	0.8298	0.4467	0.4846	0.8301
1278	1889	0.4430	0.4931	0.8295	0.4412	0.4809	0.8287
1279	1889	0.4415	0.4923	0.8293	0.4396	0.4791	0.8299
1280	1889	0.4401	0.4915	0.8291	0.4424	0.4791	0.8293
1281	1889	0.4383	0.4905	0.8289	0.4384	0.4762	0.8258
1282	1887	0.4365	0.4895	0.8286	0.4347	0.4773	0.8255
1283	1887	0.4346	0.4881	0.8285	0.4428	0.4776	0.8266
1284	1884	0.4330	0.4872	0.8284	0.4449	0.4770	0.8283
1285	1883	0.4315	0.4862	0.8283	0.4442	0.4855	0.8311
1286	1883	0.4294	0.4857	0.8282	0.4121	0.4858	0.8298
1287	1883	0.4273	0.4849	0.8282	0.4100	0.4928	0.8284
1288	1883	0.4265	0.4846	0.8281	0.4156	0.4931	0.8295
1289	1883	0.4261	0.4846	0.8281	0.4184	0.4940	0.8281
1290	1883	0.4259	0.4849	0.8280	0.4183	0.4888	0.8270
1291	1883	0.4262	0.4852	0.8280	0.4183	0.4929	0.8281
1292	1882	0.4265	0.4854	0.8280	0.4207	0.4879	0.8279
1293	1881	0.4283	0.4858	0.8280	0.4169	0.4878	0.8269
1294	1881	0.4303	0.4863	0.8281	0.4139	0.4872	0.8253
1295	1880	0.4326	0.4866	0.8284	0.4097	0.4815	0.8275
1296	1880	0.4348	0.4873	0.8285	0.4145	0.4858	0.8270
1297	1880	0.4368	0.4881	0.8285	0.4096	0.4773	0.8272
1298	1879	0.4389	0.4886	0.8284	0.4096	0.4883	0.8286
1299	1877	0.4426	0.4889	0.8284	0.4100	0.4819	0.8286
1300	1877	0.4464	0.4889	0.8284	0.4401	0.4872	0.8294
1301	1877	0.4502	0.4890	0.8283	0.4398	0.4859	0.8280
1302	1876	0.4539	0.4891	0.8283	0.4421	0.4907	0.8279
1303	1874	0.4575	0.4894	0.8284	0.4481	0.4893	0.8294
1304	1873	0.4611	0.4895	0.8282	0.4487	0.4844	0.8287
1305	1873	0.4646	0.4900	0.8281	0.4865	0.4900	0.8294
1306	1872	0.4681	0.4905	0.8280	0.4883	0.4877	0.8296
1307	1872	0.4720	0.4911	0.8279	0.4932	0.4851	0.8306
1308	1872	0.4762	0.4921	0.8277	0.4971	0.4956	0.8297
1309	1871	0.4808	0.4928	0.8275	0.4946	0.4959	0.8301
1310	1871	0.4856	0.4940	0.8271	0.4978	0.4971	0.8282
1311	1870	0.4905	0.4951	0.8267	0.5039	0.4946	0.8289
1312	1870	0.4951	0.4967	0.8262	0.5053	0.4936	0.8282
1313	1870	0.4980	0.4981	0.8255	0.5093	0.4939	0.8284
1314	1870	0.5009	0.4996	0.8249	0.5110	0.4977	0.8279
1315	1870	0.5038	0.5009	0.8242	0.5088	0.4963	0.8274
1316	1870	0.5068	0.5025	0.8235	0.5090	0.4961	0.8255
1317	1870	0.5100	0.5044	0.8229	0.5063	0.4984	0.8244
1318	1870	0.5119	0.5062	0.8221	0.5054	0.5020	0.8244
1319	1867	0.5139	0.5083	0.8214	0.5101	0.5003	0.8239
1320	1865	0.5158	0.5107	0.8206	0.5166	0.5064	0.8225
1321	1864	0.5175	0.5128	0.8199	0.5289	0.5046	0.8204
1322	1864	0.5193	0.5149	0.8191	0.5301	0.5074	0.8187
1323	1864	0.5209	0.5166	0.8185	0.5317	0.5148	0.8177
1324	1864	0.5222	0.5184	0.8179	0.5259	0.5218	0.8151
1325	1864	0.5236	0.5200	0.8174	0.5114	0.5229	0.8130
1326	1864	0.5251	0.5216	0.8169	0.5129	0.5237	0.8122
1327	1864	0.5263	0.5230	0.8164	0.5144	0.5222	0.8118
1328	1863	0.5275	0.5246	0.8160	0.5220	0.5288	0.8117
1329	1862	0.5286	0.5261	0.8157	0.5284	0.5337	0.8121
1330	1862	0.5298	0.5278	0.8154	0.5353	0.5349	0.8112
1331	1861	0.5312	0.5295	0.8151	0.5382	0.5400	0.8112
1332	1861	0.5323	0.5314	0.8149	0.5401	0.5458	0.8112
1333	1860	0.5332	0.5332	0.8147	0.5402	0.5464	0.8117
1334	1860	0.5335	0.5349	0.8146	0.5400	0.5496	0.8102
1335	1859	0.5341	0.5365	0.8147	0.5381	0.5401	0.8126
1336	1856	0.5345	0.5375	0.8148	0.5354	0.5392	0.8134
1337	1854	0.5350	0.5384	0.8149	0.5417	0.5335	0.8157
1338	1853	0.5358	0.5391	0.8151	0.5453	0.5325	0.8156
1339	1853	0.5365	0.5396	0.8152	0.5418	0.5323	0.8168
1340	1850	0.5364	0.5407	0.8155	0.5389	0.5375	0.8163
1341	1850	0.5362	0.5415	0.8158	0.5356	0.5346	0.8184
1342	1850	0.5356	0.5421	0.8160	0.5372	0.5408	0.8183
1343	1850	0.5329	0.5424	0.8163	0.5403	0.5447	0.8165
1344	1849	0.5301	0.5425	0.8165	0.5364	0.5470	0.8172
1345	1847	0.5273	0.5423	0.8166	0.5391	0.5520	0.8180
1346	1847	0.5244	0.5417	0.8168	0.5384	0.5454	0.8197
1347	1847	0.5212	0.5406	0.8169	0.5449	0.5485	0.8193
1348	1846	0.5182	0.5399	0.8171	0.5406	0.5403	0.8198
1349	1845	0.5154	0.5392	0.8171	0.5378	0.5433	0.8180
1350	1843	0.5120	0.5387	0.8170	0.5314	0.5402	0.8184
1351	1842	0.5085	0.5382	0.8168	0.5305	0.5377	0.8161
1352	1839	0.5051	0.5379	0.8166	0.5122	0.5480	0.8177
1353	1839	0.5019	0.5374	0.8163	0.5170	0.5487	0.8187
1354	1839	0.4989	0.5372	0.8160	0.5144	0.5491	0.8186
1355	1839	0.4956	0.5369	0.8156	0.4667	0.5417	0.8180
1356	1839	0.4922	0.5363	0.8152	0.4693	0.5432	0.8155
1357	1839	0.4891	0.5357	0.8148	0.4681	0.5420	0.8159
1358	1839	0.4863	0.5346	0.8144	0.4697	0.5305	0.8142
1359	1838	0.4834	0.5338	0.8139	0.4587	0.5225	0.8151
1360	1835	0.4802	0.5332	0.8134	0.4630	0.5233	0.8172
1361	1832	0.4770	0.5327	0.8129	0.4669	0.5196	0.8138
1362	1831	0.4740	0.5319	0.8124	0.4564	0.5226	0.8118
1363	1830	0.4714	0.5313	0.8120	0.4564	0.5206	0.8116
1364	1830	0.4693	0.5310	0.8117	0.4570	0.5237	0.8113
1365	1829	0.4679	0.5303	0.8114	0.4604	0.5262	0.8097
1366	1829	0.4663	0.5293	0.8110	0.4594	0.5287	0.8094
1367	1828	0.4648	0.5284	0.8107	0.4557	0.5327	0.8081
1368	1827	0.4651	0.5276	0.8104	0.4559	0.5302	0.8079
1369	1827	0.4652	0.5268	0.8103	0.4589	0.5310	0.8069
1370	1827	0.4653	0.5260	0.8101	0.4671	0.5251	0.8078
1371	1827	0.4652	0.5255	0.8100	0.4675	0.5266	0.8064
1372	1826	0.4656	0.5254	0.8098	0.4650	0.5329	0.8065
1373	1826	0.4659	0.5254	0.8095	0.4606	0.5278	0.8073
1374	1826	0.4662	0.5259	0.8093	0.4611	0.5233	0.8075
1375	1825	0.4668	0.5262	0.8092	0.4668	0.5258	0.8079
1376	1824	0.4677	0.5266	0.8091	0.4774	0.5298	0.8082
1377	1823	0.4686	0.5269	0.8089	0.4785	0.5303	0.8090
1378	1821	0.4696	0.5272	0.8088	0.4757	0.5244	0.8090
1379	1819	0.4707	0.5273	0.8087	0.4774	0.5249	0.8118
1380	1819	0.4721	0.5269	0.8087	0.4749	0.5229	0.8113
1381	1819	0.4734	0.5268	0.8086	0.4717	0.5233	0.8121
1382	1819	0.4749	0.5266	0.8087	0.4696	0.5205	0.8112
1383	1818	0.4760	0.5266	0.8087	0.4690	0.5193	0.8118
1384	1818	0.4773	0.5265	0.8088	0.4680	0.5198	0.8102
1385	1817	0.4790	0.5262	0.8088	0.4708	0.5223	0.8097
1386	1817	0.4810	0.5260	0.8088	0.4728	0.5315	0.8090
1387	1817	0.4828	0.5262	0.8088	0.4737	0.5316	0.8098
1388	1817	0.4841	0.5262	0.8088	0.4789	0.5313	0.8077
1389	1817	0.4849	0.5261	0.8087	0.4792	0.5311	0.8068
1390	1817	0.4858	0.5255	0.8087	0.4846	0.5317	0.8075
1391	1817	0.4868	0.5252	0.8087	0.4880	0.5313	0.8068
1392	1816	0.4877	0.5250	0.8085	0.4897	0.5246	0.8072
1393	1816	0.4887	0.5250	0.8084	0.4887	0.5274	0.8065
1394	1815	0.4898	0.5250	0.8082	0.4958	0.5247	0.8076
1395	1814	0.4911	0.5252	0.8081	0.4957	0.5245	0.8085
1396	1814	0.4926	0.5255	0.8080	0.4987	0.5244	0.8082
1397	1813	0.4940	0.5260	0.8079	0.5074	0.5274	0.8071
1398	1813	0.4953	0.5264	0.8079	0.5110	0.5228	0.8075
1399	1813	0.4965	0.5267	0.8080	0.5050	0.5271	0.8068
1400	1812	0.4975	0.5268	0.8079	0.4994	0.5267	0.8079
1401	1812	0.4985	0.5267	0.8078	0.4976	0.5277	0.8074
1402	1812	0.4995	0.5264	0.8077	0.5006	0.5144	0.8077
1403	1812	0.5004	0.5261	0.8075	0.5023	0.5165	0.8086
1404	1811	0.5013	0.5257	0.8072	0.4985	0.5196	0.8078
1405	1811	0.5021	0.5253	0.8068	0.5015	0.5235	0.8078
1406	1811	0.5032	0.5249	0.8065	0.4990	0.5239	0.8086
1407	1809	0.5044	0.5246	0.8061	0.5020	0.5248	0.8078
1408	1808	0.5056	0.5245	0.8058	0.5052	0.5262	0.8085
1409	1807	0.5066	0.5244	0.8056	0.5038	0.5318	0.8091
1410	1806	0.5070	0.5237	0.8054	0.5025	0.5325	0.8102
1411	1806	0.5072	0.5233	0.8052	0.5033	0.5395	0.8095
1412	1806	0.5078	0.5227	0.8051	0.4987	0.5335	0.8086
1413	1804	0.5086	0.5221	0.8049	0.5035	0.5304	0.8058
1414	1804	0.5098	0.5216	0.8047	0.5045	0.5235	0.8035
1415	1804	0.5105	0.5216	0.8044	0.5073	0.5247	0.8012
1416	1803	0.5110	0.5215	0.8042	0.5102	0.5214	0.7995
1417	1802	0.5117	0.5212	0.8039	0.5102	0.5142	0.7972
1418	1799	0.5125	0.5205	0.8037	0.5167	0.5179	0.7995
1419	1797	0.5133	0.5198	0.8035	0.5248	0.5170	0.7992
1420	1795	0.5142	0.5190	0.8035	0.5260	0.5210	0.8008
1421	1793	0.5149	0.5184	0.8034	0.5251	0.5215	0.8017
1422	1793	0.5156	0.5175	0.8034	0.5172	0.5113	0.8032
1423	1793	0.5161	0.5166	0.8032	0.5159	0.5110	0.8029
1424	1792	0.5168	0.5153	0.8030	0.5185	0.5122	0.8027
1425	1790	0.5177	0.5143	0.8027	0.5212	0.5120	0.8029
1426	1790	0.5181	0.5135	0.8027	0.5254	0.5145	0.8027
1427	1789	0.5183	0.5132	0.8027	0.5185	0.5158	0.8017
1428	1786	0.5180	0.5127	0.8028	0.5154	0.5137	0.8023
1429	1786	0.5176	0.5126	0.8029	0.5169	0.5116	0.8015
1430	1786	0.5171	0.5130	0.8032	0.5207	0.5068	0.8022
1431	1781	0.5163	0.5131	0.8034	0.5187	0.5064	0.8042
1432	1780	0.5152	0.5135	0.8034	0.5236	0.5043	0.8070
1433	1778	0.5140	0.5139	0.8035	0.5244	0.5110	0.8070
1434	1776	0.5126	0.5145	0.8036	0.5196	0.5100	0.8072
1435	1776	0.5115	0.5153	0.8036	0.5171	0.5089	0.8062
1436	1776	0.5105	0.5162	0.8036	0.5190	0.5067	0.8043
1437	1776	0.5095	0.5170	0.8036	0.5216	0.5100	0.8027
1438	1776	0.5084	0.5180	0.8036	0.5146	0.5110	0.8044
1439	1776	0.5073	0.5189	0.8036	0.5077	0.5141	0.8047
1440	1776	0.5065	0.5202	0.8037	0.5018	0.5130	0.8033
1441	1775	0.5062	0.5215	0.8037	0.4991	0.5179	0.8022
1442	1775	0.5057	0.5229	0.8038	0.4978	0.5244	0.8042
1443	1773	0.5050	0.5245	0.8038	0.4969	0.5226	0.8029
1444	1773	0.5042	0.5261	0.8037	0.4982	0.5261	0.8014
1445	1772	0.5031	0.5280	0.8035	0.4958	0.5300	0.8017
1446	1769	0.5019	0.5295	0.8032	0.4903	0.5361	0.8039
1447	1769	0.5011	0.5309	0.8029	0.4897	0.5316	0.8032
1448	1769	0.5006	0.5323	0.8027	0.4888	0.5339	0.8034
1449	1769	0.5000	0.5334	0.8024	0.4946	0.5331	0.8030
1450	1768	0.4991	0.5350	0.8023	0.4946	0.5358	0.8018
1451	1767	0.4988	0.5366	0.8023	0.4977	0.5368	0.8044
1452	1766	0.4987	0.5381	0.8021	0.4990	0.5483	0.8026
1453	1764	0.4986	0.5397	0.8020	0.5062	0.5463	0.8043
1454	1764	0.4986	0.5414	0.8018	0.5040	0.5464	0.8031
1455	1764	0.4984	0.5429	0.8014	0.5032	0.5473	0.8025
1456	1763	0.4982	0.5446	0.8011	0.4998	0.5481	0.8017
1457	1763	0.4976	0.5460	0.8009	0.4965	0.5516	0.8011
1458	1761	0.4971	0.5472	0.8005	0.4950	0.5480	0.8000
1459	1761	0.4966	0.5483	0.8001	0.4998	0.5450	0.7997
1460	1761	0.4961	0.5498	0.7997	0.5036	0.5425	0.8001
1461	1761	0.4956	0.5514	0.7993	0.5035	0.5361	0.7985
1462	1761	0.4952	0.5534	0.7990	0.4983	0.5494	0.8003
1463	1760	0.4950	0.5554	0.7987	0.5071	0.5503	0.8024
1464	1760	0.4949	0.5573	0.7983	0.5051	0.5518	0.8011
1465	1760	0.4948	0.5587	0.7980	0.4994	0.5538	0.8003
1466	1759	0.4947	0.5606	0.7978	0.5008	0.5587	0.7962
1467	1759	0.4948	0.5625	0.7976	0.4920	0.5640	0.7954
1468	1758	0.4948	0.5648	0.7973	0.4914	0.5631	0.7950
1469	1758	0.4949	0.5670	0.7970	0.4835	0.5618	0.7957
1470	1758	0.4951	0.5691	0.7968	0.4838	0.5605	0.7934
1471	1757	0.4955	0.5711	0.7965	0.4769	0.5628	0.7929
1472	1756	0.4954	0.5731	0.7962	0.4768	0.5693	0.7942
1473	1755	0.4950	0.5753	0.7959	0.4768	0.5741	0.7935
1474	1753	0.4945	0.5775	0.7957	0.4849	0.5826	0.7944
1475	1752	0.4942	0.5790	0.7953	0.4895	0.5860	0.7935
1476	1752	0.4934	0.5806	0.7950	0.4962	0.5835	0.7951
1477	1751	0.4927	0.5820	0.7947	0.4953	0.5856	0.7959
1478	1751	0.4924	0.5831	0.7943	0.5031	0.5926	0.7994
1479	1751	0.4921	0.5841	0.7942	0.5068	0.5944	0.7971
1480	1751	0.4922	0.5846	0.7941	0.5035	0.6051	0.7962
1481	1751	0.4924	0.5851	0.7940	0.5016	0.6030	0.7945
1482	1750	0.4929	0.5857	0.7938	0.5031	0.6026	0.7940
1483	1749	0.4933	0.5862	0.7938	0.5044	0.5982	0.7933
1484	1749	0.4939	0.5864	0.7938	0.4984	0.5969	0.7930
1485	1749	0.4947	0.5864	0.7938	0.4935	0.5962	0.7923
1486	1749	0.4957	0.5861	0.7939	0.4899	0.5907	0.7928
1487	1749	0.4963	0.5854	0.7939	0.4901	0.5882	0.7917
1488	1747	0.4966	0.5845	0.7940	0.4874	0.5883	0.7937
1489	1747	0.4962	0.5838	0.7942	0.4888	0.5882	0.7929
1490	1747	0.4957	0.5825	0.7943	0.4909	0.5824	0.7915
1491	1747	0.4951	0.5809	0.7943	0.4942	0.5812	0.7927
1492	1747	0.4944	0.5790	0.7944	0.4954	0.5780	0.7928
1493	1747	0.4938	0.5768	0.7946	0.4952	0.5759	0.7932
1494	1746	0.4936	0.5748	0.7948	0.4957	0.5764	0.7921
1495	1745	0.4933	0.5729	0.7952	0.4948	0.5736	0.7925
1496	1742	0.4936	0.5712	0.7957	0.4910	0.5668	0.7930
1497	1740	0.4940	0.5699	0.7960	0.4962	0.5698	0.7941
1498	1739	0.4946	0.5687	0.7964	0.5031	0.5671	0.7953
1499	1739	0.4950	0.5682	0.7969	0.4989	0.5649	0.7945
1500	1739	0.4953	0.5674	0.7973	0.4974	0.5638	0.7973
1501	1739	0.4959	0.5670	0.7978	0.4859	0.5649	0.7994
1502	1739	0.4966	0.5668	0.7982	0.4843	0.5528	0.7981
1503	1739	0.4970	0.5665	0.7988	0.4859	0.5521	0.7991
1504	1738	0.4975	0.5661	0.7993	0.4891	0.5471	0.8007
1505	1737	0.4982	0.5654	0.7999	0.4907	0.5510	0.8007
1506	1737	0.4988	0.5647	0.8006	0.4955	0.5539	0.8003
1507	1733	0.4996	0.5639	0.8013	0.4964	0.5555	0.8042
1508	1733	0.5004	0.5632	0.8020	0.5105	0.5555	0.8035
1509	1733	0.5016	0.5629	0.8027	0.5098	0.5643	0.8028
1510	1732	0.5026	0.5625	0.8034	0.5091	0.5646	0.8023
1511	1729	0.5034	0.5619	0.8040	0.4998	0.5787	0.8031
1512	1728	0.5051	0.5611	0.8048	0.4957	0.5678	0.8038
1513	1728	0.5070	0.5604	0.8054	0.5031	0.5786	0.8041
1514	1727	0.5093	0.5598	0.8058	0.5066	0.5823	0.8046
1515	1727	0.5114	0.5598	0.8062	0.5017	0.5761	0.8054
1516	1725	0.5130	0.5596	0.8066	0.5069	0.5701	0.8066
1517	1725	0.5145	0.5596	0.8068	0.5115	0.5627	0.8081
1518	1724	0.5154	0.5591	0.8071	0.5092	0.5572	0.8095
1519	1724	0.5161	0.5585	0.8075	0.5167	0.5560	0.8106
1520	1723	0.5170	0.5579	0.8076	0.5152	0.5578	0.8100
1521	1722	0.5175	0.5571	0.8078	0.5203	0.5586	0.8102
1522	1720	0.5179	0.5562	0.8079	0.5220	0.5582	0.8107
1523	1720	0.5182	0.5553	0.8080	0.5218	0.5540	0.8115
1524	1720	0.5189	0.5544	0.8080	0.5428	0.5439	0.8124
1525	1720	0.5198	0.5540	0.8081	0.5455	0.5453	0.8122
1526	1720	0.5206	0.5530	0.8081	0.5428	0.5502	0.8106
1527	1720	0.5210	0.5519	0.8081	0.5364	0.5528	0.8084
1528	1720	0.5217	0.5509	0.8080	0.5272	0.5481	0.8085
1529	1720	0.5226	0.5504	0.8078	0.5258	0.5460	0.8072
1530	1719	0.5237	0.5506	0.8076	0.5125	0.5382	0.8079
1531	1718	0.5252	0.5511	0.8073	0.5126	0.5409	0.8096
1532	1718	0.5265	0.5517	0.8070	0.5209	0.5390	0.8073
1533	1718	0.5279	0.5525	0.8068	0.5220	0.5373	0.8065
1534	1718	0.5291	0.5534	0.8066	0.5188	0.5396	0.8054
1535	1717	0.5306	0.5543	0.8064	0.5173	0.5431	0.8051
1536	1716	0.5329	0.5554	0.8062	0.5164	0.5551	0.8045
1537	1716	0.5341	0.5568	0.8059	0.5194	0.5585	0.8061
1538	1716	0.5351	0.5584	0.8056	0.5232	0.5550	0.8034
1539	1715	0.5362	0.5598	0.8053	0.5168	0.5527	0.8037
1540	1714	0.5377	0.5614	0.8051	0.5185	0.5529	0.8043
1541	1714	0.5393	0.5632	0.8049	0.5308	0.5564	0.8022
1542	1709	0.5409	0.5653	0.8048	0.5376	0.5692	0.8024
1543	1709	0.5431	0.5675	0.8047	0.5474	0.5678	0.8019
1544	1706	0.5451	0.5695	0.8044	0.5493	0.5723	0.8029
1545	1703	0.5468	0.5717	0.8043	0.5483	0.5784	0.8046
1546	1699	0.5483	0.5743	0.8042	0.5528	0.5793	0.8061
1547	1699	0.5498	0.5764	0.8041	0.5584	0.5811	0.8060
1548	1698	0.5510	0.5782	0.8040	0.5789	0.5822	0.8059
1549	1698	0.5521	0.5789	0.8039	0.5722	0.5798	0.8056
1550	1697	0.5534	0.5797	0.8039	0.5706	0.5848	0.8044
1551	1697	0.5546	0.5804	0.8040	0.5720	0.5838	0.8026
1552	1695	0.5564	0.5812	0.8041	0.5716	0.5925	0.8045
1553	1695	0.5580	0.5821	0.8042	0.5689	0.5938	0.8032
1554	1694	0.5592	0.5830	0.8043	0.5665	0.6001	0.8036
1555	1692	0.5598	0.5834	0.8045	0.5653	0.5918	0.8051
1556	1692	0.5600	0.5840	0.8047	0.5632	0.5918	0.8036
1557	1692	0.5602	0.5842	0.8049	0.5632	0.5933	0.8044
1558	1692	0.5606	0.5846	0.8050	0.5592	0.6024	0.8044
1559	1690	0.5605	0.5849	0.8050	0.5570	0.5910	0.8031
1560	1689	0.5599	0.5850	0.8050	0.5470	0.5891	0.8021
1561	1689	0.5585	0.5854	0.8050	0.5451	0.5728	0.8026
1562	1688	0.5575	0.5860	0.8052	0.5506	0.5787	0.8051
1563	1686	0.5565	0.5864	0.8053	0.5543	0.5730	0.8056
1564	1686	0.5548	0.5869	0.8054	0.5619	0.5712	0.8053
1565	1686	0.5529	0.5870	0.8055	0.5577	0.5769	0.8069
1566	1685	0.5511	0.5870	0.8056	0.5599	0.5783	0.8069
1567	1684	0.5492	0.5867	0.8057	0.5547	0.5794	0.8064
1568	1683	0.5476	0.5867	0.8057	0.5513	0.5827	0.8072
1569	1683	0.5462	0.5868	0.8059	0.5552	0.5781	0.8074
1570	1683	0.5447	0.5874	0.8060	0.5582	0.5872	0.8066
1571	1683	0.5432	0.5876	0.8061	0.5490	0.5866	0.8060
1572	1683	0.5415	0.5881	0.8061	0.5445	0.5845	0.8055
1573	1681	0.5402	0.5884	0.8063	0.5444	0.5920	0.8075
1574	1680	0.5390	0.5889	0.8064	0.5463	0.5945	0.8090
1575	1680	0.5376	0.5891	0.8064	0.5465	0.5937	0.8077
1576	1680	0.5360	0.5894	0.8063	0.5278	0.5977	0.8063
1577	1680	0.5340	0.5897	0.8062	0.5242	0.5946	0.8061
1578	1680	0.5322	0.5900	0.8061	0.5233	0.5926	0.8059
1579	1680	0.5304	0.5901	0.8060	0.5196	0.5939	0.8058
1580	1680	0.5288	0.5896	0.8059	0.5257	0.5926	0.8062
1581	1679	0.5268	0.5890	0.8056	0.5285	0.5926	0.8069
1582	1678	0.5247	0.5885	0.8054	0.5247	0.6084	0.8069
1583	1678	0.5222	0.5874	0.8052	0.5222	0.6070	0.8067
1584	1677	0.5199	0.5866	0.8051	0.5148	0.6041	0.8052
1585	1676	0.5178	0.5857	0.8050	0.5155	0.5967	0.8065
1586	1676	0.5155	0.5845	0.8048	0.5149	0.5866	0.8051
1587	1676	0.5129	0.5832	0.8046	0.5154	0.5815	0.8036
1588	1675	0.5102	0.5817	0.8044	0.5138	0.5827	0.8043
1589	1674	0.5082	0.5802	0.8042	0.5126	0.5779	0.8030
1590	1673	0.5063	0.5783	0.8041	0.5109	0.5830	0.8042
1591	1673	0.5042	0.5766	0.8040	0.5150	0.5806	0.8040
1592	1672	0.5028	0.5748	0.8038	0.5168	0.5670	0.8032
1593	1672	0.5012	0.5732	0.8037	0.5004	0.5681	0.8002
1594	1672	0.4996	0.5717	0.8035	0.5025	0.5652	0.8024
1595	1670	0.4982	0.5694	0.8033	0.4947	0.5607	0.8025
1596	1669	0.4972	0.5667	0.8032	0.4924	0.5671	0.8025
1597	1669	0.4963	0.5643	0.8030	0.4917	0.5621	0.8033
1598	1667	0.4952	0.5626	0.8028	0.4862	0.5611	0.8039
1599	1666	0.4943	0.5615	0.8027	0.4825	0.5615	0.8023
1600	1666	0.4937	0.5605	0.8026	0.4781	0.5577	0.8030
1601	1666	0.4933	0.5594	0.8024	0.4797	0.5589	0.8018
1602	1666	0.4930	0.5585	0.8024	0.4749	0.5475	0.8030
1603	1665	0.4929	0.5572	0.8023	0.4727	0.5499	0.8035
1604	1665	0.4926	0.5560	0.8023	0.4829	0.5498	0.8018
1605	1665	0.4920	0.5557	0.8022	0.4862	0.5531	0.8020
1606	1664	0.4924	0.5555	0.8024	0.4890	0.5550	0.8036
1607	1664	0.4928	0.5556	0.8024	0.4900	0.5497	0.8022
1608	1663	0.4934	0.5553	0.8025	0.4972	0.5389	0.8024
1609	1662	0.4937	0.5546	0.8025	0.4907	0.5448	0.8015
1610	1662	0.4939	0.5542	0.8025	0.4887	0.5549	0.8020
1611	1661	0.4949	0.5537	0.8025	0.4933	0.5595	0.8022
1612	1661	0.4964	0.5533	0.8026	0.4997	0.5570	0.8005
1613	1659	0.4983	0.5532	0.8027	0.5040	0.5548	0.8002
1614	1658	0.5000	0.5529	0.8027	0.5039	0.5542	0.8020
1615	1657	0.5015	0.5531	0.8027	0.5105	0.5497	0.8019
1616	1657	0.5036	0.5533	0.8026	0.5065	0.5530	0.8033
1617	1657	0.5052	0.5538	0.8025	0.5024	0.5584	0.8020
1618	1656	0.5068	0.5543	0.8023	0.5105	0.5632	0.8034
1619	1656	0.5085	0.5550	0.8023	0.5112	0.5668	0.8036
1620	1656	0.5101	0.5553	0.8021	0.5098	0.5546	0.8037
1621	1654	0.5115	0.5560	0.8019	0.5011	0.5490	0.8037
1622	1654	0.5133	0.5565	0.8018	0.4966	0.5524	0.8031
1623	1653	0.5155	0.5567	0.8015	0.5107	0.5485	0.8046
1624	1653	0.5178	0.5569	0.8013	0.5201	0.5510	0.8051
1625	1653	0.5197	0.5573	0.8010	0.5245	0.5542	0.8039
1626	1653	0.5217	0.5578	0.8007	0.5227	0.5521	0.8031
1627	1652	0.5239	0.5584	0.8004	0.5134	0.5526	0.8023
1628	1652	0.5258	0.5593	0.8001	0.5239	0.5550	0.8006
1629	1652	0.5277	0.5600	0.7997	0.5242	0.5626	0.7987
1630	1651	0.5297	0.5605	0.7992	0.5258	0.5669	0.7989
1631	1649	0.5312	0.5610	0.7987	0.5311	0.5710	0.8014
1632	1649	0.5327	0.5615	0.7982	0.5309	0.5563	0.7985
1633	1647	0.5343	0.5624	0.7977	0.5323	0.5583	0.7972
1634	1647	0.5359	0.5635	0.7971	0.5355	0.5563	0.7988
1635	1646	0.5378	0.5643	0.7966	0.5428	0.5610	0.7956
1636	1645	0.5392	0.5654	0.7961	0.5496	0.5644	0.7952
1637	1643	0.5402	0.5661	0.7955	0.5483	0.5657	0.7937
1638	1642	0.5413	0.5666	0.7949	0.5550	0.5677	0.7939
1639	1642	0.5427	0.5671	0.7944	0.5583	0.5683	0.7935
1640	1641	0.5443	0.5675	0.7939	0.5589	0.5723	0.7941
1641	1641	0.5452	0.5676	0.7935	0.5521	0.5725	0.7931
1642	1641	0.5461	0.5671	0.7931	0.5528	0.5692	0.7901
1643	1641	0.5471	0.5665	0.7926	0.5481	0.5768	0.7906
1644	1639	0.5476	0.5658	0.7920	0.5487	0.5784	0.7911
1645	1638	0.5483	0.5654	0.7914	0.5508	0.5782	0.7910
1646	1638	0.5489	0.5651	0.7909	0.5410	0.5764	0.7906
1647	1637	0.5493	0.5646	0.7903	0.5437	0.5730	0.7908
1648	1636	0.5493	0.5638	0.7900	0.5445	0.5736	0.7905
1649	1635	0.5489	0.5629	0.7898	0.5469	0.5698	0.7907
1650	1633	0.5488	0.5618	0.7896	0.5512	0.5661	0.7898
1651	1629	0.5483	0.5605	0.7894	0.5583	0.5649	0.7902
1652	1629	0.5475	0.5591	0.7894	0.5520	0.5629	0.7893
1653	1628	0.5466	0.5575	0.7893	0.5466	0.5573	0.7895
1654	1628	0.5462	0.5557	0.7893	0.5487	0.5507	0.7888
1655	1628	0.5454	0.5540	0.7896	0.5485	0.5522	0.7866
1656	1628	0.5448	0.5518	0.7897	0.5454	0.5513	0.7862
1657	1627	0.5441	0.5496	0.7898	0.5486	0.5476	0.7842
1658	1627	0.5429	0.5482	0.7899	0.5471	0.5495	0.7857
1659	1627	0.5424	0.5470	0.7901	0.5441	0.5451	0.7842
1660	1627	0.5418	0.5458	0.7902	0.5424	0.5415	0.7870
1661	1627	0.5412	0.5447	0.7904	0.5415	0.5412	0.7896
1662	1626	0.5409	0.5437	0.7906	0.5442	0.5371	0.7891
1663	1626	0.5401	0.5427	0.7909	0.5439	0.5367	0.7900
1664	1623	0.5386	0.5414	0.7913	0.5373	0.5339	0.7915
1665	1622	0.5373	0.5399	0.7918	0.5362	0.5321	0.7920
1666	1621	0.5360	0.5386	0.7922	0.5424	0.5271	0.7945
1667	1621	0.5347	0.5371	0.7927	0.5338	0.5259	0.7956
1668	1621	0.5335	0.5352	0.7932	0.5314	0.5234	0.7945
1669	1619	0.5325	0.5341	0.7936	0.5317	0.5230	0.7921
1670	1619	0.5318	0.5337	0.7941	0.5206	0.5422	0.7940
1671	1616	0.5310	0.5332	0.7944	0.5291	0.5463	0.7957
1672	1614	0.5305	0.5332	0.7948	0.5296	0.5442	0.7941
1673	1613	0.5302	0.5336	0.7951	0.5295	0.5463	0.7960
1674	1613	0.5299	0.5339	0.7954	0.5394	0.5433	0.7958
1675	1612	0.5294	0.5344	0.7957	0.5310	0.5427	0.7969
1676	1612	0.5290	0.5348	0.7960	0.5202	0.5304	0.8008
1677	1612	0.5290	0.5354	0.7963	0.5189	0.5264	0.8014
1678	1610	0.5292	0.5357	0.7965	0.5155	0.5250	0.8000
1679	1610	0.5290	0.5360	0.7967	0.5153	0.5126	0.8000
1680	1610	0.5292	0.5364	0.7969	0.5172	0.5056	0.7998
1681	1609	0.5294	0.5365	0.7971	0.5224	0.5230	0.7958
1682	1608	0.5297	0.5369	0.7974	0.5311	0.5370	0.7954
1683	1608	0.5305	0.5368	0.7977	0.5274	0.5376	0.7938
1684	1608	0.5310	0.5365	0.7979	0.5304	0.5467	0.7949
1685	1606	0.5313	0.5363	0.7982	0.5356	0.5494	0.7952
1686	1605	0.5318	0.5360	0.7986	0.5322	0.5499	0.7961
1687	1605	0.5313	0.5359	0.7990	0.5328	0.5490	0.7971
1688	1605	0.5314	0.5359	0.7994	0.5336	0.5482	0.7968
1689	1605	0.5318	0.5366	0.7995	0.5389	0.5475	0.7986
1690	1604	0.5324	0.5376	0.7996	0.5409	0.5402	0.7983
1691	1604	0.5330	0.5388	0.7996	0.5373	0.5341	0.7994
1692	1601	0.5335	0.5406	0.7996	0.5369	0.5367	0.8001
1693	1600	0.5341	0.5427	0.7996	0.5383	0.5264	0.7997
1694	1600	0.5347	0.5439	0.7999	0.5376	0.5324	0.7994
1695	1599	0.5350	0.5447	0.8001	0.5403	0.5383	0.8006
1696	1599	0.5355	0.5458	0.8004	0.5424	0.5387	0.8015
1697	1599	0.5358	0.5465	0.8007	0.5378	0.5407	0.8021
1698	1597	0.5361	0.5471	0.8010	0.5404	0.5386	0.8056
1699	1595	0.5366	0.5477	0.8012	0.5286	0.5393	0.8067
1700	1594	0.5365	0.5483	0.8013	0.5329	0.5449	0.8054
1701	1593	0.5364	0.5491	0.8014	0.5308	0.5463	0.8042
1702	1593	0.5362	0.5500	0.8015	0.5328	0.5509	0.8026
1703	1592	0.5363	0.5511	0.8016	0.5309	0.5570	0.8008
1704	1590	0.5365	0.5525	0.8018	0.5285	0.5572	0.8004
1705	1590	0.5364	0.5538	0.8019	0.5322	0.5566	0.8006
1706	1589	0.5364	0.5554	0.8020	0.5372	0.5541	0.8029
1707	1589	0.5365	0.5567	0.8021	0.5379	0.5575	0.8005
1708	1589	0.5369	0.5570	0.8021	0.5398	0.5632	0.8005
1709	1589	0.5374	0.5574	0.8021	0.5373	0.5658	0.8033
1710	1589	0.5383	0.5576	0.8020	0.5442	0.5645	0.8019
1711	1589	0.5388	0.5581	0.8018	0.5447	0.5634	0.8003
1712	1589	0.5402	0.5587	0.8014	0.5293	0.5659	0.7994
1713	1589	0.5413	0.5591	0.8012	0.5308	0.5682	0.8006
1714	1589	0.5427	0.5595	0.8011	0.5340	0.5689	0.8003
1715	1587	0.5439	0.5597	0.8010	0.5447	0.5677	0.8020
1716	1586	0.5448	0.5597	0.8010	0.5408	0.5695	0.8038
1717	1586	0.5457	0.5600	0.8010	0.5354	0.5689	0.8031
1718	1585	0.5463	0.5604	0.8011	0.5387	0.5656	0.8021
1719	1585	0.5468	0.5598	0.8010	0.5408	0.5662	0.8005
1720	1585	0.5469	0.5586	0.8010	0.5502	0.5459	0.8014
1721	1585	0.5469	0.5571	0.8010	0.5548	0.5480	0.8018
1722	1585	0.5472	0.5551	0.8008	0.5589	0.5469	0.7991
1723	1585	0.5472	0.5531	0.8006	0.5547	0.5490	0.7997
1724	1585	0.5472	0.5512	0.8005	0.5613	0.5565	0.7979
1725	1585	0.5474	0.5491	0.8003	0.5625	0.5534	0.7997
1726	1585	0.5476	0.5469	0.8000	0.5649	0.5567	0.8010
1727	1583	0.5476	0.5447	0.7997	0.5629	0.5551	0.8004
1728	1583	0.5472	0.5426	0.7994	0.5531	0.5588	0.8012
1729	1582	0.5469	0.5408	0.7989	0.5500	0.5637	0.8016
1730	1581	0.5466	0.5391	0.7984	0.5490	0.5662	0.8016
1731	1581	0.5461	0.5379	0.7980	0.5483	0.5394	0.8011
1732	1581	0.5458	0.5365	0.7976	0.5426	0.5273	0.8005
1733	1580	0.5452	0.5357	0.7971	0.5396	0.5256	0.7998
1734	1580	0.5445	0.5350	0.7967	0.5431	0.5175	0.7984
1735	1580	0.5439	0.5349	0.7964	0.5447	0.5141	0.7980
1736	1580	0.5433	0.5348	0.7960	0.5443	0.5152	0.7972
1737	1580	0.5428	0.5345	0.7958	0.5353	0.5133	0.7946
1738	1580	0.5423	0.5342	0.7955	0.5345	0.5131	0.7934
1739	1580	0.5421	0.5337	0.7953	0.5361	0.5142	0.7933
1740	1579	0.5418	0.5333	0.7950	0.5343	0.5155	0.7929
1741	1578	0.5417	0.5325	0.7948	0.5326	0.5244	0.7925
1742	1577	0.5420	0.5315	0.7946	0.5279	0.5255	0.7908
1743	1577	0.5425	0.5303	0.7943	0.5268	0.5358	0.7908
1744	1576	0.5431	0.5306	0.7941	0.5321	0.5322	0.7904
1745	1576	0.5441	0.5317	0.7939	0.5350	0.5256	0.7907
1746	1575	0.5452	0.5326	0.7936	0.5390	0.5291	0.7911
1747	1575	0.5464	0.5338	0.7935	0.5429	0.5450	0.7909
1748	1574	0.5475	0.5351	0.7933	0.5396	0.5478	0.7914
1749	1573	0.5488	0.5364	0.7932	0.5477	0.5485	0.7921
1750	1573	0.5503	0.5377	0.7931	0.5522	0.5451	0.7926
1751	1572	0.5518	0.5391	0.7930	0.5580	0.5454	0.7951
1752	1572	0.5534	0.5406	0.7928	0.5570	0.5440	0.7940
1753	1572	0.5551	0.5422	0.7927	0.5490	0.5382	0.7950
1754	1571	0.5566	0.5435	0.7926	0.5574	0.5395	0.7961
1755	1571	0.5578	0.5445	0.7926	0.5616	0.5375	0.7954
1756	1571	0.5589	0.5453	0.7926	0.5653	0.5452	0.7952
1757	1570	0.5598	0.5459	0.7927	0.5662	0.5540	0.7946
1758	1569	0.5605	0.5467	0.7927	0.5682	0.5482	0.7943
1759	1568	0.5610	0.5473	0.7928	0.5727	0.5475	0.7942
1760	1567	0.5610	0.5475	0.7928	0.5727	0.5483	0.7949
1761	1567	0.5615	0.5475	0.7928	0.5765	0.5480	0.7940
1762	1567	0.5617	0.5471	0.7926	0.5731	0.5454	0.7923
1763	1566	0.5617	0.5470	0.7926	0.5705	0.5484	0.7891
1764	1564	0.5610	0.5470	0.7924	0.5779	0.5522	0.7904
1765	1564	0.5604	0.5475	0.7923	0.5752	0.5555	0.7898
1766	1564	0.5598	0.5482	0.7922	0.5696	0.5562	0.7892
1767	1563	0.5589	0.5487	0.7920	0.5581	0.5508	0.7912
1768	1562	0.5578	0.5494	0.7918	0.5538	0.5540	0.7905
1769	1560	0.5566	0.5500	0.7917	0.5553	0.5485	0.7924
1770	1557	0.5556	0.5503	0.7916	0.5531	0.5455	0.7921
1771	1557	0.5546	0.5508	0.7914	0.5511	0.5449	0.7928
1772	1557	0.5534	0.5516	0.7913	0.5444	0.5491	0.7910
1773	1557	0.5525	0.5523	0.7911	0.5515	0.5466	0.7909
1774	1557	0.5512	0.5530	0.7909	0.5516	0.5389	0.7883
1775	1556	0.5499	0.5542	0.7907	0.5514	0.5441	0.7912
1776	1556	0.5487	0.5554	0.7906	0.5408	0.5454	0.7917
1777	1555	0.5472	0.5563	0.7904	0.5418	0.5551	0.7919
1778	1554	0.5461	0.5572	0.7903	0.5361	0.5553	0.7908
1779	1554	0.5452	0.5579	0.7900	0.5345	0.5525	0.7919
1780	1554	0.5449	0.5589	0.7897	0.5326	0.5543	0.7903
1781	1553	0.5447	0.5597	0.7893	0.5370	0.5607	0.7918
1782	1553	0.5446	0.5610	0.7890	0.5412	0.5623	0.7921
1783	1552	0.5447	0.5626	0.7886	0.5433	0.5616	0.7907
1784	1552	0.5447	0.5638	0.7883	0.5427	0.5657	0.7909
1785	1551	0.5449	0.5644	0.7880	0.5492	0.5662	0.7910
1786	1551	0.5441	0.5656	0.7878	0.5442	0.5669	0.7891
1787	1551	0.5433	0.5678	0.7876	0.5414	0.5757	0.7866
1788	1551	0.5423	0.5698	0.7872	0.5398	0.5764	0.7867
1789	1551	0.5419	0.5719	0.7867	0.5406	0.5760	0.7863
1790	1551	0.5412	0.5737	0.7863	0.5479	0.5783	0.7850
1791	1549	0.5406	0.5754	0.7858	0.5472	0.5724	0.7838
1792	1548	0.5397	0.5771	0.7851	0.5489	0.5772	0.7820
1793	1546	0.5388	0.5787	0.7847	0.5509	0.5742	0.7822
1794	1546	0.5372	0.5799	0.7842	0.5527	0.5802	0.7828
1795	1545	0.5352	0.5808	0.7838	0.5556	0.5839	0.7839
1796	1545	0.5332	0.5820	0.7833	0.5505	0.5765	0.7846
1797	1545	0.5310	0.5830	0.7828	0.5487	0.5637	0.7845
1798	1544	0.5284	0.5843	0.7821	0.5327	0.5772	0.7840
1799	1543	0.5261	0.5856	0.7814	0.5298	0.5935	0.7835
1800	1543	0.5237	0.5863	0.7809	0.5278	0.5946	0.7824
1801	1543	0.5212	0.5871	0.7804	0.5309	0.5984	0.7797
1802	1543	0.5185	0.5878	0.7800	0.5250	0.6001	0.7800
1803	1543	0.5156	0.5885	0.7797	0.5196	0.5974	0.7783
1804	1543	0.5127	0.5896	0.7795	0.5129	0.5935	0.7764
1805	1541	0.5095	0.5905	0.7795	0.5090	0.5946	0.7802
1806	1540	0.5066	0.5914	0.7796	0.4980	0.5909	0.7793
1807	1539	0.5035	0.5924	0.7797	0.4919	0.5845	0.7806
1808	1539	0.5003	0.5933	0.7798	0.4910	0.5914	0.7791
1809	1539	0.4975	0.5944	0.7798	0.4899	0.5922	0.7773
1810	1539	0.4947	0.5958	0.7798	0.4837	0.5973	0.7739
1811	1538	0.4925	0.5968	0.7800	0.4867	0.6004	0.7725
1812	1536	0.4902	0.5969	0.7802	0.4816	0.5938	0.7732
1813	1536	0.4874	0.5968	0.7804	0.4769	0.5949	0.7738
1814	1535	0.4846	0.5967	0.7807	0.4738	0.5945	0.7770
1815	1534	0.4821	0.5963	0.7811	0.4746	0.5952	0.7767
1816	1534	0.4799	0.5959	0.7815	0.4733	0.6000	0.7799
1817	1534	0.4775	0.5957	0.7819	0.4709	0.5993	0.7826
1818	1533	0.4750	0.5955	0.7822	0.4765	0.5966	0.7841
1819	1533	0.4733	0.5954	0.7826	0.4755	0.6059	0.7859
1820	1533	0.4717	0.5953	0.7830	0.4756	0.6070	0.7854
1821	1532	0.4700	0.5951	0.7836	0.4807	0.6029	0.7845
1822	1531	0.4683	0.5948	0.7843	0.4803	0.6000	0.7858
1823	1529	0.4666	0.5942	0.7851	0.4764	0.6010	0.7881
1824	1528	0.4653	0.5934	0.7859	0.4723	0.5969	0.7874
1825	1528	0.4640	0.5924	0.7869	0.4580	0.5906	0.7878
1826	1528	0.4630	0.5913	0.7878	0.4622	0.5961	0.7891
1827	1527	0.4624	0.5902	0.7887	0.4623	0.5900	0.7896
1828	1527	0.4617	0.5888	0.7897	0.4633	0.5888	0.7864
1829	1527	0.4612	0.5873	0.7907	0.4523	0.5888	0.7864
1830	1526	0.4609	0.5864	0.7914	0.4478	0.5876	0.7880
1831	1526	0.4604	0.5854	0.7921	0.4542	0.5881	0.7896
1832	1526	0.4602	0.5839	0.7927	0.4527	0.5840	0.7908
1833	1524	0.4597	0.5824	0.7932	0.4489	0.5855	0.7937
1834	1522	0.4590	0.5812	0.7938	0.4480	0.5848	0.7953
1835	1522	0.4583	0.5802	0.7944	0.4400	0.5827	0.7950
1836	1522	0.4577	0.5787	0.7948	0.4552	0.5799	0.7926
1837	1521	0.4574	0.5768	0.7953	0.4494	0.5689	0.7961
1838	1520	0.4574	0.5750	0.7958	0.4511	0.5682	0.7978
1839	1519	0.4572	0.5730	0.7962	0.4577	0.5653	0.7986
1840	1518	0.4572	0.5714	0.7966	0.4568	0.5606	0.8023
1841	1516	0.4566	0.5699	0.7971	0.4606	0.5638	0.8043
1842	1515	0.4565	0.5687	0.7976	0.4650	0.5764	0.8011
1843	1513	0.4565	0.5673	0.7981	0.4647	0.5721	0.8006
1844	1513	0.4563	0.5657	0.7987	0.4696	0.5674	0.8000
1845	1513	0.4566	0.5643	0.7992	0.4634	0.5690	0.7988
1846	1512	0.4573	0.5626	0.7998	0.4620	0.5729	0.8000
1847	1511	0.4586	0.5608	0.8001	0.4644	0.5750	0.7996
1848	1510	0.4600	0.5595	0.8005	0.4612	0.5635	0.7985
1849	1509	0.4607	0.5586	0.8012	0.4636	0.5507	0.7999
1850	1509	0.4615	0.5584	0.8017	0.4593	0.5454	0.7998
1851	1509	0.4620	0.5582	0.8023	0.4565	0.5465	0.7994
1852	1508	0.4627	0.5584	0.8027	0.4628	0.5479	0.7993
1853	1508	0.4637	0.5590	0.8031	0.4488	0.5528	0.7991
1854	1506	0.4645	0.5593	0.8034	0.4479	0.5576	0.7986
1855	1504	0.4651	0.5595	0.8039	0.4481	0.5534	0.8011
1856	1502	0.4655	0.5597	0.8044	0.4493	0.5487	0.8039
1857	1501	0.4659	0.5600	0.8049	0.4600	0.5494	0.8052
1858	1499	0.4665	0.5604	0.8056	0.4681	0.5423	0.8077
1859	1498	0.4673	0.5609	0.8063	0.4786	0.5405	0.8032
1860	1497	0.4680	0.5614	0.8071	0.4746	0.5503	0.8060
1861	1497	0.4687	0.5623	0.8079	0.4734	0.5552	0.8085
1862	1496	0.4693	0.5638	0.8087	0.4695	0.5655	0.8100
1863	1496	0.4704	0.5654	0.8094	0.4642	0.5623	0.8111
1864	1496	0.4719	0.5669	0.8103	0.4754	0.5717	0.8105
1865	1494	0.4734	0.5687	0.8112	0.4816	0.5740	0.8106
1866	1491	0.4751	0.5702	0.8122	0.4808	0.5728	0.8134
1867	1491	0.4774	0.5717	0.8133	0.4789	0.5800	0.8130
1868	1490	0.4799	0.5733	0.8144	0.4763	0.5772	0.8122
1869	1489	0.4826	0.5749	0.8154	0.4787	0.5745	0.8133
1870	1489	0.4847	0.5765	0.8165	0.4791	0.5797	0.8154
1871	1489	0.4862	0.5785	0.8175	0.4822	0.5865	0.8188
1872	1489	0.4874	0.5803	0.8188	0.4815	0.5874	0.8201
1873	1489	0.4889	0.5820	0.8201	0.4787	0.5855	0.8182
1874	1488	0.4904	0.5835	0.8213	0.4781	0.5871	0.8182
1875	1488	0.4921	0.5846	0.8227	0.4867	0.5861	0.8185
1876	1486	0.4943	0.5859	0.8241	0.4933	0.5830	0.8215
1877	1485	0.4959	0.5872	0.8255	0.5006	0.5927	0.8232
1878	1485	0.4975	0.5890	0.8270	0.4921	0.5913	0.8240
1879	1482	0.4989	0.5909	0.8285	0.5063	0.5942	0.8257
1880	1481	0.5005	0.5920	0.8299	0.5085	0.5941	0.8276
1881	1481	0.5020	0.5934	0.8315	0.5171	0.5891	0.8287
1882	1481	0.5032	0.5947	0.8330	0.5133	0.5903	0.8322
1883	1481	0.5046	0.5954	0.8345	0.5060	0.5902	0.8335
1884	1480	0.5053	0.5958	0.8358	0.5094	0.5875	0.8357
1885	1479	0.5061	0.5964	0.8372	0.5106	0.5924	0.8376
1886	1479	0.5071	0.5971	0.8386	0.5104	0.5927	0.8407
1887	1478	0.5078	0.5981	0.8401	0.5140	0.5927	0.8431
1888	1477	0.5085	0.5994	0.8417	0.5174	0.5958	0.8458
1889	1477	0.5086	0.6007	0.8430	0.5162	0.6039	0.8469
1890	1476	0.5087	0.6013	0.8444	0.5216	0.6173	0.8483
1891	1476	0.5092	0.6020	0.8457	0.5161	0.6203	0.8494
1892	1476	0.5090	0.6027	0.8468	0.5183	0.6080	0.8496
1893	1476	0.5089	0.6035	0.8480	0.5129	0.6119	0.8503
1894	1476	0.5085	0.6047	0.8491	0.5103	0.6066	0.8517
1895	1476	0.5082	0.6057	0.8502	0.5122	0.5975	0.8526
1896	1476	0.5082	0.6067	0.8513	0.5006	0.5973	0.8519
1897	1476	0.5076	0.6079	0.8523	0.5029	0.6024	0.8551
1898	1475	0.5066	0.6085	0.8533	0.5034	0.6017	0.8544
1899	1474	0.5050	0.6088	0.8542	0.4954	0.6124	0.8552
1900	1473	0.5033	0.6087	0.8551	0.5029	0.6192	0.8571
1901	1471	0.5019	0.6084	0.8561	0.4968	0.6147	0.8559
1902	1471	0.5006	0.6075	0.8570	0.5021	0.6093	0.8567
1903	1471	0.4992	0.6060	0.8579	0.5052	0.6083	0.8556
1904	1471	0.4979	0.6045	0.8588	0.5025	0.6126	0.8549
1905	1471	0.4970	0.6034	0.8598	0.5040	0.6137	0.8566
1906	1470	0.4961	0.6023	0.8609	0.5075	0.6181	0.8556
1907	1468	0.4954	0.6016	0.8622	0.5062	0.6150	0.8599
1908	1468	0.4948	0.6009	0.8635	0.5068	0.6160	0.8613
1909	1467	0.4946	0.6001	0.8650	0.4937	0.6184	0.8615
1910	1467	0.4940	0.5988	0.8664	0.4848	0.6068	0.8625
1911	1466	0.4936	0.5975	0.8679	0.4712	0.5987	0.8636
1912	1466	0.4936	0.5958	0.8694	0.4709	0.5909	0.8660
1913	1463	0.4934	0.5939	0.8708	0.4818	0.5889	0.8696
1914	1461	0.4935	0.5919	0.8722	0.4846	0.5806	0.8698
1915	1460	0.4933	0.5900	0.8737	0.4874	0.5800	0.8704
1916	1459	0.4927	0.5882	0.8752	0.4829	0.5841	0.8718
1917	1458	0.4922	0.5863	0.8767	0.4948	0.5794	0.8751
1918	1458	0.4917	0.5841	0.8783	0.4915	0.5858	0.8784
1919	1457	0.4907	0.5820	0.8798	0.4930	0.5877	0.8828
1920	1456	0.4898	0.5800	0.8812	0.4973	0.5815	0.8861
1921	1453	0.4887	0.5779	0.8827	0.4947	0.5768	0.8886
1922	1452	0.4884	0.5756	0.8842	0.4888	0.5699	0.8907
1923	1451	0.4887	0.5737	0.8856	0.4926	0.5699	0.8919
1924	1450	0.4894	0.5722	0.8870	0.4958	0.5695	0.8922
1925	1450	0.4899	0.5711	0.8885	0.4972	0.5701	0.8922
1926	1449	0.4900	0.5702	0.8898	0.4994	0.5646	0.8918
1927	1448	0.4896	0.5696	0.8912	0.4980	0.5617	0.8935
1928	1448	0.4887	0.5689	0.8926	0.4910	0.5651	0.8936
1929	1447	0.4880	0.5679	0.8940	0.4893	0.5633	0.8932
1930	1447	0.4867	0.5674	0.8954	0.4917	0.5608	0.8948
1931	1445	0.4857	0.5665	0.8967	0.4816	0.5635	0.8938
1932	1444	0.4846	0.5656	0.8978	0.4840	0.5652	0.8961
1933	1441	0.4835	0.5651	0.8988	0.4805	0.5635	0.8976
1934	1439	0.4824	0.5648	0.8996	0.4862	0.5619	0.8980
1935	1439	0.4814	0.5643	0.9004	0.4907	0.5593	0.8984
1936	1439	0.4804	0.5639	0.9010	0.4891	0.5608	0.8997
1937	1439	0.4793	0.5627	0.9016	0.4841	0.5639	0.9017
1938	1438	0.4782	0.5613	0.9020	0.4842	0.5654	0.9034
1939	1438	0.4770	0.5600	0.9025	0.4743	0.5660	0.9045
1940	1437	0.4756	0.5591	0.9030	0.4661	0.5635	0.9058
1941	1435	0.4746	0.5580	0.9034	0.4652	0.5578	0.9069
1942	1433	0.4739	0.5570	0.9037	0.4610	0.5677	0.9096
1943	1432	0.4731	0.5565	0.9039	0.4661	0.5625	0.9119
1944	1432	0.4728	0.5560	0.9042	0.4666	0.5658	0.9099
1945	1432	0.4727	0.5555	0.9044	0.4684	0.5681	0.9095
1946	1431	0.4727	0.5551	0.9045	0.4675	0.5693	0.9105
1947	1431	0.4728	0.5546	0.9046	0.4639	0.5594	0.9089
1948	1430	0.4731	0.5544	0.9046	0.4677	0.5583	0.9077
1949	1430	0.4738	0.5543	0.9046	0.4681	0.5400	0.9065
1950	1430	0.4749	0.5540	0.9045	0.4708	0.5344	0.9033
1951	1429	0.4761	0.5537	0.9042	0.4694	0.5330	0.9043
1952	1427	0.4776	0.5533	0.9039	0.4624	0.5384	0.9048
1953	1426	0.4792	0.5529	0.9035	0.4672	0.5394	0.9038
1954	1426	0.4811	0.5526	0.9029	0.4706	0.5377	0.9012
1955	1424	0.4833	0.5518	0.9022	0.4729	0.5465	0.9009
1956	1424	0.4850	0.5512	0.9014	0.4738	0.5529	0.9002
1957	1423	0.4866	0.5505	0.9006	0.4798	0.5527	0.9009
1958	1423	0.4883	0.5498	0.8997	0.4813	0.5518	0.9001
1959	1423	0.4898	0.5491	0.8987	0.4900	0.5503	0.9000
1960	1423	0.4917	0.5489	0.8978	0.4982	0.5533	0.8996
1961	1423	0.4933	0.5488	0.8970	0.5047	0.5585	0.8998
1962	1423	0.4949	0.5493	0.8963	0.5119	0.5567	0.8992
1963	1423	0.4963	0.5501	0.8958	0.5135	0.5588	0.8958
1964	1423	0.4978	0.5511	0.8952	0.5137	0.5547	0.8955
1965	1423	0.4999	0.5518	0.8947	0.5063	0.5549	0.8965
1966	1422	0.5020	0.5523	0.8945	0.5113	0.5494	0.8931
1967	1422	0.5039	0.5526	0.8944	0.5152	0.5489	0.8904
1968	1420	0.5060	0.5528	0.8943	0.5101	0.5473	0.8915
1969	1420	0.5080	0.5527	0.8942	0.5068	0.5473	0.8900
1970	1419	0.5098	0.5530	0.8940	0.5105	0.5503	0.8872
1971	1419	0.5115	0.5534	0.8939	0.5058	0.5528	0.8867
1972	1417	0.5128	0.5538	0.8937	0.5107	0.5550	0.8868
1973	1416	0.5138	0.5544	0.8936	0.5084	0.5537	0.8880
1974	1416	0.5147	0.5546	0.8935	0.5064	0.5539	0.8888
1975	1416	0.5153	0.5550	0.8933	0.5061	0.5538	0.8895
1976	1415	0.5159	0.5551	0.8930	0.5071	0.5588	0.8889
1977	1411	0.5167	0.5554	0.8928	0.5149	0.5552	0.8941
1978	1409	0.5178	0.5553	0.8924	0.5194	0.5514	0.8983
1979	1409	0.5192	0.5557	0.8922	0.5196	0.5471	0.8986
1980	1409	0.5204	0.5556	0.8921	0.5253	0.5514	0.8972
1981	1409	0.5220	0.5558	0.8920	0.5235	0.5499	0.8978
1982	1409	0.5238	0.5562	0.8919	0.5242	0.5610	0.8965
1983	1409	0.5256	0.5566	0.8918	0.5233	0.5601	0.8968
1984	1409	0.5277	0.5568	0.8918	0.5222	0.5597	0.8970
1985	1409	0.5299	0.5571	0.8919	0.5238	0.5687	0.8970
1986	1409	0.5324	0.5575	0.8919	0.5264	0.5655	0.8961
1987	1409	0.5347	0.5581	0.8918	0.5290	0.5650	0.8938
1988	1409	0.5371	0.5587	0.8917	0.5263	0.5625	0.8901
1989	1409	0.5396	0.5592	0.8917	0.5346	0.5607	0.8880
1990	1409	0.5418	0.5599	0.8914	0.5344	0.5525	0.8875
1991	1407	0.5438	0.5607	0.8911	0.5456	0.5595	0.8882
1992	1406	0.5460	0.5617	0.8908	0.5465	0.5471	0.8885
1993	1405	0.5483	0.5621	0.8907	0.5497	0.5523	0.8890
1994	1404	0.5509	0.5623	0.8904	0.5524	0.5577	0.8874
1995	1404	0.5536	0.5621	0.8902	0.5557	0.5588	0.8854
1996	1404	0.5560	0.5618	0.8899	0.5577	0.5591	0.8860
1997	1403	0.5586	0.5621	0.8895	0.5649	0.5612	0.8896
1998	1403	0.5613	0.5618	0.8892	0.5700	0.5657	0.8882
1999	1403	0.5640	0.5614	0.8888	0.5645	0.5680	0.8865
2000	1403	0.5665	0.5614	0.8884	0.5671	0.5691	0.8862
2001	1403	0.5696	0.5614	0.8881	0.5699	0.5715	0.8880
2002	1403	0.5725	0.5616	0.8878	0.5694	0.5720	0.8885
2003	1403	0.5759	0.5621	0.8874	0.5694	0.5718	0.8896
2004	1403	0.5787	0.5625	0.8869	0.5734	0.5708	0.8922
2005	1403	0.5816	0.5632	0.8863	0.5842	0.5611	0.8931
2006	1403	0.5845	0.5637	0.8857	0.5881	0.5571	0.8918
2007	1403	0.5871	0.5641	0.8851	0.5903	0.5549	0.8907
2008	1403	0.5901	0.5646	0.8845	0.5857	0.5534	0.8886
2009	1402	0.5931	0.5653	0.8839	0.5865	0.5662	0.8883
2010	1401	0.5960	0.5660	0.8832	0.5898	0.5618	0.8881
2011	1400	0.5989	0.5667	0.8826	0.5946	0.5543	0.8857
2012	1397	0.6022	0.5678	0.8820	0.5928	0.5659	0.8848
2013	1396	0.6058	0.5689	0.8815	0.6025	0.5616	0.8826
2014	1396	0.6096	0.5700	0.8809	0.6079	0.5662	0.8801
2015	1395	0.6133	0.5711	0.8803	0.6177	0.5651	0.8771
2016	1393	0.6171	0.5723	0.8796	0.6164	0.5690	0.8758
2017	1393	0.6203	0.5739	0.8789	0.6202	0.5646	0.8749
2018	1392	0.6232	0.5765	0.8781	0.6208	0.5659	0.8732
2019	1390	0.6258	0.5794	0.8773	0.6191	0.5674	0.8723
2020	1389	0.6283	0.5819	0.8765	0.6302	0.5713	0.8711
2021	1388	0.6314	0.5845	0.8758	0.6314	0.5764	0.8718
2022	1388	0.6344	0.5869	0.8751	0.6375	0.5790	0.8710
2023	1387	0.6383	0.5891	0.8743	0.6419	0.5842	0.8726
2024	1387	0.6425	0.5917	0.8737	0.6492	0.5951	0.8732
2025	1387	0.6468	0.5940	0.8731	0.6563	0.5955	0.8722
2026	1387	0.6507	0.5965	0.8725	0.6655	0.5985	0.8725
2027	1387	0.6547	0.5989	0.8721	0.6621	0.6016	0.8739
2028	1387	0.6585	0.6017	0.8717	0.6629	0.6014	0.8732
2029	1386	0.6624	0.6044	0.8714	0.6547	0.6111	0.8729
2030	1386	0.6667	0.6070	0.8712	0.6562	0.6262	0.8730
2031	1385	0.6709	0.6096	0.8710	0.6521	0.6280	0.8725
2032	1385	0.6753	0.6120	0.8709	0.6542	0.6186	0.8702
2033	1384	0.6792	0.6143	0.8708	0.6621	0.6170	0.8710
2034	1383	0.6832	0.6163	0.8706	0.6627	0.6259	0.8705
2035	1381	0.6871	0.6181	0.8705	0.6856	0.6167	0.8702
2036	1380	0.6908	0.6196	0.8701	0.7004	0.6200	0.8693
2037	1380	0.6947	0.6208	0.8696	0.6998	0.6238	0.8695
2038	1379	0.6984	0.6218	0.8691	0.6997	0.6248	0.8684
2039	1379	0.7023	0.6225	0.8685	0.7080	0.6261	0.8700
2040	1378	0.7062	0.6229	0.8679	0.7127	0.6348	0.8681
2041	1378	0.7101	0.6235	0.8674	0.7159	0.6358	0.8682
2042	1378	0.7145	0.6237	0.8669	0.7253	0.6306	0.8684
2043	1377	0.7190	0.6234	0.8665	0.7269	0.6306	0.8696
2044	1376	0.7238	0.6231	0.8661	0.7292	0.6278	0.8686
2045	1376	0.7285	0.6232	0.8658	0.7274	0.6274	0.8687
2046	1376	0.7328	0.6235	0.8656	0.7305	0.6263	0.8685
2047	1375	0.7371	0.6229	0.8654	0.7362	0.6257	0.8661
2048	1374	0.7404	0.6227	0.8651	0.7347	0.6207	0.8633
2049	1373	0.7429	0.6225	0.8648	0.7451	0.6253	0.8605
2050	1373	0.7456	0.6222	0.8645	0.7512	0.6207	0.8599
2051	1372	0.7477	0.6219	0.8644	0.7607	0.6155	0.8584
2052	1370	0.7493	0.6215	0.8643	0.7610	0.6128	0.8593
2053	1370	0.7506	0.6209	0.8642	0.7596	0.6143	0.8609
2054	1368	0.7513	0.6204	0.8640	0.7650	0.6167	0.8605
2055	1367	0.7518	0.6203	0.8636	0.7694	0.6203	0.8625
2056	1367	0.7522	0.6202	0.8633	0.7714	0.6198	0.8620
2057	1366	0.7527	0.6203	0.8631	0.7720	0.6217	0.8634
2058	1365	0.7539	0.6206	0.8630	0.7701	0.6229	0.8643
2059	1365	0.7552	0.6211	0.8629	0.7701	0.6106	0.8655
2060	1364	0.7571	0.6217	0.8629	0.7662	0.6123	0.8637
2061	1362	0.7590	0.6225	0.8632	0.7640	0.6147	0.8615
2062	1361	0.7608	0.6226	0.8635	0.7677	0.6167	0.8636
2063	1361	0.7626	0.6234	0.8638	0.7525	0.6165	0.8656
2064	1360	0.7639	0.6244	0.8643	0.7482	0.6165	0.8667
2065	1359	0.7651	0.6253	0.8648	0.7435	0.6214	0.8652
2066	1359	0.7664	0.6264	0.8652	0.7350	0.6218	0.8631
2067	1359	0.7676	0.6273	0.8657	0.7370	0.6279	0.8591
2068	1358	0.7687	0.6273	0.8662	0.7375	0.6297	0.8618
2069	1357	0.7705	0.6275	0.8667	0.7411	0.6295	0.8639
2070	1355	0.7722	0.6278	0.8671	0.7571	0.6345	0.8650
2071	1354	0.7750	0.6282	0.8676	0.7643	0.6392	0.8664
2072	1354	0.7781	0.6289	0.8680	0.7822	0.6413	0.8668
2073	1354	0.7815	0.6297	0.8686	0.7824	0.6399	0.8694
2074	1354	0.7850	0.6305	0.8693	0.7909	0.6272	0.8700
2075	1354	0.7879	0.6311	0.8699	0.7951	0.6403	0.8669
2076	1353	0.7914	0.6317	0.8705	0.7940	0.6411	0.8697
2077	1353	0.7949	0.6323	0.8711	0.7921	0.6364	0.8716
2078	1352	0.7986	0.6327	0.8719	0.7908	0.6400	0.8716
2079	1351	0.8026	0.6327	0.8726	0.7945	0.6396	0.8738
2080	1349	0.8071	0.6328	0.8736	0.7986	0.6204	0.8742
2081	1348	0.8120	0.6329	0.8744	0.8144	0.6267	0.8754
2082	1348	0.8170	0.6333	0.8749	0.8167	0.6291	0.8736
2083	1347	0.8211	0.6330	0.8755	0.8400	0.6315	0.8762
2084	1347	0.8248	0.6325	0.8759	0.8465	0.6290	0.8754
2085	1347	0.8280	0.6322	0.8763	0.8508	0.6307	0.8786
2086	1346	0.8313	0.6320	0.8766	0.8521	0.6355	0.8791
2087	1345	0.8339	0.6323	0.8770	0.8399	0.6314	0.8789
2088	1345	0.8365	0.6322	0.8774	0.8414	0.6327	0.8812
2089	1345	0.8390	0.6325	0.8778	0.8344	0.6304	0.8818
2090	1343	0.8412	0.6329	0.8781	0.8349	0.6312	0.8835
2091	1343	0.8437	0.6330	0.8784	0.8350	0.6235	0.8821
2092	1343	0.8460	0.6332	0.8785	0.8501	0.6285	0.8830
2093	1343	0.8480	0.6342	0.8785	0.8614	0.6333	0.8807
2094	1343	0.8495	0.6348	0.8785	0.8655	0.6383	0.8785
2095	1342	0.8511	0.6353	0.8784	0.8592	0.6277	0.8781
2096	1342	0.8518	0.6358	0.8781	0.8579	0.6277	0.8785
2097	1342	0.8521	0.6364	0.8779	0.8620	0.6339	0.8760
2098	1341	0.8522	0.6370	0.8776	0.8653	0.6341	0.8771
2099	1340	0.8522	0.6377	0.8773	0.8559	0.6349	0.8786
2100	1339	0.8526	0.6381	0.8771	0.8586	0.6378	0.8787
2101	1338	0.8531	0.6385	0.8768	0.8567	0.6471	0.8789
2102	1338	0.8538	0.6394	0.8766	0.8474	0.6472	0.8793
2103	1338	0.8546	0.6402	0.8763	0.8527	0.6438	0.8793
2104	1338	0.8554	0.6409	0.8760	0.8534	0.6440	0.8771
2105	1338	0.8556	0.6414	0.8758	0.8479	0.6445	0.8741
2106	1338	0.8554	0.6420	0.8756	0.8519	0.6424	0.8731
2107	1336	0.8550	0.6424	0.8755	0.8565	0.6422	0.8714
2108	1336	0.8551	0.6431	0.8755	0.8567	0.6424	0.8694
2109	1335	0.8548	0.6434	0.8754	0.8548	0.6440	0.8708
2110	1333	0.8539	0.6435	0.8754	0.8541	0.6462	0.8708
2111	1332	0.8523	0.6437	0.8753	0.8512	0.6525	0.8727
2112	1332	0.8504	0.6442	0.8751	0.8506	0.6418	0.8731
2113	1332	0.8480	0.6442	0.8748	0.8534	0.6441	0.8735
2114	1330	0.8455	0.6437	0.8745	0.8512	0.6531	0.8768
2115	1330	0.8435	0.6437	0.8740	0.8554	0.6500	0.8755
2116	1330	0.8411	0.6437	0.8736	0.8563	0.6401	0.8760
2117	1329	0.8393	0.6436	0.8733	0.8551	0.6425	0.8765
2118	1328	0.8379	0.6435	0.8732	0.8553	0.6478	0.8774
2119	1328	0.8359	0.6434	0.8731	0.8551	0.6485	0.8759
2120	1327	0.8340	0.6433	0.8732	0.8611	0.6437	0.8773
2121	1327	0.8316	0.6436	0.8734	0.8510	0.6363	0.8767
2122	1325	0.8293	0.6437	0.8735	0.8389	0.6376	0.8761
2123	1324	0.8262	0.6439	0.8736	0.8260	0.6368	0.8746
2124	1324	0.8234	0.6442	0.8737	0.8079	0.6494	0.8736
2125	1324	0.8208	0.6452	0.8738	0.8005	0.6375	0.8705
2126	1324	0.8179	0.6459	0.8741	0.7922	0.6343	0.8707
2127	1323	0.8149	0.6467	0.8743	0.7986	0.6460	0.8683
2128	1322	0.8113	0.6475	0.8747	0.7915	0.6444	0.8676
2129	1320	0.8080	0.6487	0.8751	0.8093	0.6408	0.8695
2130	1318	0.8052	0.6497	0.8756	0.8131	0.6435	0.8722
2131	1318	0.8021	0.6505	0.8761	0.8016	0.6392	0.8719
2132	1317	0.7983	0.6511	0.8767	0.8086	0.6410	0.8738
2133	1316	0.7944	0.6521	0.8774	0.7973	0.6478	0.8745
2134	1315	0.7904	0.6536	0.8781	0.7961	0.6487	0.8729
2135	1315	0.7872	0.6551	0.8789	0.7787	0.6498	0.8720
2136	1315	0.7847	0.6564	0.8798	0.7798	0.6607	0.8747
2137	1314	0.7822	0.6574	0.8808	0.7857	0.6666	0.8778
2138	1313	0.7799	0.6589	0.8818	0.7818	0.6622	0.8799
2139	1313	0.7779	0.6605	0.8829	0.7754	0.6720	0.8828
2140	1312	0.7756	0.6617	0.8840	0.7644	0.6699	0.8846
2141	1311	0.7737	0.6634	0.8853	0.7758	0.6709	0.8855
2142	1310	0.7710	0.6652	0.8865	0.7848	0.6667	0.8890
2143	1309	0.7684	0.6670	0.8876	0.7773	0.6673	0.8897
2144	1309	0.7659	0.6690	0.8888	0.7593	0.6644	0.8922
2145	1308	0.7633	0.6712	0.8898	0.7643	0.6695	0.8941
2146	1308	0.7611	0.6729	0.8908	0.7502	0.6730	0.8934
2147	1306	0.7586	0.6749	0.8919	0.7604	0.6747	0.8957
2148	1305	0.7567	0.6771	0.8931	0.7625	0.6702	0.8981
2149	1305	0.7551	0.6786	0.8943	0.7463	0.6727	0.8977
2150	1304	0.7537	0.6800	0.8955	0.7427	0.6752	0.8968
2151	1304	0.7524	0.6817	0.8965	0.7410	0.6748	0.8973
2152	1304	0.7514	0.6828	0.8975	0.7431	0.6770	0.8969
2153	1304	0.7507	0.6842	0.8984	0.7428	0.6861	0.9004
2154	1301	0.7493	0.6856	0.8993	0.7433	0.6857	0.8999
2155	1301	0.7472	0.6870	0.9001	0.7467	0.6899	0.8989
2156	1301	0.7455	0.6885	0.9009	0.7383	0.6887	0.9005
2157	1300	0.7446	0.6900	0.9017	0.7443	0.6952	0.8993
2158	1299	0.7433	0.6913	0.9024	0.7415	0.6913	0.9006
2159	1298	0.7425	0.6925	0.9032	0.7350	0.6983	0.8986
2160	1296	0.7413	0.6935	0.9040	0.7314	0.7054	0.9034
2161	1296	0.7396	0.6949	0.9046	0.7390	0.6961	0.9054
2162	1295	0.7387	0.6961	0.9052	0.7500	0.7036	0.9065
2163	1294	0.7383	0.6973	0.9058	0.7512	0.7041	0.9060
2164	1294	0.7378	0.6984	0.9064	0.7501	0.6996	0.9068
2165	1294	0.7373	0.6995	0.9069	0.7453	0.7048	0.9071
2166	1294	0.7372	0.7000	0.9072	0.7419	0.7050	0.9079
2167	1294	0.7361	0.7009	0.9076	0.7319	0.7033	0.9087
2168	1292	0.7350	0.7018	0.9082	0.7351	0.7028	0.9108
2169	1292	0.7339	0.7025	0.9086	0.7373	0.7033	0.9108
2170	1291	0.7315	0.7031	0.9091	0.7323	0.7024	0.9132
2171	1291	0.7295	0.7034	0.9096	0.7304	0.7022	0.9134
2172	1290	0.7272	0.7037	0.9102	0.7285	0.6991	0.9148
2173	1290	0.7252	0.7042	0.9108	0.7215	0.7059	0.9125
2174	1290	0.7227	0.7047	0.9113	0.7230	0.7030	0.9135
2175	1290	0.7194	0.7048	0.9117	0.7321	0.7039	0.9111
2176	1289	0.7155	0.7052	0.9121	0.7300	0.7042	0.9122
2177	1288	0.7117	0.7055	0.9126	0.7303	0.7044	0.9098
2178	1287	0.7080	0.7055	0.9132	0.7394	0.6987	0.9085
2179	1287	0.7044	0.7057	0.9139	0.7170	0.7085	0.9109
2180	1287	0.7013	0.7060	0.9145	0.7189	0.7107	0.9119
2181	1286	0.6978	0.7062	0.9153	0.7094	0.7060	0.9110
2182	1285	0.6937	0.7065	0.9160	0.6856	0.7107	0.9118
2183	1284	0.6898	0.7068	0.9167	0.6912	0.7002	0.9135
2184	1282	0.6860	0.7069	0.9176	0.6768	0.7039	0.9146
2185	1281	0.6815	0.7071	0.9184	0.6827	0.7191	0.9163
2186	1281	0.6775	0.7073	0.9195	0.6758	0.7072	0.9184
2187	1281	0.6730	0.7073	0.9204	0.6668	0.7065	0.9164
2188	1281	0.6678	0.7073	0.9216	0.6552	0.7145	0.9178
2189	1280	0.6626	0.7074	0.9228	0.6538	0.7064	0.9193
2190	1280	0.6573	0.7075	0.9242	0.6536	0.7063	0.9220
2191	1279	0.6518	0.7076	0.9257	0.6523	0.7088	0.9235
2192	1278	0.6469	0.7070	0.9271	0.6538	0.7105	0.9260
2193	1276	0.6418	0.7061	0.9284	0.6461	0.7089	0.9286
2194	1275	0.6373	0.7055	0.9298	0.6352	0.7104	0.9289
2195	1275	0.6333	0.7048	0.9311	0.6344	0.7091	0.9307
2196	1272	0.6291	0.7049	0.9323	0.6355	0.7068	0.9358
2197	1272	0.6250	0.7047	0.9335	0.6166	0.7034	0.9362
2198	1271	0.6203	0.7037	0.9348	0.6230	0.7108	0.9376
2199	1271	0.6162	0.7035	0.9359	0.6088	0.7031	0.9375
2200	1269	0.6125	0.7030	0.9372	0.6040	0.7043	0.9402
2201	1269	0.6091	0.7022	0.9383	0.5996	0.7056	0.9422
2202	1268	0.6051	0.7019	0.9395	0.5974	0.7081	0.9452
2203	1268	0.6015	0.7014	0.9405	0.6006	0.7000	0.9453
2204	1268	0.5977	0.7007	0.9415	0.5953	0.6946	0.9460
2205	1267	0.5941	0.7001	0.9424	0.5909	0.6876	0.9462
2206	1267	0.5909	0.6992	0.9431	0.5986	0.6904	0.9440
2207	1266	0.5881	0.6984	0.9438	0.5857	0.6931	0.9449
2208	1266	0.5856	0.6983	0.9444	0.5850	0.7018	0.9438
2209	1266	0.5831	0.6982	0.9448	0.5752	0.6999	0.9449
2210	1265	0.5816	0.6983	0.9452	0.5653	0.6955	0.9472
2211	1265	0.5798	0.6978	0.9457	0.5713	0.7002	0.9466
2212	1265	0.5785	0.6974	0.9463	0.5767	0.6944	0.9489
2213	1265	0.5772	0.6969	0.9469	0.5681	0.6954	0.9467
2214	1264	0.5761	0.6965	0.9475	0.5552	0.6973	0.9477
2215	1264	0.5746	0.6955	0.9480	0.5622	0.6944	0.9471
2216	1264	0.5734	0.6951	0.9485	0.5593	0.6928	0.9496
2217	1264	0.5726	0.6945	0.9489	0.5625	0.6935	0.9486
2218	1263	0.5719	0.6941	0.9492	0.5653	0.6874	0.9456
2219	1262	0.5708	0.6938	0.9496	0.5667	0.6912	0.9455
2220	1262	0.5703	0.6931	0.9501	0.5707	0.7060	0.9472
2221	1262	0.5697	0.6923	0.9506	0.5737	0.7053	0.9457
2222	1262	0.5699	0.6911	0.9513	0.5799	0.7047	0.9468
2223	1260	0.5707	0.6898	0.9518	0.5783	0.6979	0.9500
2224	1260	0.5715	0.6880	0.9522	0.5744	0.6939	0.9521
2225	1260	0.5723	0.6864	0.9525	0.5732	0.6918	0.9552
2226	1259	0.5737	0.6846	0.9529	0.5707	0.6944	0.9562
2227	1258	0.5761	0.6826	0.9533	0.5603	0.6830	0.9585
2228	1256	0.5785	0.6808	0.9538	0.5713	0.6901	0.9578
2229	1256	0.5815	0.6792	0.9540	0.5751	0.6795	0.9548
2230	1256	0.5843	0.6777	0.9545	0.5718	0.6784	0.9550
2231	1254	0.5869	0.6765	0.9551	0.5723	0.6831	0.9544
2232	1253	0.5896	0.6755	0.9558	0.5730	0.6758	0.9559
2233	1252	0.5925	0.6740	0.9564	0.5711	0.6808	0.9584
2234	1252	0.5952	0.6728	0.9573	0.5792	0.6719	0.9608
2235	1252	0.5979	0.6723	0.9581	0.5859	0.6608	0.9598
2236	1252	0.6007	0.6722	0.9591	0.5899	0.6565	0.9561
2237	1250	0.6042	0.6720	0.9599	0.5971	0.6534	0.9566
2238	1250	0.6076	0.6722	0.9609	0.6030	0.6500	0.9578
2239	1249	0.6114	0.6726	0.9617	0.6153	0.6483	0.9575
2240	1247	0.6156	0.6737	0.9625	0.6225	0.6494	0.9586
2241	1246	0.6200	0.6752	0.9633	0.6336	0.6539	0.9565
2242	1244	0.6242	0.6773	0.9642	0.6321	0.6538	0.9597
2243	1243	0.6288	0.6796	0.9652	0.6319	0.6574	0.9600
2244	1243	0.6338	0.6818	0.9662	0.6342	0.6668	0.9630
2245	1242	0.6386	0.6841	0.9672	0.6419	0.6688	0.9633
2246	1241	0.6431	0.6864	0.9680	0.6431	0.6754	0.9669
2247	1241	0.6475	0.6891	0.9685	0.6463	0.6912	0.9691
2248	1238	0.6523	0.6924	0.9692	0.6489	0.6962	0.9732
2249	1238	0.6569	0.6958	0.9700	0.6605	0.6897	0.9738
2250	1238	0.6615	0.6996	0.9707	0.6578	0.6962	0.9783
2251	1237	0.6656	0.7034	0.9714	0.6678	0.7043	0.9774
2252	1236	0.6691	0.7071	0.9722	0.6647	0.7108	0.9785
2253	1236	0.6725	0.7109	0.9729	0.6805	0.7269	0.9779
2254	1236	0.6756	0.7149	0.9739	0.6811	0.7314	0.9775
2255	1236	0.6789	0.7191	0.9747	0.6866	0.7377	0.9791
2256	1236	0.6826	0.7229	0.9754	0.6965	0.7365	0.9793
2257	1236	0.6861	0.7269	0.9760	0.6931	0.7344	0.9806
2258	1236	0.6892	0.7303	0.9766	0.6833	0.7372	0.9777
2259	1236	0.6921	0.7336	0.9770	0.6897	0.7394	0.9752
2260	1235	0.6946	0.7363	0.9773	0.7051	0.7447	0.9756
2261	1235	0.6968	0.7387	0.9775	0.7067	0.7417	0.9766
2262	1235	0.6984	0.7413	0.9777	0.7103	0.7474	0.9755
2263	1234	0.7001	0.7435	0.9776	0.7056	0.7448	0.9750
2264	1233	0.7018	0.7455	0.9774	0.7044	0.7407	0.9772
2265	1233	0.7037	0.7473	0.9772	0.7058	0.7450	0.9769
2266	1232	0.7049	0.7485	0.9768	0.7110	0.7551	0.9794
2267	1230	0.7061	0.7495	0.9764	0.7163	0.7569	0.9803
2268	1229	0.7065	0.7506	0.9759	0.7234	0.7538	0.9786
2269	1228	0.7064	0.7517	0.9755	0.7232	0.7661	0.9778
2270	1228	0.7059	0.7529	0.9749	0.7182	0.7545	0.9786
2271	1228	0.7057	0.7539	0.9745	0.7156	0.7573	0.9767
2272	1227	0.7053	0.7551	0.9742	0.7091	0.7578	0.9765
2273	1227	0.7045	0.7559	0.9739	0.7044	0.7573	0.9774
2274	1227	0.7035	0.7571	0.9736	0.6992	0.7540	0.9779
2275	1227	0.7022	0.7583	0.9733	0.7011	0.7527	0.9758
2276	1227	0.7011	0.7596	0.9729	0.7107	0.7539	0.9740
2277	1227	0.6998	0.7610	0.9724	0.7129	0.7549	0.9723
2278	1226	0.6985	0.7625	0.9719	0.7083	0.7564	0.9684
2279	1225	0.6969	0.7633	0.9712	0.7116	0.7575	0.9672
2280	1225	0.6951	0.7643	0.9704	0.6980	0.7659	0.9676
2281	1225	0.6929	0.7657	0.9697	0.6935	0.7620	0.9690
2282	1225	0.6905	0.7664	0.9690	0.6802	0.7652	0.9664
2283	1224	0.6883	0.7678	0.9683	0.6794	0.7621	0.9665
2284	1221	0.6858	0.7688	0.9675	0.6795	0.7693	0.9675
2285	1220	0.6835	0.7691	0.9667	0.6843	0.7646	0.9681
2286	1217	0.6817	0.7695	0.9658	0.6807	0.7731	0.9695
2287	1217	0.6800	0.7701	0.9649	0.6794	0.7757	0.9676
2288	1217	0.6781	0.7707	0.9641	0.6781	0.7780	0.9651
2289	1217	0.6754	0.7710	0.9633	0.6700	0.7764	0.9637
2290	1216	0.6730	0.7711	0.9625	0.6756	0.7818	0.9658
2291	1216	0.6702	0.7706	0.9618	0.6691	0.7745	0.9621
2292	1216	0.6676	0.7699	0.9614	0.6718	0.7828	0.9602
2293	1216	0.6651	0.7691	0.9609	0.6679	0.7898	0.9615
2294	1215	0.6626	0.7682	0.9605	0.6639	0.7834	0.9604
2295	1213	0.6603	0.7673	0.9601	0.6631	0.7875	0.9594
2296	1213	0.6581	0.7664	0.9596	0.6531	0.7826	0.9577
2297	1212	0.6565	0.7653	0.9592	0.6518	0.7674	0.9561
2298	1212	0.6547	0.7642	0.9588	0.6588	0.7660	0.9556
2299	1212	0.6533	0.7629	0.9584	0.6579	0.7691	0.9559
2300	1212	0.6508	0.7612	0.9581	0.6538	0.7666	0.9541
2301	1211	0.6482	0.7596	0.9579	0.6430	0.7629	0.9541
2302	1211	0.6459	0.7581	0.9576	0.6522	0.7568	0.9539
2303	1211	0.6434	0.7562	0.9573	0.6371	0.7433	0.9510
2304	1209	0.6414	0.7542	0.9570	0.6484	0.7409	0.9551
2305	1206	0.6390	0.7518	0.9566	0.6339	0.7446	0.9568
2306	1206	0.6367	0.7491	0.9562	0.6314	0.7417	0.9579
2307	1205	0.6339	0.7459	0.9558	0.6229	0.7406	0.9572
2308	1205	0.6309	0.7424	0.9555	0.6254	0.7417	0.9543
2309	1202	0.6280	0.7391	0.9551	0.6375	0.7418	0.9575
2310	1201	0.6253	0.7362	0.9547	0.6409	0.7350	0.9586
2311	1201	0.6223	0.7335	0.9544	0.6453	0.7416	0.9586
2312	1201	0.6196	0.7306	0.9540	0.6161	0.7341	0.9609
2313	1201	0.6171	0.7282	0.9536	0.6128	0.7384	0.9582
2314	1201	0.6148	0.7263	0.9532	0.6131	0.7372	0.9580
2315	1201	0.6119	0.7245	0.9529	0.6127	0.7352	0.9565
2316	1201	0.6095	0.7231	0.9526	0.6195	0.7251	0.9545
2317	1201	0.6064	0.7219	0.9521	0.6130	0.7208	0.9523
2318	1201	0.6037	0.7202	0.9515	0.6106	0.7223	0.9508
2319	1200	0.6011	0.7189	0.9508	0.5934	0.7053	0.9501
2320	1198	0.5997	0.7175	0.9499	0.5869	0.7004	0.9508
2321	1198	0.5981	0.7162	0.9493	0.5812	0.6985	0.9489
2322	1198	0.5961	0.7148	0.9484	0.5844	0.6950	0.9470
2323	1198	0.5941	0.7136	0.9475	0.5845	0.6977	0.9462
2324	1198	0.5918	0.7120	0.9466	0.5901	0.6977	0.9455
2325	1198	0.5906	0.7108	0.9455	0.5901	0.7073	0.9457
2326	1197	0.5892	0.7091	0.9446	0.5870	0.7148	0.9439
2327	1196	0.5876	0.7074	0.9435	0.5799	0.7115	0.9458
2328	1195	0.5856	0.7059	0.9425	0.5764	0.7088	0.9443
2329	1195	0.5834	0.7048	0.9417	0.5712	0.7107	0.9433
2330	1195	0.5811	0.7038	0.9410	0.5666	0.7023	0.9411
2331	1194	0.5787	0.7023	0.9402	0.5662	0.7088	0.9387
2332	1194	0.5767	0.7013	0.9395	0.5874	0.7051	0.9368
2333	1194	0.5748	0.7003	0.9386	0.5853	0.7101	0.9372
2334	1194	0.5729	0.6996	0.9377	0.5888	0.7068	0.9368
2335	1194	0.5710	0.6995	0.9368	0.5900	0.7046	0.9356
2336	1193	0.5690	0.6990	0.9358	0.5884	0.7020	0.9357
2337	1190	0.5666	0.6989	0.9346	0.5844	0.7030	0.9348
2338	1189	0.5641	0.6984	0.9335	0.5795	0.6955	0.9334
2339	1189	0.5615	0.6972	0.9324	0.5716	0.6963	0.9311
2340	1188	0.5593	0.6962	0.9312	0.5623	0.6965	0.9322
2341	1187	0.5572	0.6952	0.9301	0.5645	0.6989	0.9336
2342	1186	0.5553	0.6943	0.9289	0.5570	0.6961	0.9356
2343	1186	0.5539	0.6936	0.9279	0.5499	0.6830	0.9309
2344	1185	0.5518	0.6929	0.9269	0.5445	0.6805	0.9318
2345	1185	0.5491	0.6924	0.9260	0.5394	0.6759	0.9289
2346	1185	0.5470	0.6912	0.9251	0.5321	0.6820	0.9272
2347	1185	0.5450	0.6904	0.9242	0.5374	0.6919	0.9231
2348	1185	0.5426	0.6895	0.9232	0.5359	0.6842	0.9213
2349	1185	0.5399	0.6882	0.9221	0.5302	0.6965	0.9173
2350	1185	0.5374	0.6870	0.9210	0.5272	0.6949	0.9171
2351	1184	0.5344	0.6859	0.9200	0.5223	0.6846	0.9162
2352	1183	0.5319	0.6851	0.9192	0.5242	0.6864	0.9164
2353	1182	0.5299	0.6849	0.9184	0.5246	0.6844	0.9158
2354	1182	0.5283	0.6847	0.9176	0.5238	0.6876	0.9139
2355	1182	0.5274	0.6848	0.9166	0.5307	0.6840	0.9155
2356	1180	0.5266	0.6856	0.9157	0.5144	0.6926	0.9143
2357	1178	0.5259	0.6869	0.9146	0.5199	0.6910	0.9150
2358	1176	0.5254	0.6883	0.9135	0.5325	0.6819	0.9151
2359	1176	0.5259	0.6895	0.9124	0.5374	0.6847	0.9127
2360	1176	0.5260	0.6909	0.9114	0.5321	0.6830	0.9103
2361	1176	0.5261	0.6928	0.9103	0.5203	0.6704	0.9081
2362	1175	0.5266	0.6947	0.9093	0.5205	0.6709	0.9091
2363	1175	0.5275	0.6967	0.9083	0.5053	0.6690	0.9086
2364	1175	0.5288	0.6988	0.9071	0.5103	0.6762	0.9097
2365	1172	0.5300	0.7011	0.9059	0.5122	0.6907	0.9129
2366	1172	0.5314	0.7039	0.9048	0.5241	0.6946	0.9129
2367	1172	0.5332	0.7065	0.9038	0.5329	0.6999	0.9113
2368	1172	0.5347	0.7093	0.9028	0.5298	0.7034	0.9083
2369	1171	0.5371	0.7118	0.9018	0.5269	0.7108	0.9049
2370	1171	0.5394	0.7142	0.9007	0.5280	0.7125	0.9010
2371	1170	0.5415	0.7169	0.8996	0.5436	0.7103	0.8990
2372	1170	0.5423	0.7193	0.8987	0.5407	0.7282	0.8980
2373	1170	0.5435	0.7221	0.8980	0.5378	0.7307	0.8948
2374	1170	0.5454	0.7252	0.8973	0.5427	0.7434	0.8918
2375	1169	0.5475	0.7280	0.8966	0.5506	0.7467	0.8916
2376	1168	0.5501	0.7312	0.8958	0.5536	0.7373	0.8859
2377	1168	0.5528	0.7343	0.8949	0.5546	0.7442	0.8870
2378	1167	0.5556	0.7370	0.8938	0.5604	0.7524	0.8888
2379	1166	0.5580	0.7394	0.8926	0.5677	0.7544	0.8895
2380	1166	0.5603	0.7417	0.8914	0.5698	0.7543	0.8894
2381	1166	0.5628	0.7435	0.8904	0.5750	0.7536	0.8885
2382	1165	0.5656	0.7452	0.8894	0.5761	0.7519	0.8871
2383	1163	0.5683	0.7465	0.8886	0.5840	0.7477	0.8893
2384	1163	0.5704	0.7480	0.8876	0.5597	0.7457	0.8894
2385	1160	0.5727	0.7488	0.8868	0.5618	0.7529	0.8921
2386	1159	0.5752	0.7496	0.8859	0.5667	0.7487	0.8910
2387	1159	0.5780	0.7496	0.8851	0.5738	0.7412	0.8909
2388	1159	0.5805	0.7494	0.8842	0.5709	0.7489	0.8900
2389	1159	0.5829	0.7497	0.8836	0.5776	0.7540	0.8866
2390	1159	0.5857	0.7496	0.8829	0.5809	0.7559	0.8866
2391	1158	0.5883	0.7493	0.8822	0.5853	0.7569	0.8823
2392	1158	0.5904	0.7497	0.8813	0.5896	0.7557	0.8816
2393	1158	0.5922	0.7502	0.8802	0.5915	0.7497	0.8823
2394	1158	0.5935	0.7508	0.8793	0.5970	0.7521	0.8801
2395	1157	0.5945	0.7514	0.8783	0.5949	0.7461	0.8802
2396	1157	0.5953	0.7522	0.8775	0.5978	0.7468	0.8756
2397	1156	0.5968	0.7529	0.8766	0.5980	0.7475	0.8762
2398	1156	0.5978	0.7534	0.8758	0.6006	0.7518	0.8733
2399	1155	0.5986	0.7541	0.8752	0.6130	0.7439	0.8722
2400	1154	0.5991	0.7549	0.8746	0.6125	0.7420	0.8703
2401	1154	0.5996	0.7555	0.8740	0.6140	0.7446	0.8707
2402	1154	0.6000	0.7560	0.8737	0.6246	0.7400	0.8689
2403	1154	0.6004	0.7560	0.8734	0.6247	0.7457	0.8706
2404	1154	0.6007	0.7571	0.8735	0.6195	0.7638	0.8668
2405	1154	0.6010	0.7581	0.8737	0.6160	0.7687	0.8636
2406	1153	0.6004	0.7592	0.8738	0.6075	0.7687	0.8649
2407	1153	0.5995	0.7595	0.8741	0.6013	0.7665	0.8628
2408	1153	0.5982	0.7598	0.8743	0.6037	0.7666	0.8678
2409	1153	0.5973	0.7607	0.8748	0.5955	0.7649	0.8684
2410	1150	0.5965	0.7608	0.8753	0.5871	0.7636	0.8727
2411	1149	0.5950	0.7607	0.8759	0.5882	0.7672	0.8746
2412	1149	0.5934	0.7603	0.8764	0.5868	0.7616	0.8752
2413	1149	0.5919	0.7596	0.8771	0.5826	0.7625	0.8765
2414	1149	0.5903	0.7591	0.8778	0.5875	0.7664	0.8775
2415	1149	0.5883	0.7585	0.8783	0.5902	0.7563	0.8809
2416	1149	0.5861	0.7579	0.8790	0.5938	0.7858	0.8841
2417	1148	0.5850	0.7565	0.8797	0.5973	0.7806	0.8853
2418	1148	0.5839	0.7547	0.8805	0.5764	0.7751	0.8861
2419	1148	0.5826	0.7533	0.8812	0.5736	0.7598	0.8867
2420	1147	0.5819	0.7520	0.8820	0.5639	0.7558	0.8860
2421	1146	0.5810	0.7507	0.8825	0.5733	0.7677	0.8879
2422	1146	0.5808	0.7497	0.8830	0.5795	0.7510	0.8879
2423	1146	0.5805	0.7486	0.8833	0.5636	0.7487	0.8882
2424	1146	0.5802	0.7475	0.8834	0.5724	0.7339	0.8867
2425	1146	0.5798	0.7470	0.8836	0.5747	0.7250	0.8869
2426	1146	0.5795	0.7463	0.8837	0.5738	0.7317	0.8869
2427	1146	0.5793	0.7454	0.8838	0.5750	0.7257	0.8838
2428	1145	0.5787	0.7454	0.8837	0.5692	0.7307	0.8865
2429	1145	0.5780	0.7445	0.8834	0.5926	0.7283	0.8836
2430	1145	0.5769	0.7436	0.8830	0.5888	0.7243	0.8837
2431	1145	0.5765	0.7433	0.8827	0.5754	0.7326	0.8830
2432	1144	0.5762	0.7440	0.8821	0.5827	0.7335	0.8825
2433	1144	0.5759	0.7450	0.8816	0.5823	0.7344	0.8818
2434	1144	0.5754	0.7456	0.8809	0.5888	0.7399	0.8802
2435	1144	0.5750	0.7461	0.8803	0.5798	0.7369	0.8797
2436	1144	0.5750	0.7466	0.8798	0.5802	0.7389	0.8779
2437	1142	0.5746	0.7475	0.8795	0.5782	0.7502	0.8792
2438	1142	0.5742	0.7487	0.8792	0.5759	0.7455	0.8788
2439	1141	0.5738	0.7498	0.8789	0.5801	0.7421	0.8806
2440	1140	0.5739	0.7513	0.8787	0.5768	0.7567	0.8776
2441	1140	0.5744	0.7532	0.8786	0.5747	0.7627	0.8777
2442	1139	0.5735	0.7542	0.8786	0.5717	0.7581	0.8763
2443	1137	0.5727	0.7550	0.8784	0.5651	0.7690	0.8770
2444	1136	0.5726	0.7553	0.8783	0.5656	0.7764	0.8730
2445	1135	0.5723	0.7555	0.8784	0.5584	0.7821	0.8724
2446	1134	0.5723	0.7560	0.8785	0.5610	0.7815	0.8714
2447	1132	0.5727	0.7562	0.8786	0.5677	0.7629	0.8731
2448	1131	0.5734	0.7564	0.8787	0.5629	0.7622	0.8759
2449	1130	0.5745	0.7566	0.8790	0.5635	0.7552	0.8782
2450	1130	0.5755	0.7564	0.8792	0.5643	0.7552	0.8787
2451	1130	0.5766	0.7564	0.8795	0.5646	0.7602	0.8788
2452	1129	0.5775	0.7562	0.8797	0.5770	0.7633	0.8804
2453	1127	0.5790	0.7552	0.8799	0.5809	0.7768	0.8835
2454	1127	0.5806	0.7527	0.8803	0.5704	0.7534	0.8833
2455	1127	0.5829	0.7505	0.8806	0.5690	0.7463	0.8802
2456	1125	0.5852	0.7482	0.8809	0.5724	0.7397	0.8801
2457	1125	0.5877	0.7459	0.8813	0.5751	0.7386	0.8831
2458	1124	0.5904	0.7435	0.8819	0.5833	0.7456	0.8846
2459	1124	0.5927	0.7408	0.8824	0.5982	0.7456	0.8840
2460	1124	0.5948	0.7386	0.8829	0.5988	0.7427	0.8825
2461	1122	0.5971	0.7363	0.8831	0.6063	0.7421	0.8835
2462	1121	0.5994	0.7342	0.8833	0.6036	0.7449	0.8845
2463	1119	0.6016	0.7318	0.8835	0.6043	0.7468	0.8863
2464	1118	0.6035	0.7293	0.8838	0.6024	0.7358	0.8853
2465	1118	0.6051	0.7266	0.8841	0.6140	0.7336	0.8850
2466	1117	0.6064	0.7232	0.8844	0.6146	0.6994	0.8862
2467	1116	0.6082	0.7208	0.8847	0.6281	0.7032	0.8850
2468	1116	0.6101	0.7189	0.8852	0.6239	0.7117	0.8829
2469	1115	0.6112	0.7169	0.8857	0.6287	0.7188	0.8847
2470	1114	0.6124	0.7155	0.8863	0.6254	0.7220	0.8859
2471	1114	0.6134	0.7138	0.8868	0.6191	0.7134	0.8850
2472	1114	0.6141	0.7123	0.8873	0.6204	0.7085	0.8840
2473	1114	0.6145	0.7111	0.8878	0.6202	0.7036	0.8829
2474	1112	0.6146	0.7102	0.8882	0.6201	0.7025	0.8827
2475	1111	0.6148	0.7091	0.8887	0.6184	0.6963	0.8835
2476	1110	0.6150	0.7079	0.8891	0.6129	0.6985	0.8858
2477	1109	0.6154	0.7069	0.8896	0.6169	0.6945	0.8876
2478	1109	0.6152	0.7053	0.8904	0.6125	0.6931	0.8902
2479	1107	0.6148	0.7047	0.8911	0.6153	0.6934	0.8919
2480	1107	0.6140	0.7039	0.8919	0.6178	0.6978	0.8924
2481	1106	0.6132	0.7021	0.8927	0.5991	0.6902	0.8936
2482	1105	0.6126	0.6997	0.8934	0.6052	0.7041	0.8981
2483	1105	0.6124	0.6970	0.8940	0.6089	0.7020	0.8957
2484	1103	0.6129	0.6948	0.8946	0.6148	0.7072	0.8964
2485	1102	0.6135	0.6932	0.8954	0.6098	0.7141	0.8958
2486	1102	0.6144	0.6917	0.8964	0.6099	0.7206	0.8934
2487	1101	0.6153	0.6906	0.8974	0.6075	0.7168	0.8961
2488	1100	0.6168	0.6896	0.8984	0.6099	0.7154	0.8971
2489	1100	0.6187	0.6888	0.8994	0.6114	0.7125	0.8991
2490	1099	0.6212	0.6879	0.9003	0.6081	0.6919	0.9033
2491	1099	0.6236	0.6862	0.9011	0.6062	0.6847	0.9040
2492	1098	0.6257	0.6854	0.9020	0.6066	0.6836	0.9047
2493	1098	0.6276	0.6847	0.9029	0.6058	0.6680	0.9043
2494	1098	0.6304	0.6844	0.9039	0.6133	0.6580	0.9000
2495	1098	0.6334	0.6836	0.9047	0.6188	0.6555	0.9012
2496	1097	0.6362	0.6825	0.9057	0.6337	0.6575	0.9014
2497	1097	0.6388	0.6811	0.9066	0.6346	0.6677	0.9038
2498	1097	0.6418	0.6797	0.9076	0.6427	0.6660	0.9069
2499	1097	0.6442	0.6782	0.9087	0.6428	0.6759	0.9081
2500	1096	0.6473	0.6772	0.9097	0.6551	0.6717	0.9088
2501	1096	0.6504	0.6760	0.9106	0.6604	0.6776	0.9108
2502	1096	0.6536	0.6750	0.9115	0.6803	0.6721	0.9115
2503	1096	0.6571	0.6752	0.9124	0.6713	0.6518	0.9097
2504	1096	0.6608	0.6759	0.9133	0.6674	0.6718	0.9142
2505	1096	0.6639	0.6765	0.9143	0.6656	0.6800	0.9156
2506	1096	0.6668	0.6776	0.9155	0.6697	0.6831	0.9168
2507	1095	0.6689	0.6789	0.9168	0.6792	0.6856	0.9200
2508	1095	0.6706	0.6803	0.9181	0.6810	0.6737	0.9193
2509	1095	0.6717	0.6814	0.9194	0.6791	0.6724	0.9195
2510	1095	0.6725	0.6823	0.9207	0.6841	0.6799	0.9207
2511	1095	0.6729	0.6834	0.9219	0.6715	0.6819	0.9195
2512	1094	0.6733	0.6842	0.9231	0.6851	0.6909	0.9215
2513	1094	0.6733	0.6852	0.9243	0.6869	0.6855	0.9198
2514	1094	0.6725	0.6858	0.9255	0.6919	0.6892	0.9223
2515	1091	0.6709	0.6868	0.9265	0.6957	0.6963	0.9251
2516	1090	0.6711	0.6882	0.9276	0.6974	0.7027	0.9284
2517	1089	0.6715	0.6890	0.9285	0.6842	0.6979	0.9291
2518	1089	0.6719	0.6895	0.9293	0.6785	0.6951	0.9344
2519	1089	0.6719	0.6905	0.9299	0.6645	0.6911	0.9325
2520	1089	0.6715	0.6909	0.9303	0.6635	0.6913	0.9337
2521	1089	0.6713	0.6919	0.9307	0.6601	0.6846	0.9338
2522	1087	0.6709	0.6926	0.9307	0.6547	0.6896	0.9348
2523	1086	0.6700	0.6933	0.9307	0.6528	0.6930	0.9377
2524	1085	0.6689	0.6936	0.9307	0.6532	0.6952	0.9385
2525	1084	0.6674	0.6937	0.9306	0.6538	0.6981	0.9397
2526	1084	0.6661	0.6941	0.9304	0.6418	0.6919	0.9396
2527	1084	0.6645	0.6944	0.9301	0.6393	0.6969	0.9373
2528	1084	0.6629	0.6944	0.9296	0.6769	0.6867	0.9354
2529	1083	0.6610	0.6941	0.9289	0.6765	0.6936	0.9368
2530	1083	0.6597	0.6942	0.9281	0.6754	0.6924	0.9354
2531	1083	0.6583	0.6946	0.9272	0.6712	0.7063	0.9337
2532	1083	0.6574	0.6954	0.9264	0.6687	0.6962	0.9300
2533	1083	0.6565	0.6960	0.9256	0.6750	0.6977	0.9273
2534	1083	0.6555	0.6966	0.9247	0.6695	0.6911	0.9215
2535	1083	0.6552	0.6967	0.9240	0.6632	0.6972	0.9204
2536	1083	0.6545	0.6967	0.9232	0.6439	0.6900	0.9195
2537	1082	0.6534	0.6966	0.9224	0.6454	0.6917	0.9182
2538	1082	0.6518	0.6966	0.9215	0.6555	0.6972	0.9157
2539	1081	0.6503	0.6968	0.9207	0.6530	0.6960	0.9147
2540	1080	0.6487	0.6969	0.9201	0.6545	0.6968	0.9122
2541	1080	0.6451	0.6976	0.9196	0.6501	0.6937	0.9115
2542	1080	0.6409	0.6973	0.9191	0.6515	0.7006	0.9088
2543	1079	0.6368	0.6969	0.9186	0.6433	0.7072	0.9113
2544	1077	0.6328	0.6958	0.9183	0.6414	0.7095	0.9134
2545	1077	0.6289	0.6953	0.9180	0.6417	0.7066	0.9124
2546	1076	0.6251	0.6953	0.9178	0.6359	0.6984	0.9126
2547	1075	0.6215	0.6959	0.9178	0.6461	0.6926	0.9157
2548	1073	0.6181	0.6964	0.9179	0.6353	0.6950	0.9185
2549	1073	0.6157	0.6972	0.9181	0.6267	0.6910	0.9180
2550	1073	0.6129	0.6978	0.9184	0.6134	0.6988	0.9185
2551	1071	0.6099	0.6984	0.9187	0.6051	0.6961	0.9187
2552	1069	0.6064	0.6987	0.9190	0.5987	0.7002	0.9219
2553	1069	0.6026	0.6987	0.9193	0.5874	0.7044	0.9223
2554	1069	0.5987	0.6989	0.9197	0.5694	0.6856	0.9239
2555	1068	0.5946	0.6992	0.9202	0.5743	0.6817	0.9250
2556	1066	0.5906	0.6991	0.9207	0.5700	0.6801	0.9241
2557	1065	0.5871	0.6991	0.9210	0.5717	0.6835	0.9235
2558	1064	0.5837	0.6997	0.9214	0.5815	0.6978	0.9226
2559	1063	0.5806	0.7004	0.9218	0.5785	0.7066	0.9217
2560	1061	0.5774	0.7013	0.9221	0.5788	0.7082	0.9230
2561	1061	0.5746	0.7021	0.9224	0.5829	0.7110	0.9244
2562	1058	0.5727	0.7037	0.9226	0.5757	0.7070	0.9259
2563	1058	0.5703	0.7049	0.9227	0.5806	0.7110	0.9218
2564	1058	0.5683	0.7062	0.9228	0.5646	0.7047	0.9220
2565	1058	0.5665	0.7074	0.9227	0.5600	0.6964	0.9214
2566	1056	0.5652	0.7087	0.9225	0.5541	0.6981	0.9216
2567	1055	0.5647	0.7105	0.9221	0.5469	0.7089	0.9217
2568	1055	0.5637	0.7129	0.9215	0.5442	0.7053	0.9219
2569	1054	0.5627	0.7150	0.9209	0.5547	0.7094	0.9222
2570	1053	0.5616	0.7168	0.9205	0.5558	0.7218	0.9214
2571	1053	0.5601	0.7180	0.9199	0.5587	0.7160	0.9230
2572	1053	0.5587	0.7191	0.9195	0.5665	0.7134	0.9247
2573	1053	0.5569	0.7198	0.9188	0.5658	0.7158	0.9244
2574	1051	0.5553	0.7202	0.9178	0.5772	0.7307	0.9237
2575	1051	0.5539	0.7208	0.9167	0.5545	0.7288	0.9206
2576	1048	0.5527	0.7210	0.9158	0.5553	0.7278	0.9219
2577	1048	0.5521	0.7214	0.9147	0.5542	0.7323	0.9197
2578	1048	0.5511	0.7221	0.9138	0.5538	0.7350	0.9156
2579	1048	0.5502	0.7228	0.9130	0.5564	0.7313	0.9136
2580	1048	0.5495	0.7228	0.9121	0.5500	0.7406	0.9119
2581	1047	0.5490	0.7230	0.9113	0.5451	0.7337	0.9094
2582	1047	0.5481	0.7230	0.9106	0.5443	0.7292	0.9113
2583	1047	0.5469	0.7226	0.9100	0.5431	0.7279	0.9090
2584	1046	0.5458	0.7225	0.9092	0.5436	0.7345	0.9102
2585	1046	0.5443	0.7226	0.9084	0.5350	0.7244	0.9066
2586	1046	0.5432	0.7227	0.9076	0.5409	0.7222	0.8994
2587	1045	0.5414	0.7222	0.9070	0.5426	0.7210	0.8991
2588	1044	0.5412	0.7214	0.9065	0.5497	0.7152	0.8975
2589	1044	0.5408	0.7206	0.9060	0.5503	0.7158	0.8965
2590	1044	0.5406	0.7200	0.9055	0.5345	0.7128	0.8983
2591	1043	0.5408	0.7193	0.9052	0.5324	0.7169	0.9001
2592	1043	0.5411	0.7189	0.9050	0.5273	0.7079	0.9007
2593	1041	0.5419	0.7182	0.9050	0.5319	0.7096	0.9014
2594	1041	0.5432	0.7177	0.9051	0.5326	0.7099	0.9043
2595	1040	0.5444	0.7177	0.9052	0.5263	0.7115	0.9059
2596	1039	0.5454	0.7177	0.9053	0.5309	0.7152	0.9041
2597	1039	0.5467	0.7173	0.9052	0.5289	0.7148	0.9057
2598	1039	0.5482	0.7171	0.9053	0.5387	0.7179	0.9040
2599	1039	0.5496	0.7169	0.9057	0.5324	0.7177	0.9069
2600	1038	0.5509	0.7167	0.9062	0.5486	0.7101	0.9086
2601	1038	0.5519	0.7168	0.9067	0.5460	0.7082	0.9105
2602	1038	0.5527	0.7173	0.9073	0.5501	0.7155	0.9077
2603	1038	0.5546	0.7183	0.9077	0.5585	0.7181	0.9065
2604	1037	0.5565	0.7188	0.9078	0.5635	0.7221	0.9090
2605	1037	0.5586	0.7198	0.9079	0.5707	0.7224	0.9115
2606	1036	0.5608	0.7212	0.9078	0.5761	0.7228	0.9133
2607	1036	0.5631	0.7224	0.9077	0.5750	0.7289	0.9125
2608	1036	0.5654	0.7232	0.9074	0.5683	0.7265	0.9111
2609	1036	0.5678	0.7245	0.9072	0.5756	0.7244	0.9093
2610	1036	0.5702	0.7257	0.9069	0.5743	0.7203	0.9088
2611	1035	0.5723	0.7271	0.9067	0.5753	0.7174	0.9101
2612	1035	0.5746	0.7280	0.9064	0.5753	0.7150	0.9115
2613	1035	0.5760	0.7293	0.9060	0.5741	0.7180	0.9101
2614	1035	0.5773	0.7306	0.9056	0.5713	0.7292	0.9104
2615	1035	0.5786	0.7319	0.9052	0.5812	0.7375	0.9082
2616	1035	0.5798	0.7329	0.9050	0.5794	0.7290	0.9029
2617	1035	0.5808	0.7339	0.9047	0.5805	0.7342	0.9019
2618	1035	0.5817	0.7344	0.9042	0.5873	0.7429	0.9011
2619	1034	0.5823	0.7346	0.9037	0.5889	0.7414	0.9006
2620	1034	0.5832	0.7351	0.9033	0.5846	0.7307	0.8990
2621	1034	0.5845	0.7357	0.9030	0.5899	0.7466	0.8990
2622	1034	0.5855	0.7360	0.9027	0.5898	0.7461	0.8969
2623	1033	0.5862	0.7367	0.9025	0.5920	0.7522	0.8989
2624	1033	0.5867	0.7380	0.9022	0.5878	0.7408	0.8998
2625	1033	0.5870	0.7394	0.9020	0.5840	0.7417	0.8988
2626	1031	0.5870	0.7406	0.9018	0.5788	0.7412	0.9011
2627	1030	0.5873	0.7416	0.9015	0.5841	0.7494	0.8982
2628	1028	0.5877	0.7429	0.9011	0.5881	0.7431	0.9010
2629	1028	0.5889	0.7446	0.9009	0.5875	0.7471	0.9005
2630	1028	0.5902	0.7464	0.9008	0.5928	0.7326	0.8999
2631	1028	0.5915	0.7481	0.9006	0.5927	0.7294	0.9003
2632	1028	0.5930	0.7501	0.9005	0.5960	0.7403	0.9037
2633	1028	0.5945	0.7531	0.9005	0.6003	0.7424	0.9028
2634	1027	0.5956	0.7556	0.9004	0.6026	0.7310	0.9013
2635	1027	0.5966	0.7582	0.9003	0.5911	0.7382	0.9032
2636	1026	0.5974	0.7604	0.9002	0.5863	0.7488	0.9035
2637	1026	0.5985	0.7633	0.8999	0.5849	0.7516	0.9075
2638	1026	0.6002	0.7661	0.8997	0.5729	0.7483	0.9047
2639	1025	0.6020	0.7695	0.8994	0.5796	0.7545	0.9015
2640	1024	0.6036	0.7722	0.8990	0.5912	0.7696	0.9001
2641	1023	0.6050	0.7754	0.8987	0.6085	0.7698	0.8979
2642	1023	0.6066	0.7784	0.8982	0.6123	0.7807	0.8978
2643	1023	0.6081	0.7818	0.8976	0.6202	0.7848	0.8968
2644	1022	0.6098	0.7853	0.8971	0.6274	0.7921	0.8986
2645	1021	0.6112	0.7891	0.8963	0.6214	0.8055	0.8992
2646	1020	0.6124	0.7926	0.8957	0.6175	0.8084	0.8957
2647	1020	0.6136	0.7965	0.8949	0.6155	0.8122	0.8954
2648	1020	0.6155	0.8000	0.8941	0.6104	0.8074	0.8948
2649	1020	0.6173	0.8031	0.8934	0.6173	0.8113	0.8935
2650	1019	0.6187	0.8062	0.8926	0.6260	0.8118	0.8943
2651	1019	0.6213	0.8093	0.8918	0.6245	0.8264	0.8925
2652	1019	0.6235	0.8123	0.8909	0.6223	0.8187	0.8894
2653	1018	0.6266	0.8146	0.8901	0.6249	0.8228	0.8918
2654	1018	0.6292	0.8172	0.8894	0.6261	0.8213	0.8882
2655	1018	0.6307	0.8193	0.8886	0.6305	0.8179	0.8867
2656	1018	0.6320	0.8210	0.8878	0.6361	0.8177	0.8866
2657	1017	0.6330	0.8223	0.8871	0.6292	0.8329	0.8846
2658	1017	0.6341	0.8232	0.8864	0.6303	0.8321	0.8860
2659	1016	0.6355	0.8235	0.8860	0.6347	0.8263	0.8831
2660	1016	0.6370	0.8239	0.8857	0.6368	0.8273	0.8830
2661	1014	0.6387	0.8243	0.8854	0.6325	0.8260	0.8856
2662	1014	0.6400	0.8245	0.8852	0.6190	0.8300	0.8875
2663	1014	0.6410	0.8246	0.8849	0.6380	0.8247	0.8845
2664	1013	0.6420	0.8243	0.8846	0.6352	0.8284	0.8797
2665	1012	0.6433	0.8255	0.8844	0.6684	0.8270	0.8795
2666	1010	0.6454	0.8273	0.8841	0.6735	0.8357	0.8808
2667	1010	0.6474	0.8293	0.8838	0.6501	0.8332	0.8776
2668	1008	0.6499	0.8317	0.8836	0.6536	0.8277	0.8770
2669	1006	0.6522	0.8339	0.8834	0.6509	0.8250	0.8794
2670	1005	0.6549	0.8354	0.8833	0.6501	0.8267	0.8828
2671	1004	0.6581	0.8370	0.8832	0.6525	0.8177	0.8852
2672	1002	0.6611	0.8392	0.8833	0.6531	0.8208	0.8874
2673	1001	0.6646	0.8412	0.8835	0.6531	0.8177	0.8879
2674	1001	0.6682	0.8430	0.8835	0.6483	0.8152	0.8901
2675	1001	0.6722	0.8452	0.8834	0.6513	0.8159	0.8858
2676	1001	0.6755	0.8477	0.8835	0.6497	0.8196	0.8845
2677	1001	0.6791	0.8499	0.8839	0.6539	0.8478	0.8837
2678	1001	0.6822	0.8518	0.8844	0.6775	0.8677	0.8844
2679	1001	0.6849	0.8532	0.8849	0.6770	0.8714	0.8810
2680	1001	0.6881	0.8543	0.8855	0.6921	0.8773	0.8824
2681	1000	0.6906	0.8553	0.8861	0.6940	0.8723	0.8814
2682	999	0.6930	0.8560	0.8866	0.6963	0.8725	0.8816
2683	999	0.6954	0.8565	0.8868	0.7119	0.8721	0.8831
2684	999	0.6979	0.8573	0.8867	0.7085	0.8803	0.8866
2685	998	0.7001	0.8576	0.8865	0.7255	0.8782	0.8882
2686	998	0.7026	0.8585	0.8863	0.7208	0.8709	0.8854
2687	997	0.7052	0.8593	0.8862	0.7200	0.8847	0.8847
2688	996	0.7078	0.8607	0.8864	0.7198	0.8872	0.8882
2689	995	0.7105	0.8617	0.8866	0.7257	0.8825	0.8887
2690	995	0.7128	0.8619	0.8871	0.7459	0.8743	0.8916
2691	995	0.7141	0.8616	0.8877	0.7406	0.8705	0.8931
2692	995	0.7150	0.8608	0.8885	0.7298	0.8621	0.8927
2693	995	0.7155	0.8596	0.8894	0.7167	0.8519	0.8917
2694	995	0.7158	0.8585	0.8904	0.7113	0.8415	0.8923
2695	995	0.7161	0.8570	0.8916	0.7094	0.8406	0.8889
2696	995	0.7156	0.8556	0.8927	0.7142	0.8370	0.8829
2697	995	0.7153	0.8538	0.8937	0.7095	0.8290	0.8819
2698	995	0.7145	0.8520	0.8948	0.7142	0.8395	0.8831
2699	994	0.7137	0.8509	0.8959	0.7152	0.8361	0.8881
2700	993	0.7133	0.8497	0.8971	0.7144	0.8496	0.8887
2701	993	0.7128	0.8482	0.8982	0.7190	0.8446	0.8899
2702	993	0.7121	0.8465	0.8994	0.7101	0.8542	0.8959
2703	993	0.7100	0.8455	0.9006	0.7101	0.8592	0.8993
2704	993	0.7080	0.8448	0.9017	0.7008	0.8509	0.9024
2705	991	0.7053	0.8441	0.9027	0.7044	0.8493	0.9043
2706	990	0.7031	0.8444	0.9038	0.7002	0.8429	0.9075
2707	990	0.7014	0.8453	0.9048	0.7047	0.8360	0.9094
2708	989	0.6997	0.8461	0.9059	0.6986	0.8380	0.9109
2709	989	0.6980	0.8477	0.9073	0.7014	0.8353	0.9130
2710	989	0.6964	0.8496	0.9088	0.7046	0.8317	0.9149
2711	989	0.6948	0.8509	0.9102	0.7020	0.8447	0.9140
2712	988	0.6930	0.8532	0.9115	0.7100	0.8525	0.9144
2713	987	0.6918	0.8549	0.9128	0.7075	0.8520	0.9164
2714	987	0.6914	0.8571	0.9138	0.7084	0.8384	0.9183
2715	987	0.6916	0.8569	0.9144	0.6936	0.8505	0.9216
2716	987	0.6917	0.8561	0.9150	0.6902	0.8533	0.9201
2717	987	0.6929	0.8551	0.9154	0.6625	0.8441	0.9181
2718	986	0.6933	0.8544	0.9158	0.6620	0.8579	0.9190
2719	985	0.6940	0.8538	0.9160	0.6680	0.8641	0.9166
2720	985	0.6943	0.8531	0.9161	0.6682	0.8625	0.9164
2721	984	0.6952	0.8534	0.9160	0.6698	0.8764	0.9194
2722	984	0.6960	0.8541	0.9159	0.6699	0.8764	0.9178
2723	982	0.6962	0.8548	0.9156	0.6756	0.8725	0.9196
2724	982	0.6963	0.8553	0.9154	0.6695	0.8925	0.9202
2725	981	0.6954	0.8555	0.9152	0.6845	0.8932	0.9197
2726	981	0.6944	0.8555	0.9149	0.7078	0.8977	0.9155
2727	981	0.6938	0.8561	0.9146	0.7166	0.8498	0.9123
2728	981	0.6938	0.8564	0.9141	0.7119	0.8406	0.9128
2729	981	0.6939	0.8568	0.9135	0.7314	0.8254	0.9139
2730	981	0.6952	0.8576	0.9132	0.7140	0.8309	0.9136
2731	981	0.6962	0.8581	0.9130	0.7184	0.8290	0.9121
2732	981	0.6970	0.8583	0.9129	0.7117	0.8186	0.9112
2733	981	0.6975	0.8582	0.9128	0.7213	0.8448	0.9098
2734	980	0.6978	0.8575	0.9126	0.7200	0.8529	0.9102
2735	980	0.6980	0.8576	0.9125	0.7096	0.8504	0.9077
2736	979	0.6976	0.8576	0.9122	0.7052	0.8569	0.9076
2737	978	0.6976	0.8570	0.9118	0.6871	0.8576	0.9091
2738	978	0.6971	0.8562	0.9114	0.6839	0.8510	0.9101
2739	978	0.6959	0.8549	0.9111	0.6912	0.8525	0.9109
2740	978	0.6957	0.8555	0.9110	0.6942	0.8579	0.9075
2741	978	0.6952	0.8561	0.9107	0.6943	0.8653	0.9072
2742	978	0.6943	0.8584	0.9102	0.6927	0.8636	0.9105
2743	977	0.6939	0.8603	0.9096	0.6891	0.8695	0.9124
2744	977	0.6933	0.8634	0.9088	0.6873	0.8701	0.9146
2745	977	0.6933	0.8665	0.9080	0.6804	0.8596	0.9145
2746	977	0.6929	0.8686	0.9071	0.6784	0.8589	0.9139
2747	977	0.6926	0.8706	0.9062	0.6732	0.8783	0.9144
2748	976	0.6928	0.8726	0.9053	0.6672	0.8723	0.9136
2749	975	0.6931	0.8740	0.9044	0.6678	0.8772	0.9107
2750	975	0.6936	0.8749	0.9033	0.6723	0.8753	0.9077
2751	975	0.6943	0.8764	0.9019	0.6780	0.8651	0.9085
2752	973	0.6940	0.8775	0.9004	0.7128	0.8637	0.9101
2753	973	0.6934	0.8776	0.8990	0.6987	0.8567	0.9063
2754	973	0.6928	0.8770	0.8976	0.7075	0.8812	0.9015
2755	973	0.6927	0.8762	0.8960	0.7047	0.8792	0.8970
2756	973	0.6928	0.8747	0.8943	0.7046	0.9056	0.8928
2757	972	0.6929	0.8734	0.8924	0.7107	0.8963	0.8900
2758	972	0.6934	0.8725	0.8905	0.7111	0.8973	0.8880
2759	971	0.6938	0.8710	0.8884	0.7124	0.9034	0.8875
2760	971	0.6941	0.8689	0.8862	0.7149	0.9008	0.8870
2761	971	0.6948	0.8672	0.8840	0.7136	0.8915	0.8843
2762	971	0.6957	0.8648	0.8819	0.7003	0.8812	0.8813
2763	971	0.6959	0.8621	0.8801	0.6990	0.8881	0.8763
2764	971	0.6958	0.8600	0.8780	0.6838	0.8794	0.8732
2765	970	0.6940	0.8579	0.8760	0.6796	0.8598	0.8725
2766	970	0.6919	0.8558	0.8741	0.6811	0.8519	0.8713
2767	968	0.6889	0.8533	0.8725	0.6897	0.8427	0.8703
2768	968	0.6860	0.8506	0.8709	0.6909	0.8318	0.8708
2769	966	0.6822	0.8470	0.8695	0.6901	0.8368	0.8668
2770	965	0.6785	0.8439	0.8683	0.6922	0.8383	0.8662
2771	965	0.6751	0.8399	0.8672	0.6885	0.8217	0.8622
2772	965	0.6716	0.8351	0.8659	0.6817	0.8252	0.8590
2773	964	0.6679	0.8304	0.8647	0.6852	0.8307	0.8579
2774	963	0.6644	0.8259	0.8635	0.6881	0.8153	0.8599
2775	963	0.6616	0.8213	0.8625	0.6795	0.8094	0.8605
2776	963	0.6589	0.8170	0.8615	0.6734	0.8107	0.8577
2777	963	0.6570	0.8128	0.8607	0.6684	0.8116	0.8598
2778	963	0.6559	0.8092	0.8598	0.6475	0.8050	0.8582
2779	962	0.6545	0.8059	0.8592	0.6314	0.8178	0.8611
2780	962	0.6528	0.8042	0.8586	0.6327	0.8125	0.8572
2781	962	0.6512	0.8029	0.8581	0.6096	0.8154	0.8592
2782	962	0.6491	0.8014	0.8578	0.6172	0.8199	0.8596
2783	961	0.6472	0.8002	0.8575	0.6267	0.7961	0.8590
2784	961	0.6453	0.8002	0.8573	0.6244	0.7851	0.8571
2785	961	0.6438	0.7997	0.8575	0.6231	0.7829	0.8555
2786	960	0.6428	0.7990	0.8576	0.6266	0.7778	0.8559
2787	960	0.6422	0.7989	0.8578	0.6302	0.7664	0.8539
2788	959	0.6421	0.7990	0.8580	0.6317	0.7800	0.8517
2789	959	0.6422	0.7988	0.8582	0.6358	0.7761	0.8527
2790	958	0.6422	0.7983	0.8583	0.6523	0.7692	0.8522
2791	958	0.6428	0.7981	0.8585	0.6455	0.7696	0.8548
2792	958	0.6432	0.7965	0.8587	0.6481	0.7995	0.8567
2793	958	0.6437	0.7952	0.8589	0.6488	0.7986	0.8585
2794	958	0.6446	0.7928	0.8591	0.6386	0.7991	0.8591
2795	958	0.6452	0.7900	0.8593	0.6440	0.8105	0.8580
2796	958	0.6453	0.7878	0.8594	0.6428	0.8204	0.8572
2797	956	0.6450	0.7857	0.8597	0.6432	0.8138	0.8630
2798	956	0.6450	0.7838	0.8600	0.6608	0.8118	0.8618
2799	955	0.6448	0.7823	0.8605	0.6714	0.8130	0.8646
2800	954	0.6447	0.7813	0.8610	0.6783	0.8112	0.8654
2801	954	0.6441	0.7799	0.8617	0.6768	0.8067	0.8624
2802	954	0.6434	0.7789	0.8624	0.6686	0.7991	0.8632
2803	953	0.6421	0.7781	0.8630	0.6609	0.7988	0.8620
2804	953	0.6411	0.7776	0.8634	0.6417	0.7785	0.8657
2805	951	0.6404	0.7761	0.8637	0.6458	0.7808	0.8634
2806	950	0.6399	0.7744	0.8639	0.6316	0.7546	0.8631
2807	950	0.6398	0.7726	0.8640	0.6314	0.7507	0.8662
2808	950	0.6395	0.7703	0.8642	0.6306	0.7395	0.8613
2809	949	0.6390	0.7674	0.8645	0.6163	0.7345	0.8644
2810	949	0.6395	0.7642	0.8647	0.6218	0.7359	0.8633
2811	948	0.6391	0.7612	0.8648	0.6229	0.7389	0.8677
2812	948	0.6382	0.7581	0.8650	0.6274	0.7413	0.8669
2813	948	0.6372	0.7551	0.8651	0.6180	0.7441	0.8697
2814	948	0.6355	0.7521	0.8654	0.6172	0.7514	0.8689
2815	947	0.6348	0.7494	0.8655	0.6199	0.7509	0.8675
2816	947	0.6345	0.7466	0.8657	0.6201	0.7568	0.8656
2817	947	0.6351	0.7446	0.8658	0.6314	0.7607	0.8642
2818	947	0.6357	0.7425	0.8660	0.6367	0.7568	0.8622
2819	946	0.6368	0.7414	0.8663	0.6349	0.7533	0.8627
2820	945	0.6380	0.7405	0.8665	0.6373	0.7544	0.8633
2821	945	0.6392	0.7398	0.8669	0.6303	0.7469	0.8641
2822	943	0.6406	0.7394	0.8673	0.6544	0.7338	0.8677
2823	941	0.6416	0.7393	0.8676	0.6517	0.7367	0.8656
2824	941	0.6422	0.7388	0.8678	0.6495	0.7373	0.8681
2825	941	0.6427	0.7379	0.8680	0.6518	0.7362	0.8691
2826	941	0.6434	0.7366	0.8681	0.6357	0.7317	0.8680
2827	941	0.6440	0.7350	0.8682	0.6512	0.7306	0.8664
2828	941	0.6446	0.7333	0.8685	0.6530	0.7281	0.8679
2829	941	0.6447	0.7309	0.8689	0.6560	0.7283	0.8688
2830	939	0.6448	0.7274	0.8694	0.6616	0.7292	0.8675
2831	937	0.6445	0.7240	0.8701	0.6592	0.7279	0.8699
2832	937	0.6443	0.7210	0.8708	0.6613	0.7272	0.8721
2833	937	0.6441	0.7174	0.8717	0.6600	0.7221	0.8718
2834	937	0.6445	0.7141	0.8726	0.6509	0.7233	0.8727
2835	937	0.6442	0.7107	0.8733	0.6465	0.7338	0.8723
2836	937	0.6443	0.7073	0.8741	0.6395	0.7263	0.8722
2837	936	0.6441	0.7036	0.8747	0.6382	0.7204	0.8729
2838	936	0.6433	0.7000	0.8754	0.6357	0.7096	0.8716
2839	936	0.6425	0.6973	0.8761	0.6334	0.7114	0.8703
2840	934	0.6408	0.6944	0.8769	0.6346	0.7096	0.8753
2841	934	0.6391	0.6916	0.8776	0.6233	0.6980	0.8754
2842	933	0.6378	0.6883	0.8783	0.6336	0.6726	0.8775
2843	933	0.6362	0.6850	0.8790	0.6288	0.6704	0.8796
2844	933	0.6347	0.6820	0.8798	0.6297	0.6790	0.8808
2845	932	0.6333	0.6792	0.8805	0.6334	0.6641	0.8859
2846	932	0.6318	0.6769	0.8810	0.6391	0.6648	0.8861
2847	932	0.6308	0.6750	0.8815	0.6475	0.6495	0.8849
2848	931	0.6300	0.6728	0.8822	0.6530	0.6511	0.8853
2849	931	0.6297	0.6711	0.8830	0.6463	0.6457	0.8844
2850	930	0.6293	0.6698	0.8839	0.6304	0.6458	0.8858
2851	930	0.6289	0.6685	0.8847	0.6173	0.6625	0.8863
2852	930	0.6282	0.6672	0.8857	0.6075	0.6579	0.8842
2853	930	0.6277	0.6662	0.8864	0.6116	0.6585	0.8870
2854	929	0.6278	0.6657	0.8871	0.6226	0.6474	0.8867
2855	929	0.6275	0.6661	0.8878	0.6219	0.6463	0.8849
2856	929	0.6274	0.6666	0.8885	0.6217	0.6521	0.8888
2857	929	0.6266	0.6670	0.8891	0.6253	0.6567	0.8885
2858	929	0.6265	0.6688	0.8896	0.6240	0.6665	0.8847
2859	928	0.6257	0.6710	0.8900	0.6242	0.6742	0.8871
2860	928	0.6245	0.6743	0.8904	0.6272	0.6805	0.8899
2861	926	0.6231	0.6774	0.8908	0.6314	0.6827	0.8919
2862	925	0.6217	0.6809	0.8913	0.6302	0.6873	0.8938
2863	925	0.6210	0.6849	0.8918	0.6243	0.6775	0.8921
2864	925	0.6209	0.6882	0.8925	0.6157	0.6788	0.8944
2865	925	0.6208	0.6917	0.8932	0.6226	0.6841	0.8941
2866	924	0.6210	0.6952	0.8939	0.6250	0.6861	0.8918
2867	923	0.6207	0.6987	0.8948	0.6260	0.6835	0.8954
2868	923	0.6202	0.7022	0.8960	0.6261	0.6828	0.8980
2869	923	0.6196	0.7053	0.8971	0.6105	0.6888	0.8960
2870	923	0.6185	0.7083	0.8981	0.6299	0.7093	0.8970
2871	923	0.6183	0.7114	0.8992	0.6212	0.7188	0.8961
2872	923	0.6182	0.7137	0.9003	0.6163	0.7321	0.8956
2873	923	0.6182	0.7154	0.9013	0.6179	0.7280	0.8966
2874	923	0.6180	0.7173	0.9024	0.6116	0.7346	0.8956
2875	923	0.6173	0.7193	0.9034	0.6124	0.7460	0.8995
2876	923	0.6170	0.7213	0.9046	0.6145	0.7433	0.9019
2877	923	0.6172	0.7236	0.9058	0.6059	0.7469	0.9036
2878	923	0.6170	0.7260	0.9070	0.6178	0.7464	0.9046
2879	922	0.6165	0.7285	0.9084	0.6139	0.7335	0.9093
2880	921	0.6160	0.7311	0.9094	0.6095	0.7349	0.9132
2881	919	0.6156	0.7335	0.9103	0.6055	0.7291	0.9161
2882	918	0.6155	0.7352	0.9114	0.5999	0.7329	0.9138
2883	918	0.6149	0.7363	0.9125	0.6182	0.7423	0.9134
2884	918	0.6149	0.7367	0.9137	0.6222	0.7325	0.9140
2885	918	0.6149	0.7369	0.9148	0.6260	0.7224	0.9155
2886	917	0.6150	0.7374	0.9159	0.6257	0.7309	0.9179
2887	917	0.6156	0.7376	0.9169	0.6131	0.7377	0.9188
2888	916	0.6161	0.7369	0.9178	0.6164	0.7279	0.9234
2889	915	0.6165	0.7358	0.9184	0.6208	0.7360	0.9240
2890	915	0.6171	0.7348	0.9189	0.6177	0.7423	0.9239
2891	914	0.6175	0.7340	0.9194	0.6141	0.7501	0.9267
2892	913	0.6187	0.7340	0.9196	0.6129	0.7478	0.9204
2893	912	0.6198	0.7347	0.9199	0.6173	0.7429	0.9205
2894	912	0.6207	0.7356	0.9201	0.6069	0.7312	0.9232
2895	911	0.6216	0.7363	0.9206	0.6160	0.7374	0.9244
2896	911	0.6218	0.7362	0.9210	0.6208	0.7291	0.9260
2897	910	0.6216	0.7362	0.9215	0.6154	0.7368	0.9237
2898	910	0.6214	0.7366	0.9220	0.6208	0.7413	0.9243
2899	910	0.6213	0.7365	0.9224	0.6271	0.7376	0.9196
2900	910	0.6215	0.7355	0.9229	0.6237	0.7296	0.9227
2901	910	0.6215	0.7351	0.9233	0.6242	0.7164	0.9174
2902	910	0.6211	0.7345	0.9237	0.6222	0.7222	0.9169
2903	908	0.6207	0.7334	0.9242	0.6267	0.7262	0.9147
2904	908	0.6203	0.7319	0.9247	0.6435	0.7317	0.9161
2905	907	0.6198	0.7312	0.9255	0.6380	0.7536	0.9190
2906	907	0.6189	0.7306	0.9264	0.6270	0.7502	0.9219
2907	905	0.6179	0.7301	0.9273	0.6227	0.7513	0.9259
2908	905	0.6164	0.7281	0.9281	0.6229	0.7389	0.9248
2909	905	0.6149	0.7264	0.9290	0.6190	0.7342	0.9257
2910	905	0.6125	0.7239	0.9299	0.6211	0.7330	0.9272
2911	905	0.6098	0.7220	0.9309	0.6219	0.7260	0.9282
2912	905	0.6067	0.7206	0.9321	0.6171	0.7147	0.9317
2913	904	0.6038	0.7199	0.9332	0.6173	0.7160	0.9325
2914	902	0.6004	0.7198	0.9347	0.6110	0.7211	0.9351
2915	901	0.5969	0.7194	0.9362	0.6068	0.7157	0.9363
2916	900	0.5930	0.7190	0.9378	0.6053	0.7130	0.9395
2917	900	0.5883	0.7183	0.9394	0.5994	0.7293	0.9406
2918	900	0.5835	0.7165	0.9408	0.5951	0.7282	0.9418
2919	900	0.5789	0.7150	0.9423	0.5812	0.7186	0.9459
2920	900	0.5748	0.7132	0.9437	0.5791	0.6883	0.9459
2921	899	0.5704	0.7114	0.9452	0.5843	0.6859	0.9474
2922	899	0.5659	0.7098	0.9464	0.5548	0.6744	0.9460
2923	898	0.5607	0.7088	0.9476	0.5527	0.6929	0.9489
2924	898	0.5552	0.7086	0.9490	0.5509	0.7046	0.9498
2925	898	0.5494	0.7093	0.9502	0.5501	0.7108	0.9518
2926	897	0.5438	0.7099	0.9513	0.5404	0.7140	0.9536
2927	896	0.5385	0.7106	0.9522	0.5333	0.7120	0.9545
2928	896	0.5330	0.7111	0.9531	0.5300	0.7158	0.9537
2929	896	0.5273	0.7114	0.9535	0.5270	0.7152	0.9561
2930	895	0.5218	0.7109	0.9539	0.5165	0.7072	0.9560
2931	895	0.5166	0.7106	0.9542	0.5135	0.7127	0.9594
2932	895	0.5114	0.7108	0.9545	0.5204	0.7084	0.9610
2933	895	0.5060	0.7119	0.9549	0.5108	0.6924	0.9605
2934	895	0.4999	0.7132	0.9552	0.5067	0.6951	0.9572
2935	895	0.4944	0.7146	0.9555	0.4909	0.7081	0.9574
2936	895	0.4890	0.7154	0.9558	0.4854	0.7214	0.9620
2937	895	0.4839	0.7158	0.9560	0.4726	0.7317	0.9629
2938	895	0.4785	0.7163	0.9563	0.4768	0.7313	0.9585
2939	895	0.4731	0.7168	0.9564	0.4790	0.7381	0.9587
2940	894	0.4684	0.7170	0.9563	0.4700	0.7270	0.9571
2941	894	0.4643	0.7171	0.9564	0.4613	0.7223	0.9519
2942	894	0.4607	0.7173	0.9563	0.4618	0.7162	0.9493
2943	893	0.4575	0.7168	0.9561	0.4652	0.7202	0.9507
2944	892	0.4548	0.7161	0.9557	0.4508	0.7238	0.9533
2945	892	0.4517	0.7151	0.9552	0.4444	0.7152	0.9549
2946	892	0.4496	0.7153	0.9549	0.4326	0.7190	0.9544
2947	892	0.4480	0.7152	0.9547	0.4162	0.7099	0.9533
2948	892	0.4471	0.7146	0.9545	0.4187	0.7120	0.9560
2949	891	0.4468	0.7138	0.9540	0.4238	0.7158	0.9568
2950	891	0.4471	0.7127	0.9535	0.4144	0.7220	0.9581
2951	891	0.4477	0.7116	0.9530	0.4067	0.7264	0.9559
2952	891	0.4486	0.7100	0.9527	0.4147	0.7176	0.9528
2953	891	0.4500	0.7086	0.9523	0.4261	0.7192	0.9553
2954	891	0.4518	0.7077	0.9522	0.4380	0.7190	0.9532
2955	891	0.4541	0.7067	0.9522	0.4354	0.6955	0.9510
2956	891	0.4561	0.7059	0.9522	0.4468	0.6946	0.9508
2957	891	0.4589	0.7049	0.9523	0.4436	0.6849	0.9492
2958	890	0.4622	0.7044	0.9523	0.4568	0.6960	0.9509
2959	890	0.4661	0.7037	0.9523	0.4681	0.6923	0.9519
2960	890	0.4709	0.7036	0.9524	0.4680	0.6932	0.9525
2961	890	0.4763	0.7029	0.9524	0.4775	0.7017	0.9502
2962	890	0.4815	0.7011	0.9522	0.4806	0.7037	0.9501
2963	889	0.4872	0.6985	0.9519	0.4929	0.7049	0.9477
2964	889	0.4933	0.6955	0.9515	0.5004	0.6966	0.9499
2965	889	0.4989	0.6928	0.9511	0.5063	0.6942	0.9468
2966	889	0.5045	0.6899	0.9504	0.5064	0.6987	0.9500
2967	889	0.5103	0.6872	0.9498	0.5171	0.6913	0.9483
2968	889	0.5162	0.6856	0.9493	0.5174	0.7001	0.9528
2969	889	0.5217	0.6837	0.9487	0.5203	0.6976	0.9548
2970	889	0.5277	0.6825	0.9484	0.5252	0.7048	0.9546
2971	889	0.5331	0.6805	0.9481	0.5309	0.7002	0.9553
2972	889	0.5380	0.6785	0.9478	0.5355	0.7084	0.9549
2973	888	0.5431	0.6764	0.9474	0.5546	0.6931	0.9572
2974	888	0.5480	0.6732	0.9472	0.5532	0.6704	0.9516
2975	886	0.5530	0.6698	0.9471	0.5570	0.6569	0.9510
2976	885	0.5582	0.6667	0.9471	0.5603	0.6518	0.9449
2977	884	0.5632	0.6642	0.9470	0.5548	0.6512	0.9420
2978	884	0.5677	0.6624	0.9473	0.5660	0.6458	0.9376
2979	883	0.5729	0.6605	0.9473	0.5815	0.6526	0.9390
2980	883	0.5777	0.6589	0.9475	0.5837	0.6548	0.9379
2981	883	0.5826	0.6567	0.9473	0.5834	0.6472	0.9375
2982	882	0.5875	0.6548	0.9471	0.5938	0.6544	0.9404
2983	882	0.5921	0.6531	0.9468	0.5930	0.6463	0.9436
2984	882	0.5966	0.6513	0.9465	0.5913	0.6435	0.9440
2985	881	0.6011	0.6498	0.9461	0.5936	0.6385	0.9438
2986	881	0.6052	0.6486	0.9457	0.6008	0.6227	0.9452
2987	879	0.6096	0.6482	0.9456	0.6054	0.6192	0.9473
2988	879	0.6118	0.6478	0.9454	0.6220	0.6276	0.9467
2989	877	0.6140	0.6476	0.9454	0.6256	0.6334	0.9490
2990	876	0.6167	0.6475	0.9456	0.6209	0.6499	0.9532
2991	876	0.6192	0.6475	0.9460	0.6360	0.6514	0.9507
2992	876	0.6210	0.6473	0.9463	0.6371	0.6496	0.9515
2993	875	0.6230	0.6469	0.9468	0.6395	0.6468	0.9495
2994	875	0.6252	0.6469	0.9473	0.6427	0.6498	0.9494
2995	875	0.6271	0.6464	0.9477	0.6403	0.6610	0.9475
2996	874	0.6292	0.6464	0.9479	0.6442	0.6573	0.9468
2997	874	0.6317	0.6466	0.9482	0.6464	0.6696	0.9461
2998	874	0.6344	0.6472	0.9485	0.6581	0.6631	0.9468
2999	874	0.6370	0.6491	0.9488	0.6631	0.6594	0.9494
