rank	gene_id	symbol	mean_tpm	var_log2tpm
1	ENSG00000273542	H4C12	32.62	8.7433
2	ENSG00000197238	H4C11	31.5	8.5799
3	ENSG00000203811	H3C14	50.968	8.4044
4	ENSG00000276345	ENSG00000276345	42.083	7.9313
5	ENSG00000288859	H2AC19	51.448	6.9795
6	ENSG00000291312	ENSG00000291312	18.554	6.8362
7	ENSG00000288825	H2AC18	225.718	6.7373
8	ENSG00000270882	H4C14	68.307	6.5038
9	ENSG00000288636	ENSG00000288636	14.662	6.0765
10	ENSG00000268400	ENSG00000268400	19.559	6.034
11	ENSG00000203852	H3C15	13.157	5.9314
12	ENSG00000285238	ENSG00000285238	26.655	5.7452
13	ENSG00000288681	ENSG00000288681	26.212	5.484
14	ENSG00000204389	HSPA1A	66.461	5.4057
15	ENSG00000267140	ENSG00000267140	17.945	5.1402
16	ENSG00000100490	CDKL1	31.246	5.1269
17	ENSG00000270276	H4C15	28.705	4.9483
18	ENSG00000267059	ENSG00000267059	111.247	4.9106
19	ENSG00000284776	ENSG00000284776	15.087	4.6242
20	ENSG00000268434	ENSG00000268434	8.172	4.4666
21	ENSG00000277224	H2BC7	42.649	4.3429
22	ENSG00000277157	H4C4	11.242	4.3223
23	ENSG00000255339	ENSG00000255339	9.598	4.2885
24	ENSG00000185130	H2BC13	29.374	4.1086
25	ENSG00000172058	SERF1A	8.655	4.0204
26	ENSG00000185437	SH3BGR	44.582	3.9712
27	ENSG00000282988	ENSG00000282988	7.072	3.9465
28	ENSG00000150938	CRIM1	19.711	3.9114
29	ENSG00000072818	ACAP1	6.534	3.8736
30	ENSG00000263620	ENSG00000263620	13.454	3.7849
31	ENSG00000286070	ENSG00000286070	47.661	3.7553
32	ENSG00000290146	ENSG00000290146	12.252	3.6033
33	ENSG00000161939	RNASEK-C17orf49	22.004	3.5815
34	ENSG00000269955	FMC1-LUC7L2	46.02	3.5738
35	ENSG00000290318	ENSG00000290318	11.893	3.5138
36	ENSG00000188223	ENSG00000188223	5.159	3.5069
37	ENSG00000213689	TREX1	5.246	3.4664
38	ENSG00000278705	H4C2	26.629	3.4308
39	ENSG00000267645	POLR2J2-UPK3BL1	8.958	3.4239
40	ENSG00000133103	COG6	21.327	3.4225
41	ENSG00000285130	ENSG00000285130	17.288	3.3549
42	ENSG00000198417	MT1F	35.888	3.3256
43	ENSG00000261341	SMIM47	7.482	3.2969
44	ENSG00000155970	MICU3	6.722	3.2889
45	ENSG00000196890	H2BC26	27.458	3.2788
46	ENSG00000162772	ATF3	241.352	3.2299
47	ENSG00000025708	TYMP	11.726	3.1981
48	ENSG00000287908	ENSG00000287908	11.29	3.1471
49	ENSG00000243509	TNFRSF6B	6.002	3.1352
50	ENSG00000272921	ENSG00000272921	5.342	3.1278
51	ENSG00000183305	MAGEA2B	7.083	3.0341
52	ENSG00000170100	ZNF778	17.465	3.0061
53	ENSG00000144320	LNPK	16.228	2.9907
54	ENSG00000255526	NEDD8-MDP1	16.285	2.9797
55	ENSG00000142089	IFITM3	15.166	2.9713
56	ENSG00000130592	LSP1	3.863	2.9477
57	ENSG00000155974	GRIP1	15.839	2.9415
58	ENSG00000257921	ENSG00000257921	135.264	2.9384
59	ENSG00000184270	H2AC21	62.244	2.9381
60	ENSG00000088881	EBF4	10.183	2.8771
61	ENSG00000140044	JDP2	31.415	2.8713
62	ENSG00000101204	CHRNA4	5.129	2.8618
63	ENSG00000228727	SAPCD1	11.084	2.8602
64	ENSG00000276903	H2AC16	45.532	2.8501
65	ENSG00000217442	SYCE3	3.714	2.8396
66	ENSG00000266953	ENSG00000266953	4.365	2.8071
67	ENSG00000257390	ENSG00000257390	28.466	2.7644
68	ENSG00000139574	NPFF	8.127	2.7491
69	ENSG00000164187	LMBRD2	5.108	2.7158
70	ENSG00000286053	ASDURF	6.669	2.706
71	ENSG00000154545	MAGED4	29.423	2.6919
72	ENSG00000213398	LCAT	10.287	2.6849
73	ENSG00000273802	H2BC8	3.499	2.677
74	ENSG00000204388	HSPA1B	1691.132	2.6739
75	ENSG00000284969	ENSG00000284969	3.388	2.6712
76	ENSG00000180209	MYL11	4.339	2.6661
77	ENSG00000184949	FAM227A	5.556	2.6315
78	ENSG00000256514	ENSG00000256514	3.391	2.6174
79	ENSG00000255154	HTD2	14.204	2.6169
80	ENSG00000278828	H3C10	20.263	2.6144
81	ENSG00000124749	COL21A1	7.076	2.611
82	ENSG00000125355	TMEM255A	4.726	2.6038
83	ENSG00000197153	H3C12	6.214	2.5991
84	ENSG00000196275	GTF2IRD2	19.436	2.5733
85	ENSG00000285025	MIURF	7.064	2.5723
86	ENSG00000242028	HYPK	364.074	2.5366
87	ENSG00000285815	GET1-SH3BGR	7.849	2.5101
88	ENSG00000125347	IRF1	24.074	2.5048
89	ENSG00000173338	KCNK7	3.841	2.496
90	ENSG00000196748	CLPSL2	4.478	2.4953
91	ENSG00000187556	NANOS3	3.723	2.4899
92	ENSG00000168811	IL12A	7.264	2.4879
93	ENSG00000263513	FAM72C	14.781	2.4781
94	ENSG00000277075	H2AC8	13.882	2.4757
95	ENSG00000180573	H2AC6	81.819	2.4596
96	ENSG00000169203	NPIPB12	8.928	2.4541
97	ENSG00000233024	NPIPA9	10.605	2.4523
98	ENSG00000178078	STAP2	5.987	2.4373
99	ENSG00000167720	SRR	5.171	2.4207
100	ENSG00000280987	MATR3	8.3	2.4195
101	ENSG00000170231	FABP6	6.937	2.4161
102	ENSG00000139174	PRICKLE1	9.392	2.4138
103	ENSG00000188659	SAXO2	5.781	2.4057
104	ENSG00000261832	ENSG00000261832	4.23	2.404
105	ENSG00000011052	NME1-NME2	5.567	2.4019
106	ENSG00000259305	ZHX1-C8orf76	8.505	2.3831
107	ENSG00000185900	POMK	65.104	2.3573
108	ENSG00000006016	CRLF1	5.518	2.3499
109	ENSG00000291316	TMEM276-ZFTRAF1	2.942	2.3357
110	ENSG00000156795	NTAQ1	15.452	2.327
111	ENSG00000285625	ENSG00000285625	19.001	2.3136
112	ENSG00000213462	ERV3-1	9.147	2.3133
113	ENSG00000130222	GADD45G	7.152	2.309
114	ENSG00000111780	ENSG00000111780	2.666	2.3085
115	ENSG00000260914	ENSG00000260914	2.611	2.2918
116	ENSG00000258890	CEP95	21.833	2.2888
117	ENSG00000275714	H3C1	7.913	2.2774
118	ENSG00000286522	H3C2	92.805	2.2708
119	ENSG00000261717	ENSG00000261717	2.878	2.2272
120	ENSG00000272573	MUSTN1	2.766	2.2112
121	ENSG00000103995	CEP152	28.22	2.2099
122	ENSG00000198561	CTNND1	8.589	2.2085
123	ENSG00000266964	FXYD1	4.822	2.2047
124	ENSG00000189409	MMP23B	5.314	2.1989
125	ENSG00000184154	LRRC51	10.05	2.1969
126	ENSG00000086506	HBQ1	18.371	2.1844
127	ENSG00000291313	ENSG00000291313	5.731	2.1744
128	ENSG00000289694	ENSG00000289694	2.591	2.1727
129	ENSG00000275832	ARHGAP23	4.541	2.1727
130	ENSG00000185442	FAM174B	4.789	2.165
131	ENSG00000268606	MAGEA2	16.189	2.1597
132	ENSG00000255529	POLR2M	26.299	2.155
133	ENSG00000155957	TMBIM4	20.142	2.1383
134	ENSG00000203877	RIPPLY2	5.167	2.138
135	ENSG00000198723	SAXO5	2.937	2.1257
136	ENSG00000127995	CASD1	5.369	2.1245
137	ENSG00000196866	H2AC7	25.445	2.1203
138	ENSG00000186480	INSIG1	53.27	2.1161
139	ENSG00000158373	H2BC5	181.425	2.1108
140	ENSG00000108854	SMURF2	6.952	2.1029
141	ENSG00000261459	ENSG00000261459	4.353	2.093
142	ENSG00000115363	EVA1A	5.835	2.0847
143	ENSG00000158806	NPM2	14.831	2.0818
144	ENSG00000124635	H2BC11	95.304	2.0728
145	ENSG00000162444	RBP7	9.074	2.0701
146	ENSG00000256500	ENSG00000256500	2.84	2.0616
147	ENSG00000284431	ENSG00000284431	3.511	2.0546
148	ENSG00000242252	BGLAP	2.549	2.0541
149	ENSG00000125730	C3	3.095	2.0469
150	ENSG00000130347	RTN4IP1	6.558	2.0364
151	ENSG00000160318	CLDND2	2.489	2.0346
152	ENSG00000129455	KLK8	17.082	2.0327
153	ENSG00000289747	ENSG00000289747	2.306	2.0324
154	ENSG00000260001	TGFBR3L	5.2	2.0315
155	ENSG00000106123	EPHB6	3.914	2.0297
156	ENSG00000158406	H4C8	9.31	2.0259
157	ENSG00000278463	H2AC4	58.775	2.0246
158	ENSG00000180596	H2BC4	204.507	2.0236
159	ENSG00000197837	H4C16	4.124	2.0229
160	ENSG00000270011	ZNF559-ZNF177	4.816	2.0023
161	ENSG00000102886	GDPD3	11.855	2.0001
162	ENSG00000167077	MEI1	2.451	1.9941
163	ENSG00000158636	EMSY	8.351	1.9891
164	ENSG00000274049	INO80B-WBP1	2.394	1.9877
165	ENSG00000257949	TEN1	16.004	1.9777
166	ENSG00000188372	ZP3	13.193	1.9746
167	ENSG00000129990	SYT5	6.715	1.9732
168	ENSG00000064489	BORCS8-MEF2B	2.363	1.9703
169	ENSG00000095370	SH2D3C	3.77	1.9689
170	ENSG00000119943	PYROXD2	3.093	1.9635
171	ENSG00000275221	H2AC15	4.956	1.9584
172	ENSG00000100031	GGT1	4.554	1.9583
173	ENSG00000214050	FBXO16	4.767	1.9545
174	ENSG00000176092	CRYBG2	4.986	1.9544
175	ENSG00000143156	NME7	6.954	1.9541
176	ENSG00000182957	SPATA13	8.78	1.9506
177	ENSG00000091592	NLRP1	2.882	1.9495
178	ENSG00000058056	USP13	50.802	1.9482
179	ENSG00000159842	ABR	58.877	1.9375
180	ENSG00000136051	WASHC4	13.118	1.9355
181	ENSG00000206172	HBA1	8.605	1.9336
182	ENSG00000182685	BRICD5	4.735	1.9332
183	ENSG00000272896	ENSG00000272896	3.227	1.9324
184	ENSG00000228486	C2orf92	4.404	1.9233
185	ENSG00000198826	ARHGAP11A	33.503	1.9229
186	ENSG00000138413	IDH1	15.473	1.9206
187	ENSG00000136883	KIF12	6.574	1.9196
188	ENSG00000225828	FAM229A	9.403	1.9189
189	ENSG00000288623	ENSG00000288623	3.613	1.9175
190	ENSG00000187240	DYNC2H1	6.619	1.9165
191	ENSG00000197808	ZNF461	3.359	1.916
192	ENSG00000110944	IL23A	3.904	1.9121
193	ENSG00000196233	LCOR	19.713	1.9078
194	ENSG00000243716	NPIPB5	11.629	1.903
195	ENSG00000119636	BBOF1	3.048	1.9023
196	ENSG00000177565	TBL1XR1	13.912	1.896
197	ENSG00000197779	ZNF81	7.498	1.8913
198	ENSG00000288645	ENSG00000288645	2.36	1.8813
199	ENSG00000205078	SYCE1L	9.051	1.874
200	ENSG00000129007	CALML4	11.316	1.8679
201	ENSG00000164631	ZNF12	5.986	1.8658
202	ENSG00000123427	EEF1AKMT3	7.323	1.8649
203	ENSG00000145632	PLK2	5.05	1.8536
204	ENSG00000267740	ENSG00000267740	3.11	1.8465
205	ENSG00000105750	ZNF85	6.785	1.8388
206	ENSG00000108590	MED31	4.296	1.8319
207	ENSG00000196935	SRGAP1	4.626	1.8307
208	ENSG00000122435	TRMT13	23.503	1.8277
209	ENSG00000137941	TTLL7	5.852	1.8135
210	ENSG00000129354	AP1M2	1.951	1.8113
211	ENSG00000101443	WFDC2	2.088	1.8077
212	ENSG00000273313	RBAKDN	1.934	1.8027
213	ENSG00000004766	VPS50	4.75	1.8009
214	ENSG00000196154	S100A4	7.029	1.7994
215	ENSG00000155099	PIP4P2	6.336	1.794
216	ENSG00000173213	TUBB8B	2.673	1.7898
217	ENSG00000196693	ZNF33B	13.926	1.7898
218	ENSG00000213648	SULT1A4	50.927	1.7896
219	ENSG00000254806	SYS1-DBNDD2	2.677	1.7886
220	ENSG00000129038	LOXL1	17.292	1.7816
221	ENSG00000173531	MST1	8.307	1.7768
222	ENSG00000124171	PARD6B	7.198	1.7766
223	ENSG00000254788	CKLF-CMTM1	2.96	1.7735
224	ENSG00000131152	ENSG00000131152	2.607	1.7698
225	ENSG00000139178	C1RL	2.965	1.7683
226	ENSG00000138303	ASCC1	19.764	1.7637
227	ENSG00000266086	ENSG00000266086	9.72	1.7592
228	ENSG00000184163	C1QTNF12	2.25	1.7535
229	ENSG00000286231	ENSG00000286231	10.792	1.7521
230	ENSG00000234857	HNRNPUL2-BSCL2	12.543	1.7511
231	ENSG00000167971	CASKIN1	6.965	1.7493
232	ENSG00000277775	H3C7	2.365	1.7448
233	ENSG00000205213	LGR4	5.579	1.7447
234	ENSG00000128218	VPREB3	2.601	1.7419
235	ENSG00000268465	ENSG00000268465	1.775	1.741
236	ENSG00000146592	CREB5	93.608	1.7403
237	ENSG00000157741	UBN2	6.889	1.7384
238	ENSG00000254706	ENSG00000254706	1.89	1.7346
239	ENSG00000132002	DNAJB1	57.569	1.7337
240	ENSG00000276966	H4C5	75.319	1.729
241	ENSG00000130720	FIBCD1	1.96	1.728
242	ENSG00000256537	SMIM10L1	32.023	1.725
243	ENSG00000137770	CTDSPL2	10.741	1.725
244	ENSG00000164142	FHIP1A	5.036	1.723
245	ENSG00000240053	LY6G5B	8.19	1.7206
246	ENSG00000105499	PLA2G4C	2.163	1.7145
247	ENSG00000261247	GOLGA8T	2.379	1.7132
248	ENSG00000259024	TVP23C-CDRT4	2.508	1.7126
249	ENSG00000154529	CNTNAP3B	3.501	1.7107
250	ENSG00000128590	DNAJB9	10.284	1.7089
251	ENSG00000124613	ZNF391	26.966	1.7049
252	ENSG00000050438	SLC4A8	2.69	1.6997
253	ENSG00000142046	TMEM91	6.189	1.6983
254	ENSG00000160551	TAOK1	14.842	1.6982
255	ENSG00000196511	TPK1	3.103	1.6913
256	ENSG00000251357	ENSG00000251357	2.003	1.6896
257	ENSG00000008517	IL32	2.436	1.6864
258	ENSG00000109670	FBXW7	16.323	1.6844
259	ENSG00000163935	SFMBT1	10.468	1.6833
260	ENSG00000116717	GADD45A	43.332	1.6764
261	ENSG00000158164	TMSB15A	4.04	1.676
262	ENSG00000145642	SHISAL2B	3.497	1.6735
263	ENSG00000183735	TBK1	10.293	1.6713
264	ENSG00000274274	GAGE13	2.269	1.6701
265	ENSG00000260325	HSPB9	4.368	1.6698
266	ENSG00000221821	C6orf226	8.523	1.6597
267	ENSG00000145331	TRMT10A	11.902	1.6585
268	ENSG00000104774	MAN2B1	92.836	1.6568
269	ENSG00000126709	IFI6	8.751	1.6502
270	ENSG00000233822	H2BC15	32.908	1.6461
271	ENSG00000239282	CASTOR1	6.221	1.6429
272	ENSG00000055955	ITIH4	8.932	1.6428
273	ENSG00000164815	ORC5	12.788	1.6338
274	ENSG00000268750	ENSG00000268750	3.355	1.633
275	ENSG00000140682	TGFB1I1	3.737	1.6303
276	ENSG00000110628	SLC22A18	3.563	1.63
277	ENSG00000179304	FAM156B	2.16	1.6298
278	ENSG00000186073	CDIN1	8.752	1.6282
279	ENSG00000198824	CHAMP1	9.002	1.6279
280	ENSG00000198556	ZNF789	5.444	1.6273
281	ENSG00000112851	ERBIN	14.335	1.6191
282	ENSG00000259066	ENSG00000259066	1.739	1.6172
283	ENSG00000259112	NDUFC2-KCTD14	254.44	1.6169
284	ENSG00000108256	NUFIP2	10.225	1.6136
285	ENSG00000272822	ENSG00000272822	2.153	1.6134
286	ENSG00000164056	SPRY1	10.615	1.6128
287	ENSG00000269242	ENSG00000269242	23.793	1.6123
288	ENSG00000154040	CABYR	4.515	1.6098
289	ENSG00000100604	CHGA	11.064	1.6067
290	ENSG00000164362	TERT	6.984	1.6016
291	ENSG00000163157	TMOD4	2.59	1.6013
292	ENSG00000116132	PRRX1	4.406	1.6013
293	ENSG00000173706	HEG1	5.316	1.5976
294	ENSG00000160678	S100A1	1.968	1.5972
295	ENSG00000250151	ARPC4-TTLL3	2.333	1.5917
296	ENSG00000198538	ZNF28	3.297	1.5899
297	ENSG00000138675	FGF5	1.929	1.5888
298	ENSG00000166435	XRRA1	17.826	1.5867
299	ENSG00000159885	ZNF222	4.17	1.5863
300	ENSG00000141086	CTRL	2.78	1.585
301	ENSG00000114786	ABHD14A-ACY1	3.529	1.5833
302	ENSG00000248592	STIMATE-MUSTN1	2.538	1.5811
303	ENSG00000213471	TTLL13	2.03	1.5803
304	ENSG00000234284	ZNF879	4.716	1.5797
305	ENSG00000148832	PAOX	3.728	1.574
306	ENSG00000278637	H4C1	10.048	1.5717
307	ENSG00000152133	GPATCH11	31.796	1.5709
308	ENSG00000125695	ENSG00000125695	1.733	1.5703
309	ENSG00000170345	FOS	3.273	1.5667
310	ENSG00000130643	CALY	2.053	1.5641
311	ENSG00000163864	NMNAT3	3.404	1.5621
312	ENSG00000131400	NAPSA	3.213	1.56
313	ENSG00000163625	WDFY3	7.851	1.5566
314	ENSG00000111554	MDM1	12.589	1.5546
315	ENSG00000249884	RNF103-CHMP3	1.926	1.5535
316	ENSG00000214013	GANC	4.152	1.5497
317	ENSG00000197329	PELI1	4.61	1.5485
318	ENSG00000204428	LY6G5C	2.892	1.5456
319	ENSG00000080839	RBL1	9.641	1.5451
320	ENSG00000258472	ENSG00000258472	2.787	1.5444
321	ENSG00000178177	LCORL	9.681	1.5439
322	ENSG00000229637	PRAC2	1.758	1.5437
323	ENSG00000196787	H2AC11	78.991	1.5437
324	ENSG00000183598	H3C13	18.036	1.5424
325	ENSG00000100097	LGALS1	4.766	1.5412
326	ENSG00000089199	CHGB	5.196	1.5407
327	ENSG00000070018	LRP6	4.74	1.5395
328	ENSG00000138678	GPAT3	4.502	1.5387
329	ENSG00000172264	MACROD2	7.11	1.5379
330	ENSG00000255073	ZFP91-CNTF	10.417	1.5375
331	ENSG00000215788	TNFRSF25	5.573	1.5362
332	ENSG00000184260	H2AC20	105.268	1.535
333	ENSG00000077238	IL4R	13.962	1.5313
334	ENSG00000146776	ATXN7L1	13.749	1.5311
335	ENSG00000196550	FAM72A	34.944	1.5311
336	ENSG00000180008	SOCS4	3.925	1.5287
337	ENSG00000196369	SRGAP2B	10.064	1.5286
338	ENSG00000254732	ENSG00000254732	2.467	1.5273
339	ENSG00000213625	LEPROT	5.883	1.5256
340	ENSG00000047644	WWC3	1.84	1.5255
341	ENSG00000109971	HSPA8	283.129	1.5253
342	ENSG00000260691	ANKRD20A1	2.408	1.5248
343	ENSG00000197045	GMFB	6.915	1.5234
344	ENSG00000100027	YPEL1	11.055	1.5232
345	ENSG00000115970	THADA	19.99	1.523
346	ENSG00000275066	SYNRG	28.586	1.5229
347	ENSG00000101493	ZNF516	13.259	1.5221
348	ENSG00000005187	ACSM3	1.627	1.5221
349	ENSG00000169926	KLF13	12.34	1.5208
350	ENSG00000151743	AMN1	2.52	1.5187
351	ENSG00000266714	MYO15B	8.064	1.5179
352	ENSG00000167315	ACAA2	12.679	1.5175
353	ENSG00000122674	CCZ1	21.171	1.5167
354	ENSG00000197496	SLC2A10	6.356	1.5165
355	ENSG00000234511	C5orf58	1.707	1.5095
356	ENSG00000196867	ZFP28	2.507	1.5082
357	ENSG00000160408	ST6GALNAC6	28.051	1.507
358	ENSG00000231887	PRH1	1.711	1.5062
359	ENSG00000107099	DOCK8	5.556	1.5057
360	ENSG00000198131	ZNF544	2.589	1.504
361	ENSG00000078142	PIK3C3	5.466	1.5021
362	ENSG00000162148	SAXO4	3.743	1.4993
363	ENSG00000215126	ZNG1F	2.433	1.4989
364	ENSG00000112200	ZNF451	8.82	1.4973
365	ENSG00000122986	HVCN1	2.928	1.4965
366	ENSG00000155438	NIFK	67.96	1.4955
367	ENSG00000163815	CLEC3B	2.711	1.493
368	ENSG00000186417	GLDN	2.366	1.491
369	ENSG00000178386	ZNF223	2.759	1.4881
370	ENSG00000185864	NPIPB4	3.419	1.4865
371	ENSG00000135951	TSGA10	11.179	1.4853
372	ENSG00000068831	RASGRP2	5.237	1.4843
373	ENSG00000185499	MUC1	2.086	1.4842
374	ENSG00000134852	CLOCK	2.604	1.4835
375	ENSG00000115271	GCA	5.869	1.483
376	ENSG00000213213	CCDC183	3.113	1.4829
377	ENSG00000149646	CNBD2	5.306	1.4826
378	ENSG00000171044	XKR6	3.92	1.4811
379	ENSG00000070950	RAD18	5.539	1.4811
380	ENSG00000148057	IDNK	3.0	1.4799
381	ENSG00000163491	NEK10	1.971	1.4794
382	ENSG00000169410	PTPN9	6.089	1.4768
383	ENSG00000163611	SPICE1	3.086	1.4768
384	ENSG00000256646	ENSG00000256646	3.672	1.4766
385	ENSG00000005243	COPZ2	2.094	1.4739
386	ENSG00000224389	C4B	2.5	1.47
387	ENSG00000274641	H2BC17	66.553	1.4673
388	ENSG00000163467	TSACC	2.171	1.4669
389	ENSG00000148444	COMMD3	7.974	1.4667
390	ENSG00000197183	NOL4L	8.392	1.4642
391	ENSG00000164329	TENT2	6.396	1.461
392	ENSG00000198908	GPRASP3	3.651	1.4606
393	ENSG00000286075	SMIM10L3	4.41	1.459
394	ENSG00000178397	FAM220A	2.017	1.4574
395	ENSG00000258644	SYNJ2BP-COX16	1.841	1.4565
396	ENSG00000172167	MTBP	7.742	1.454
397	ENSG00000173166	RAPH1	10.807	1.4517
398	ENSG00000205609	EIF3CL	9.213	1.4488
399	ENSG00000119041	GTF3C3	32.23	1.4473
400	ENSG00000203546	ENSG00000203546	1.515	1.4454
401	ENSG00000269403	ENSG00000269403	1.448	1.4447
402	ENSG00000132356	PRKAA1	7.911	1.4427
403	ENSG00000197191	CYSRT1	5.738	1.4424
404	ENSG00000269755	ENSG00000269755	1.923	1.4419
405	ENSG00000234289	H2BC12L	1.542	1.4412
406	ENSG00000140807	NKD1	9.427	1.4388
407	ENSG00000058404	CAMK2B	9.951	1.4381
408	ENSG00000161551	ZNF577	5.771	1.4373
409	ENSG00000158887	MPZ	2.298	1.4372
410	ENSG00000052802	MSMO1	8.651	1.4364
411	ENSG00000198440	ZNF583	3.085	1.4312
412	ENSG00000219626	FAM228B	4.953	1.4296
413	ENSG00000176020	AMIGO3	3.007	1.4274
414	ENSG00000125772	GPCPD1	2.592	1.4264
415	ENSG00000139194	RBP5	1.949	1.4239
416	ENSG00000274997	H2AC12	151.617	1.4229
417	ENSG00000152443	ZNF776	3.482	1.4201
418	ENSG00000109775	UFSP2	5.878	1.4192
419	ENSG00000106733	NMRK1	4.656	1.4185
420	ENSG00000134317	GRHL1	4.115	1.4173
421	ENSG00000108582	CPD	4.59	1.4144
422	ENSG00000011566	MAP4K3	6.569	1.4113
423	ENSG00000197020	ZNF100	3.481	1.4093
424	ENSG00000108176	DNAJC12	5.399	1.4083
425	ENSG00000042493	CAPG	24.465	1.4062
426	ENSG00000189283	FHIT	2.819	1.4047
427	ENSG00000118292	C1orf54	1.657	1.4025
428	ENSG00000102780	DGKH	3.169	1.3988
429	ENSG00000214756	CSKMT	9.693	1.3985
430	ENSG00000178904	DPY19L3	7.69	1.3978
431	ENSG00000274808	TBC1D3B	13.444	1.3967
432	ENSG00000184702	SEPTIN5	8.861	1.394
433	ENSG00000173041	ZNF680	3.626	1.3936
434	ENSG00000198040	ZNF84	3.89	1.3909
435	ENSG00000223865	HLA-DPB1	3.668	1.3894
436	ENSG00000165259	HDX	1.836	1.3883
437	ENSG00000182185	RAD51B	3.036	1.3881
438	ENSG00000091073	DTX2	49.017	1.3876
439	ENSG00000176049	JAKMIP2	9.369	1.3866
440	ENSG00000152359	POC5	9.037	1.383
441	ENSG00000130997	POLN	9.596	1.3824
442	ENSG00000141505	ASGR1	2.396	1.3793
443	ENSG00000163793	DNAJC5G	1.353	1.3776
444	ENSG00000143995	MEIS1	15.009	1.3771
445	ENSG00000138399	FASTKD1	5.008	1.3755
446	ENSG00000121310	ECHDC2	1.836	1.374
447	ENSG00000164031	DNAJB14	14.507	1.3733
448	ENSG00000172845	SP3	9.987	1.368
449	ENSG00000183785	TUBA8	4.651	1.3675
450	ENSG00000177106	EPS8L2	6.492	1.3654
451	ENSG00000135406	PRPH	3.418	1.365
452	ENSG00000249709	ZNF564	4.336	1.361
453	ENSG00000158525	CPA5	1.428	1.3581
454	ENSG00000180834	MAP6D1	1.996	1.3572
455	ENSG00000104953	TLE6	3.06	1.3569
456	ENSG00000125787	GNRH2	1.419	1.3562
457	ENSG00000213316	LTC4S	1.639	1.3562
458	ENSG00000128886	ELL3	6.732	1.3558
459	ENSG00000196705	ZNF431	10.433	1.352
460	ENSG00000165490	DDIAS	4.608	1.3499
461	ENSG00000148541	FAM13C	4.341	1.3493
462	ENSG00000143476	DTL	8.647	1.349
463	ENSG00000132881	CPLANE2	8.981	1.345
464	ENSG00000196267	ZNF836	2.457	1.3445
465	ENSG00000105523	FAM83E	2.863	1.3383
466	ENSG00000102678	FGF9	2.547	1.338
467	ENSG00000198088	NUP62CL	4.294	1.338
468	ENSG00000107643	MAPK8	4.529	1.3376
469	ENSG00000117525	F3	3.801	1.3375
470	ENSG00000152778	IFIT5	3.126	1.3369
471	ENSG00000143643	TTC13	8.352	1.3367
472	ENSG00000077458	FAM76B	5.942	1.3354
473	ENSG00000267261	ENSG00000267261	1.628	1.3347
474	ENSG00000129317	PUS7L	20.101	1.3343
475	ENSG00000135362	PRR5L	1.859	1.3306
476	ENSG00000196747	H2AC13	68.215	1.3297
477	ENSG00000081320	STK17B	10.255	1.3285
478	ENSG00000148158	SNX30	7.887	1.3267
479	ENSG00000146856	AGBL3	5.584	1.3258
480	ENSG00000068366	ACSL4	5.948	1.3244
481	ENSG00000277971	ENSG00000277971	1.375	1.3243
482	ENSG00000165379	LRFN5	1.985	1.3237
483	ENSG00000182093	GET1	28.602	1.3233
484	ENSG00000050165	DKK3	2.569	1.3229
485	ENSG00000169981	ZNF35	17.046	1.3228
486	ENSG00000244754	N4BP2L2	9.872	1.3221
487	ENSG00000166377	ATP9B	13.748	1.322
488	ENSG00000254995	STX16-NPEPL1	1.758	1.3198
489	ENSG00000128040	SPINK2	1.746	1.3197
490	ENSG00000206105	KRTAP20-4	1.74	1.3194
491	ENSG00000146038	DCDC2	3.101	1.3186
492	ENSG00000198948	MFAP3L	2.04	1.3175
493	ENSG00000083844	ZNF264	4.893	1.317
494	ENSG00000213928	IRF9	3.703	1.314
495	ENSG00000284479	SMIM39	1.474	1.3128
496	ENSG00000214212	C19orf38	2.581	1.3118
497	ENSG00000168038	ULK4	1.802	1.3116
498	ENSG00000100218	RSPH14	1.825	1.3106
499	ENSG00000196408	NOXO1	1.342	1.3106
500	ENSG00000213760	ATP6V1G2	1.451	1.3103
501	ENSG00000141040	ZNF287	2.88	1.3096
502	ENSG00000204382	XAGE1B	1.297	1.3079
503	ENSG00000159231	CBR3	23.184	1.3051
504	ENSG00000197889	MEIG1	1.531	1.3039
505	ENSG00000187630	DHRS4L2	11.208	1.3037
506	ENSG00000105974	CAV1	4.134	1.3029
507	ENSG00000196754	S100A2	1.308	1.2984
508	ENSG00000159082	SYNJ1	3.504	1.2984
509	ENSG00000143494	VASH2	3.399	1.2983
510	ENSG00000251192	ZNF674	2.719	1.2982
511	ENSG00000124575	H1-3	55.636	1.2973
512	ENSG00000132481	TRIM47	5.497	1.2948
513	ENSG00000198393	ZNF26	3.348	1.2938
514	ENSG00000100362	PVALB	1.344	1.292
515	ENSG00000165949	IFI27	2.851	1.29
516	ENSG00000255152	MSH5-SAPCD1	5.22	1.2847
517	ENSG00000174485	DENND4A	3.196	1.2839
518	ENSG00000227507	LTB	2.09	1.2817
519	ENSG00000070882	OSBPL3	4.007	1.2808
520	ENSG00000162882	HAAO	2.458	1.2799
521	ENSG00000133106	EPSTI1	4.765	1.2798
522	ENSG00000103316	CRYM	2.303	1.2794
523	ENSG00000172345	STARD5	2.998	1.2793
524	ENSG00000118985	ELL2	4.939	1.2787
525	ENSG00000169760	NLGN1	3.279	1.2786
526	ENSG00000109654	TRIM2	4.707	1.2769
527	ENSG00000127720	METTL25	6.076	1.275
528	ENSG00000162931	TRIM17	4.175	1.2731
529	ENSG00000139190	VAMP1	13.478	1.2704
530	ENSG00000183569	SERHL2	4.913	1.2703
531	ENSG00000115380	EFEMP1	4.664	1.2653
532	ENSG00000197826	CFAP299	1.231	1.2636
533	ENSG00000142528	ZNF473	5.694	1.2622
534	ENSG00000166439	RNF169	6.256	1.2617
535	ENSG00000095261	PSMD5	4.29	1.2603
536	ENSG00000249624	IFNAR2-IL10RB	2.424	1.2584
537	ENSG00000172803	SNX32	1.497	1.2584
538	ENSG00000120738	EGR1	2.943	1.2557
539	ENSG00000147852	VLDLR	2.15	1.2539
540	ENSG00000168916	ZNF608	6.313	1.2515
541	ENSG00000204611	ZNF616	4.682	1.251
542	ENSG00000187017	ESPN	1.342	1.2492
543	ENSG00000153446	C16orf89	1.23	1.2488
544	ENSG00000062370	ZNF112	2.291	1.2467
545	ENSG00000118579	MED28	43.44	1.2464
546	ENSG00000213185	FAM24B	2.95	1.2454
547	ENSG00000173451	THAP2	1.695	1.2447
548	ENSG00000067113	PLPP1	2.852	1.2434
549	ENSG00000187837	H1-2	535.481	1.2432
550	ENSG00000101470	TNNC2	3.405	1.2416
551	ENSG00000139344	AMDHD1	2.182	1.2412
552	ENSG00000135437	RDH5	2.953	1.2406
553	ENSG00000069667	RORA	5.779	1.2393
554	ENSG00000204305	AGER	7.884	1.2376
555	ENSG00000288683	ENSG00000288683	1.777	1.2376
556	ENSG00000147437	GNRH1	1.371	1.2363
557	ENSG00000121417	ZNF211	2.551	1.236
558	ENSG00000283154	IQCJ-SCHIP1	3.646	1.236
559	ENSG00000134709	HOOK1	5.508	1.2358
560	ENSG00000275835	TUBGCP5	22.111	1.2354
561	ENSG00000133816	MICAL2	4.609	1.2354
562	ENSG00000185666	SYN3	1.737	1.2353
563	ENSG00000079950	STX7	5.129	1.2339
564	ENSG00000267157	ENSG00000267157	4.765	1.2319
565	ENSG00000151778	SERP2	3.883	1.2299
566	ENSG00000137691	CFAP300	4.106	1.2294
567	ENSG00000162520	SYNC	2.119	1.2281
568	ENSG00000166920	C15orf48	1.246	1.2272
569	ENSG00000177200	CHD9	28.128	1.2268
570	ENSG00000082269	FAM135A	4.174	1.2255
571	ENSG00000171763	AFG2B	21.202	1.2252
572	ENSG00000186951	PPARA	5.583	1.2236
573	ENSG00000040933	INPP4A	32.574	1.2228
574	ENSG00000176383	B3GNT4	4.563	1.2226
575	ENSG00000088179	PTPN4	3.693	1.222
576	ENSG00000109321	AREG	1.585	1.2214
577	ENSG00000169239	CA5B	2.325	1.2206
578	ENSG00000113790	EHHADH	5.305	1.22
579	ENSG00000188522	FAM83G	8.894	1.2187
580	ENSG00000065534	MYLK	9.037	1.2185
581	ENSG00000254004	ZNF260	3.492	1.2184
582	ENSG00000184678	H2BC21	10.857	1.2183
583	ENSG00000170965	PLAC1	7.885	1.2177
584	ENSG00000256223	ZNF10	2.663	1.2171
585	ENSG00000146215	CRIP3	5.286	1.2171
586	ENSG00000237440	ZNF737	1.269	1.217
587	ENSG00000155324	GRAMD2B	2.059	1.2151
588	ENSG00000163794	UCN	5.109	1.2146
589	ENSG00000082438	COBLL1	5.218	1.2144
590	ENSG00000099338	CATSPERG	3.007	1.2127
591	ENSG00000176024	ZNF613	2.224	1.2116
592	ENSG00000172554	SNTG2	1.409	1.2108
593	ENSG00000122432	SPATA1	1.194	1.2092
594	ENSG00000157613	CREB3L1	4.474	1.2077
595	ENSG00000177606	JUN	500.334	1.2064
596	ENSG00000249209	ENSG00000249209	1.575	1.2063
597	ENSG00000251369	ZNF550	4.491	1.2056
598	ENSG00000100479	POLE2	7.497	1.205
599	ENSG00000151657	KIN	16.083	1.2049
600	ENSG00000103154	NECAB2	4.935	1.2037
601	ENSG00000108960	MMD	10.198	1.203
602	ENSG00000100918	REC8	2.286	1.2008
603	ENSG00000167384	ZNF180	11.888	1.2005
604	ENSG00000183971	NPW	1.665	1.2003
605	ENSG00000186132	C2orf76	2.839	1.1982
606	ENSG00000111145	ELK3	4.1	1.1969
607	ENSG00000137070	IL11RA	4.143	1.1965
608	ENSG00000140853	NLRC5	3.187	1.1965
609	ENSG00000278677	H2AC17	133.957	1.1955
610	ENSG00000288722	F8A1	1.447	1.1949
611	ENSG00000099840	IZUMO4	5.831	1.1941
612	ENSG00000122585	NPY	3.013	1.1936
613	ENSG00000153060	TEKT5	1.413	1.1927
614	ENSG00000164073	MFSD8	6.102	1.192
615	ENSG00000035115	SH3YL1	7.447	1.192
616	ENSG00000137767	SQOR	1.515	1.1918
617	ENSG00000183979	NPB	1.552	1.1892
618	ENSG00000151917	BEND6	2.26	1.1889
619	ENSG00000177706	FAM20C	4.818	1.1888
620	ENSG00000030066	NUP160	11.931	1.1883
621	ENSG00000174564	IL20RB	2.255	1.1879
622	ENSG00000104881	PPP1R13L	11.068	1.1879
623	ENSG00000167555	ZNF528	1.579	1.187
624	ENSG00000090612	ZNF268	6.814	1.1867
625	ENSG00000198298	ZNF485	6.367	1.1864
626	ENSG00000129951	PLPPR3	21.25	1.1861
627	ENSG00000145388	METTL14	35.257	1.1859
628	ENSG00000015568	RGPD5	2.595	1.1853
629	ENSG00000214447	FAM187A	1.222	1.1847
630	ENSG00000198795	ZNF521	2.725	1.1847
631	ENSG00000159917	ZNF235	9.83	1.1829
632	ENSG00000143248	RGS5	1.838	1.1827
633	ENSG00000065609	SNAP91	1.86	1.1822
634	ENSG00000124279	FASTKD3	4.686	1.1806
635	ENSG00000196967	ZNF585A	3.932	1.1806
636	ENSG00000105146	AURKC	1.907	1.1804
637	ENSG00000197409	H3C4	1.106	1.1793
638	ENSG00000203814	H2BC18	223.413	1.1786
639	ENSG00000049192	ADAMTS6	1.796	1.1774
640	ENSG00000107560	RAB11FIP2	6.689	1.1771
641	ENSG00000169193	CCDC126	2.253	1.1748
642	ENSG00000232653	GOLGA8N	1.731	1.1745
643	ENSG00000061987	MON2	4.142	1.1744
644	ENSG00000182583	VCX	1.214	1.1744
645	ENSG00000085788	DDHD2	12.301	1.1723
646	ENSG00000166479	TMX3	3.631	1.1703
647	ENSG00000187243	MAGED4B	28.229	1.1699
648	ENSG00000173517	PEAK1	6.072	1.1692
649	ENSG00000172780	RAB43	3.807	1.1686
650	ENSG00000167874	TMEM88	2.136	1.1681
651	ENSG00000168298	H1-4	362.095	1.1671
652	ENSG00000163499	CRYBA2	1.205	1.1668
653	ENSG00000158163	DZIP1L	32.286	1.1667
654	ENSG00000196597	ZNF782	2.784	1.1666
655	ENSG00000197903	H2BC12	307.375	1.1657
656	ENSG00000249590	ENSG00000249590	120.53	1.1636
657	ENSG00000178226	PRSS36	1.382	1.1621
658	ENSG00000136052	SLC41A2	2.864	1.1621
659	ENSG00000258465	ENSG00000258465	3.149	1.1605
660	ENSG00000176142	TMEM39A	4.499	1.1605
661	ENSG00000186352	ANKRD37	1.296	1.1604
662	ENSG00000116095	PLEKHA3	6.284	1.1595
663	ENSG00000243056	EIF4EBP3	12.252	1.1592
664	ENSG00000111087	GLI1	3.149	1.1585
665	ENSG00000274512	TBC1D3L	9.861	1.1584
666	ENSG00000127990	SGCE	10.683	1.158
667	ENSG00000174306	ZHX3	34.862	1.1569
668	ENSG00000219435	CATSPERZ	3.484	1.1565
669	ENSG00000197619	ZNF615	5.457	1.1564
670	ENSG00000153707	PTPRD	1.937	1.1562
671	ENSG00000135838	NPL	5.516	1.1551
672	ENSG00000105877	DNAH11	2.137	1.1544
673	ENSG00000198814	GK	12.054	1.1542
674	ENSG00000288534	ENSG00000288534	2.493	1.1542
675	ENSG00000185716	MOSMO	7.634	1.1541
676	ENSG00000179477	ALOX12B	1.435	1.153
677	ENSG00000184254	ALDH1A3	9.443	1.1525
678	ENSG00000248405	PRR5-ARHGAP8	2.805	1.1521
679	ENSG00000065361	ERBB3	2.359	1.1517
680	ENSG00000149131	SERPING1	5.47	1.1496
681	ENSG00000198855	FICD	4.79	1.149
682	ENSG00000260238	PMF1-BGLAP	17.484	1.1481
683	ENSG00000268870	ENSG00000268870	1.283	1.1475
684	ENSG00000140465	CYP1A1	5.591	1.1475
685	ENSG00000260456	C16orf95	10.35	1.1459
686	ENSG00000144730	IL17RD	3.308	1.1458
687	ENSG00000144681	STAC	2.253	1.1452
688	ENSG00000137101	CD72	1.82	1.1449
689	ENSG00000249141	ENSG00000249141	2.418	1.1443
690	ENSG00000285085	ENSG00000285085	1.116	1.1443
691	ENSG00000104756	KCTD9	14.979	1.1441
692	ENSG00000267699	ENSG00000267699	1.185	1.1436
693	ENSG00000105792	CFAP69	2.368	1.1426
694	ENSG00000005059	MCUB	24.095	1.142
695	ENSG00000155903	RASA2	2.336	1.1389
696	ENSG00000196220	SRGAP3	7.689	1.1379
697	ENSG00000167562	ZNF701	2.309	1.1378
698	ENSG00000267360	ENSG00000267360	1.495	1.1377
699	ENSG00000129673	AANAT	1.482	1.1374
700	ENSG00000290315	ENSG00000290315	4.67	1.1359
701	ENSG00000127947	PTPN12	7.694	1.1343
702	ENSG00000153485	LYSET	5.17	1.1341
703	ENSG00000165046	LETM2	5.489	1.1333
704	ENSG00000110455	ACCS	4.604	1.1332
705	ENSG00000138698	RAP1GDS1	5.7	1.1329
706	ENSG00000172748	ZNF596	1.428	1.1316
707	ENSG00000262165	C17orf114	1.098	1.1306
708	ENSG00000187231	SESTD1	4.614	1.1297
709	ENSG00000033867	SLC4A7	7.769	1.129
710	ENSG00000185658	BRWD1	7.111	1.1279
711	ENSG00000152380	FAM151B	1.309	1.1278
712	ENSG00000171462	DLK2	7.658	1.1272
713	ENSG00000245680	ZNF585B	4.064	1.1267
714	ENSG00000154781	CCDC174	72.995	1.1265
715	ENSG00000154556	SORBS2	3.5	1.1262
716	ENSG00000284956	ENSG00000284956	1.254	1.125
717	ENSG00000126246	IGFLR1	17.372	1.125
718	ENSG00000183570	PCBP3	2.379	1.1221
719	ENSG00000131435	PDLIM4	10.891	1.1217
720	ENSG00000232119	MCTS1	25.617	1.1213
721	ENSG00000138772	ANXA3	1.184	1.1212
722	ENSG00000250506	CDK3	14.285	1.1202
723	ENSG00000188732	FAM221A	2.406	1.1194
724	ENSG00000205707	ETFRF1	8.433	1.1189
725	ENSG00000106013	ANKRD7	1.298	1.1187
726	ENSG00000113558	SKP1	22.676	1.118
727	ENSG00000111785	RIC8B	6.169	1.1177
728	ENSG00000197223	C1D	7.443	1.1171
729	ENSG00000197372	ZNF675	3.617	1.1169
730	ENSG00000138758	SEPTIN11	98.675	1.1169
731	ENSG00000168961	LGALS9	1.692	1.1164
732	ENSG00000214967	NPIPA7	1.086	1.1157
733	ENSG00000254469	XNDC1N	4.085	1.1146
734	ENSG00000169184	MN1	4.41	1.1137
735	ENSG00000154065	ANKRD29	11.998	1.1137
736	ENSG00000157426	AASDH	4.209	1.1137
737	ENSG00000204444	APOM	1.612	1.1116
738	ENSG00000171984	SHLD1	5.65	1.1102
739	ENSG00000230873	STMND1	5.141	1.1092
740	ENSG00000169059	VCX3A	2.019	1.1089
741	ENSG00000147231	RADX	8.202	1.1088
742	ENSG00000049089	COL9A2	6.506	1.1081
743	ENSG00000240445	FOXO3B	10.697	1.1081
744	ENSG00000103657	HERC1	4.855	1.1076
745	ENSG00000130755	GMFG	1.141	1.1076
746	ENSG00000230453	ANKRD18B	70.381	1.1074
747	ENSG00000005884	ITGA3	5.233	1.1072
748	ENSG00000174788	PCP2	1.332	1.1067
749	ENSG00000268902	CSAG2	7.206	1.1059
750	ENSG00000115232	ITGA4	5.924	1.1056
751	ENSG00000188428	BLOC1S5	6.943	1.1053
752	ENSG00000187079	TEAD1	7.129	1.1044
753	ENSG00000153339	TRAPPC8	13.71	1.1042
754	ENSG00000046889	PREX2	1.425	1.103
755	ENSG00000158825	CDA	3.729	1.1007
756	ENSG00000145002	FAM86B2	9.706	1.1002
757	ENSG00000162976	SLC66A3	2.085	1.1
758	ENSG00000197050	ZNF420	2.694	1.0988
759	ENSG00000258864	ENSG00000258864	1.27	1.0988
760	ENSG00000143450	OAZ3	5.348	1.0984
761	ENSG00000185046	ANKS1B	1.456	1.0972
762	ENSG00000204815	ODAD4	4.189	1.097
763	ENSG00000092140	G2E3	6.243	1.0969
764	ENSG00000188283	ZNF383	3.107	1.0966
765	ENSG00000038427	VCAN	4.468	1.0961
766	ENSG00000077063	CTTNBP2	5.403	1.0952
767	ENSG00000119698	PPP4R4	2.041	1.0944
768	ENSG00000162643	DNAI3	1.26	1.0942
769	ENSG00000149798	CDC42EP2	11.511	1.0938
770	ENSG00000026103	FAS	1.706	1.0917
771	ENSG00000159409	CELF3	1.733	1.0905
772	ENSG00000149483	TMEM138	11.146	1.0904
773	ENSG00000167216	KATNAL2	3.948	1.0904
774	ENSG00000152061	RABGAP1L	8.655	1.0901
775	ENSG00000106479	ZNF862	4.379	1.0897
776	ENSG00000091039	OSBPL8	13.314	1.0897
777	ENSG00000130517	PGPEP1	12.801	1.0896
778	ENSG00000196387	ZNF140	3.766	1.0895
779	ENSG00000151883	PARP8	2.712	1.088
780	ENSG00000145491	ROPN1L	2.701	1.0876
781	ENSG00000144214	LYG1	2.791	1.0872
782	ENSG00000188626	GOLGA8M	1.035	1.0863
783	ENSG00000288637	ENSG00000288637	2.16	1.0859
784	ENSG00000223573	TINCR	2.031	1.0852
785	ENSG00000056487	PHF21B	8.794	1.0849
786	ENSG00000186523	FAM86B1	2.773	1.0844
787	ENSG00000106128	GHRHR	1.034	1.0841
788	ENSG00000244731	C4A	1.368	1.084
789	ENSG00000178935	ZNF552	15.79	1.0827
790	ENSG00000121957	GPSM2	7.758	1.0825
791	ENSG00000198520	ARMH1	1.754	1.0822
792	ENSG00000117069	ST6GALNAC5	3.762	1.0818
793	ENSG00000068028	RASSF1	105.35	1.0818
794	ENSG00000150636	CCDC102B	1.788	1.0817
795	ENSG00000139620	KANSL2	16.081	1.0814
796	ENSG00000131374	TBC1D5	5.164	1.0812
797	ENSG00000261796	ISY1-RAB43	2.022	1.081
798	ENSG00000101445	PPP1R16B	2.702	1.0805
799	ENSG00000198920	KIAA0753	1.676	1.0794
800	ENSG00000197863	ZNF790	4.621	1.0792
801	ENSG00000254870	ATP6V1G2-DDX39B	1.202	1.0783
802	ENSG00000178878	APOLD1	7.654	1.0781
803	ENSG00000174483	BBS1	12.53	1.0777
804	ENSG00000087258	GNAO1	3.903	1.0776
805	ENSG00000034677	RNF19A	4.845	1.0775
806	ENSG00000168124	OR1F1	1.669	1.0772
807	ENSG00000254413	CHKB-CPT1B	3.937	1.0763
808	ENSG00000102921	N4BP1	15.88	1.0758
809	ENSG00000175548	ALG10B	2.522	1.0758
810	ENSG00000114279	FGF12	1.303	1.0755
811	ENSG00000163737	PF4	1.929	1.0755
812	ENSG00000120519	SLC10A7	1.725	1.0744
813	ENSG00000113296	THBS4	1.936	1.0743
814	ENSG00000136536	MARCHF7	7.693	1.073
815	ENSG00000181019	NQO1	3.51	1.0725
816	ENSG00000150051	MKX	2.6	1.071
817	ENSG00000157017	GHRL	1.04	1.0703
818	ENSG00000186976	EFCAB6	1.4	1.0694
819	ENSG00000198870	STKLD1	1.501	1.0683
820	ENSG00000176945	MUC20	2.057	1.0676
821	ENSG00000111801	BTN3A3	1.797	1.0667
822	ENSG00000138593	SECISBP2L	2.744	1.0664
823	ENSG00000168743	NPNT	1.914	1.0663
824	ENSG00000072041	SLC6A15	8.324	1.0659
825	ENSG00000198945	L3MBTL3	7.314	1.0656
826	ENSG00000100731	PCNX1	8.9	1.0655
827	ENSG00000145687	SSBP2	4.923	1.0653
828	ENSG00000167964	RAB26	4.733	1.0649
829	ENSG00000117533	VAMP4	4.836	1.0646
830	ENSG00000138286	FAM149B1	5.139	1.0642
831	ENSG00000145348	TBCK	1.826	1.0633
832	ENSG00000256683	ZNF350	1.729	1.0628
833	ENSG00000204839	MROH6	27.863	1.0625
834	ENSG00000151093	OXSM	7.539	1.06
835	ENSG00000167608	TMC4	1.135	1.0598
836	ENSG00000165891	E2F7	3.363	1.0589
837	ENSG00000049769	PPP1R3F	15.629	1.0587
838	ENSG00000102189	EEA1	4.818	1.0585
839	ENSG00000188811	NHLRC3	6.168	1.0585
840	ENSG00000129596	CDO1	6.054	1.0576
841	ENSG00000177984	LCN15	3.089	1.0567
842	ENSG00000077585	GPR137B	1.638	1.0566
843	ENSG00000166128	RAB8B	4.784	1.0563
844	ENSG00000167528	ZNF641	3.221	1.0558
845	ENSG00000277149	TYW1B	4.714	1.0543
846	ENSG00000144895	EIF2A	22.972	1.0542
847	ENSG00000175344	CHRNA7	3.783	1.0525
848	ENSG00000124370	MCEE	8.713	1.0522
849	ENSG00000290230	ENSG00000290230	1.172	1.0521
850	ENSG00000172766	NAA16	19.644	1.0517
851	ENSG00000147124	ZNF41	6.593	1.0515
852	ENSG00000185158	LRRC37B	9.005	1.0508
853	ENSG00000174718	RESF1	3.215	1.0507
854	ENSG00000148677	ANKRD1	2.221	1.0505
855	ENSG00000284820	ENSG00000284820	5.053	1.0499
856	ENSG00000105519	CAPS	2.344	1.0493
857	ENSG00000172244	C5orf34	3.675	1.0488
858	ENSG00000197061	H4C3	349.573	1.0468
859	ENSG00000018189	RUFY3	23.738	1.0465
860	ENSG00000066654	THUMPD1	14.32	1.0465
861	ENSG00000273155	ENSG00000273155	1.056	1.0464
862	ENSG00000119684	MLH3	1.892	1.0464
863	ENSG00000125726	CD70	7.377	1.0454
864	ENSG00000015285	WAS	2.297	1.0444
865	ENSG00000221955	SLC12A8	3.399	1.0442
866	ENSG00000205268	PDE7A	3.075	1.0434
867	ENSG00000067715	SYT1	7.647	1.0429
868	ENSG00000121964	GTDC1	1.5	1.0425
869	ENSG00000163666	HESX1	1.897	1.0413
870	ENSG00000069966	GNB5	20.398	1.0412
871	ENSG00000183632	TP53TG3	1.074	1.0407
872	ENSG00000149300	C11orf52	2.833	1.0405
873	ENSG00000118564	FBXL5	9.061	1.0403
874	ENSG00000232040	SCAND3	2.054	1.0403
875	ENSG00000277957	SENP3-EIF4A1	2.632	1.0396
876	ENSG00000166507	NDST2	10.644	1.0389
877	ENSG00000157470	FAM81A	4.438	1.0378
878	ENSG00000166575	TMEM135	4.32	1.0366
879	ENSG00000197714	ZNF460	3.339	1.0363
880	ENSG00000165521	EML5	3.786	1.0357
881	ENSG00000100276	RASL10A	3.546	1.0345
882	ENSG00000173598	NUDT4	14.95	1.0341
883	ENSG00000083223	TUT7	6.17	1.0329
884	ENSG00000139112	GABARAPL1	91.987	1.0308
885	ENSG00000164751	PEX2	2.217	1.0302
886	ENSG00000115750	TAF1B	76.215	1.0297
887	ENSG00000179168	GGN	1.023	1.0294
888	ENSG00000075303	SLC25A40	1.436	1.0288
889	ENSG00000285641	ENSG00000285641	3.595	1.0288
890	ENSG00000106278	PTPRZ1	1.055	1.0287
891	ENSG00000018869	ZNF582	1.951	1.0279
892	ENSG00000196872	CRACDL	2.868	1.0276
893	ENSG00000006837	CDKL3	1.237	1.0265
894	ENSG00000087245	MMP2	2.56	1.026
895	ENSG00000250349	ENSG00000250349	1.829	1.0251
896	ENSG00000143303	METTL25B	46.801	1.0247
897	ENSG00000151092	NGLY1	9.563	1.0241
898	ENSG00000145819	ARHGAP26	5.611	1.0237
899	ENSG00000162927	PUS10	2.674	1.0232
900	ENSG00000171914	TLN2	4.51	1.0228
901	ENSG00000113407	TARS1	716.242	1.0226
902	ENSG00000189060	H1-0	237.311	1.0219
903	ENSG00000156273	BACH1	2.399	1.0217
904	ENSG00000126522	ASL	50.028	1.0204
905	ENSG00000050130	JKAMP	2.949	1.0199
906	ENSG00000147654	EBAG9	15.398	1.0197
907	ENSG00000174373	RALGAPA1	5.391	1.0195
908	ENSG00000174032	SLC25A30	3.052	1.0195
909	ENSG00000146090	RASGEF1C	4.296	1.0194
910	ENSG00000286001	ENSG00000286001	5.428	1.0193
911	ENSG00000180773	SLC36A4	13.563	1.0193
912	ENSG00000173482	PTPRM	3.321	1.0184
913	ENSG00000164161	HHIP	4.268	1.0176
914	ENSG00000104497	SNX16	1.192	1.0168
915	ENSG00000152242	ARK2N	6.363	1.0168
916	ENSG00000124275	MTRR	5.175	1.0163
917	ENSG00000198915	RASGEF1A	6.243	1.0156
918	ENSG00000117262	GPR89A	7.411	1.0156
919	ENSG00000237489	C10orf143	1.59	1.0156
920	ENSG00000167565	SERTAD3	46.338	1.0152
921	ENSG00000151150	ANK3	4.275	1.0151
922	ENSG00000214827	MTCP1	2.635	1.014
923	ENSG00000100578	KIAA0586	5.928	1.0139
924	ENSG00000213714	FAM209B	1.135	1.0138
925	ENSG00000251247	ZNF345	2.035	1.0126
926	ENSG00000164162	ANAPC10	4.527	1.0125
927	ENSG00000089163	SIRT4	3.382	1.0123
928	ENSG00000139187	KLRG1	2.951	1.0118
929	ENSG00000167377	ZNF23	2.717	1.0117
930	ENSG00000069869	NEDD4	2.033	1.0117
931	ENSG00000153896	ZNF599	4.963	1.0109
932	ENSG00000143970	ASXL2	14.249	1.0107
933	ENSG00000073849	ST6GAL1	4.154	1.0105
934	ENSG00000163577	EIF5A2	2.315	1.0099
935	ENSG00000149050	ZNF214	1.996	1.0098
936	ENSG00000186230	ZNF749	16.084	1.0097
937	ENSG00000134532	SOX5	3.046	1.0095
938	ENSG00000119514	GALNT12	4.126	1.0091
939	ENSG00000157450	RNF111	2.876	1.0087
940	ENSG00000008513	ST3GAL1	8.65	1.0075
941	ENSG00000152944	MED21	3.72	1.0073
942	ENSG00000154479	CFAP210	3.531	1.0062
943	ENSG00000078053	AMPH	7.033	1.006
944	ENSG00000160886	LY6K	1.518	1.0056
945	ENSG00000205309	NT5M	3.246	1.0045
946	ENSG00000135314	KHDC1	2.104	1.0034
947	ENSG00000006025	OSBPL7	4.38	1.0025
948	ENSG00000055147	FAM114A2	10.985	1.0022
949	ENSG00000184206	GOLGA6L4	21.699	1.0013
950	ENSG00000136197	C7orf25	2.77	1.0008
951	ENSG00000166225	FRS2	1.587	1.0007
952	ENSG00000187824	TMEM220	1.57	0.9999
953	ENSG00000182809	CRIP2	3.602	0.9995
954	ENSG00000123684	LPGAT1	5.549	0.9994
955	ENSG00000146802	TMEM168	8.296	0.9994
956	ENSG00000114473	IQCG	1.812	0.9985
957	ENSG00000178184	PARD6G	4.558	0.998
958	ENSG00000134256	CD101	1.646	0.9977
959	ENSG00000164050	PLXNB1	2.654	0.9972
960	ENSG00000156162	DPY19L4	5.932	0.9967
961	ENSG00000075399	VPS9D1	2.419	0.9966
962	ENSG00000132669	RIN2	2.559	0.9964
963	ENSG00000166263	STXBP4	1.87	0.9963
964	ENSG00000172086	KRCC1	6.127	0.996
965	ENSG00000168781	PPIP5K1	8.808	0.9957
966	ENSG00000257184	ENSG00000257184	1.11	0.9956
967	ENSG00000169220	RGS14	40.931	0.9951
968	ENSG00000130545	CRB3	2.004	0.9938
969	ENSG00000213023	SYT3	3.977	0.9929
970	ENSG00000197841	ZNF181	4.399	0.9924
971	ENSG00000172183	ISG20	2.117	0.9923
972	ENSG00000104133	SPG11	5.736	0.992
973	ENSG00000132010	ZNF20	1.158	0.9889
974	ENSG00000145569	OTULINL	3.381	0.9882
975	ENSG00000197580	BCO2	1.319	0.9878
976	ENSG00000221923	ZNF880	1.496	0.9873
977	ENSG00000255330	ENSG00000255330	1.399	0.9868
978	ENSG00000074410	CA12	3.69	0.9854
979	ENSG00000135722	FBXL8	12.131	0.9851
980	ENSG00000066629	EML1	15.574	0.9848
981	ENSG00000198513	ATL1	2.209	0.9846
982	ENSG00000116039	ATP6V1B1	2.119	0.9845
983	ENSG00000175764	TTLL11	6.491	0.9842
984	ENSG00000198576	ARC	2.027	0.9842
985	ENSG00000164440	TXLNB	1.122	0.9841
986	ENSG00000170921	TANC2	4.232	0.9834
987	ENSG00000258674	ENSG00000258674	1.919	0.9825
988	ENSG00000075426	FOSL2	3.279	0.9823
989	ENSG00000163697	APBB2	9.717	0.982
990	ENSG00000167550	RHEBL1	2.845	0.982
991	ENSG00000109738	GLRB	1.791	0.982
992	ENSG00000164707	SLC13A4	10.569	0.9819
993	ENSG00000138642	HERC6	2.608	0.9814
994	ENSG00000077080	ACTL6B	1.506	0.9804
995	ENSG00000197013	ZNF429	3.371	0.9803
996	ENSG00000058729	RIOK2	7.957	0.9799
997	ENSG00000139914	FITM1	1.41	0.9795
998	ENSG00000105928	GSDME	2.529	0.9792
999	ENSG00000117480	FAAH	5.484	0.979
1000	ENSG00000213626	LBH	5.252	0.979
1001	ENSG00000124574	ABCC10	12.044	0.9787
1002	ENSG00000087253	LPCAT2	3.027	0.977
1003	ENSG00000250821	EXOC1L	1.429	0.976
1004	ENSG00000111799	COL12A1	1.454	0.9757
1005	ENSG00000108984	MAP2K6	6.212	0.9756
1006	ENSG00000085871	MGST2	3.425	0.9755
1007	ENSG00000239713	APOBEC3G	2.168	0.9744
1008	ENSG00000168904	LRRC28	7.848	0.9738
1009	ENSG00000184903	IMMP2L	4.243	0.9729
1010	ENSG00000103942	HOMER2	143.917	0.9724
1011	ENSG00000149591	TAGLN	4.459	0.9722
1012	ENSG00000188321	ZNF559	2.493	0.9719
1013	ENSG00000205090	TMEM240	2.34	0.9717
1014	ENSG00000106246	PTCD1	29.56	0.9717
1015	ENSG00000155849	ELMO1	2.288	0.9715
1016	ENSG00000104047	DTWD1	3.692	0.9709
1017	ENSG00000196646	ZNF136	3.518	0.9692
1018	ENSG00000096093	EFHC1	2.421	0.9687
1019	ENSG00000185215	TNFAIP2	6.491	0.9686
1020	ENSG00000124257	NEURL2	2.7	0.9684
1021	ENSG00000196678	ERI2	4.29	0.9663
1022	ENSG00000151773	CCDC122	5.662	0.9654
1023	ENSG00000133794	BMAL1	3.962	0.965
1024	ENSG00000176155	CCDC57	31.855	0.9642
1025	ENSG00000151474	FRMD4A	16.649	0.9637
1026	ENSG00000123609	NMI	5.246	0.963
1027	ENSG00000151090	THRB	2.94	0.9622
1028	ENSG00000185022	MAFF	4.864	0.9621
1029	ENSG00000173575	CHD2	164.262	0.9621
1030	ENSG00000198887	SMC5	12.494	0.962
1031	ENSG00000086061	DNAJA1	66.029	0.962
1032	ENSG00000152503	TRIM36	3.351	0.9615
1033	ENSG00000248712	DRC12	4.287	0.9614
1034	ENSG00000111215	PRR4	17.584	0.9612
1035	ENSG00000071073	MGAT4A	1.829	0.9611
1036	ENSG00000136828	RALGPS1	11.547	0.961
1037	ENSG00000102786	INTS6	4.161	0.9608
1038	ENSG00000203805	PLPP4	2.223	0.9607
1039	ENSG00000107186	MPDZ	6.043	0.96
1040	ENSG00000145390	USP53	9.268	0.9598
1041	ENSG00000154917	RAB6B	10.211	0.9593
1042	ENSG00000087502	ERGIC2	15.115	0.9592
1043	ENSG00000171566	PLRG1	10.443	0.9592
1044	ENSG00000293600	ENSG00000293600	3.004	0.959
1045	ENSG00000104814	MAP4K1	3.316	0.959
1046	ENSG00000172638	EFEMP2	7.925	0.9568
1047	ENSG00000166546	BEAN1	1.03	0.9564
1048	ENSG00000149634	SPATA25	1.763	0.9563
1049	ENSG00000126759	CFP	1.292	0.9554
1050	ENSG00000105497	ZNF175	6.714	0.9552
1051	ENSG00000230707	HAPSTR2	1.856	0.9551
1052	ENSG00000196391	ZNF774	3.891	0.9551
1053	ENSG00000089847	ANKRD24	2.827	0.9549
1054	ENSG00000182518	VCF2	5.947	0.9549
1055	ENSG00000122035	RASL11A	7.298	0.9548
1056	ENSG00000144339	TMEFF2	1.387	0.9545
1057	ENSG00000103740	ACSBG1	1.02	0.9545
1058	ENSG00000234719	NPIPB2	1.675	0.9544
1059	ENSG00000076321	KLHL20	3.475	0.9541
1060	ENSG00000106069	CHN2	6.137	0.9535
1061	ENSG00000145012	LPP	2.995	0.9534
1062	ENSG00000162576	MXRA8	7.613	0.9533
1063	ENSG00000110328	GALNT18	12.432	0.9526
1064	ENSG00000141380	SS18	66.011	0.9524
1065	ENSG00000186272	ZNF17	2.364	0.9511
1066	ENSG00000258881	ENSG00000258881	6.157	0.9503
1067	ENSG00000129493	HEATR5A	2.775	0.9492
1068	ENSG00000124942	AHNAK	11.604	0.9489
1069	ENSG00000135749	PCNX2	5.653	0.948
1070	ENSG00000163412	EIF4E3	5.235	0.9477
1071	ENSG00000026508	CD44	2.064	0.9475
1072	ENSG00000065357	DGKA	15.252	0.9472
1073	ENSG00000197921	HES5	4.538	0.9472
1074	ENSG00000049883	PTCD2	2.737	0.9464
1075	ENSG00000145725	PPIP5K2	3.487	0.9464
1076	ENSG00000204271	SPIN3	5.583	0.9462
1077	ENSG00000214367	HAUS3	14.485	0.9446
1078	ENSG00000104228	TRIM35	10.934	0.9426
1079	ENSG00000136147	PHF11	3.697	0.9422
1080	ENSG00000105808	RASA4	5.486	0.9422
1081	ENSG00000173376	NDNF	2.513	0.9412
1082	ENSG00000206052	DOK6	1.261	0.9411
1083	ENSG00000079387	SENP1	4.892	0.9408
1084	ENSG00000132122	SPATA6	1.275	0.9405
1085	ENSG00000197429	IPP	2.662	0.938
1086	ENSG00000173218	VANGL1	4.245	0.937
1087	ENSG00000100053	CRYBB3	1.124	0.9369
1088	ENSG00000151876	FBXO4	3.563	0.9367
1089	ENSG00000172456	FGGY	4.021	0.9366
1090	ENSG00000145832	SLC25A48	4.371	0.9361
1091	ENSG00000160188	RSPH1	1.909	0.9352
1092	ENSG00000021300	PLEKHB1	8.422	0.9352
1093	ENSG00000140527	WDR93	1.983	0.9349
1094	ENSG00000189367	KIAA0408	1.202	0.9346
1095	ENSG00000169902	TPST1	4.867	0.9344
1096	ENSG00000278558	TMEM191B	8.634	0.934
1097	ENSG00000152433	ZNF547	4.949	0.9332
1098	ENSG00000177144	NUDT4B	2.381	0.9327
1099	ENSG00000144642	RBMS3	8.476	0.9322
1100	ENSG00000075539	FRYL	3.015	0.9317
1101	ENSG00000171723	GPHN	12.746	0.9312
1102	ENSG00000162373	BEND5	2.085	0.9304
1103	ENSG00000083828	ZNF586	2.817	0.9302
1104	ENSG00000157890	MEGF11	1.625	0.9298
1105	ENSG00000204710	SPDYC	2.032	0.9293
1106	ENSG00000145779	TNFAIP8	5.006	0.929
1107	ENSG00000105072	C19orf44	21.121	0.9277
1108	ENSG00000101898	MCTS2	4.721	0.9274
1109	ENSG00000164066	INTU	4.491	0.9273
1110	ENSG00000283580	ENSG00000283580	1.036	0.9265
1111	ENSG00000189144	ZNF573	1.027	0.9263
1112	ENSG00000071537	SEL1L	19.043	0.9263
1113	ENSG00000124713	GNMT	2.658	0.9261
1114	ENSG00000214338	MTCL3	7.096	0.9259
1115	ENSG00000140396	NCOA2	10.589	0.9254
1116	ENSG00000130935	NOL11	28.271	0.9248
1117	ENSG00000171551	ECEL1	5.928	0.924
1118	ENSG00000184743	ATL3	8.07	0.9239
1119	ENSG00000213999	MEF2B	6.43	0.9237
1120	ENSG00000184613	NELL2	3.083	0.9237
1121	ENSG00000112357	PEX7	6.517	0.9234
1122	ENSG00000140323	DISP2	2.276	0.9206
1123	ENSG00000005961	ITGA2B	7.517	0.9195
1124	ENSG00000198718	TOGARAM1	1.929	0.9181
1125	ENSG00000145685	LHFPL2	2.313	0.9171
1126	ENSG00000257524	ENSG00000257524	22.306	0.917
1127	ENSG00000165323	FAT3	1.653	0.9169
1128	ENSG00000168118	RAB4A	68.909	0.9166
1129	ENSG00000080822	CLDND1	8.358	0.9163
1130	ENSG00000178075	GRAMD1C	1.542	0.9161
1131	ENSG00000162482	AKR7A3	2.514	0.9161
1132	ENSG00000157800	SLC37A3	11.959	0.916
1133	ENSG00000134717	BTF3L4	8.332	0.9158
1134	ENSG00000169752	NRG4	1.443	0.9158
1135	ENSG00000100867	DHRS2	14.734	0.9155
1136	ENSG00000104325	DECR1	9.937	0.9147
1137	ENSG00000115947	ORC4	7.296	0.9136
1138	ENSG00000020577	SAMD4A	6.467	0.9134
1139	ENSG00000189184	PCDH18	2.835	0.9134
1140	ENSG00000171160	MORN4	16.338	0.9132
1141	ENSG00000284491	THSD8	3.25	0.9128
1142	ENSG00000165240	ATP7A	1.947	0.9126
1143	ENSG00000087074	PPP1R15A	141.744	0.9125
1144	ENSG00000160588	MPZL3	2.494	0.9112
1145	ENSG00000138688	BLTP1	2.869	0.9111
1146	ENSG00000168676	KCTD19	1.124	0.9106
1147	ENSG00000115998	C2orf42	2.015	0.9105
1148	ENSG00000224531	SMIM13	5.224	0.9104
1149	ENSG00000166321	NUDT13	1.939	0.9104
1150	ENSG00000151366	NDUFC2	275.411	0.9102
1151	ENSG00000169504	CLIC4	8.947	0.9091
1152	ENSG00000088002	SULT2B1	1.811	0.9079
1153	ENSG00000120549	KIAA1217	3.64	0.9074
1154	ENSG00000176046	NUPR1	1.521	0.9064
1155	ENSG00000113966	ARL6	2.428	0.9063
1156	ENSG00000115540	MOB4	7.424	0.9063
1157	ENSG00000128346	C22orf23	3.135	0.9061
1158	ENSG00000163755	HPS3	7.308	0.9051
1159	ENSG00000161921	CXCL16	13.405	0.9049
1160	ENSG00000144306	SCRN3	11.712	0.9048
1161	ENSG00000173926	MARCHF3	2.622	0.9047
1162	ENSG00000128534	LSM8	35.497	0.9047
1163	ENSG00000130540	SULT4A1	11.882	0.9045
1164	ENSG00000184939	ZFP90	3.937	0.9045
1165	ENSG00000013364	MVP	3.611	0.9044
1166	ENSG00000175471	MCTP1	1.315	0.9044
1167	ENSG00000143786	CNIH3	17.495	0.9036
1168	ENSG00000128567	PODXL	6.814	0.9035
1169	ENSG00000144026	ZNF514	12.066	0.9033
1170	ENSG00000065717	TLE2	9.706	0.9028
1171	ENSG00000100815	TRIP11	6.694	0.9026
1172	ENSG00000293642	ENSG00000293642	1.397	0.9026
1173	ENSG00000106868	SUSD1	2.998	0.9007
1174	ENSG00000176018	LYSMD3	9.555	0.9005
1175	ENSG00000233757	ZNF892	1.335	0.9001
1176	ENSG00000132256	TRIM5	5.15	0.8998
1177	ENSG00000196218	RYR1	1.045	0.8994
1178	ENSG00000203872	C6orf163	1.132	0.8981
1179	ENSG00000154114	TBCEL	2.416	0.8981
1180	ENSG00000133678	TMEM254	11.289	0.8979
1181	ENSG00000274252	GGTLC3	1.016	0.8979
1182	ENSG00000249240	ENSG00000249240	1.148	0.8964
1183	ENSG00000171208	NETO2	30.729	0.8961
1184	ENSG00000182600	SNORC	2.543	0.8959
1185	ENSG00000135048	CEMIP2	2.515	0.8955
1186	ENSG00000157014	TATDN2	26.507	0.8945
1187	ENSG00000164307	ERAP1	1.628	0.8944
1188	ENSG00000023608	SNAPC1	21.879	0.8941
1189	ENSG00000168564	CDKN2AIP	5.059	0.8927
1190	ENSG00000116793	PHTF1	16.442	0.8923
1191	ENSG00000109099	PMP22	3.602	0.8921
1192	ENSG00000128016	ZFP36	3.125	0.8919
1193	ENSG00000082701	GSK3B	20.08	0.8912
1194	ENSG00000177853	ZNF518A	2.686	0.8912
1195	ENSG00000162601	MYSM1	4.256	0.8906
1196	ENSG00000123636	BAZ2B	13.094	0.8898
1197	ENSG00000188177	ZC3H6	3.813	0.8893
1198	ENSG00000104324	CPQ	1.222	0.8893
1199	ENSG00000137871	ZNF280D	2.396	0.8891
1200	ENSG00000146409	SLC18B1	7.444	0.889
1201	ENSG00000171962	DRC3	1.626	0.889
1202	ENSG00000182272	B4GALNT4	8.02	0.8887
1203	ENSG00000184986	TMEM121	9.444	0.8884
1204	ENSG00000118515	SGK1	1.305	0.8883
1205	ENSG00000186104	CYP2R1	4.221	0.8881
1206	ENSG00000276644	DACH1	9.664	0.8879
1207	ENSG00000166387	PPFIBP2	5.108	0.8875
1208	ENSG00000074181	NOTCH3	7.016	0.8851
1209	ENSG00000067208	EVI5	8.875	0.8838
1210	ENSG00000162755	KLHDC9	6.444	0.8836
1211	ENSG00000132429	POPDC3	6.02	0.8832
1212	ENSG00000130827	PLXNA3	12.172	0.8829
1213	ENSG00000160282	FTCD	1.03	0.8824
1214	ENSG00000148950	IMMP1L	20.008	0.8823
1215	ENSG00000197712	FAM114A1	4.721	0.8811
1216	ENSG00000050426	LETMD1	58.808	0.8808
1217	ENSG00000111254	AKAP3	1.203	0.8806
1218	ENSG00000143367	TUFT1	33.012	0.8802
1219	ENSG00000177455	CD19	3.048	0.8796
1220	ENSG00000159905	ZNF221	2.196	0.8775
1221	ENSG00000164900	GBX1	2.055	0.876
1222	ENSG00000167220	HDHD2	8.275	0.8757
1223	ENSG00000155893	PXYLP1	7.695	0.875
1224	ENSG00000132510	KDM6B	31.72	0.8746
1225	ENSG00000164219	PGGT1B	3.047	0.8739
1226	ENSG00000150433	TMEM218	5.199	0.8735
1227	ENSG00000171155	C1GALT1C1	4.636	0.8728
1228	ENSG00000113108	APBB3	8.098	0.872
1229	ENSG00000135211	TMEM60	3.147	0.8714
1230	ENSG00000113812	ACTR8	19.581	0.8712
1231	ENSG00000130023	ERMARD	17.184	0.8711
1232	ENSG00000185015	CA13	3.017	0.8706
1233	ENSG00000166246	DNAAF8	3.985	0.8705
1234	ENSG00000171132	PRKCE	4.694	0.8701
1235	ENSG00000065621	GSTO2	4.202	0.8693
1236	ENSG00000176732	PFN4	1.092	0.8687
1237	ENSG00000169255	B3GALNT1	1.989	0.8686
1238	ENSG00000139926	FRMD6	4.341	0.8686
1239	ENSG00000060749	QSER1	3.773	0.8682
1240	ENSG00000144161	ZC3H8	82.842	0.8681
1241	ENSG00000165588	OTX2	2.997	0.8658
1242	ENSG00000182389	CACNB4	2.814	0.8653
1243	ENSG00000171608	PIK3CD	3.829	0.8647
1244	ENSG00000166503	HDGFL3	40.909	0.8646
1245	ENSG00000262484	CCER2	11.367	0.8634
1246	ENSG00000104381	GDAP1	7.625	0.8634
1247	ENSG00000150347	ARID5B	5.032	0.8633
1248	ENSG00000162959	MEMO1	6.665	0.8629
1249	ENSG00000166762	CATSPER2	1.391	0.8624
1250	ENSG00000197128	ZNF772	1.298	0.8623
1251	ENSG00000136099	PCDH8	1.752	0.8619
1252	ENSG00000166262	FAM227B	1.11	0.8618
1253	ENSG00000132953	XPO4	2.144	0.861
1254	ENSG00000137720	CFAP68	8.952	0.8605
1255	ENSG00000105278	ZFR2	4.448	0.8599
1256	ENSG00000002016	RAD52	16.412	0.8597
1257	ENSG00000116815	CD58	2.987	0.859
1258	ENSG00000104361	NIPAL2	1.815	0.858
1259	ENSG00000065809	FAM107B	14.046	0.8576
1260	ENSG00000145216	FIP1L1	122.337	0.8574
1261	ENSG00000172339	ALG14	25.185	0.8572
1262	ENSG00000184545	DUSP8	10.078	0.8569
1263	ENSG00000141391	PRELID3A	5.178	0.8567
1264	ENSG00000169946	ZFPM2	1.735	0.8564
1265	ENSG00000165905	LARGE2	8.842	0.856
1266	ENSG00000188542	DUSP28	4.193	0.8554
1267	ENSG00000165695	AK8	2.136	0.8554
1268	ENSG00000162946	DISC1	1.749	0.8552
1269	ENSG00000114841	DNAH1	2.446	0.8549
1270	ENSG00000035664	DAPK2	2.03	0.8544
1271	ENSG00000124225	PMEPA1	12.746	0.8536
1272	ENSG00000183087	GAS6	4.259	0.8536
1273	ENSG00000120690	ELF1	3.91	0.8533
1274	ENSG00000040608	RTN4R	16.968	0.853
1275	ENSG00000138658	ZGRF1	2.354	0.8519
1276	ENSG00000256294	ZNF225	2.005	0.8517
1277	ENSG00000198130	HIBCH	5.728	0.8511
1278	ENSG00000111012	CYP27B1	4.047	0.851
1279	ENSG00000116885	OSCP1	11.104	0.8508
1280	ENSG00000124813	RUNX2	1.005	0.8501
1281	ENSG00000146350	TBC1D32	2.819	0.85
1282	ENSG00000180917	CMTR2	1.429	0.8499
1283	ENSG00000241935	HOGA1	1.091	0.8497
1284	ENSG00000278619	MRM1	109.772	0.8492
1285	ENSG00000286185	ENSG00000286185	1.126	0.8491
1286	ENSG00000128789	PSMG2	15.271	0.8491
1287	ENSG00000205002	AARD	5.173	0.8487
1288	ENSG00000162433	AK4	15.099	0.8487
1289	ENSG00000248643	RBM14-RBM4	11.036	0.8478
1290	ENSG00000111011	RSRC2	158.771	0.8478
1291	ENSG00000136895	GARNL3	3.169	0.8477
1292	ENSG00000168906	MAT2A	45.519	0.8476
1293	ENSG00000104808	DHDH	9.701	0.8475
1294	ENSG00000151414	NEK7	3.211	0.8472
1295	ENSG00000176884	GRIN1	1.159	0.8472
1296	ENSG00000165810	BTNL9	12.324	0.8472
1297	ENSG00000100439	ABHD4	7.737	0.8471
1298	ENSG00000139220	PPFIA2	1.689	0.847
1299	ENSG00000136048	DRAM1	1.64	0.8468
1300	ENSG00000288710	ENSG00000288710	1.106	0.846
1301	ENSG00000158186	MRAS	6.846	0.8457
1302	ENSG00000149948	HMGA2	25.964	0.8457
1303	ENSG00000234465	PINLYP	1.319	0.8456
1304	ENSG00000173846	PLK3	5.799	0.8448
1305	ENSG00000145743	FBXL17	1.485	0.8447
1306	ENSG00000147576	ADHFE1	1.408	0.8443
1307	ENSG00000185507	IRF7	3.671	0.8442
1308	ENSG00000164398	ACSL6	2.272	0.8435
1309	ENSG00000134480	CCNH	16.72	0.8435
1310	ENSG00000167380	ZNF226	22.521	0.8433
1311	ENSG00000139173	TMEM117	1.104	0.8425
1312	ENSG00000240065	PSMB9	2.805	0.842
1313	ENSG00000095574	IKZF5	3.127	0.8418
1314	ENSG00000111052	LIN7A	2.275	0.8416
1315	ENSG00000203883	SOX18	2.381	0.8415
1316	ENSG00000131459	GFPT2	13.547	0.8408
1317	ENSG00000110888	CAPRIN2	1.768	0.8406
1318	ENSG00000166510	CCDC68	1.164	0.8404
1319	ENSG00000147459	DOCK5	3.25	0.8401
1320	ENSG00000148700	ADD3	5.821	0.8399
1321	ENSG00000159176	CSRP1	1.921	0.8397
1322	ENSG00000143498	TAF1A	3.93	0.8396
1323	ENSG00000019549	SNAI2	8.992	0.8395
1324	ENSG00000071967	CYBRD1	1.3	0.8388
1325	ENSG00000143847	PPFIA4	5.58	0.8388
1326	ENSG00000099250	NRP1	13.892	0.8383
1327	ENSG00000164008	C1orf50	56.118	0.8375
1328	ENSG00000180423	HARBI1	1.52	0.8373
1329	ENSG00000118513	MYB	1.285	0.8372
1330	ENSG00000169855	ROBO1	16.047	0.837
1331	ENSG00000141744	PNMT	2.094	0.8366
1332	ENSG00000115514	TXNDC9	8.428	0.8361
1333	ENSG00000235169	SMIM1	16.692	0.8359
1334	ENSG00000139133	ALG10	2.2	0.8355
1335	ENSG00000238083	LRRC37A2	10.265	0.8346
1336	ENSG00000175414	ARL10	4.414	0.8344
1337	ENSG00000115361	ACADL	4.139	0.8336
1338	ENSG00000172650	AGAP5	3.675	0.8332
1339	ENSG00000048471	SNX29	4.849	0.8328
1340	ENSG00000143443	C1orf56	13.455	0.8328
1341	ENSG00000124209	RAB22A	5.544	0.8327
1342	ENSG00000107614	TRDMT1	2.037	0.8326
1343	ENSG00000164221	CCDC112	32.364	0.8318
1344	ENSG00000130303	BST2	3.674	0.8314
1345	ENSG00000119979	DENND10	23.267	0.8311
1346	ENSG00000145287	PLAC8	1.521	0.831
1347	ENSG00000178809	TRIM73	12.248	0.8309
1348	ENSG00000027075	PRKCH	4.718	0.8309
1349	ENSG00000171680	PLEKHG5	6.921	0.8298
1350	ENSG00000240230	COX19	55.644	0.8297
1351	ENSG00000047578	KATNIP	12.585	0.8295
1352	ENSG00000006047	YBX2	2.154	0.8294
1353	ENSG00000145362	ANK2	5.459	0.8283
1354	ENSG00000136002	ARHGEF4	6.141	0.8283
1355	ENSG00000185947	ZNF267	9.267	0.8282
1356	ENSG00000138674	SEC31A	69.016	0.8277
1357	ENSG00000275023	MLLT6	45.99	0.8269
1358	ENSG00000181458	TMEM45A	1.509	0.8268
1359	ENSG00000185880	TRIM69	9.165	0.8264
1360	ENSG00000164199	ADGRV1	3.709	0.8264
1361	ENSG00000120451	SNX19	2.429	0.8254
1362	ENSG00000284292	ENSG00000284292	2.325	0.8253
1363	ENSG00000204257	HLA-DMA	6.02	0.8252
1364	ENSG00000135093	USP30	8.981	0.8248
1365	ENSG00000078114	NEBL	2.897	0.8241
1366	ENSG00000149292	TTC12	7.075	0.8236
1367	ENSG00000123094	RASSF8	3.181	0.8234
1368	ENSG00000123104	ITPR2	2.994	0.8233
1369	ENSG00000114270	COL7A1	15.44	0.8231
1370	ENSG00000082213	C5orf22	5.336	0.823
1371	ENSG00000204580	DDR1	13.528	0.8224
1372	ENSG00000109466	KLHL2	3.175	0.8223
1373	ENSG00000204152	TIMM23B	6.785	0.8222
1374	ENSG00000164941	INTS8	15.977	0.8218
1375	ENSG00000168438	CDC40	19.33	0.8215
1376	ENSG00000167774	ENSG00000167774	65.867	0.8213
1377	ENSG00000196937	FAM3C	8.402	0.8212
1378	ENSG00000183479	TREX2	4.479	0.8212
1379	ENSG00000105371	ICAM4	6.053	0.8209
1380	ENSG00000120899	PTK2B	2.285	0.8206
1381	ENSG00000215910	C1orf167	1.153	0.8204
1382	ENSG00000213906	LTB4R2	4.237	0.8204
1383	ENSG00000197816	CCDC180	5.776	0.8199
1384	ENSG00000145428	RNF175	1.457	0.8199
1385	ENSG00000203780	FANK1	1.511	0.8199
1386	ENSG00000144182	LIPT1	2.418	0.8196
1387	ENSG00000185798	WDR53	5.524	0.8194
1388	ENSG00000118412	CASP8AP2	11.658	0.8193
1389	ENSG00000136982	DSCC1	11.441	0.8186
1390	ENSG00000059804	SLC2A3	1.569	0.8182
1391	ENSG00000162620	LRRIQ3	1.501	0.8181
1392	ENSG00000161267	BDH1	5.851	0.818
1393	ENSG00000167881	SRP68	63.991	0.8173
1394	ENSG00000166402	TUB	9.937	0.8169
1395	ENSG00000105778	AVL9	5.049	0.8164
1396	ENSG00000185920	PTCH1	11.848	0.8162
1397	ENSG00000110911	SLC11A2	3.024	0.816
1398	ENSG00000122481	RWDD3	6.821	0.8156
1399	ENSG00000205307	SAP25	2.46	0.8152
1400	ENSG00000145246	ATP10D	2.268	0.815
1401	ENSG00000007237	GAS7	2.171	0.815
1402	ENSG00000168461	RAB31	30.95	0.815
1403	ENSG00000134146	DPH6	7.472	0.814
1404	ENSG00000105672	ETV2	2.546	0.8139
1405	ENSG00000067082	KLF6	32.186	0.8139
1406	ENSG00000127252	PLAAT1	7.281	0.8135
1407	ENSG00000128513	POT1	2.042	0.8133
1408	ENSG00000116990	MYCL	1.945	0.813
1409	ENSG00000058272	PPP1R12A	96.557	0.8125
1410	ENSG00000198156	NPIPB6	1.632	0.8121
1411	ENSG00000096872	IFT74	6.695	0.8119
1412	ENSG00000154957	ZNF18	4.744	0.8119
1413	ENSG00000152256	PDK1	2.854	0.8114
1414	ENSG00000197933	ZNF823	1.169	0.8113
1415	ENSG00000138207	RBP4	1.098	0.8108
1416	ENSG00000143507	DUSP10	2.801	0.8104
1417	ENSG00000120992	LYPLA1	20.244	0.8102
1418	ENSG00000154548	SRSF12	3.863	0.8096
1419	ENSG00000156587	UBE2L6	3.764	0.8096
1420	ENSG00000163539	CLASP2	19.044	0.8095
1421	ENSG00000184178	SCFD2	4.543	0.8091
1422	ENSG00000198689	SLC9A6	6.331	0.8086
1423	ENSG00000157036	EXOG	16.736	0.8083
1424	ENSG00000184060	ADAP2	12.759	0.8079
1425	ENSG00000157833	GAREM2	4.429	0.8078
1426	ENSG00000204130	RUFY2	7.667	0.8077
1427	ENSG00000133195	SLC39A11	13.158	0.8077
1428	ENSG00000158201	ABHD3	3.871	0.8068
1429	ENSG00000079150	FKBP7	3.108	0.8067
1430	ENSG00000197930	ERO1A	7.227	0.8066
1431	ENSG00000204267	TAP2	62.944	0.8065
1432	ENSG00000269743	SLC25A53	8.394	0.8065
1433	ENSG00000157764	BRAF	4.243	0.8058
1434	ENSG00000068079	IFI35	15.414	0.8057
1435	ENSG00000114405	CEP15	8.603	0.8056
1436	ENSG00000104412	EMC2	10.389	0.8056
1437	ENSG00000152642	GPD1L	4.864	0.805
1438	ENSG00000071189	SNX13	2.101	0.8046
1439	ENSG00000145734	BDP1	17.708	0.8045
1440	ENSG00000115138	POMC	2.444	0.8042
1441	ENSG00000147853	AK3	4.953	0.8031
1442	ENSG00000184005	ST6GALNAC3	1.253	0.8026
1443	ENSG00000050405	LIMA1	51.74	0.8018
1444	ENSG00000169131	ZNF354A	6.88	0.8015
1445	ENSG00000164038	SLC9B2	5.348	0.8015
1446	ENSG00000136867	SLC31A2	2.939	0.8014
1447	ENSG00000105251	SHD	1.095	0.8012
1448	ENSG00000156463	SH3RF2	1.155	0.8009
1449	ENSG00000140284	SLC27A2	2.148	0.8006
1450	ENSG00000176387	HSD11B2	2.159	0.7996
1451	ENSG00000128731	HERC2	484.936	0.7993
1452	ENSG00000064199	SPA17	2.755	0.7993
1453	ENSG00000105982	RNF32	2.187	0.7988
1454	ENSG00000033178	UBA6	3.016	0.7984
1455	ENSG00000099810	MTAP	19.372	0.798
1456	ENSG00000146700	SSC4D	2.231	0.7979
1457	ENSG00000060982	BCAT1	6.855	0.7976
1458	ENSG00000244405	ETV5	1.052	0.7976
1459	ENSG00000145703	IQGAP2	5.14	0.797
1460	ENSG00000233954	UQCRHL	2.375	0.7966
1461	ENSG00000100100	PIK3IP1	3.367	0.7963
1462	ENSG00000203896	LIME1	64.516	0.7962
1463	ENSG00000079335	CDC14A	4.479	0.7959
1464	ENSG00000197782	ZNF780A	20.993	0.7957
1465	ENSG00000160703	NLRX1	9.313	0.7956
1466	ENSG00000131941	RHPN2	14.288	0.7954
1467	ENSG00000157379	DHRS1	9.968	0.7945
1468	ENSG00000261115	TMEM178B	2.348	0.7944
1469	ENSG00000119778	ATAD2B	2.374	0.7944
1470	ENSG00000178338	ZNF354B	7.782	0.7937
1471	ENSG00000276234	TADA2A	9.792	0.7932
1472	ENSG00000204520	MICA	16.583	0.7932
1473	ENSG00000004700	RECQL	11.631	0.7927
1474	ENSG00000142621	FHAD1	2.239	0.7927
1475	ENSG00000036549	ZZZ3	5.429	0.7926
1476	ENSG00000061656	SPAG4	13.774	0.792
1477	ENSG00000104442	ARMC1	11.605	0.7917
1478	ENSG00000178522	AMBN	2.722	0.7916
1479	ENSG00000103494	RPGRIP1L	5.46	0.7916
1480	ENSG00000156030	MIDEAS	32.266	0.7911
1481	ENSG00000089505	CMTM1	2.717	0.7904
1482	ENSG00000198093	ZNF649	3.628	0.7899
1483	ENSG00000197566	ZNF624	1.005	0.7898
1484	ENSG00000183647	ZNF530	16.529	0.7896
1485	ENSG00000106415	GLCCI1	8.788	0.7893
1486	ENSG00000008394	MGST1	26.458	0.7887
1487	ENSG00000164211	STARD4	1.98	0.7886
1488	ENSG00000214456	PLIN5	1.364	0.7881
1489	ENSG00000147255	IGSF1	2.25	0.7878
1490	ENSG00000203722	RAET1G	2.048	0.7874
1491	ENSG00000182687	GALR2	1.69	0.7866
1492	ENSG00000170464	DNAJC18	8.441	0.7866
1493	ENSG00000025423	HSD17B6	4.426	0.7863
1494	ENSG00000100532	CGRRF1	4.948	0.7861
1495	ENSG00000172728	FUT10	3.133	0.7854
1496	ENSG00000186787	SPIN2B	8.233	0.7853
1497	ENSG00000188315	C3orf62	14.552	0.785
1498	ENSG00000277196	ENSG00000277196	1.406	0.7849
1499	ENSG00000117625	RCOR3	23.012	0.7849
1500	ENSG00000197576	HOXA4	9.794	0.7849
1501	ENSG00000135537	AFG1L	1.761	0.7845
1502	ENSG00000260836	ENSG00000260836	1.698	0.7832
1503	ENSG00000092295	TGM1	1.358	0.7827
1504	ENSG00000139971	ARMH4	7.875	0.7821
1505	ENSG00000106617	PRKAG2	5.774	0.7818
1506	ENSG00000084636	COL16A1	1.098	0.7818
1507	ENSG00000145781	COMMD10	3.316	0.7809
1508	ENSG00000149557	FEZ1	16.006	0.7808
1509	ENSG00000163312	HELQ	9.355	0.7807
1510	ENSG00000131095	GFAP	1.063	0.7805
1511	ENSG00000172164	SNTB1	2.152	0.7805
1512	ENSG00000119862	LGALSL	5.295	0.7805
1513	ENSG00000136813	ECPAS	9.653	0.7805
1514	ENSG00000128694	OSGEPL1	1.794	0.7803
1515	ENSG00000171428	NAT1	1.465	0.7797
1516	ENSG00000157399	ARSL	1.282	0.7795
1517	ENSG00000079257	LXN	3.86	0.7794
1518	ENSG00000166783	MARF1	5.048	0.7793
1519	ENSG00000172379	ARNT2	2.495	0.7789
1520	ENSG00000161714	PLCD3	24.826	0.7789
1521	ENSG00000163660	CCNL1	22.226	0.7787
1522	ENSG00000128881	TTBK2	1.87	0.7783
1523	ENSG00000178662	CSRNP3	1.278	0.7782
1524	ENSG00000153922	CHD1	24.695	0.7781
1525	ENSG00000178105	DDX10	116.0	0.778
1526	ENSG00000091157	WDR7	3.262	0.7778
1527	ENSG00000152439	ZNF773	6.099	0.7777
1528	ENSG00000114019	AMOTL2	5.739	0.776
1529	ENSG00000079931	MOXD1	10.413	0.7759
1530	ENSG00000130649	CYP2E1	1.567	0.7755
1531	ENSG00000184697	CLDN6	1.286	0.7753
1532	ENSG00000111790	FGFR1OP2	20.761	0.7751
1533	ENSG00000171476	HOPX	1.245	0.7749
1534	ENSG00000119801	YPEL5	3.977	0.7746
1535	ENSG00000067221	STOML1	10.096	0.7745
1536	ENSG00000138411	HECW2	1.789	0.7743
1537	ENSG00000166971	AKTIP	3.497	0.7741
1538	ENSG00000100196	KDELR3	5.683	0.7741
1539	ENSG00000153291	SLC25A27	2.275	0.7739
1540	ENSG00000100626	GALNT16	6.332	0.7734
1541	ENSG00000066777	ARFGEF1	5.528	0.7731
1542	ENSG00000047621	FERRY3	7.507	0.7728
1543	ENSG00000178761	FAM219B	69.708	0.7728
1544	ENSG00000273706	LHX1	19.173	0.7727
1545	ENSG00000146373	RNF217	1.602	0.7726
1546	ENSG00000197852	INKA2	5.767	0.7726
1547	ENSG00000172795	DCP2	6.573	0.7723
1548	ENSG00000047346	ATOSA	4.58	0.7721
1549	ENSG00000173480	ZNF417	1.5	0.7717
1550	ENSG00000180376	CCDC66	23.491	0.7715
1551	ENSG00000159314	ARHGAP27	6.986	0.7711
1552	ENSG00000156958	GALK2	13.314	0.7711
1553	ENSG00000118855	MFSD1	4.784	0.77
1554	ENSG00000123124	WWP1	8.879	0.7698
1555	ENSG00000130164	LDLR	6.423	0.7698
1556	ENSG00000130856	ZNF236	12.691	0.7696
1557	ENSG00000125247	TMTC4	2.661	0.7689
1558	ENSG00000198369	SPRED2	4.508	0.7684
1559	ENSG00000152818	UTRN	8.922	0.768
1560	ENSG00000110697	PITPNM1	12.046	0.7678
1561	ENSG00000103351	CLUAP1	24.378	0.7677
1562	ENSG00000213793	ZNF888	1.753	0.7675
1563	ENSG00000164647	STEAP1	6.195	0.7672
1564	ENSG00000178093	TSSK6	1.138	0.7671
1565	ENSG00000102878	HSF4	18.886	0.7666
1566	ENSG00000120647	CCDC77	8.45	0.7664
1567	ENSG00000145431	PDGFC	5.296	0.7656
1568	ENSG00000197275	RAD54B	2.189	0.7653
1569	ENSG00000234616	JRK	20.454	0.7653
1570	ENSG00000157538	VPS26C	13.528	0.7652
1571	ENSG00000074657	ZNF532	3.82	0.7651
1572	ENSG00000150756	ATPSCKMT	2.701	0.7648
1573	ENSG00000016864	GLT8D1	16.33	0.7646
1574	ENSG00000102760	RGCC	1.14	0.7645
1575	ENSG00000003402	CFLAR	7.037	0.7638
1576	ENSG00000161298	ZNF382	1.769	0.7633
1577	ENSG00000170667	RASA4B	2.563	0.7633
1578	ENSG00000234444	ZNF736	2.017	0.7629
1579	ENSG00000188095	MESP2	3.124	0.7625
1580	ENSG00000004864	SLC25A13	11.105	0.7623
1581	ENSG00000165097	KDM1B	17.52	0.7619
1582	ENSG00000148468	FAM171A1	24.815	0.7617
1583	ENSG00000035681	NSMAF	3.129	0.7613
1584	ENSG00000006459	KDM7A	3.538	0.7608
1585	ENSG00000087116	ADAMTS2	3.416	0.7607
1586	ENSG00000125386	FAM193A	72.983	0.7604
1587	ENSG00000074590	NUAK1	3.33	0.7595
1588	ENSG00000055609	KMT2C	38.184	0.7594
1589	ENSG00000166704	ZNF606	3.542	0.7587
1590	ENSG00000128045	RASL11B	2.246	0.7585
1591	ENSG00000000460	FIRRM	7.088	0.7578
1592	ENSG00000198730	CTR9	105.724	0.7577
1593	ENSG00000104728	ARHGEF10	7.415	0.7576
1594	ENSG00000111711	GOLT1B	3.581	0.7574
1595	ENSG00000204410	MSH5	39.673	0.7572
1596	ENSG00000203791	EEF1AKMT2	6.66	0.7571
1597	ENSG00000103381	CPPED1	4.446	0.7567
1598	ENSG00000174371	EXO1	40.253	0.7564
1599	ENSG00000108021	TASOR2	28.607	0.7562
1600	ENSG00000132406	TMEM128	3.704	0.7562
1601	ENSG00000133640	LRRIQ1	2.166	0.7561
1602	ENSG00000165275	TRMT10B	36.154	0.756
1603	ENSG00000124782	RREB1	21.107	0.756
1604	ENSG00000133805	AMPD3	1.213	0.7558
1605	ENSG00000101132	PFDN4	39.468	0.7546
1606	ENSG00000247595	MISFA	13.743	0.7546
1607	ENSG00000185250	PPIL6	1.787	0.7537
1608	ENSG00000114698	PLSCR4	1.199	0.7537
1609	ENSG00000102032	RENBP	9.859	0.7537
1610	ENSG00000179387	ELMOD2	3.902	0.7531
1611	ENSG00000111875	ASF1A	15.182	0.7529
1612	ENSG00000086666	ZFAND6	13.92	0.7525
1613	ENSG00000114120	SLC25A36	14.621	0.7524
1614	ENSG00000164627	KIF6	1.391	0.7521
1615	ENSG00000197302	KRBOX5	13.143	0.752
1616	ENSG00000141854	MISP3	2.974	0.752
1617	ENSG00000135423	GLS2	2.615	0.7514
1618	ENSG00000184922	FMNL1	1.168	0.751
1619	ENSG00000213020	ZNF611	3.886	0.751
1620	ENSG00000148925	BTBD10	6.197	0.7509
1621	ENSG00000184602	SNN	4.487	0.7503
1622	ENSG00000106460	TMEM106B	16.081	0.7502
1623	ENSG00000168071	CCDC88B	4.721	0.7501
1624	ENSG00000214274	ANG	3.759	0.75
1625	ENSG00000162804	SNED1	1.108	0.7497
1626	ENSG00000152601	MBNL1	7.547	0.7497
1627	ENSG00000166145	SPINT1	2.528	0.7487
1628	ENSG00000173221	GLRX	6.437	0.7484
1629	ENSG00000250510	GPR162	6.078	0.7483
1630	ENSG00000243660	ZNF487	1.297	0.7473
1631	ENSG00000118197	DDX59	13.693	0.7469
1632	ENSG00000150773	PIH1D2	1.102	0.7467
1633	ENSG00000075790	BCAP29	11.206	0.7463
1634	ENSG00000152669	CCNO	3.672	0.7458
1635	ENSG00000283765	ENSG00000283765	1.341	0.7455
1636	ENSG00000215252	GOLGA8B	16.56	0.7452
1637	ENSG00000178163	ZNF518B	2.625	0.7451
1638	ENSG00000286192	ENSG00000286192	1.624	0.745
1639	ENSG00000111490	TBC1D30	2.495	0.7446
1640	ENSG00000135108	FBXO21	31.176	0.7443
1641	ENSG00000174206	KICS2	5.818	0.7441
1642	ENSG00000080561	MID2	2.383	0.7439
1643	ENSG00000105889	STEAP1B	3.702	0.7437
1644	ENSG00000106714	CNTNAP3	1.672	0.7434
1645	ENSG00000164877	MICALL2	5.165	0.7433
1646	ENSG00000132437	DDC	1.008	0.7433
1647	ENSG00000132773	TOE1	51.294	0.743
1648	ENSG00000180448	ARHGAP45	5.988	0.7428
1649	ENSG00000197763	TXNRD3	6.807	0.7425
1650	ENSG00000189114	BLOC1S3	17.192	0.7421
1651	ENSG00000114861	FOXP1	25.595	0.7416
1652	ENSG00000240344	PPIL3	7.109	0.7413
1653	ENSG00000187091	PLCD1	5.816	0.7412
1654	ENSG00000145088	EAF2	1.563	0.7411
1655	ENSG00000180336	MEIOC	1.42	0.741
1656	ENSG00000168876	ANKRD49	22.925	0.741
1657	ENSG00000120616	EPC1	26.184	0.7401
1658	ENSG00000115297	TLX2	3.884	0.74
1659	ENSG00000154642	C21orf91	1.885	0.7399
1660	ENSG00000172020	GAP43	2.293	0.7398
1661	ENSG00000087076	HSD17B14	8.9	0.7398
1662	ENSG00000134247	PTGFRN	16.674	0.7398
1663	ENSG00000224712	NPIPA3	1.179	0.7396
1664	ENSG00000114948	ADAM23	2.796	0.7394
1665	ENSG00000008277	ADAM22	4.823	0.7392
1666	ENSG00000122547	EEPD1	14.726	0.7391
1667	ENSG00000104856	RELB	4.856	0.7388
1668	ENSG00000122970	IFT81	7.222	0.738
1669	ENSG00000013441	CLK1	6.146	0.7379
1670	ENSG00000198929	NOS1AP	2.743	0.7374
1671	ENSG00000129028	THAP10	1.507	0.7374
1672	ENSG00000118961	LDAH	4.723	0.7368
1673	ENSG00000134324	LPIN1	10.481	0.7368
1674	ENSG00000078237	TIGAR	14.461	0.736
1675	ENSG00000185761	ADAMTSL5	2.977	0.7353
1676	ENSG00000121481	RNF2	7.86	0.734
1677	ENSG00000125637	PSD4	2.116	0.7339
1678	ENSG00000108821	COL1A1	9.355	0.7336
1679	ENSG00000204859	ZBTB48	111.772	0.7333
1680	ENSG00000164659	ELAPOR2	1.572	0.733
1681	ENSG00000150054	MPP7	2.869	0.733
1682	ENSG00000081181	ARG2	7.355	0.7323
1683	ENSG00000146410	MTFR2	4.087	0.7323
1684	ENSG00000172869	DMXL1	2.176	0.7322
1685	ENSG00000189079	ARID2	6.2	0.7321
1686	ENSG00000132470	ITGB4	1.205	0.7321
1687	ENSG00000177854	TMEM187	7.085	0.7315
1688	ENSG00000165832	TRUB1	19.554	0.7311
1689	ENSG00000186017	ZNF566	4.847	0.7295
1690	ENSG00000135049	AGTPBP1	5.286	0.7294
1691	ENSG00000196189	SEMA4A	1.381	0.7294
1692	ENSG00000159788	RGS12	12.674	0.7293
1693	ENSG00000147509	RGS20	16.574	0.7293
1694	ENSG00000172888	ZNF621	5.35	0.7291
1695	ENSG00000123191	ATP7B	4.028	0.7285
1696	ENSG00000082497	SERTAD4	7.429	0.7282
1697	ENSG00000005175	RPAP3	20.186	0.7275
1698	ENSG00000105784	RUNDC3B	1.181	0.7272
1699	ENSG00000100528	CNIH1	10.34	0.7272
1700	ENSG00000198677	SKIC3	4.553	0.7267
1701	ENSG00000101004	NINL	25.695	0.7266
1702	ENSG00000173530	TNFRSF10D	2.197	0.7259
1703	ENSG00000154309	DISP1	11.308	0.7246
1704	ENSG00000155111	CDK19	4.833	0.7246
1705	ENSG00000146966	DENND2A	1.589	0.7245
1706	ENSG00000124788	ATXN1	5.362	0.7245
1707	ENSG00000128408	RIBC2	25.009	0.7243
1708	ENSG00000188747	NOXA1	4.119	0.7231
1709	ENSG00000197818	SLC9A8	8.132	0.7228
1710	ENSG00000135953	MFSD9	9.877	0.7226
1711	ENSG00000075223	SEMA3C	2.012	0.7223
1712	ENSG00000138180	CEP55	9.485	0.7217
1713	ENSG00000116285	ERRFI1	2.114	0.7216
1714	ENSG00000134900	TPP2	4.573	0.7213
1715	ENSG00000150764	DIXDC1	4.399	0.7212
1716	ENSG00000121068	TBX2	73.814	0.7208
1717	ENSG00000186998	EMID1	4.533	0.7207
1718	ENSG00000181085	MAPK15	8.126	0.7207
1719	ENSG00000051382	PIK3CB	1.726	0.7206
1720	ENSG00000120798	NR2C1	23.358	0.7203
1721	ENSG00000006638	TBXA2R	1.378	0.7201
1722	ENSG00000078403	MLLT10	13.186	0.7199
1723	ENSG00000104660	LEPROTL1	15.071	0.7199
1724	ENSG00000173868	PHOSPHO1	2.25	0.7197
1725	ENSG00000064218	DMRT3	1.625	0.719
1726	ENSG00000256806	C17orf100	2.201	0.7189
1727	ENSG00000205642	VCX3B	3.564	0.7189
1728	ENSG00000152219	ARL14EP	8.139	0.7187
1729	ENSG00000173611	SCAI	2.484	0.7186
1730	ENSG00000176845	METRNL	9.877	0.7185
1731	ENSG00000116127	ALMS1	28.137	0.7184
1732	ENSG00000138050	THUMPD2	29.613	0.7182
1733	ENSG00000088727	KIF9	14.578	0.7178
1734	ENSG00000001084	GCLC	16.013	0.7171
1735	ENSG00000163788	SNRK	6.037	0.717
1736	ENSG00000005801	ZNF195	12.207	0.7165
1737	ENSG00000185513	L3MBTL1	4.46	0.7155
1738	ENSG00000033170	FUT8	3.178	0.7146
1739	ENSG00000129128	SPCS3	65.663	0.7145
1740	ENSG00000213654	GPSM3	1.058	0.7144
1741	ENSG00000154079	SDHAF4	34.49	0.7137
1742	ENSG00000103707	MTFMT	12.709	0.7133
1743	ENSG00000169071	ROR2	3.372	0.7133
1744	ENSG00000133639	BTG1	6.437	0.7129
1745	ENSG00000154358	OBSCN	7.674	0.7128
1746	ENSG00000134986	NREP	8.817	0.7121
1747	ENSG00000204947	ZNF425	4.023	0.7113
1748	ENSG00000214226	C17orf67	6.401	0.7107
1749	ENSG00000153790	SPMIP4	3.665	0.7105
1750	ENSG00000100934	SEC23A	12.015	0.7102
1751	ENSG00000107859	PITX3	1.34	0.71
1752	ENSG00000106588	PSMA2	14.457	0.7097
1753	ENSG00000112249	ASCC3	8.093	0.7097
1754	ENSG00000151693	ASAP2	1.96	0.7096
1755	ENSG00000184349	EFNA5	7.01	0.7092
1756	ENSG00000162496	DHRS3	10.115	0.7088
1757	ENSG00000119537	KDSR	5.557	0.7087
1758	ENSG00000141429	GALNT1	12.769	0.7078
1759	ENSG00000135164	DMTF1	10.543	0.7062
1760	ENSG00000069020	MAST4	17.618	0.7056
1761	ENSG00000176809	LRRC37A3	1.738	0.7055
1762	ENSG00000187098	MITF	3.267	0.7053
1763	ENSG00000104863	LIN7B	27.901	0.7051
1764	ENSG00000176731	RBIS	23.061	0.7046
1765	ENSG00000128652	HOXD3	3.314	0.7045
1766	ENSG00000110330	BIRC2	15.581	0.7044
1767	ENSG00000196436	NPIPB15	7.798	0.7041
1768	ENSG00000142178	SIK1	3.45	0.704
1769	ENSG00000140057	AK7	2.674	0.7039
1770	ENSG00000129646	QRICH2	4.105	0.7038
1771	ENSG00000107485	GATA3	26.248	0.7036
1772	ENSG00000177181	RIMKLA	2.994	0.7034
1773	ENSG00000147535	PLPP5	5.516	0.7032
1774	ENSG00000205133	TRIQK	1.095	0.7029
1775	ENSG00000120129	DUSP1	10.526	0.7026
1776	ENSG00000155189	AGPAT5	4.429	0.7019
1777	ENSG00000156239	N6AMT1	2.079	0.7018
1778	ENSG00000129682	FGF13	2.097	0.7017
1779	ENSG00000184271	POU6F1	1.989	0.7016
1780	ENSG00000163877	SNIP1	14.743	0.7013
1781	ENSG00000253250	C8orf88	6.788	0.701
1782	ENSG00000130529	TRPM4	7.637	0.701
1783	ENSG00000186106	ANKRD46	4.257	0.7008
1784	ENSG00000206140	TMEM191C	5.089	0.7008
1785	ENSG00000104312	RIPK2	5.015	0.7008
1786	ENSG00000243989	ACY1	32.821	0.7007
1787	ENSG00000151692	RNF144A	1.701	0.7006
1788	ENSG00000004838	ZMYND10	3.106	0.7001
1789	ENSG00000150456	EEF1AKMT1	4.488	0.6999
1790	ENSG00000118762	PKD2	4.986	0.6998
1791	ENSG00000171827	ZNF570	1.817	0.6995
1792	ENSG00000134294	SLC38A2	4.418	0.6991
1793	ENSG00000056972	TRAF3IP2	11.937	0.699
1794	ENSG00000180626	ZNF594	1.863	0.6986
1795	ENSG00000105738	SIPA1L3	9.164	0.6986
1796	ENSG00000140471	LINS1	21.495	0.6983
1797	ENSG00000196388	INCA1	2.594	0.6981
1798	ENSG00000035928	RFC1	55.257	0.698
1799	ENSG00000292327	PPP2R3B	13.749	0.6979
1800	ENSG00000153827	TRIP12	12.302	0.6976
1801	ENSG00000214655	ZSWIM8	56.815	0.6974
1802	ENSG00000070269	TMEM260	1.446	0.6973
1803	ENSG00000159761	C16orf86	3.532	0.6959
1804	ENSG00000163521	GLB1L	5.13	0.6956
1805	ENSG00000189042	ZNF567	1.605	0.6955
1806	ENSG00000168671	UGT3A2	2.436	0.695
1807	ENSG00000186469	GNG2	1.188	0.6949
1808	ENSG00000101955	SRPX	3.254	0.6947
1809	ENSG00000101160	CTSZ	11.297	0.6947
1810	ENSG00000140280	LYSMD2	6.675	0.6944
1811	ENSG00000116668	SWT1	1.174	0.6942
1812	ENSG00000166664	CHRFAM7A	4.909	0.6932
1813	ENSG00000187808	SOWAHD	1.869	0.6932
1814	ENSG00000091428	RAPGEF4	2.694	0.6929
1815	ENSG00000165959	CLMN	6.984	0.6924
1816	ENSG00000134697	GNL2	472.218	0.692
1817	ENSG00000005889	ZFX	8.816	0.692
1818	ENSG00000284691	ENSG00000284691	2.568	0.6916
1819	ENSG00000196132	MYT1	1.612	0.6916
1820	ENSG00000172493	AFF1	15.607	0.6914
1821	ENSG00000172269	DPAGT1	5.577	0.6914
1822	ENSG00000156232	WHAMM	8.792	0.6912
1823	ENSG00000186314	PRELID2	12.938	0.6911
1824	ENSG00000172986	GXYLT2	1.795	0.6908
1825	ENSG00000167005	NUDT21	50.061	0.6907
1826	ENSG00000134548	SPX	1.21	0.6905
1827	ENSG00000114854	TNNC1	4.685	0.6904
1828	ENSG00000185522	LMNTD2	3.284	0.6903
1829	ENSG00000277150	F8A3	5.623	0.6902
1830	ENSG00000066697	MSANTD3	64.364	0.6901
1831	ENSG00000072274	TFRC	6.238	0.6899
1832	ENSG00000136521	NDUFB5	31.894	0.6898
1833	ENSG00000103199	ZNF500	14.885	0.6897
1834	ENSG00000112659	CUL9	23.672	0.6896
1835	ENSG00000115548	KDM3A	17.59	0.6895
1836	ENSG00000118620	ZNF430	6.997	0.6894
1837	ENSG00000157152	SYN2	3.069	0.6893
1838	ENSG00000170832	USP32	11.313	0.6892
1839	ENSG00000151835	SACS	10.212	0.6888
1840	ENSG00000073614	KDM5A	106.583	0.6887
1841	ENSG00000066427	ATXN3	6.094	0.6883
1842	ENSG00000106536	POU6F2	1.878	0.6882
1843	ENSG00000142920	AZIN2	3.469	0.688
1844	ENSG00000166669	ATF7IP2	1.348	0.688
1845	ENSG00000137876	RSL24D1	8.66	0.6876
1846	ENSG00000133812	SBF2	5.152	0.6875
1847	ENSG00000180318	ALX1	5.943	0.6869
1848	ENSG00000132466	ANKRD17	27.675	0.6867
1849	ENSG00000077150	NFKB2	36.234	0.686
1850	ENSG00000182986	ZNF320	2.525	0.686
1851	ENSG00000205639	MFSD2B	2.167	0.6858
1852	ENSG00000089916	GPATCH2L	8.418	0.6858
1853	ENSG00000054690	PLEKHH1	2.915	0.6855
1854	ENSG00000183054	RGPD6	1.557	0.6851
1855	ENSG00000158427	TMSB15B	7.586	0.6848
1856	ENSG00000006757	PNPLA4	13.305	0.6848
1857	ENSG00000166685	COG1	12.928	0.6848
1858	ENSG00000106524	ANKMY2	4.818	0.6847
1859	ENSG00000158716	DUSP23	5.738	0.6843
1860	ENSG00000007384	RHBDF1	5.62	0.6842
1861	ENSG00000157350	ST3GAL2	9.3	0.684
1862	ENSG00000113838	TBCCD1	5.111	0.6837
1863	ENSG00000164674	SYTL3	1.151	0.6836
1864	ENSG00000167103	PIP5KL1	1.632	0.6832
1865	ENSG00000240204	SMKR1	15.01	0.6824
1866	ENSG00000266173	STRADA	23.353	0.6823
1867	ENSG00000122008	POLK	2.631	0.6819
1868	ENSG00000159433	STARD9	2.802	0.6818
1869	ENSG00000117054	ACADM	16.703	0.6816
1870	ENSG00000267426	ENSG00000267426	1.215	0.6815
1871	ENSG00000122545	SEPTIN7	102.556	0.6814
1872	ENSG00000119547	ONECUT2	2.945	0.6806
1873	ENSG00000128594	LRRC4	1.734	0.6805
1874	ENSG00000265972	TXNIP	2.096	0.6804
1875	ENSG00000138835	RGS3	10.105	0.6803
1876	ENSG00000180628	PCGF5	4.357	0.6803
1877	ENSG00000065183	WDR3	11.787	0.6801
1878	ENSG00000179912	R3HDM2	20.495	0.68
1879	ENSG00000087303	NID2	5.21	0.6799
1880	ENSG00000139714	MORN3	1.223	0.6796
1881	ENSG00000272916	ENSG00000272916	2.547	0.6792
1882	ENSG00000163126	ANKRD23	12.312	0.6791
1883	ENSG00000107771	CCSER2	6.589	0.6776
1884	ENSG00000181218	H2AC25	97.315	0.6775
1885	ENSG00000126091	ST3GAL3	16.403	0.6769
1886	ENSG00000114670	NEK11	1.383	0.6769
1887	ENSG00000125378	BMP4	19.938	0.6768
1888	ENSG00000069696	DRD4	1.182	0.6767
1889	ENSG00000085982	USP40	24.324	0.676
1890	ENSG00000154102	C16orf74	15.74	0.6759
1891	ENSG00000185885	IFITM1	13.97	0.6757
1892	ENSG00000155428	TRIM74	1.183	0.6757
1893	ENSG00000204519	ZNF551	2.163	0.6756
1894	ENSG00000111725	PRKAB1	29.788	0.6754
1895	ENSG00000117114	ADGRL2	5.975	0.6754
1896	ENSG00000204262	COL5A2	3.699	0.6754
1897	ENSG00000105136	ZNF419	2.142	0.6751
1898	ENSG00000156504	PABIR2	7.558	0.6751
1899	ENSG00000176225	RTTN	1.384	0.6749
1900	ENSG00000077522	ACTN2	10.295	0.6749
1901	ENSG00000173320	STOX2	4.239	0.6748
1902	ENSG00000059728	MXD1	2.733	0.6748
1903	ENSG00000100614	PPM1A	6.424	0.6747
1904	ENSG00000063978	RNF4	17.935	0.6747
1905	ENSG00000088448	ANKRD10	3.612	0.6745
1906	ENSG00000031003	FAM13B	2.588	0.6743
1907	ENSG00000085465	OVGP1	1.984	0.6738
1908	ENSG00000161243	FBXO27	2.271	0.6729
1909	ENSG00000213762	ZNF134	3.818	0.6728
1910	ENSG00000110841	PPFIBP1	9.645	0.6725
1911	ENSG00000077514	POLD3	17.006	0.6724
1912	ENSG00000241058	NSUN6	3.561	0.672
1913	ENSG00000135299	ANKRD6	10.64	0.6715
1914	ENSG00000188368	PRR19	2.064	0.6711
1915	ENSG00000160117	ANKLE1	1.693	0.671
1916	ENSG00000145029	NICN1	5.218	0.6706
1917	ENSG00000107968	MAP3K8	3.677	0.6704
1918	ENSG00000113391	ARB2A	2.75	0.6703
1919	ENSG00000198478	SH3BGRL2	2.971	0.6701
1920	ENSG00000136108	CKAP2	40.46	0.6698
1921	ENSG00000120438	TCP1	107.385	0.6697
1922	ENSG00000240694	PNMA2	7.066	0.6697
1923	ENSG00000119431	HDHD3	17.52	0.6696
1924	ENSG00000069399	BCL3	3.187	0.6685
1925	ENSG00000044446	PHKA2	15.033	0.6681
1926	ENSG00000158089	GALNT14	6.159	0.6675
1927	ENSG00000143994	ABHD1	1.232	0.6672
1928	ENSG00000108771	DHX58	1.057	0.6671
1929	ENSG00000123472	ATPAF1	36.403	0.667
1930	ENSG00000126804	ZBTB1	2.843	0.667
1931	ENSG00000168000	BSCL2	54.152	0.6669
1932	ENSG00000106089	STX1A	19.747	0.6668
1933	ENSG00000189050	RNFT1	3.406	0.6661
1934	ENSG00000025434	NR1H3	78.87	0.6655
1935	ENSG00000257591	ZNF625	1.033	0.6654
1936	ENSG00000138594	TMOD3	6.441	0.6652
1937	ENSG00000136100	VPS36	3.381	0.665
1938	ENSG00000124459	ZNF45	5.618	0.6647
1939	ENSG00000175874	CREG2	1.092	0.6647
1940	ENSG00000187479	C11orf96	6.205	0.6642
1941	ENSG00000140470	ADAMTS17	2.658	0.6641
1942	ENSG00000114098	ARMC8	9.081	0.664
1943	ENSG00000197283	SYNGAP1	10.57	0.6634
1944	ENSG00000188176	SMTNL2	8.828	0.6634
1945	ENSG00000119888	EPCAM	1.4	0.6632
1946	ENSG00000184381	PLA2G6	9.319	0.6632
1947	ENSG00000108786	HSD17B1	3.796	0.6631
1948	ENSG00000183287	CCBE1	1.766	0.6625
1949	ENSG00000170899	GSTA4	5.062	0.6624
1950	ENSG00000143702	CEP170	14.972	0.6623
1951	ENSG00000125775	SDCBP2	1.653	0.6622
1952	ENSG00000112812	PRSS16	4.03	0.6613
1953	ENSG00000128536	CDHR3	6.406	0.6613
1954	ENSG00000150961	SEC24D	3.366	0.6613
1955	ENSG00000177311	ZBTB38	2.866	0.661
1956	ENSG00000105227	PRX	2.993	0.6608
1957	ENSG00000113638	TTC33	4.049	0.6605
1958	ENSG00000166046	TCP11L2	1.041	0.6602
1959	ENSG00000154217	PITPNC1	2.916	0.6599
1960	ENSG00000250644	ENSG00000250644	1.822	0.6599
1961	ENSG00000166004	CEP295	5.333	0.6599
1962	ENSG00000126226	PCID2	6.771	0.6598
1963	ENSG00000135638	EMX1	9.694	0.6598
1964	ENSG00000115760	BIRC6	5.416	0.6598
1965	ENSG00000114315	HES1	106.91	0.6595
1966	ENSG00000167600	CYP2S1	2.8	0.6589
1967	ENSG00000283189	ENSG00000283189	1.027	0.6586
1968	ENSG00000089820	ARHGAP4	2.37	0.6577
1969	ENSG00000076513	ANKRD13A	11.42	0.6576
1970	ENSG00000171806	METTL18	2.998	0.6571
1971	ENSG00000163527	STT3B	10.772	0.6569
1972	ENSG00000172954	LCLAT1	5.468	0.6565
1973	ENSG00000171714	ANO5	6.226	0.6563
1974	ENSG00000165282	PIGO	9.819	0.656
1975	ENSG00000069424	KCNAB2	6.904	0.6559
1976	ENSG00000013016	EHD3	4.957	0.6558
1977	ENSG00000120885	CLU	96.695	0.6558
1978	ENSG00000175575	PAAF1	8.339	0.6558
1979	ENSG00000241404	EGFL8	43.916	0.6557
1980	ENSG00000130702	LAMA5	25.136	0.6552
1981	ENSG00000163002	NUP35	3.618	0.6551
1982	ENSG00000173559	NABP1	5.659	0.6551
1983	ENSG00000112294	ALDH5A1	16.798	0.6551
1984	ENSG00000164144	ARFIP1	4.916	0.6548
1985	ENSG00000128585	MKLN1	1.676	0.6545
1986	ENSG00000090924	PLEKHG2	11.437	0.654
1987	ENSG00000121749	TBC1D15	3.368	0.654
1988	ENSG00000180425	C11orf71	2.885	0.654
1989	ENSG00000120068	HOXB8	9.837	0.6536
1990	ENSG00000114796	KLHL24	2.098	0.6535
1991	ENSG00000206538	VGLL3	1.32	0.653
1992	ENSG00000167034	NKX3-1	1.685	0.6528
1993	ENSG00000136160	EDNRB	1.294	0.6526
1994	ENSG00000014641	MDH1	32.275	0.6523
1995	ENSG00000186409	CCDC30	1.147	0.652
1996	ENSG00000159140	SON	127.282	0.6519
1997	ENSG00000175595	ERCC4	14.514	0.6517
1998	ENSG00000187624	LIAT1	5.906	0.6515
1999	ENSG00000003393	ALS2	5.985	0.6514
2000	ENSG00000166147	FBN1	2.882	0.6511
2001	ENSG00000145365	TIFA	2.306	0.651
2002	ENSG00000114251	WNT5A	1.733	0.651
2003	ENSG00000142303	ADAMTS10	2.796	0.6508
2004	ENSG00000166532	RIMKLB	7.257	0.6507
2005	ENSG00000164107	HAND2	5.217	0.6505
2006	ENSG00000171681	ATF7IP	6.669	0.6503
2007	ENSG00000139631	CSAD	7.786	0.6501
2008	ENSG00000158691	ZSCAN12	2.445	0.6496
2009	ENSG00000134874	DZIP1	35.118	0.6495
2010	ENSG00000205060	SLC35B4	15.998	0.6494
2011	ENSG00000116641	DOCK7	6.635	0.6489
2012	ENSG00000185420	SMYD3	18.687	0.6487
2013	ENSG00000163867	ZMYM6	2.494	0.6483
2014	ENSG00000130940	CASZ1	7.383	0.6482
2015	ENSG00000118263	KLF7	1.251	0.6481
2016	ENSG00000150967	ABCB9	5.196	0.648
2017	ENSG00000140104	CLBA1	11.517	0.6476
2018	ENSG00000139597	N4BP2L1	1.871	0.6476
2019	ENSG00000163714	U2SURP	86.986	0.6474
2020	ENSG00000188092	GPR89B	3.462	0.6474
2021	ENSG00000105866	SP4	2.335	0.6474
2022	ENSG00000123552	USP45	2.405	0.6473
2023	ENSG00000167363	FN3K	1.069	0.6472
2024	ENSG00000155975	VPS37A	11.674	0.6472
2025	ENSG00000140848	CPNE2	14.087	0.647
2026	ENSG00000152413	HOMER1	3.26	0.647
2027	ENSG00000151338	MIPOL1	4.119	0.6466
2028	ENSG00000138639	ARHGAP24	3.064	0.6461
2029	ENSG00000138587	MNS1	12.476	0.6459
2030	ENSG00000187821	HELT	2.254	0.6459
2031	ENSG00000089723	OTUB2	3.612	0.6455
2032	ENSG00000181315	ZNF322	13.903	0.6454
2033	ENSG00000186522	SEPTIN10	16.074	0.645
2034	ENSG00000070601	FRMPD1	1.046	0.6443
2035	ENSG00000158985	CDC42SE2	1.839	0.6438
2036	ENSG00000175455	CCDC14	4.564	0.6433
2037	ENSG00000073712	FERMT2	4.938	0.6431
2038	ENSG00000140262	TCF12	5.131	0.643
2039	ENSG00000081189	MEF2C	17.622	0.6429
2040	ENSG00000155729	KCTD18	4.375	0.6428
2041	ENSG00000135241	PNPLA8	2.154	0.6427
2042	ENSG00000114331	ACAP2	6.51	0.6426
2043	ENSG00000177054	ZDHHC13	2.242	0.642
2044	ENSG00000147324	MFHAS1	6.207	0.6413
2045	ENSG00000120370	GORAB	2.754	0.6408
2046	ENSG00000198315	ZKSCAN8	3.19	0.6406
2047	ENSG00000117010	ZNF684	4.808	0.6405
2048	ENSG00000144218	AFF3	2.736	0.6404
2049	ENSG00000043143	JADE2	2.711	0.6404
2050	ENSG00000176978	DPP7	23.046	0.6402
2051	ENSG00000118058	KMT2A	61.851	0.6402
2052	ENSG00000153956	CACNA2D1	1.983	0.6402
2053	ENSG00000041880	PARP3	11.922	0.6397
2054	ENSG00000111247	RAD51AP1	26.845	0.6395
2055	ENSG00000128607	KLHDC10	4.581	0.6395
2056	ENSG00000172171	TEFM	4.874	0.6393
2057	ENSG00000157796	WDR19	2.261	0.6391
2058	ENSG00000061455	PRDM6	3.871	0.6388
2059	ENSG00000151287	TEX30	1.831	0.6387
2060	ENSG00000117569	PTBP2	6.486	0.6386
2061	ENSG00000179627	ZBTB42	3.973	0.6383
2062	ENSG00000135945	REV1	9.341	0.6382
2063	ENSG00000174099	MSRB3	57.528	0.6382
2064	ENSG00000198740	ZNF652	4.666	0.6378
2065	ENSG00000107669	ATE1	7.225	0.6376
2066	ENSG00000125319	HROB	11.288	0.6375
2067	ENSG00000186567	CEACAM19	2.128	0.6375
2068	ENSG00000212123	PRR22	36.508	0.6375
2069	ENSG00000085563	ABCB1	20.383	0.6374
2070	ENSG00000176208	ATAD5	11.969	0.6367
2071	ENSG00000140876	NUDT7	3.354	0.6366
2072	ENSG00000182621	PLCB1	13.507	0.6365
2073	ENSG00000164241	C5orf63	1.182	0.6364
2074	ENSG00000120860	WASHC3	6.906	0.6364
2075	ENSG00000162980	ARL5A	13.764	0.6364
2076	ENSG00000073150	PANX2	7.827	0.6363
2077	ENSG00000129535	NRL	1.006	0.6361
2078	ENSG00000141642	ELAC1	4.489	0.636
2079	ENSG00000114520	SNX4	19.393	0.6359
2080	ENSG00000116741	RGS2	1.063	0.6355
2081	ENSG00000198841	KTI12	6.284	0.6352
2082	ENSG00000079102	RUNX1T1	10.998	0.6352
2083	ENSG00000168216	LMBRD1	2.518	0.635
2084	ENSG00000186908	ZDHHC17	2.024	0.6344
2085	ENSG00000164244	PRRC1	5.507	0.6342
2086	ENSG00000176209	SMIM19	14.134	0.6341
2087	ENSG00000129460	NGDN	67.396	0.6339
2088	ENSG00000231389	HLA-DPA1	1.704	0.6339
2089	ENSG00000134330	IAH1	6.918	0.6337
2090	ENSG00000142765	SYTL1	5.21	0.633
2091	ENSG00000164061	BSN	1.705	0.6326
2092	ENSG00000243364	EFNA4	13.44	0.6326
2093	ENSG00000166340	TPP1	8.48	0.6325
2094	ENSG00000178150	ZNF114	5.469	0.6324
2095	ENSG00000197321	SVIL	14.259	0.6322
2096	ENSG00000177707	NECTIN3	2.927	0.632
2097	ENSG00000042317	SPATA7	2.196	0.6318
2098	ENSG00000163214	DHX57	9.156	0.6314
2099	ENSG00000135549	PKIB	12.052	0.6296
2100	ENSG00000122591	HYCC1	16.041	0.6293
2101	ENSG00000102924	CBLN1	1.362	0.6292
2102	ENSG00000188785	ZNF548	2.343	0.6291
2103	ENSG00000078674	PCM1	13.939	0.6287
2104	ENSG00000205744	DENND1C	1.557	0.6287
2105	ENSG00000114735	HEMK1	21.367	0.6285
2106	ENSG00000150556	LYPD6B	1.292	0.6282
2107	ENSG00000173535	TNFRSF10C	1.543	0.6281
2108	ENSG00000161800	RACGAP1	15.453	0.6279
2109	ENSG00000237651	C2orf74	20.089	0.6278
2110	ENSG00000068885	IFT80	1.295	0.6277
2111	ENSG00000186197	EDARADD	8.23	0.6273
2112	ENSG00000127415	IDUA	2.569	0.627
2113	ENSG00000115825	PRKD3	2.705	0.627
2114	ENSG00000132294	EFR3A	1.502	0.6269
2115	ENSG00000056586	RC3H2	2.973	0.6269
2116	ENSG00000102710	SUPT20H	6.58	0.6267
2117	ENSG00000182310	SPACA6	9.26	0.6265
2118	ENSG00000110400	NECTIN1	8.939	0.6262
2119	ENSG00000178773	CPNE7	15.551	0.6262
2120	ENSG00000051108	HERPUD1	13.992	0.6261
2121	ENSG00000186814	ZSCAN30	8.869	0.6259
2122	ENSG00000114127	XRN1	1.985	0.6258
2123	ENSG00000179455	MKRN3	1.095	0.6256
2124	ENSG00000099953	MMP11	4.732	0.6252
2125	ENSG00000125740	FOSB	1.492	0.6251
2126	ENSG00000205423	CNEP1R1	1.674	0.6241
2127	ENSG00000078070	MCCC1	8.566	0.6241
2128	ENSG00000104154	SLC30A4	3.035	0.6238
2129	ENSG00000158813	EDA	3.737	0.6237
2130	ENSG00000187736	NHEJ1	6.582	0.6232
2131	ENSG00000128965	CHAC1	1.672	0.6229
2132	ENSG00000172175	MALT1	1.733	0.6226
2133	ENSG00000128891	CCDC32	14.624	0.622
2134	ENSG00000048649	RSF1	46.415	0.622
2135	ENSG00000121680	PEX16	59.535	0.6211
2136	ENSG00000198839	ZNF277	3.771	0.621
2137	ENSG00000064313	TAF2	11.207	0.621
2138	ENSG00000213186	TRIM59	5.899	0.6207
2139	ENSG00000158296	SLC13A3	4.79	0.6207
2140	ENSG00000131373	HACL1	3.838	0.6205
2141	ENSG00000206561	COLQ	2.453	0.6205
2142	ENSG00000216937	CCDC7	1.117	0.6205
2143	ENSG00000213199	ASIC3	7.189	0.6204
2144	ENSG00000236287	ZBED5	3.885	0.6202
2145	ENSG00000104447	TRPS1	2.581	0.6202
2146	ENSG00000126882	FAM78A	6.586	0.62
2147	ENSG00000154027	AK5	2.854	0.6198
2148	ENSG00000163617	CCDC191	1.173	0.6196
2149	ENSG00000143036	SLC44A3	1.01	0.6192
2150	ENSG00000186862	PDZD7	1.976	0.6191
2151	ENSG00000135083	CCNJL	1.728	0.6188
2152	ENSG00000134265	NAPG	4.846	0.6187
2153	ENSG00000171365	CLCN5	1.465	0.6185
2154	ENSG00000142188	TMEM50B	18.476	0.6183
2155	ENSG00000152969	JAKMIP1	4.777	0.618
2156	ENSG00000037965	HOXC8	22.903	0.6179
2157	ENSG00000223572	CKMT1A	26.489	0.6178
2158	ENSG00000102595	UGGT2	6.72	0.6178
2159	ENSG00000166780	BMERB1	5.112	0.6177
2160	ENSG00000121454	LHX4	3.673	0.6176
2161	ENSG00000168785	TSPAN5	9.807	0.6176
2162	ENSG00000162086	ZNF75A	21.99	0.6175
2163	ENSG00000177426	TGIF1	11.233	0.6173
2164	ENSG00000142552	RCN3	10.182	0.6173
2165	ENSG00000246922	UBAP1L	1.334	0.6172
2166	ENSG00000165406	MARCHF8	4.852	0.6172
2167	ENSG00000138376	BARD1	3.664	0.6163
2168	ENSG00000125337	KIF25	1.137	0.6162
2169	ENSG00000161647	MPP3	19.554	0.6161
2170	ENSG00000185519	FAM131C	1.262	0.6159
2171	ENSG00000256061	DNAAF4	6.952	0.6158
2172	ENSG00000076604	TRAF4	34.179	0.6156
2173	ENSG00000259330	INAFM2	13.995	0.6155
2174	ENSG00000137842	TMEM62	4.739	0.6155
2175	ENSG00000121350	PYROXD1	3.072	0.6152
2176	ENSG00000204576	PRR3	19.642	0.615
2177	ENSG00000161835	TAMALIN	1.793	0.6149
2178	ENSG00000121005	CRISPLD1	3.016	0.614
2179	ENSG00000198554	WDHD1	10.966	0.6139
2180	ENSG00000180616	SSTR2	3.712	0.6138
2181	ENSG00000103061	SLC7A6OS	9.785	0.6136
2182	ENSG00000023902	PLEKHO1	66.242	0.6135
2183	ENSG00000085514	PILRA	1.668	0.6134
2184	ENSG00000185760	KCNQ5	2.497	0.613
2185	ENSG00000116729	WLS	21.289	0.6128
2186	ENSG00000102805	CLN5	6.641	0.6128
2187	ENSG00000167705	RILP	10.261	0.6127
2188	ENSG00000173621	LRFN4	18.876	0.6127
2189	ENSG00000197361	FBXL22	1.37	0.6126
2190	ENSG00000144036	EXOC6B	3.397	0.6125
2191	ENSG00000121741	ZMYM2	2.314	0.6124
2192	ENSG00000139668	WDFY2	1.772	0.6123
2193	ENSG00000188112	C6orf132	1.535	0.6122
2194	ENSG00000123576	ESX1	2.952	0.6122
2195	ENSG00000143919	CAMKMT	7.455	0.6119
2196	ENSG00000167476	JSRP1	3.243	0.6119
2197	ENSG00000242110	AMACR	8.397	0.6118
2198	ENSG00000153714	LURAP1L	1.181	0.6116
2199	ENSG00000127914	AKAP9	10.165	0.6114
2200	ENSG00000139793	MBNL2	1.411	0.6113
2201	ENSG00000166478	ZNF143	5.242	0.6108
2202	ENSG00000134884	ARGLU1	65.089	0.6105
2203	ENSG00000110060	PUS3	5.249	0.6103
2204	ENSG00000089818	NECAP1	9.025	0.6102
2205	ENSG00000119878	CRIPT	2.949	0.6102
2206	ENSG00000139734	DIAPH3	6.342	0.6102
2207	ENSG00000161265	U2AF1L4	27.744	0.6102
2208	ENSG00000141219	MTNAP1	10.208	0.61
2209	ENSG00000102796	DHRS12	7.254	0.6098
2210	ENSG00000267680	ZNF224	3.082	0.6097
2211	ENSG00000005810	MYCBP2	72.386	0.6096
2212	ENSG00000103021	CFAP263	4.009	0.6095
2213	ENSG00000151779	NBAS	16.386	0.6095
2214	ENSG00000065613	SLK	7.099	0.6094
2215	ENSG00000157388	CACNA1D	1.398	0.6092
2216	ENSG00000108515	ENO3	8.797	0.6089
2217	ENSG00000092068	SLC7A8	15.259	0.6083
2218	ENSG00000132207	SLX1A	52.871	0.6083
2219	ENSG00000164022	AIMP1	55.981	0.608
2220	ENSG00000181690	PLAG1	1.223	0.6079
2221	ENSG00000134864	GGACT	2.11	0.6075
2222	ENSG00000183475	ASB7	3.97	0.6075
2223	ENSG00000239704	CDRT4	2.875	0.6075
2224	ENSG00000103269	RHBDL1	3.756	0.6073
2225	ENSG00000085382	HACE1	1.893	0.6072
2226	ENSG00000258311	ENSG00000258311	3.228	0.607
2227	ENSG00000154099	DNAAF1	1.472	0.6069
2228	ENSG00000174238	PITPNA	17.612	0.6068
2229	ENSG00000163995	ABLIM2	2.384	0.6065
2230	ENSG00000164318	EGFLAM	1.502	0.6065
2231	ENSG00000087152	ATXN7L3	24.335	0.6064
2232	ENSG00000196950	SLC39A10	3.103	0.6061
2233	ENSG00000184205	TSPYL2	54.612	0.6058
2234	ENSG00000113360	DROSHA	38.211	0.6057
2235	ENSG00000083123	BCKDHB	5.496	0.6054
2236	ENSG00000135541	AHI1	8.579	0.6054
2237	ENSG00000187672	ERC2	2.785	0.6052
2238	ENSG00000181450	ZNF678	1.233	0.6051
2239	ENSG00000152422	XRCC4	2.074	0.6048
2240	ENSG00000166278	C2	1.428	0.6047
2241	ENSG00000108370	RGS9	7.139	0.6046
2242	ENSG00000127084	FGD3	3.407	0.6045
2243	ENSG00000127561	SYNGR3	2.432	0.6043
2244	ENSG00000137947	GTF2B	6.107	0.6043
2245	ENSG00000067365	METTL22	31.781	0.6042
2246	ENSG00000128268	MGAT3	3.498	0.6042
2247	ENSG00000139132	FGD4	1.128	0.6038
2248	ENSG00000178467	P4HTM	1.115	0.6037
2249	ENSG00000135336	ORC3	2.925	0.6036
2250	ENSG00000005020	SKAP2	14.928	0.6035
2251	ENSG00000168824	NSG1	5.508	0.6034
2252	ENSG00000134285	FKBP11	24.204	0.6031
2253	ENSG00000036257	CUL3	9.679	0.6031
2254	ENSG00000101624	CEP76	8.323	0.603
2255	ENSG00000204116	CHIC1	4.971	0.603
2256	ENSG00000162616	DNAJB4	4.762	0.6028
2257	ENSG00000065665	SEC61A2	5.313	0.6022
2258	ENSG00000163818	LZTFL1	4.612	0.602
2259	ENSG00000145349	CAMK2D	5.93	0.602
2260	ENSG00000166707	ZCCHC18	6.678	0.6019
2261	ENSG00000118816	CCNI	156.136	0.6017
2262	ENSG00000126653	NSRP1	208.469	0.6017
2263	ENSG00000206530	CFAP44	1.461	0.6015
2264	ENSG00000071246	VASH1	19.495	0.601
2265	ENSG00000161048	NAPEPLD	1.943	0.6006
2266	ENSG00000085831	TTC39A	2.766	0.6005
2267	ENSG00000100697	DICER1	8.444	0.6004
2268	ENSG00000170448	NFXL1	6.909	0.5999
2269	ENSG00000170425	ADORA2B	3.614	0.5999
2270	ENSG00000258986	TMEM179	4.06	0.5993
2271	ENSG00000105771	SMG9	43.407	0.5993
2272	ENSG00000167065	DUSP18	3.446	0.5991
2273	ENSG00000181790	ADGRB1	1.476	0.5991
2274	ENSG00000139496	NUP58	27.187	0.5987
2275	ENSG00000155085	AK9	2.402	0.5987
2276	ENSG00000239697	TNFSF12	1.104	0.5987
2277	ENSG00000187097	ENTPD5	4.215	0.5985
2278	ENSG00000162627	SNX7	9.171	0.5984
2279	ENSG00000166407	LMO1	2.761	0.5984
2280	ENSG00000165359	INTS6L	1.802	0.5981
2281	ENSG00000114812	VIPR1	9.319	0.5981
2282	ENSG00000172007	RAB33B	2.947	0.598
2283	ENSG00000131018	SYNE1	3.482	0.5979
2284	ENSG00000147526	TACC1	57.256	0.5979
2285	ENSG00000157978	LDLRAP1	21.16	0.5977
2286	ENSG00000079482	OPHN1	2.405	0.5977
2287	ENSG00000171357	LURAP1	2.815	0.5977
2288	ENSG00000138663	COPS4	12.97	0.5976
2289	ENSG00000166896	ATP23	5.602	0.5976
2290	ENSG00000052841	TTC17	10.789	0.5976
2291	ENSG00000116106	EPHA4	2.699	0.5975
2292	ENSG00000105737	GRIK5	1.405	0.5971
2293	ENSG00000138738	PRDM5	16.816	0.5969
2294	ENSG00000083520	DIS3	16.165	0.5968
2295	ENSG00000107518	ATRNL1	1.607	0.5967
2296	ENSG00000172765	TMCC1	2.072	0.5967
2297	ENSG00000018408	WWTR1	15.8	0.5964
2298	ENSG00000162971	TYW5	3.779	0.5963
2299	ENSG00000021826	CPS1	1.262	0.5962
2300	ENSG00000185614	INKA1	3.291	0.5961
2301	ENSG00000077157	PPP1R12B	2.918	0.5958
2302	ENSG00000120071	KANSL1	14.332	0.5958
2303	ENSG00000059145	UNKL	13.413	0.5958
2304	ENSG00000135454	B4GALNT1	2.903	0.5957
2305	ENSG00000103404	USP31	2.072	0.5952
2306	ENSG00000157259	GATAD1	24.326	0.595
2307	ENSG00000130939	UBE4B	35.991	0.595
2308	ENSG00000043093	DCUN1D1	1.266	0.595
2309	ENSG00000151176	PLBD2	15.215	0.5949
2310	ENSG00000137075	RNF38	1.765	0.5945
2311	ENSG00000134996	OSTF1	8.579	0.5944
2312	ENSG00000133302	SLF1	28.635	0.5943
2313	ENSG00000147912	FBXO10	7.8	0.594
2314	ENSG00000166068	SPRED1	2.379	0.5938
2315	ENSG00000100593	ISM2	1.737	0.5935
2316	ENSG00000155330	C16orf87	3.752	0.5931
2317	ENSG00000143951	WDPCP	2.311	0.593
2318	ENSG00000145808	ADAMTS19	2.663	0.5929
2319	ENSG00000114933	INO80D	1.801	0.5928
2320	ENSG00000150995	ITPR1	8.591	0.5928
2321	ENSG00000066827	ZFAT	19.916	0.5927
2322	ENSG00000137571	SLCO5A1	1.119	0.5927
2323	ENSG00000103335	PIEZO1	50.403	0.5925
2324	ENSG00000107372	ZFAND5	17.829	0.5924
2325	ENSG00000171097	KYAT1	2.622	0.5924
2326	ENSG00000136935	GOLGA1	9.265	0.5922
2327	ENSG00000173145	NOC3L	8.93	0.5918
2328	ENSG00000170122	FOXD4	1.298	0.5918
2329	ENSG00000064225	ST3GAL6	2.334	0.5917
2330	ENSG00000141447	OSBPL1A	35.321	0.5914
2331	ENSG00000116128	BCL9	11.301	0.5913
2332	ENSG00000160207	HSF2BP	4.497	0.5912
2333	ENSG00000103723	AP3B2	2.066	0.5912
2334	ENSG00000166949	SMAD3	6.754	0.591
2335	ENSG00000110237	ARHGEF17	2.98	0.5909
2336	ENSG00000203666	EFCAB2	10.172	0.5909
2337	ENSG00000164023	SGMS2	1.409	0.5907
2338	ENSG00000134470	IL15RA	4.991	0.5904
2339	ENSG00000112394	SLC16A10	3.864	0.5902
2340	ENSG00000155542	SETD9	4.337	0.5901
2341	ENSG00000070371	CLTCL1	7.0	0.59
2342	ENSG00000204348	DXO	41.702	0.5899
2343	ENSG00000103089	FA2H	1.149	0.5898
2344	ENSG00000109920	FNBP4	45.611	0.5898
2345	ENSG00000131019	ULBP3	5.631	0.5892
2346	ENSG00000142530	GARIN5A	15.222	0.5891
2347	ENSG00000119661	DNAL1	4.014	0.5888
2348	ENSG00000165392	WRN	2.397	0.5888
2349	ENSG00000184185	KCNJ12	6.473	0.5879
2350	ENSG00000122507	BBS9	3.468	0.5879
2351	ENSG00000049246	PER3	1.911	0.5878
2352	ENSG00000102098	SCML2	14.361	0.5874
2353	ENSG00000085998	POMGNT1	70.227	0.5872
2354	ENSG00000121297	TSHZ3	3.069	0.5869
2355	ENSG00000170903	MSANTD4	5.834	0.5867
2356	ENSG00000198189	HSD17B11	3.035	0.5866
2357	ENSG00000078081	LAMP3	1.04	0.5864
2358	ENSG00000164253	WDR41	35.939	0.5864
2359	ENSG00000099204	ABLIM1	7.959	0.586
2360	ENSG00000144857	BOC	18.031	0.5851
2361	ENSG00000123607	TTC21B	1.845	0.5848
2362	ENSG00000152782	PANK1	1.85	0.5847
2363	ENSG00000196876	SCN8A	1.266	0.5845
2364	ENSG00000142871	CCN1	11.217	0.5845
2365	ENSG00000179988	PSTK	8.15	0.5844
2366	ENSG00000132170	PPARG	12.08	0.5842
2367	ENSG00000144677	CTDSPL	8.089	0.5841
2368	ENSG00000069943	PIGB	3.0	0.5838
2369	ENSG00000226314	ZKSCAN8P1	1.149	0.5838
2370	ENSG00000284874	ENSG00000284874	1.102	0.5838
2371	ENSG00000155545	MIER3	1.145	0.5837
2372	ENSG00000163596	ICA1L	1.072	0.5837
2373	ENSG00000250565	ATP6V1E2	4.418	0.5836
2374	ENSG00000170608	FOXA3	1.867	0.5824
2375	ENSG00000135899	SP110	2.929	0.5823
2376	ENSG00000163694	RBM47	2.509	0.5821
2377	ENSG00000117305	HMGCL	25.415	0.5817
2378	ENSG00000133858	ZFC3H1	7.443	0.5811
2379	ENSG00000198719	DLL1	2.962	0.5811
2380	ENSG00000163513	TGFBR2	1.451	0.5809
2381	ENSG00000140398	NEIL1	13.995	0.5807
2382	ENSG00000100290	BIK	4.52	0.5805
2383	ENSG00000147854	UHRF2	5.304	0.5803
2384	ENSG00000166153	DEPDC4	2.044	0.5803
2385	ENSG00000278311	GGNBP2	23.459	0.58
2386	ENSG00000196152	ZNF79	5.85	0.5798
2387	ENSG00000168874	ATOH8	2.499	0.5798
2388	ENSG00000146707	POMZP3	9.428	0.5796
2389	ENSG00000163430	FSTL1	19.645	0.5795
2390	ENSG00000165996	HACD1	9.972	0.579
2391	ENSG00000049759	NEDD4L	25.993	0.5788
2392	ENSG00000138686	BBS7	12.621	0.5787
2393	ENSG00000204977	TRIM13	2.789	0.5785
2394	ENSG00000183114	FAM43B	2.68	0.5779
2395	ENSG00000155329	ZCCHC10	16.496	0.5773
2396	ENSG00000112146	FBXO9	14.103	0.5766
2397	ENSG00000139910	NOVA1	11.704	0.5766
2398	ENSG00000163808	KIF15	18.747	0.5764
2399	ENSG00000178229	ZNF543	7.698	0.5759
2400	ENSG00000237765	FAM200B	31.326	0.5756
2401	ENSG00000186994	KANK3	1.022	0.5756
2402	ENSG00000102078	SLC25A14	7.986	0.5754
2403	ENSG00000197647	ZNF433	1.011	0.5753
2404	ENSG00000130803	ZNF317	23.276	0.5753
2405	ENSG00000159648	SPMIP8	1.274	0.5745
2406	ENSG00000251201	TMED7-TICAM2	1.139	0.5742
2407	ENSG00000114062	UBE3A	12.753	0.5741
2408	ENSG00000138670	RASGEF1B	2.492	0.5737
2409	ENSG00000157483	MYO1E	6.085	0.5732
2410	ENSG00000074603	DPP8	6.493	0.5732
2411	ENSG00000157782	CABP1	4.654	0.5731
2412	ENSG00000136014	USP44	1.53	0.5729
2413	ENSG00000175711	B3GNTL1	18.577	0.5728
2414	ENSG00000205683	DPF3	9.626	0.5727
2415	ENSG00000014123	UFL1	10.333	0.5727
2416	ENSG00000114268	PFKFB4	2.522	0.5726
2417	ENSG00000105717	PBX4	9.071	0.5724
2418	ENSG00000213588	ZBTB9	7.807	0.572
2419	ENSG00000198105	ZNF248	3.869	0.5718
2420	ENSG00000198754	OXCT2	1.816	0.5708
2421	ENSG00000134490	TMEM241	12.623	0.5708
2422	ENSG00000184838	PRR16	1.438	0.5703
2423	ENSG00000163659	TIPARP	4.493	0.5702
2424	ENSG00000117859	OSBPL9	20.14	0.5702
2425	ENSG00000090238	YPEL3	48.108	0.57
2426	ENSG00000163734	CXCL3	1.022	0.5696
2427	ENSG00000185009	AP3M1	4.291	0.5695
2428	ENSG00000172789	HOXC5	3.562	0.5693
2429	ENSG00000166200	COPS2	5.38	0.5692
2430	ENSG00000006042	TMEM98	37.611	0.5692
2431	ENSG00000110693	SOX6	1.084	0.5691
2432	ENSG00000157181	ODR4	6.708	0.5688
2433	ENSG00000176428	VPS37D	3.465	0.5685
2434	ENSG00000135249	RINT1	20.074	0.5684
2435	ENSG00000117245	KIF17	6.328	0.5683
2436	ENSG00000120093	HOXB3	9.831	0.5681
2437	ENSG00000120662	MTRF1	1.287	0.5678
2438	ENSG00000142700	DMRTA2	2.903	0.5678
2439	ENSG00000026559	KCNG1	16.461	0.5678
2440	ENSG00000166796	LDHC	1.818	0.5677
2441	ENSG00000102879	CORO1A	5.003	0.5677
2442	ENSG00000159579	RSPRY1	24.588	0.5672
2443	ENSG00000144061	NPHP1	5.861	0.567
2444	ENSG00000196972	SMIM10L2B	5.177	0.5669
2445	ENSG00000163874	ZC3H12A	2.421	0.5669
2446	ENSG00000087301	TXNDC16	2.335	0.5667
2447	ENSG00000118873	RAB3GAP2	11.192	0.5667
2448	ENSG00000118260	CREB1	4.822	0.5666
2449	ENSG00000143126	CELSR2	3.358	0.5664
2450	ENSG00000243708	PLA2G4B	1.835	0.5664
2451	ENSG00000140548	ZNF710	20.821	0.5664
2452	ENSG00000197857	ZNF44	4.383	0.5657
2453	ENSG00000100104	SRRD	4.974	0.5655
2454	ENSG00000162885	B3GALNT2	5.209	0.5655
2455	ENSG00000143363	PRUNE1	5.899	0.5653
2456	ENSG00000153767	GTF2E1	6.883	0.5653
2457	ENSG00000204406	MBD5	2.612	0.5653
2458	ENSG00000176714	CCDC121	1.566	0.5648
2459	ENSG00000273604	EPOP	28.96	0.5648
2460	ENSG00000090554	FLT3LG	4.516	0.5647
2461	ENSG00000049323	LTBP1	4.484	0.5645
2462	ENSG00000151612	ZNF827	3.474	0.5644
2463	ENSG00000215440	NPEPL1	4.074	0.5644
2464	ENSG00000135750	KCNK1	3.512	0.5643
2465	ENSG00000111877	MCM9	6.562	0.5638
2466	ENSG00000180011	PTGR3	14.131	0.5638
2467	ENSG00000169019	COMMD8	21.415	0.5638
2468	ENSG00000174197	MGA	3.896	0.5638
2469	ENSG00000104221	BRF2	24.737	0.5637
2470	ENSG00000164953	TMEM67	1.79	0.5633
2471	ENSG00000284024	MSANTD7	25.901	0.5633
2472	ENSG00000043514	TRIT1	8.474	0.5633
2473	ENSG00000164438	TLX3	2.138	0.5633
2474	ENSG00000070388	FGF22	1.574	0.563
2475	ENSG00000004897	CDC27	7.805	0.5629
2476	ENSG00000263528	IKBKE	10.466	0.5624
2477	ENSG00000168826	ZBTB49	4.049	0.5624
2478	ENSG00000159882	ZNF230	1.006	0.5621
2479	ENSG00000140386	SCAPER	7.482	0.5617
2480	ENSG00000111224	PARP11	1.13	0.5614
2481	ENSG00000168067	MAP4K2	9.009	0.5614
2482	ENSG00000109586	GALNT7	3.386	0.5613
2483	ENSG00000110619	CARS1	99.305	0.5613
2484	ENSG00000164296	TIGD6	2.604	0.5611
2485	ENSG00000119242	CCDC92	85.712	0.5607
2486	ENSG00000163389	POGLUT1	2.375	0.5603
2487	ENSG00000159658	EFCAB14	7.641	0.5602
2488	ENSG00000007545	CRAMP1	20.021	0.56
2489	ENSG00000244355	LY6G6D	21.257	0.56
2490	ENSG00000160323	ADAMTS13	11.22	0.5599
2491	ENSG00000108309	RUNDC3A	3.909	0.5597
2492	ENSG00000175161	CADM2	13.27	0.5592
2493	ENSG00000103426	CORO7-PAM16	1.8	0.5592
2494	ENSG00000197261	C6orf141	8.673	0.5592
2495	ENSG00000186854	TRABD2A	2.123	0.5587
2496	ENSG00000136630	HLX	25.409	0.5586
2497	ENSG00000169607	CKAP2L	18.33	0.5586
2498	ENSG00000170113	NIPA1	3.581	0.5584
2499	ENSG00000168765	GSTM4	8.508	0.5579
2500	ENSG00000152700	SAR1B	5.175	0.5579
2501	ENSG00000198453	ZNF568	2.012	0.5578
2502	ENSG00000106004	HOXA5	44.46	0.5578
2503	ENSG00000156804	FBXO32	13.276	0.5578
2504	ENSG00000106948	AKNA	5.687	0.5577
2505	ENSG00000129667	RHBDF2	13.204	0.5572
2506	ENSG00000141452	RMC1	18.553	0.557
2507	ENSG00000198075	SULT1C4	1.264	0.5568
2508	ENSG00000120805	ARL1	23.226	0.5567
2509	ENSG00000099860	GADD45B	63.178	0.5565
2510	ENSG00000133710	SPINK5	3.917	0.5565
2511	ENSG00000134574	DDB2	57.188	0.5563
2512	ENSG00000204228	HSD17B8	7.124	0.556
2513	ENSG00000136478	TEX2	9.385	0.5558
2514	ENSG00000142798	HSPG2	3.972	0.5557
2515	ENSG00000135116	HRK	5.959	0.5557
2516	ENSG00000135968	GCC2	17.549	0.5553
2517	ENSG00000036448	MYOM2	8.055	0.555
2518	ENSG00000167037	SGSM1	1.35	0.5547
2519	ENSG00000111605	CPSF6	147.755	0.5546
2520	ENSG00000174871	CNIH2	2.8	0.5544
2521	ENSG00000108219	TSPAN14	6.539	0.5544
2522	ENSG00000162069	BICDL2	1.835	0.5542
2523	ENSG00000198502	HLA-DRB5	1.184	0.5541
2524	ENSG00000118004	COLEC11	5.73	0.554
2525	ENSG00000143632	ACTA1	1.29	0.5538
2526	ENSG00000079215	SLC1A3	38.168	0.5536
2527	ENSG00000158467	AHCYL2	2.022	0.5536
2528	ENSG00000137343	ATAT1	25.486	0.5536
2529	ENSG00000222011	FAM185A	7.2	0.5535
2530	ENSG00000089048	ESF1	43.105	0.5533
2531	ENSG00000149926	TLCD3B	1.329	0.5531
2532	ENSG00000032219	ARID4A	23.564	0.5529
2533	ENSG00000064547	LPAR2	3.29	0.5526
2534	ENSG00000127328	RAB3IP	2.866	0.5524
2535	ENSG00000166855	CLPX	11.748	0.5524
2536	ENSG00000261587	TMEM249	1.157	0.5524
2537	ENSG00000027697	IFNGR1	18.513	0.5523
2538	ENSG00000213927	CCL27	3.185	0.552
2539	ENSG00000181284	TMEM102	3.787	0.5519
2540	ENSG00000177595	PIDD1	12.945	0.5517
2541	ENSG00000284130	TUBA3FP	4.667	0.5516
2542	ENSG00000068137	PLEKHH3	26.695	0.5514
2543	ENSG00000137812	KNL1	4.143	0.5512
2544	ENSG00000188610	FAM72B	27.546	0.551
2545	ENSG00000166292	TMEM100	1.442	0.5508
2546	ENSG00000172071	EIF2AK3	1.517	0.5508
2547	ENSG00000141524	TMC6	31.593	0.5507
2548	ENSG00000103742	IGDCC4	1.954	0.5507
2549	ENSG00000168952	STXBP6	2.711	0.5505
2550	ENSG00000024526	DEPDC1	3.877	0.5504
2551	ENSG00000172466	ZNF24	30.494	0.5504
2552	ENSG00000108599	AKAP10	14.633	0.5504
2553	ENSG00000106692	FKTN	4.838	0.5503
2554	ENSG00000206560	ANKRD28	1.959	0.5503
2555	ENSG00000089091	DZANK1	1.891	0.55
2556	ENSG00000146757	ZNF92	2.566	0.5495
2557	ENSG00000141682	PMAIP1	31.668	0.5492
2558	ENSG00000130675	MNX1	22.183	0.5491
2559	ENSG00000115963	RND3	4.297	0.5489
2560	ENSG00000102195	GPR50	1.448	0.5489
2561	ENSG00000121406	ZNF549	1.842	0.5489
2562	ENSG00000141076	UTP4	21.224	0.5489
2563	ENSG00000126803	HSPA2	7.218	0.5487
2564	ENSG00000168792	ABHD15	3.465	0.5486
2565	ENSG00000186532	SMYD4	9.687	0.5485
2566	ENSG00000239305	RNF103	2.231	0.5485
2567	ENSG00000109680	TBC1D19	1.373	0.548
2568	ENSG00000196636	SDHAF3	61.254	0.5478
2569	ENSG00000133641	RLIG1	7.904	0.5476
2570	ENSG00000126351	THRA	98.78	0.5474
2571	ENSG00000140968	IRF8	2.46	0.5474
2572	ENSG00000152894	PTPRK	4.337	0.5472
2573	ENSG00000171794	UTF1	1.472	0.5469
2574	ENSG00000166024	R3HCC1L	25.153	0.5465
2575	ENSG00000164164	OTUD4	5.082	0.5464
2576	ENSG00000130203	APOE	8.741	0.5463
2577	ENSG00000103067	ESRP2	2.067	0.546
2578	ENSG00000008300	CELSR3	2.618	0.5459
2579	ENSG00000168538	TRAPPC11	1.625	0.5459
2580	ENSG00000165879	FRAT1	4.953	0.5457
2581	ENSG00000176871	WSB2	22.105	0.5457
2582	ENSG00000059769	DNAJC25	4.712	0.5455
2583	ENSG00000138621	PPCDC	175.133	0.5454
2584	ENSG00000114423	CBLB	2.121	0.5449
2585	ENSG00000039560	RAI14	17.946	0.5449
2586	ENSG00000144744	UBA3	6.8	0.5448
2587	ENSG00000205765	RIMOC1	1.717	0.5448
2588	ENSG00000171475	WIPF2	20.818	0.5448
2589	ENSG00000188343	CIBAR1	7.373	0.5447
2590	ENSG00000237452	MEIOSIN	1.141	0.5445
2591	ENSG00000003756	RBM5	147.232	0.5444
2592	ENSG00000274290	H2BC6	1.019	0.5444
2593	ENSG00000243789	JMJD7	13.445	0.5444
2594	ENSG00000273559	CWC25	77.331	0.5441
2595	ENSG00000120820	GLT8D2	2.195	0.5439
2596	ENSG00000107798	LIPA	1.884	0.5439
2597	ENSG00000071127	WDR1	136.992	0.5438
2598	ENSG00000151689	INPP1	9.378	0.5437
2599	ENSG00000137693	YAP1	4.357	0.5432
2600	ENSG00000161277	THAP8	6.38	0.5432
2601	ENSG00000073417	PDE8A	4.858	0.5432
2602	ENSG00000184445	KNTC1	2.861	0.5428
2603	ENSG00000178860	MSC	2.219	0.5427
2604	ENSG00000168556	ING2	22.633	0.5426
2605	ENSG00000187650	VMAC	2.673	0.5425
2606	ENSG00000278053	DDX52	20.056	0.5424
2607	ENSG00000258388	PPT2-EGFL8	2.293	0.5424
2608	ENSG00000135473	PAN2	9.97	0.5424
2609	ENSG00000163602	RYBP	4.846	0.5423
2610	ENSG00000100372	SLC25A17	10.508	0.5423
2611	ENSG00000157353	FCSK	5.096	0.542
2612	ENSG00000177721	ANXA2R	3.924	0.5414
2613	ENSG00000171792	RHNO1	19.406	0.5413
2614	ENSG00000161940	BCL6B	6.742	0.5413
2615	ENSG00000123106	CCDC91	103.897	0.5412
2616	ENSG00000171169	NAIF1	13.158	0.5412
2617	ENSG00000112031	MTRF1L	11.595	0.5409
2618	ENSG00000178295	GEN1	1.802	0.5407
2619	ENSG00000126243	LRFN3	4.98	0.5406
2620	ENSG00000181585	TMIE	2.228	0.5403
2621	ENSG00000076108	BAZ2A	135.227	0.5401
2622	ENSG00000148516	ZEB1	23.226	0.5401
2623	ENSG00000204314	PRRT1	16.71	0.5398
2624	ENSG00000100241	SBF1	199.265	0.5398
2625	ENSG00000115041	KCNIP3	2.259	0.5398
2626	ENSG00000165929	TC2N	1.065	0.5398
2627	ENSG00000042088	TDP1	15.38	0.5395
2628	ENSG00000168078	PBK	6.861	0.5394
2629	ENSG00000285816	ENSG00000285816	2.334	0.5393
2630	ENSG00000163754	GYG1	6.729	0.5393
2631	ENSG00000198825	INPP5F	5.023	0.5392
2632	ENSG00000142794	NBPF3	12.785	0.5392
2633	ENSG00000197885	NKIRAS1	3.788	0.5391
2634	ENSG00000138002	IFT172	20.214	0.5386
2635	ENSG00000124762	CDKN1A	7.111	0.5383
2636	ENSG00000244115	DNAJC25-GNG10	1.016	0.5383
2637	ENSG00000196812	ZSCAN16	7.085	0.538
2638	ENSG00000177917	ARL6IP6	12.635	0.5376
2639	ENSG00000110429	FBXO3	3.964	0.5376
2640	ENSG00000163947	ARHGEF3	3.653	0.5375
2641	ENSG00000088387	DOCK9	2.849	0.5375
2642	ENSG00000072210	ALDH3A2	30.944	0.5373
2643	ENSG00000185869	ZNF829	1.887	0.5371
2644	ENSG00000188573	FBLL1	1.717	0.537
2645	ENSG00000134899	ERCC5	14.556	0.537
2646	ENSG00000156171	DRAM2	3.07	0.537
2647	ENSG00000168993	CPLX1	17.051	0.5367
2648	ENSG00000152240	HAUS1	24.891	0.5366
2649	ENSG00000196975	ANXA4	7.56	0.5366
2650	ENSG00000105429	MEGF8	20.813	0.5365
2651	ENSG00000157985	AGAP1	11.858	0.5364
2652	ENSG00000198331	HYLS1	1.105	0.5362
2653	ENSG00000011295	TTC19	17.452	0.5353
2654	ENSG00000100219	XBP1	167.684	0.535
2655	ENSG00000149922	TBX6	1.89	0.5349
2656	ENSG00000151967	SCHIP1	7.095	0.5349
2657	ENSG00000108352	RAPGEFL1	5.783	0.5348
2658	ENSG00000188234	AGAP4	5.158	0.5343
2659	ENSG00000131015	ULBP2	3.333	0.5342
2660	ENSG00000184203	PPP1R2	12.551	0.5339
2661	ENSG00000273045	C2orf15	2.147	0.5339
2662	ENSG00000136379	ABHD17C	4.876	0.5338
2663	ENSG00000180998	GPR137C	1.113	0.5338
2664	ENSG00000146833	TRIM4	13.295	0.5337
2665	ENSG00000133835	HSD17B4	234.059	0.5337
2666	ENSG00000158286	RNF207	11.049	0.5336
2667	ENSG00000168491	CCDC110	1.094	0.5335
2668	ENSG00000179152	TCAIM	8.908	0.5333
2669	ENSG00000159792	PSKH1	22.408	0.5331
2670	ENSG00000196081	ZNF724	2.775	0.533
2671	ENSG00000150401	DCUN1D2	3.849	0.5328
2672	ENSG00000175054	ATR	1.801	0.5328
2673	ENSG00000144048	DUSP11	11.193	0.5327
2674	ENSG00000022567	SLC45A4	2.937	0.5326
2675	ENSG00000012211	PRICKLE3	16.527	0.5325
2676	ENSG00000170631	ZNF16	4.276	0.5323
2677	ENSG00000140199	SLC12A6	5.445	0.5323
2678	ENSG00000175224	ATG13	67.879	0.5322
2679	ENSG00000005302	MSL3	24.384	0.5319
2680	ENSG00000137185	ZSCAN9	5.84	0.5318
2681	ENSG00000168566	SNRNP48	11.093	0.5317
2682	ENSG00000143353	LYPLAL1	7.976	0.5316
2683	ENSG00000007372	PAX6	34.151	0.5315
2684	ENSG00000121578	B4GALT4	17.491	0.5314
2685	ENSG00000086848	ALG9	4.915	0.5313
2686	ENSG00000118946	PCDH17	2.578	0.5311
2687	ENSG00000124216	SNAI1	2.225	0.5311
2688	ENSG00000196268	ZNF493	1.196	0.5311
2689	ENSG00000143171	RXRG	2.943	0.531
2690	ENSG00000100033	PRODH	1.063	0.531
2691	ENSG00000183889	NPIPA6	61.061	0.5309
2692	ENSG00000146243	IRAK1BP1	2.921	0.5308
2693	ENSG00000170312	CDK1	144.425	0.5306
2694	ENSG00000101680	LAMA1	2.503	0.5305
2695	ENSG00000153531	ADPRHL1	3.65	0.5305
2696	ENSG00000189067	LITAF	7.353	0.5303
2697	ENSG00000129625	REEP5	28.077	0.5302
2698	ENSG00000103260	METRN	56.16	0.53
2699	ENSG00000083097	DOP1A	3.301	0.5298
2700	ENSG00000118804	STBD1	3.468	0.5297
2701	ENSG00000107890	ANKRD26	18.872	0.5297
2702	ENSG00000109458	GAB1	1.602	0.5297
2703	ENSG00000129518	EAPP	25.687	0.5296
2704	ENSG00000054654	SYNE2	16.056	0.5295
2705	ENSG00000198435	NRARP	36.996	0.5294
2706	ENSG00000113649	TCERG1	78.248	0.5294
2707	ENSG00000138448	ITGAV	1.582	0.5293
2708	ENSG00000198964	SGMS1	3.829	0.5293
2709	ENSG00000122707	RECK	3.12	0.5291
2710	ENSG00000123219	CENPK	11.798	0.5291
2711	ENSG00000065923	SLC9A7	8.862	0.5291
2712	ENSG00000167695	TLCD3A	11.307	0.5289
2713	ENSG00000185532	PRKG1	2.76	0.5288
2714	ENSG00000107036	RIC1	3.492	0.5288
2715	ENSG00000142632	ARHGEF19	1.918	0.5288
2716	ENSG00000182870	GALNT9	1.636	0.5285
2717	ENSG00000101417	PXMP4	3.98	0.5285
2718	ENSG00000106665	CLIP2	5.548	0.5284
2719	ENSG00000159459	UBR1	1.623	0.5283
2720	ENSG00000167807	ENSG00000167807	2.821	0.5282
2721	ENSG00000176105	YES1	6.331	0.5281
2722	ENSG00000177058	SLC38A9	2.757	0.528
2723	ENSG00000196792	STRN3	9.322	0.528
2724	ENSG00000116353	MECR	60.068	0.5279
2725	ENSG00000017260	ATP2C1	5.975	0.5279
2726	ENSG00000127870	RNF6	6.129	0.5276
2727	ENSG00000211455	STK38L	15.21	0.5272
2728	ENSG00000151247	EIF4E	10.448	0.5269
2729	ENSG00000180353	HCLS1	1.072	0.5263
2730	ENSG00000173875	ZNF791	8.375	0.5259
2731	ENSG00000113595	TRIM23	1.487	0.5258
2732	ENSG00000138459	SLC35A5	1.395	0.5258
2733	ENSG00000073605	GSDMB	1.136	0.5255
2734	ENSG00000125898	FAM110A	4.877	0.5255
2735	ENSG00000156735	BAG4	11.077	0.5253
2736	ENSG00000149212	SESN3	1.584	0.5251
2737	ENSG00000204852	TCTN1	16.531	0.5245
2738	ENSG00000069974	RAB27A	3.682	0.5244
2739	ENSG00000184517	ZFP1	5.84	0.5242
2740	ENSG00000134533	RERG	1.472	0.5241
2741	ENSG00000177614	PGBD5	6.134	0.5241
2742	ENSG00000184451	CCR10	1.0	0.524
2743	ENSG00000147475	ERLIN2	20.252	0.524
2744	ENSG00000121621	KIF18A	1.416	0.5229
2745	ENSG00000138346	DNA2	1.737	0.5227
2746	ENSG00000178053	MLF1	7.018	0.5227
2747	ENSG00000166250	CLMP	1.811	0.5227
2748	ENSG00000196505	GDAP2	1.531	0.5225
2749	ENSG00000176148	TCP11L1	8.569	0.5221
2750	ENSG00000181744	DIPK2A	2.697	0.5219
2751	ENSG00000107937	GTPBP4	810.239	0.5216
2752	ENSG00000105849	POLR1F	28.878	0.5216
2753	ENSG00000174796	THAP6	2.702	0.521
2754	ENSG00000000457	SCYL3	2.749	0.5207
2755	ENSG00000181104	F2R	9.077	0.5206
2756	ENSG00000204946	ZNF783	19.68	0.5205
2757	ENSG00000171316	CHD7	54.429	0.5203
2758	ENSG00000185909	KLHDC8B	12.697	0.52
2759	ENSG00000154845	PPP4R1	10.83	0.5198
2760	ENSG00000107651	SEC23IP	6.244	0.5197
2761	ENSG00000100288	CHKB	19.125	0.5197
2762	ENSG00000223501	VPS52	24.934	0.5195
2763	ENSG00000173276	ZBTB21	5.367	0.5195
2764	ENSG00000151239	TWF1	14.389	0.5194
2765	ENSG00000155980	KIF5A	12.074	0.5192
2766	ENSG00000122756	CNTFR	2.944	0.519
2767	ENSG00000121579	NAA50	222.727	0.519
2768	ENSG00000123268	ATF1	36.023	0.5189
2769	ENSG00000179889	PDXDC1	59.18	0.5186
2770	ENSG00000063438	AHRR	6.238	0.5185
2771	ENSG00000144395	CCDC150	6.517	0.5184
2772	ENSG00000164116	GUCY1A1	1.884	0.5184
2773	ENSG00000172031	EPHX4	1.669	0.5183
2774	ENSG00000127989	MTERF1	1.153	0.5181
2775	ENSG00000081985	IL12RB2	2.398	0.518
2776	ENSG00000102543	CDADC1	66.148	0.5179
2777	ENSG00000105290	APLP1	14.883	0.5178
2778	ENSG00000205758	CRYZL1	31.273	0.5177
2779	ENSG00000185567	AHNAK2	2.775	0.5177
2780	ENSG00000129946	SHC2	18.637	0.5174
2781	ENSG00000111325	OGFOD2	34.129	0.5174
2782	ENSG00000113070	HBEGF	1.975	0.5174
2783	ENSG00000159086	PAXBP1	44.334	0.5167
2784	ENSG00000080608	PUM3	86.946	0.5167
2785	ENSG00000130816	DNMT1	432.116	0.5165
2786	ENSG00000142556	ZNF614	1.643	0.5162
2787	ENSG00000137821	LRRC49	1.963	0.5161
2788	ENSG00000109320	NFKB1	12.702	0.516
2789	ENSG00000226124	FTCDNL1	1.26	0.516
2790	ENSG00000066933	MYO9A	3.114	0.5159
2791	ENSG00000092148	HECTD1	16.92	0.5157
2792	ENSG00000167131	CCDC103	9.117	0.5152
2793	ENSG00000136492	BRIP1	2.145	0.5151
2794	ENSG00000133466	C1QTNF6	4.046	0.515
2795	ENSG00000146094	DOK3	10.848	0.5144
2796	ENSG00000144366	GULP1	4.886	0.5143
2797	ENSG00000131238	PPT1	40.753	0.5143
2798	ENSG00000163531	NFASC	1.628	0.5141
2799	ENSG00000167333	TRIM68	6.034	0.5141
2800	ENSG00000153214	TMEM87B	1.049	0.514
2801	ENSG00000132849	PATJ	6.126	0.514
2802	ENSG00000173681	BCLAF3	1.181	0.5138
2803	ENSG00000139625	MAP3K12	2.366	0.5135
2804	ENSG00000117139	KDM5B	11.293	0.5133
2805	ENSG00000100596	SPTLC2	21.238	0.5132
2806	ENSG00000071575	TRIB2	10.611	0.513
2807	ENSG00000159592	GPBP1L1	40.793	0.5125
2808	ENSG00000150093	ITGB1	14.452	0.512
2809	ENSG00000164284	GRPEL2	9.984	0.5119
2810	ENSG00000185340	GAS2L1	6.433	0.5114
2811	ENSG00000182993	C12orf60	2.647	0.5114
2812	ENSG00000151690	MFSD6	2.046	0.5113
2813	ENSG00000146729	NIPSNAP2	30.539	0.5113
2814	ENSG00000156469	MTERF3	5.356	0.5111
2815	ENSG00000175662	TOM1L2	10.922	0.5109
2816	ENSG00000176125	UFSP1	5.674	0.5109
2817	ENSG00000175806	MSRA	10.334	0.5109
2818	ENSG00000113161	HMGCR	7.041	0.5108
2819	ENSG00000265690	ENSG00000265690	2.721	0.5108
2820	ENSG00000115290	GRB14	4.964	0.5107
2821	ENSG00000133104	SPART	17.308	0.5102
2822	ENSG00000164463	CREBRF	1.164	0.5101
2823	ENSG00000143514	TP53BP2	9.843	0.51
2824	ENSG00000171241	SHCBP1	15.641	0.51
2825	ENSG00000175354	PTPN2	34.994	0.51
2826	ENSG00000152223	EPG5	1.532	0.51
2827	ENSG00000012171	SEMA3B	6.92	0.5096
2828	ENSG00000184402	SS18L1	9.118	0.5095
2829	ENSG00000121988	ZRANB3	1.53	0.5094
2830	ENSG00000131747	TOP2A	91.817	0.5088
2831	ENSG00000135679	MDM2	34.721	0.5088
2832	ENSG00000173917	HOXB2	6.424	0.5086
2833	ENSG00000285043	ENSG00000285043	11.074	0.5085
2834	ENSG00000111615	KRR1	58.317	0.5083
2835	ENSG00000269313	MAGIX	6.61	0.5081
2836	ENSG00000139832	RAB20	1.33	0.5079
2837	ENSG00000114209	PDCD10	9.574	0.5078
2838	ENSG00000123908	AGO2	19.327	0.5076
2839	ENSG00000126705	AHDC1	9.98	0.5075
2840	ENSG00000104490	NCALD	1.393	0.5074
2841	ENSG00000128394	APOBEC3F	8.028	0.5074
2842	ENSG00000109805	NCAPG	23.783	0.5073
2843	ENSG00000186364	NUDT17	11.024	0.5072
2844	ENSG00000101187	SLCO4A1	17.637	0.5071
2845	ENSG00000213658	LAT	2.247	0.5069
2846	ENSG00000165209	STRBP	10.317	0.5068
2847	ENSG00000170802	FOXN2	1.058	0.5066
2848	ENSG00000177683	THAP5	11.042	0.5063
2849	ENSG00000152454	ZNF256	1.218	0.5061
2850	ENSG00000104290	FZD3	1.595	0.5057
2851	ENSG00000075043	KCNQ2	36.529	0.5057
2852	ENSG00000082512	TRAF5	1.597	0.5057
2853	ENSG00000109063	MYH3	2.13	0.5057
2854	ENSG00000135363	LMO2	1.379	0.5057
2855	ENSG00000110171	TRIM3	11.867	0.5056
2856	ENSG00000177463	NR2C2	3.888	0.5055
2857	ENSG00000133460	SLC2A11	7.507	0.5055
2858	ENSG00000080854	IGSF9B	1.268	0.5054
2859	ENSG00000185728	YTHDF3	42.798	0.5054
2860	ENSG00000143633	C1orf131	172.852	0.5053
2861	ENSG00000154059	IMPACT	6.695	0.5052
2862	ENSG00000129757	CDKN1C	6.36	0.5051
2863	ENSG00000203618	GP1BB	23.187	0.5051
2864	ENSG00000065328	MCM10	46.919	0.505
2865	ENSG00000108061	SHOC2	37.535	0.505
2866	ENSG00000145495	MARCHF6	19.084	0.505
2867	ENSG00000105419	MEIS3	23.648	0.5049
2868	ENSG00000119703	ZC2HC1C	1.11	0.5047
2869	ENSG00000101104	PABPC1L	30.504	0.5046
2870	ENSG00000160124	MIX23	27.579	0.5043
2871	ENSG00000185670	ZBTB3	3.697	0.5043
2872	ENSG00000172671	ZFAND4	2.401	0.504
2873	ENSG00000117543	DPH5	14.793	0.504
2874	ENSG00000049130	KITLG	1.3	0.5039
2875	ENSG00000164190	NIPBL	7.497	0.5039
2876	ENSG00000134262	AP4B1	4.193	0.5039
2877	ENSG00000139323	POC1B	1.041	0.5038
2878	ENSG00000173267	SNCG	6.805	0.5037
2879	ENSG00000184831	APOO	16.098	0.5037
2880	ENSG00000152495	CAMK4	13.661	0.5036
2881	ENSG00000164010	ERMAP	2.35	0.5034
2882	ENSG00000129226	CD68	2.609	0.5034
2883	ENSG00000264343	NOTCH2NLA	74.18	0.5034
2884	ENSG00000292338	DHRSX	10.751	0.5032
2885	ENSG00000102934	PLLP	2.419	0.5031
2886	ENSG00000105996	HOXA2	1.433	0.5029
2887	ENSG00000186496	ZNF396	3.571	0.5024
2888	ENSG00000080845	DLGAP4	100.031	0.5024
2889	ENSG00000180182	MED14	16.654	0.5023
2890	ENSG00000130962	PRRG1	1.635	0.5023
2891	ENSG00000140367	UBE2Q2	5.334	0.5023
2892	ENSG00000134769	DTNA	13.966	0.5021
2893	ENSG00000186566	GPATCH8	22.88	0.5021
2894	ENSG00000196865	NHLRC2	2.501	0.502
2895	ENSG00000080345	RIF1	6.352	0.502
2896	ENSG00000140443	IGF1R	11.059	0.5019
2897	ENSG00000256463	SALL3	2.328	0.5018
2898	ENSG00000164609	SLU7	37.04	0.5017
2899	ENSG00000116497	S100PBP	3.253	0.5016
2900	ENSG00000025039	RRAGD	3.272	0.5009
2901	ENSG00000101935	AMMECR1	8.266	0.5008
2902	ENSG00000113971	NPHP3	5.556	0.5007
2903	ENSG00000094841	UPRT	3.641	0.5006
2904	ENSG00000197579	TOPORS	6.392	0.5004
2905	ENSG00000110925	CSRNP2	4.771	0.5004
2906	ENSG00000182010	RTKN2	3.061	0.5003
2907	ENSG00000187186	ENSG00000187186	51.567	0.5003
2908	ENSG00000132912	DCTN4	4.218	0.5001
2909	ENSG00000159674	SPON2	1.839	0.5
2910	ENSG00000132405	TBC1D14	16.366	0.5
2911	ENSG00000143771	CNIH4	39.882	0.5
2912	ENSG00000175600	SUGCT	4.901	0.4998
2913	ENSG00000111252	SH2B3	2.363	0.4997
2914	ENSG00000141655	TNFRSF11A	2.368	0.4997
2915	ENSG00000164610	RP9	107.7	0.4995
2916	ENSG00000121281	ADCY7	1.409	0.4994
2917	ENSG00000164306	PRIMPOL	6.379	0.4994
2918	ENSG00000169439	SDC2	35.019	0.4994
2919	ENSG00000163684	RPP14	31.116	0.4994
2920	ENSG00000173898	SPTBN2	161.904	0.4993
2921	ENSG00000170684	ZNF296	10.827	0.4993
2922	ENSG00000088970	KIZ	52.722	0.4993
2923	ENSG00000071243	ING3	10.02	0.4992
2924	ENSG00000153914	SREK1	156.795	0.4988
2925	ENSG00000256453	DND1	1.132	0.4987
2926	ENSG00000100603	SNW1	90.738	0.4983
2927	ENSG00000170759	KIF5B	12.02	0.4981
2928	ENSG00000131269	ABCB7	10.838	0.4981
2929	ENSG00000100592	DAAM1	3.163	0.4978
2930	ENSG00000198466	ZNF587	5.771	0.4977
2931	ENSG00000138031	ADCY3	31.038	0.4976
2932	ENSG00000188312	CENPP	11.136	0.4974
2933	ENSG00000148498	PARD3	47.859	0.4971
2934	ENSG00000138760	SCARB2	15.274	0.4969
2935	ENSG00000168646	AXIN2	5.223	0.4969
2936	ENSG00000139624	CERS5	13.381	0.4969
2937	ENSG00000138398	PPIG	193.599	0.4966
2938	ENSG00000167968	DNASE1L2	1.386	0.4966
2939	ENSG00000124783	SSR1	37.495	0.4963
2940	ENSG00000117481	NSUN4	10.945	0.4963
2941	ENSG00000128578	STRIP2	1.858	0.4962
2942	ENSG00000198301	SDAD1	15.896	0.4958
2943	ENSG00000198836	OPA1	6.061	0.4958
2944	ENSG00000215883	CYB5RL	8.056	0.4957
2945	ENSG00000163322	ABRAXAS1	2.791	0.4957
2946	ENSG00000160469	BRSK1	22.595	0.4953
2947	ENSG00000167106	EEIG1	8.953	0.4952
2948	ENSG00000105642	KCNN1	1.989	0.4952
2949	ENSG00000100320	RBFOX2	60.409	0.4948
2950	ENSG00000040531	CTNS	12.467	0.4947
2951	ENSG00000068305	MEF2A	16.264	0.4943
2952	ENSG00000168237	GLYCTK	19.45	0.4943
2953	ENSG00000164849	GPR146	2.859	0.494
2954	ENSG00000146535	GNA12	10.384	0.494
2955	ENSG00000165934	CPSF2	8.794	0.4939
2956	ENSG00000189298	ZKSCAN3	2.901	0.4938
2957	ENSG00000159714	ZDHHC1	3.465	0.4937
2958	ENSG00000015153	YAF2	38.71	0.4937
2959	ENSG00000166974	MAPRE2	50.596	0.4934
2960	ENSG00000198612	COPS8	19.563	0.4934
2961	ENSG00000111879	FAM184A	4.004	0.4933
2962	ENSG00000128908	INO80	23.435	0.4931
2963	ENSG00000125968	ID1	76.274	0.4929
2964	ENSG00000163683	SMIM14	2.542	0.4928
2965	ENSG00000168803	ADAL	6.217	0.4925
2966	ENSG00000168769	TET2	1.533	0.4925
2967	ENSG00000160097	FNDC5	1.919	0.4922
2968	ENSG00000117479	SLC19A2	1.187	0.4922
2969	ENSG00000116191	RALGPS2	2.066	0.4916
2970	ENSG00000259803	SLC22A31	3.121	0.4913
2971	ENSG00000104375	STK3	18.44	0.491
2972	ENSG00000163795	ZNF513	30.663	0.491
2973	ENSG00000166002	SMCO4	45.263	0.491
2974	ENSG00000059758	CDK17	2.14	0.4906
2975	ENSG00000196455	PIK3R4	16.47	0.4905
2976	ENSG00000169884	WNT10B	4.714	0.4903
2977	ENSG00000163608	NEPRO	5.549	0.4903
2978	ENSG00000119401	TRIM32	3.939	0.4902
2979	ENSG00000219545	UMAD1	9.728	0.4901
2980	ENSG00000172819	RARG	11.517	0.4898
2981	ENSG00000029639	TFB1M	8.975	0.4897
2982	ENSG00000164758	MED30	39.115	0.4897
2983	ENSG00000131323	TRAF3	31.023	0.4896
2984	ENSG00000134056	KGD4	9.762	0.4895
2985	ENSG00000179029	TMEM107	6.725	0.4895
2986	ENSG00000147010	SH3KBP1	20.235	0.4892
2987	ENSG00000163507	CIP2A	15.731	0.4889
2988	ENSG00000005189	REXO5	7.534	0.4888
2989	ENSG00000215375	MYL5	86.791	0.4888
2990	ENSG00000167232	ZNF91	2.938	0.4887
2991	ENSG00000080371	RAB21	4.996	0.4886
2992	ENSG00000173334	TRIB1	7.492	0.4884
2993	ENSG00000116731	PRDM2	65.425	0.4883
2994	ENSG00000131931	THAP1	3.443	0.4882
2995	ENSG00000101003	GINS1	127.472	0.4882
2996	ENSG00000091262	ABCC6	5.624	0.4881
2997	ENSG00000169231	THBS3	8.881	0.488
2998	ENSG00000185246	PRPF39	8.43	0.4879
2999	ENSG00000140025	EFCAB11	9.967	0.4879
3000	ENSG00000172382	PRSS27	4.527	0.4878
3001	ENSG00000135482	ZC3H10	4.785	0.4876
3002	ENSG00000203778	FAM229B	24.305	0.4876
3003	ENSG00000147813	NAPRT	56.744	0.4876
3004	ENSG00000117335	CD46	4.69	0.4875
3005	ENSG00000174456	C12orf76	7.246	0.4874
3006	ENSG00000099617	EFNA2	1.068	0.4872
3007	ENSG00000121211	MND1	48.412	0.4871
3008	ENSG00000104313	EYA1	1.044	0.487
3009	ENSG00000115525	ST3GAL5	3.199	0.487
3010	ENSG00000174227	PIGG	14.947	0.4868
3011	ENSG00000111850	SMIM8	4.911	0.4868
3012	ENSG00000129422	MTUS1	3.836	0.4865
3013	ENSG00000104450	SPAG1	3.925	0.4863
3014	ENSG00000254996	ANKHD1-EIF4EBP3	2.034	0.4862
3015	ENSG00000168917	SLC35G2	2.297	0.4862
3016	ENSG00000134504	KCTD1	9.849	0.4862
3017	ENSG00000197016	ZNF470	3.042	0.4861
3018	ENSG00000138801	PAPSS1	8.539	0.486
3019	ENSG00000101489	CELF4	5.278	0.4857
3020	ENSG00000111752	PHC1	4.928	0.4856
3021	ENSG00000113851	CRBN	12.004	0.4856
3022	ENSG00000116396	KCNC4	6.194	0.4856
3023	ENSG00000169490	TM2D2	8.87	0.4854
3024	ENSG00000203705	TATDN3	13.595	0.4854
3025	ENSG00000071242	RPS6KA2	5.582	0.4854
3026	ENSG00000173991	TCAP	4.607	0.4853
3027	ENSG00000133065	SLC41A1	11.723	0.4853
3028	ENSG00000134755	DSC2	8.9	0.4853
3029	ENSG00000049167	ERCC8	5.814	0.485
3030	ENSG00000160310	PRMT2	113.525	0.4847
3031	ENSG00000107736	CDH23	2.416	0.4846
3032	ENSG00000111581	NUP107	6.108	0.4846
3033	ENSG00000131171	SH3BGRL	4.66	0.4845
3034	ENSG00000184465	WDR27	28.773	0.4845
3035	ENSG00000185453	ZSWIM9	58.825	0.4843
3036	ENSG00000157193	LRP8	3.112	0.4843
3037	ENSG00000269713	NBPF9	12.482	0.4843
3038	ENSG00000170873	MTSS1	4.061	0.4842
3039	ENSG00000153814	JAZF1	13.673	0.4841
3040	ENSG00000169249	ZRSR2	65.638	0.4841
3041	ENSG00000136021	SCYL2	6.753	0.4833
3042	ENSG00000144451	SPAG16	32.78	0.4832
3043	ENSG00000028839	TBPL1	38.594	0.4831
3044	ENSG00000032742	IFT88	2.682	0.483
3045	ENSG00000198382	UVRAG	5.893	0.4825
3046	ENSG00000188603	CLN3	19.542	0.4822
3047	ENSG00000135124	P2RX4	40.405	0.4822
3048	ENSG00000103449	SALL1	9.348	0.4816
3049	ENSG00000131981	LGALS3	19.947	0.4814
3050	ENSG00000173545	ZNF622	107.248	0.4813
3051	ENSG00000166900	STX3	4.688	0.4811
3052	ENSG00000157881	PANK4	31.605	0.4811
3053	ENSG00000119314	PTBP3	3.636	0.481
3054	ENSG00000157106	SMG1	5.338	0.481
3055	ENSG00000136213	CHST12	10.801	0.481
3056	ENSG00000164961	WASHC5	7.682	0.4808
3057	ENSG00000234602	MCIDAS	2.89	0.4807
3058	ENSG00000152804	HHEX	4.76	0.4807
3059	ENSG00000198270	TMEM116	2.188	0.4806
3060	ENSG00000143207	COP1	5.148	0.4805
3061	ENSG00000146674	IGFBP3	1.386	0.4804
3062	ENSG00000130638	ATXN10	16.42	0.4804
3063	ENSG00000144504	ANKMY1	5.563	0.4803
3064	ENSG00000165417	GTF2A1	7.694	0.4803
3065	ENSG00000170836	PPM1D	4.261	0.4803
3066	ENSG00000136504	KAT7	6.309	0.4803
3067	ENSG00000128271	ADORA2A	4.891	0.48
3068	ENSG00000128595	CALU	15.102	0.4799
3069	ENSG00000139436	GIT2	13.285	0.4798
3070	ENSG00000146909	NOM1	65.261	0.4798
3071	ENSG00000181523	SGSH	16.354	0.4798
3072	ENSG00000068024	HDAC4	5.046	0.4794
3073	ENSG00000126458	RRAS	9.093	0.4794
3074	ENSG00000213085	CFAP45	5.186	0.4794
3075	ENSG00000165995	CACNB2	2.085	0.4791
3076	ENSG00000079134	THOC1	6.611	0.4787
3077	ENSG00000128512	DOCK4	3.611	0.4787
3078	ENSG00000181894	ZNF329	1.478	0.4786
3079	ENSG00000243811	APOBEC3D	2.084	0.4783
3080	ENSG00000082996	RNF13	3.9	0.4781
3081	ENSG00000113384	GOLPH3	9.752	0.4781
3082	ENSG00000163053	SLC16A14	1.149	0.478
3083	ENSG00000124596	OARD1	15.853	0.478
3084	ENSG00000145882	PCYOX1L	8.608	0.4779
3085	ENSG00000146143	PRIM2	7.986	0.4776
3086	ENSG00000128609	NDUFA5	14.17	0.4772
3087	ENSG00000197461	PDGFA	1.76	0.4772
3088	ENSG00000095383	TBC1D2	1.505	0.4768
3089	ENSG00000181704	YIPF6	5.54	0.4767
3090	ENSG00000166965	RCCD1	99.132	0.4766
3091	ENSG00000092850	TEKT2	2.381	0.4762
3092	ENSG00000168234	TTC39C	8.059	0.4758
3093	ENSG00000113163	CERT1	3.644	0.4755
3094	ENSG00000138821	SLC39A8	4.92	0.4751
3095	ENSG00000102996	MMP15	5.386	0.4747
3096	ENSG00000132535	DLG4	5.304	0.4747
3097	ENSG00000107020	PLGRKT	20.66	0.4746
3098	ENSG00000132740	IGHMBP2	41.196	0.4745
3099	ENSG00000141664	ZCCHC2	3.567	0.4745
3100	ENSG00000153975	ZUP1	4.857	0.4745
3101	ENSG00000089177	KIF16B	36.427	0.4744
3102	ENSG00000130035	GALNT8	2.629	0.4742
3103	ENSG00000180694	TMEM64	1.125	0.4742
3104	ENSG00000121903	ZSCAN20	1.802	0.4741
3105	ENSG00000138172	CALHM2	1.32	0.4739
3106	ENSG00000099399	MAGEB2	2.764	0.4738
3107	ENSG00000164542	MATCAP2	1.658	0.4738
3108	ENSG00000113448	PDE4D	1.804	0.4735
3109	ENSG00000168003	SLC3A2	172.427	0.4735
3110	ENSG00000009709	PAX7	2.441	0.4734
3111	ENSG00000156500	PABIR3	1.813	0.4734
3112	ENSG00000250722	SELENOP	34.345	0.4734
3113	ENSG00000114554	PLXNA1	18.981	0.4731
3114	ENSG00000189164	ZNF527	2.3	0.4731
3115	ENSG00000077092	RARB	1.984	0.473
3116	ENSG00000198681	MAGEA1	3.0	0.4729
3117	ENSG00000286140	DERPC	7.928	0.4724
3118	ENSG00000198039	ZNF273	2.554	0.4722
3119	ENSG00000159216	RUNX1	5.031	0.472
3120	ENSG00000175387	SMAD2	24.064	0.4718
3121	ENSG00000153317	ASAP1	11.335	0.4717
3122	ENSG00000272398	CD24	1.25	0.4713
3123	ENSG00000089775	ZBTB25	2.21	0.4713
3124	ENSG00000107954	NEURL1	1.184	0.4712
3125	ENSG00000100968	NFATC4	43.614	0.4711
3126	ENSG00000131069	ACSS2	21.626	0.4709
3127	ENSG00000175305	CCNE2	2.02	0.4707
3128	ENSG00000072756	TRNT1	4.017	0.4707
3129	ENSG00000173011	TADA2B	21.478	0.4704
3130	ENSG00000175745	NR2F1	811.7	0.4704
3131	ENSG00000064195	DLX3	2.913	0.4703
3132	ENSG00000164117	FBXO8	3.628	0.4702
3133	ENSG00000156026	MCU	5.204	0.4701
3134	ENSG00000188295	ZNF669	4.152	0.47
3135	ENSG00000185008	ROBO2	1.823	0.4698
3136	ENSG00000125257	ABCC4	3.255	0.4698
3137	ENSG00000164919	COX6C	192.762	0.4697
3138	ENSG00000125731	SH2D3A	3.174	0.4696
3139	ENSG00000070718	AP3M2	7.738	0.4695
3140	ENSG00000225830	ERCC6	18.933	0.4695
3141	ENSG00000164532	TBX20	1.175	0.4694
3142	ENSG00000031691	CENPQ	4.495	0.4693
3143	ENSG00000175691	ZNF77	2.602	0.469
3144	ENSG00000181885	CLDN7	2.361	0.4688
3145	ENSG00000125629	INSIG2	2.215	0.4687
3146	ENSG00000163293	NIPAL1	2.763	0.4687
3147	ENSG00000121892	PDS5A	17.573	0.4686
3148	ENSG00000089335	ZNF302	6.566	0.4684
3149	ENSG00000214654	B3GALT9	8.731	0.4682
3150	ENSG00000151240	DIP2C	3.597	0.4682
3151	ENSG00000089234	BRAP	18.969	0.4681
3152	ENSG00000172932	ANKRD13D	71.393	0.4681
3153	ENSG00000109787	KLF3	3.769	0.468
3154	ENSG00000148481	MINDY3	4.134	0.4679
3155	ENSG00000108395	TRIM37	14.523	0.4676
3156	ENSG00000103091	WDR59	19.251	0.4675
3157	ENSG00000085274	MYNN	1.133	0.4675
3158	ENSG00000064933	PMS1	3.941	0.4675
3159	ENSG00000214595	EML6	1.498	0.4673
3160	ENSG00000106723	SPIN1	20.041	0.4672
3161	ENSG00000135439	AGAP2	1.012	0.4668
3162	ENSG00000100601	ALKBH1	4.194	0.4666
3163	ENSG00000131507	NDFIP1	139.991	0.4666
3164	ENSG00000171798	KNDC1	2.917	0.4662
3165	ENSG00000106100	NOD1	2.398	0.4661
3166	ENSG00000151461	UPF2	187.864	0.466
3167	ENSG00000132109	TRIM21	8.015	0.466
3168	ENSG00000275111	ZNF2	3.903	0.466
3169	ENSG00000132541	RIDA	12.824	0.4659
3170	ENSG00000106049	HIBADH	8.617	0.4654
3171	ENSG00000198835	GJC2	1.311	0.4653
3172	ENSG00000254685	FPGT	1.634	0.4653
3173	ENSG00000075292	ZNF638	29.345	0.4652
3174	ENSG00000119866	BCL11A	20.092	0.4649
3175	ENSG00000164684	ZNF704	1.696	0.4649
3176	ENSG00000160352	ZNF714	17.531	0.4649
3177	ENSG00000224420	ADM5	23.725	0.4646
3178	ENSG00000150281	CTF1	1.548	0.4646
3179	ENSG00000155621	C9orf85	14.022	0.4646
3180	ENSG00000172602	RND1	9.96	0.4645
3181	ENSG00000226174	TEX22	1.872	0.4645
3182	ENSG00000079435	LIPE	3.874	0.4643
3183	ENSG00000158423	RIBC1	6.881	0.4642
3184	ENSG00000174007	CEP19	4.591	0.4641
3185	ENSG00000106571	GLI3	2.975	0.4641
3186	ENSG00000067840	PDZD4	4.426	0.4638
3187	ENSG00000050555	LAMC3	5.591	0.4635
3188	ENSG00000068878	PSME4	13.858	0.4635
3189	ENSG00000117632	STMN1	59.798	0.4634
3190	ENSG00000164305	CASP3	21.866	0.4634
3191	ENSG00000214021	TTLL3	83.717	0.4634
3192	ENSG00000115091	ACTR3	29.075	0.463
3193	ENSG00000110315	RNF141	3.981	0.4629
3194	ENSG00000109189	USP46	2.381	0.4628
3195	ENSG00000129521	EGLN3	2.361	0.4626
3196	ENSG00000101343	CRNKL1	11.641	0.4625
3197	ENSG00000197483	ZNF628	9.271	0.4625
3198	ENSG00000146963	LUC7L2	88.987	0.4625
3199	ENSG00000173614	NMNAT1	5.164	0.4623
3200	ENSG00000182220	ATP6AP2	32.72	0.4621
3201	ENSG00000178445	GLDC	21.533	0.4618
3202	ENSG00000101246	ARFRP1	107.373	0.4618
3203	ENSG00000099625	CBARP	3.068	0.4617
3204	ENSG00000176102	CSTF3	53.798	0.4617
3205	ENSG00000150403	TMCO3	18.641	0.4617
3206	ENSG00000168026	TTC21A	2.308	0.4616
3207	ENSG00000277400	ENSG00000277400	4.123	0.4614
3208	ENSG00000076650	GPATCH1	32.772	0.4611
3209	ENSG00000126814	TRMT5	5.657	0.4611
3210	ENSG00000074356	NCBP3	22.599	0.4608
3211	ENSG00000120458	MSANTD2	2.315	0.4606
3212	ENSG00000204052	LRRC73	1.246	0.4606
3213	ENSG00000135926	TMBIM1	3.858	0.4603
3214	ENSG00000171877	FRMD5	1.801	0.4601
3215	ENSG00000148840	PPRC1	103.327	0.4601
3216	ENSG00000162522	NHSL3	18.44	0.46
3217	ENSG00000188483	IER5L	5.719	0.4599
3218	ENSG00000115966	ATF2	1.462	0.4596
3219	ENSG00000100483	VCPKMT	1.985	0.4595
3220	ENSG00000084676	NCOA1	5.956	0.4594
3221	ENSG00000135678	CPM	1.594	0.4592
3222	ENSG00000052749	RRP12	275.062	0.4591
3223	ENSG00000185359	HGS	227.406	0.459
3224	ENSG00000154359	LONRF1	2.012	0.4587
3225	ENSG00000175482	POLD4	24.539	0.4587
3226	ENSG00000164663	USP49	2.545	0.4586
3227	ENSG00000198353	HOXC4	63.367	0.4586
3228	ENSG00000166845	C18orf54	1.215	0.4586
3229	ENSG00000135119	RNFT2	6.728	0.4581
3230	ENSG00000184916	JAG2	15.885	0.4581
3231	ENSG00000289346	ENSG00000289346	2.866	0.458
3232	ENSG00000143867	OSR1	1.646	0.458
3233	ENSG00000108666	C17orf75	13.871	0.4579
3234	ENSG00000104093	DMXL2	1.831	0.4578
3235	ENSG00000131115	ZNF227	4.42	0.4578
3236	ENSG00000083535	PIBF1	4.797	0.4576
3237	ENSG00000174586	ZNF497	3.093	0.4576
3238	ENSG00000183137	CEP57L1	10.652	0.4575
3239	ENSG00000197037	ZSCAN25	10.248	0.4574
3240	ENSG00000138134	STAMBPL1	3.35	0.4574
3241	ENSG00000087263	OGFOD1	27.71	0.4573
3242	ENSG00000196214	ZNF766	2.425	0.4572
3243	ENSG00000115904	SOS1	2.62	0.4572
3244	ENSG00000135297	MTO1	3.219	0.4571
3245	ENSG00000153936	HS2ST1	4.938	0.4571
3246	ENSG00000171621	SPSB1	2.817	0.4569
3247	ENSG00000136824	SMC2	37.618	0.4569
3248	ENSG00000173068	BNC2	1.465	0.4565
3249	ENSG00000156697	UTP14A	247.209	0.4565
3250	ENSG00000135931	ARMC9	22.91	0.4564
3251	ENSG00000156384	SFR1	26.893	0.4564
3252	ENSG00000111670	GNPTAB	4.363	0.4564
3253	ENSG00000111664	GNB3	3.87	0.4562
3254	ENSG00000172594	SMPDL3A	1.1	0.4562
3255	ENSG00000104331	BPNT2	5.644	0.4562
3256	ENSG00000181751	MACIR	2.783	0.4557
3257	ENSG00000006652	IFRD1	10.211	0.4556
3258	ENSG00000136731	UGGT1	10.787	0.4554
3259	ENSG00000163932	PRKCD	19.282	0.4553
3260	ENSG00000118600	RXYLT1	17.17	0.4553
3261	ENSG00000083857	FAT1	3.225	0.4552
3262	ENSG00000142330	CAPN10	50.798	0.4551
3263	ENSG00000122483	CCDC18	22.668	0.455
3264	ENSG00000111647	BLTP3B	1.68	0.4548
3265	ENSG00000109107	ALDOC	7.988	0.4547
3266	ENSG00000226742	HSBP1L1	23.539	0.4545
3267	ENSG00000185033	SEMA4B	3.207	0.4545
3268	ENSG00000159263	SIM2	7.287	0.4544
3269	ENSG00000140832	MARVELD3	2.975	0.4544
3270	ENSG00000178694	NSUN3	2.373	0.4541
3271	ENSG00000169554	ZEB2	36.353	0.454
3272	ENSG00000162733	DDR2	1.434	0.4537
3273	ENSG00000203668	CHML	3.447	0.4537
3274	ENSG00000118217	ATF6	8.828	0.4532
3275	ENSG00000213445	SIPA1	70.125	0.4528
3276	ENSG00000164414	SLC35A1	1.533	0.4527
3277	ENSG00000186889	TMEM17	2.363	0.4527
3278	ENSG00000125686	MED1	6.133	0.4526
3279	ENSG00000116761	CTH	1.868	0.4526
3280	ENSG00000206418	RAB12	9.414	0.4524
3281	ENSG00000046651	OFD1	26.989	0.4524
3282	ENSG00000160233	LRRC3	2.161	0.4523
3283	ENSG00000157045	NTAN1	10.377	0.4523
3284	ENSG00000018699	TTC27	5.047	0.4522
3285	ENSG00000250021	ARPIN-AP3S2	17.693	0.4521
3286	ENSG00000073921	PICALM	14.538	0.452
3287	ENSG00000104213	PDGFRL	3.382	0.4519
3288	ENSG00000141068	KSR1	3.656	0.4519
3289	ENSG00000119699	TGFB3	3.61	0.4518
3290	ENSG00000134278	SPIRE1	4.81	0.4516
3291	ENSG00000137955	RABGGTB	12.74	0.4513
3292	ENSG00000151148	UBE3B	14.199	0.4509
3293	ENSG00000170540	ARL6IP1	162.359	0.4509
3294	ENSG00000163378	EOGT	1.394	0.4506
3295	ENSG00000188215	DCUN1D3	4.156	0.4506
3296	ENSG00000133422	MORC2	31.552	0.4505
3297	ENSG00000197343	ZNF655	19.143	0.4504
3298	ENSG00000258289	CHURC1	47.933	0.4503
3299	ENSG00000110844	PRPF40B	28.773	0.4501
3300	ENSG00000065154	OAT	30.828	0.45
3301	ENSG00000135766	EGLN1	43.81	0.4498
3302	ENSG00000066651	TRMT11	7.012	0.4498
3303	ENSG00000181788	SIAH2	4.418	0.4497
3304	ENSG00000154240	CEP112	2.411	0.4497
3305	ENSG00000280670	CCDC163	1.211	0.4496
3306	ENSG00000168970	JMJD7-PLA2G4B	1.188	0.4495
3307	ENSG00000145016	RUBCN	4.315	0.4495
3308	ENSG00000138785	INTS12	3.168	0.4493
3309	ENSG00000135924	DNAJB2	47.666	0.4491
3310	ENSG00000162407	PLPP3	2.254	0.449
3311	ENSG00000168807	SNTB2	6.149	0.4488
3312	ENSG00000089050	RBBP9	3.918	0.4487
3313	ENSG00000106477	CEP41	4.894	0.4486
3314	ENSG00000169252	ADRB2	1.034	0.4486
3315	ENSG00000137509	PRCP	4.941	0.4486
3316	ENSG00000179862	CITED4	6.045	0.4485
3317	ENSG00000147044	CASK	4.527	0.4484
3318	ENSG00000101928	MOSPD1	5.124	0.4482
3319	ENSG00000108813	DLX4	3.41	0.4482
3320	ENSG00000099256	PRTFDC1	2.437	0.4482
3321	ENSG00000114770	ABCC5	10.633	0.4481
3322	ENSG00000155275	TRMT44	16.63	0.4479
3323	ENSG00000058063	ATP11B	6.005	0.4477
3324	ENSG00000170545	SMAGP	3.773	0.4475
3325	ENSG00000175279	CENPS	30.419	0.4473
3326	ENSG00000121361	KCNJ8	4.955	0.4473
3327	ENSG00000125816	NKX2-4	8.46	0.4472
3328	ENSG00000011021	CLCN6	15.352	0.447
3329	ENSG00000197062	ZSCAN26	6.036	0.447
3330	ENSG00000188613	NANOS1	1.205	0.4468
3331	ENSG00000165943	MOAP1	15.262	0.4468
3332	ENSG00000221909	FAM200A	5.351	0.4466
3333	ENSG00000006062	MAP3K14	3.439	0.4466
3334	ENSG00000188994	ZNF292	6.002	0.4465
3335	ENSG00000104517	UBR5	15.027	0.4464
3336	ENSG00000182134	TDRKH	2.926	0.4464
3337	ENSG00000185664	PMEL	1.205	0.4463
3338	ENSG00000151575	TEX9	1.604	0.4462
3339	ENSG00000196378	ZNF34	3.259	0.446
3340	ENSG00000111962	UST	5.237	0.4459
3341	ENSG00000188549	CCDC9B	2.155	0.4457
3342	ENSG00000121931	LRIF1	4.604	0.4457
3343	ENSG00000160226	CFAP410	25.731	0.4457
3344	ENSG00000136874	STX17	9.1	0.4457
3345	ENSG00000169047	IRS1	1.041	0.4457
3346	ENSG00000259332	ST20-MTHFS	29.805	0.4457
3347	ENSG00000109814	UGDH	21.097	0.4456
3348	ENSG00000261408	TEN1-CDK3	5.299	0.4455
3349	ENSG00000162545	CAMK2N1	14.672	0.4455
3350	ENSG00000170049	KCNAB3	1.843	0.4454
3351	ENSG00000169964	TMEM42	26.808	0.4454
3352	ENSG00000165138	ANKS6	53.691	0.4453
3353	ENSG00000196793	ZNF239	2.492	0.4451
3354	ENSG00000005882	PDK2	19.848	0.4449
3355	ENSG00000196711	ALKAL1	13.141	0.4448
3356	ENSG00000006634	DBF4	30.259	0.4447
3357	ENSG00000132275	RRP8	54.803	0.4446
3358	ENSG00000072657	TRHDE	2.429	0.4445
3359	ENSG00000131943	C19orf12	8.406	0.4443
3360	ENSG00000159958	TNFRSF13C	1.999	0.4443
3361	ENSG00000149294	NCAM1	15.076	0.4441
3362	ENSG00000124766	SOX4	510.757	0.4441
3363	ENSG00000176532	PRR15	1.576	0.444
3364	ENSG00000167291	TBC1D16	9.818	0.4439
3365	ENSG00000132680	KHDC4	26.778	0.4436
3366	ENSG00000157107	FCHO2	1.176	0.4433
3367	ENSG00000130822	PNCK	1.808	0.4429
3368	ENSG00000130158	DOCK6	12.302	0.4428
3369	ENSG00000155561	NUP205	10.914	0.4428
3370	ENSG00000180611	MB21D2	2.427	0.4428
3371	ENSG00000107104	KANK1	11.457	0.4427
3372	ENSG00000111269	CREBL2	6.387	0.4423
3373	ENSG00000136940	PDCL	36.625	0.4422
3374	ENSG00000164535	DAGLB	15.279	0.442
3375	ENSG00000166189	HPS6	13.045	0.4418
3376	ENSG00000111077	TNS2	2.369	0.4416
3377	ENSG00000152127	MGAT5	3.958	0.4416
3378	ENSG00000146910	CNPY1	4.997	0.4413
3379	ENSG00000176623	RMDN1	12.326	0.4413
3380	ENSG00000067167	TRAM1	14.681	0.4413
3381	ENSG00000185615	PDIA2	19.138	0.4411
3382	ENSG00000123066	MED13L	4.561	0.441
3383	ENSG00000136367	ZFHX2	3.71	0.441
3384	ENSG00000181904	C5orf24	13.982	0.441
3385	ENSG00000127334	DYRK2	12.985	0.4409
3386	ENSG00000187257	RSBN1L	48.98	0.4406
3387	ENSG00000118231	CRYGD	14.114	0.4406
3388	ENSG00000095539	SEMA4G	2.645	0.4403
3389	ENSG00000138744	NAAA	9.698	0.4403
3390	ENSG00000144559	TAMM41	9.716	0.4403
3391	ENSG00000132664	POLR3F	5.18	0.4401
3392	ENSG00000109854	HTATIP2	26.625	0.44
3393	ENSG00000171574	ZNF584	6.618	0.4399
3394	ENSG00000108559	NUP88	36.019	0.4398
3395	ENSG00000179111	HES7	1.198	0.4398
3396	ENSG00000167508	MVD	87.848	0.4398
3397	ENSG00000026036	RTEL1-TNFRSF6B	4.477	0.4393
3398	ENSG00000255561	FDXACB1	1.366	0.4393
3399	ENSG00000198208	RPS6KL1	23.064	0.4393
3400	ENSG00000184083	FAM120C	10.045	0.4392
3401	ENSG00000181555	SETD2	16.152	0.4392
3402	ENSG00000271383	NBPF19	6.245	0.4391
3403	ENSG00000125107	CNOT1	66.468	0.4389
3404	ENSG00000165272	AQP3	5.205	0.4389
3405	ENSG00000108389	MTMR4	3.649	0.4387
3406	ENSG00000170634	ACYP2	7.125	0.4387
3407	ENSG00000196517	SLC6A9	3.529	0.4385
3408	ENSG00000157110	RBPMS	6.625	0.4385
3409	ENSG00000169446	MMGT1	7.398	0.4384
3410	ENSG00000135837	CEP350	4.452	0.4382
3411	ENSG00000081019	RSBN1	9.535	0.4382
3412	ENSG00000137936	BCAR3	2.507	0.4382
3413	ENSG00000197008	ZNF138	2.419	0.438
3414	ENSG00000230797	YY2	1.729	0.4378
3415	ENSG00000133731	IMPA1	2.461	0.4376
3416	ENSG00000183621	ZNF438	1.829	0.4374
3417	ENSG00000167157	PRRX2	5.701	0.4372
3418	ENSG00000132640	BTBD3	7.743	0.4371
3419	ENSG00000151470	C4orf33	1.587	0.4371
3420	ENSG00000165233	CARD19	28.069	0.437
3421	ENSG00000166839	ANKDD1A	1.335	0.4369
3422	ENSG00000100890	PRORP	5.333	0.4367
3423	ENSG00000172915	NBEA	2.987	0.4366
3424	ENSG00000138641	HERC3	4.181	0.4366
3425	ENSG00000135272	MDFIC	8.463	0.4364
3426	ENSG00000100811	YY1	54.731	0.4363
3427	ENSG00000104369	JPH1	11.37	0.4363
3428	ENSG00000176401	EID2B	5.979	0.4362
3429	ENSG00000174332	GLIS1	1.097	0.436
3430	ENSG00000115446	UNC50	13.353	0.4358
3431	ENSG00000153029	MR1	2.062	0.4358
3432	ENSG00000141574	SECTM1	2.904	0.4358
3433	ENSG00000132424	PNISR	68.014	0.4357
3434	ENSG00000182771	GRID1	6.426	0.4356
3435	ENSG00000120784	ZFP30	3.418	0.4354
3436	ENSG00000083544	TDRD3	6.281	0.4353
3437	ENSG00000120539	MASTL	11.847	0.4353
3438	ENSG00000143630	HCN3	8.187	0.4353
3439	ENSG00000268916	CSAG3	15.349	0.4352
3440	ENSG00000023697	DERA	5.836	0.4351
3441	ENSG00000186020	ZNF529	1.441	0.4351
3442	ENSG00000224940	PRRT4	3.159	0.4347
3443	ENSG00000084444	FAM234B	2.883	0.4347
3444	ENSG00000198960	ARMCX6	36.072	0.4344
3445	ENSG00000092931	MFSD11	13.787	0.4344
3446	ENSG00000168827	GFM1	8.106	0.4343
3447	ENSG00000185619	PCGF3	143.031	0.4342
3448	ENSG00000113269	RNF130	25.788	0.4341
3449	ENSG00000126460	PRRG2	1.756	0.4338
3450	ENSG00000135547	HEY2	11.707	0.4338
3451	ENSG00000111186	WNT5B	7.137	0.4338
3452	ENSG00000152348	ATG10	5.375	0.4337
3453	ENSG00000176531	PHLDB3	51.97	0.4337
3454	ENSG00000148926	ADM	24.387	0.4336
3455	ENSG00000066468	FGFR2	11.566	0.4335
3456	ENSG00000006071	ABCC8	1.267	0.4334
3457	ENSG00000169016	E2F6	22.23	0.4332
3458	ENSG00000100883	SRP54	26.357	0.4332
3459	ENSG00000168135	KCNJ4	4.445	0.4326
3460	ENSG00000109576	AADAT	2.471	0.4326
3461	ENSG00000115163	CENPA	50.219	0.4324
3462	ENSG00000144362	PHOSPHO2	5.362	0.4323
3463	ENSG00000137841	PLCB2	7.318	0.4321
3464	ENSG00000114541	FRMD4B	5.046	0.4321
3465	ENSG00000038002	AGA	7.83	0.432
3466	ENSG00000078804	TP53INP2	2.517	0.4317
3467	ENSG00000129472	RAB2B	4.202	0.4316
3468	ENSG00000243749	TMEM35B	6.813	0.4315
3469	ENSG00000124571	XPO5	34.877	0.4315
3470	ENSG00000100575	TIMM9	24.714	0.4315
3471	ENSG00000198930	CSAG1	12.285	0.4314
3472	ENSG00000134910	STT3A	12.886	0.4313
3473	ENSG00000186326	RGS9BP	1.063	0.4312
3474	ENSG00000211454	AKR7L	1.345	0.431
3475	ENSG00000083635	NUFIP1	4.491	0.4308
3476	ENSG00000070759	TESK2	2.66	0.4307
3477	ENSG00000163485	ADORA1	1.743	0.4306
3478	ENSG00000105483	CARD8	20.76	0.4305
3479	ENSG00000187239	FNBP1	20.306	0.4304
3480	ENSG00000188735	TMEM120B	16.624	0.4304
3481	ENSG00000135452	TSPAN31	7.197	0.4304
3482	ENSG00000168675	LDLRAD4	1.279	0.4303
3483	ENSG00000171811	CFAP46	1.951	0.4303
3484	ENSG00000101868	POLA1	9.483	0.4303
3485	ENSG00000153107	ANAPC1	12.868	0.4301
3486	ENSG00000164975	SNAPC3	29.596	0.4301
3487	ENSG00000066739	ATG2B	1.531	0.43
3488	ENSG00000080986	NDC80	10.819	0.4297
3489	ENSG00000137055	PLAA	3.301	0.4295
3490	ENSG00000196422	PPP1R26	12.015	0.4294
3491	ENSG00000120963	ZNF706	11.566	0.4294
3492	ENSG00000138166	DUSP5	1.347	0.4294
3493	ENSG00000113240	CLK4	5.057	0.4292
3494	ENSG00000164654	MIOS	2.703	0.4292
3495	ENSG00000092531	SNAP23	13.484	0.4288
3496	ENSG00000103248	MTHFSD	11.599	0.4288
3497	ENSG00000100228	RAB36	2.885	0.4288
3498	ENSG00000101782	RIOK3	14.356	0.4286
3499	ENSG00000132801	ZSWIM3	1.482	0.4283
3500	ENSG00000111912	NCOA7	30.615	0.428
3501	ENSG00000164949	GEM	1.239	0.4279
3502	ENSG00000079459	FDFT1	24.938	0.4279
3503	ENSG00000166436	TRIM66	2.129	0.4278
3504	ENSG00000185697	MYBL1	3.216	0.4278
3505	ENSG00000162032	SPSB3	23.375	0.4277
3506	ENSG00000010322	NISCH	65.556	0.4277
3507	ENSG00000125633	CCDC93	6.263	0.4277
3508	ENSG00000112837	TBX18	5.193	0.4276
3509	ENSG00000203499	IQANK1	2.043	0.4274
3510	ENSG00000139974	SLC38A6	5.228	0.4274
3511	ENSG00000061938	TNK2	19.192	0.4273
3512	ENSG00000135409	AMHR2	2.013	0.4272
3513	ENSG00000140987	ZSCAN32	4.764	0.4272
3514	ENSG00000156253	RWDD2B	3.113	0.4271
3515	ENSG00000177519	RPRM	3.866	0.4269
3516	ENSG00000196663	TECPR2	5.518	0.4269
3517	ENSG00000125351	UPF3B	211.684	0.4267
3518	ENSG00000188153	COL4A5	10.67	0.4267
3519	ENSG00000177427	MIEF2	6.318	0.4267
3520	ENSG00000180398	MCFD2	35.82	0.4267
3521	ENSG00000137822	TUBGCP4	14.416	0.4266
3522	ENSG00000143748	NVL	72.439	0.4266
3523	ENSG00000183814	LIN9	2.758	0.4265
3524	ENSG00000168672	LRATD2	17.117	0.4265
3525	ENSG00000240303	ACAD11	3.395	0.4264
3526	ENSG00000147592	LACTB2	11.979	0.4263
3527	ENSG00000164403	SHROOM1	9.278	0.4258
3528	ENSG00000172830	SSH3	16.074	0.4257
3529	ENSG00000167302	TEPSIN	10.988	0.4253
3530	ENSG00000152137	HSPB8	1.704	0.4251
3531	ENSG00000115145	STAM2	2.721	0.425
3532	ENSG00000122484	RPAP2	2.336	0.425
3533	ENSG00000135655	USP15	32.157	0.4249
3534	ENSG00000205927	OLIG2	6.042	0.4249
3535	ENSG00000113194	FAF2	37.233	0.4248
3536	ENSG00000140153	WDR20	11.641	0.4247
3537	ENSG00000134644	PUM1	37.242	0.4246
3538	ENSG00000155792	DEPTOR	3.419	0.4245
3539	ENSG00000134013	LOXL2	2.865	0.4242
3540	ENSG00000132300	PTCD3	33.673	0.4241
3541	ENSG00000103460	TOX3	1.241	0.4241
3542	ENSG00000107249	GLIS3	1.014	0.4239
3543	ENSG00000104549	SQLE	46.248	0.4238
3544	ENSG00000117475	BLZF1	3.092	0.4238
3545	ENSG00000167281	RBFOX3	7.526	0.4237
3546	ENSG00000113300	CNOT6	52.951	0.4235
3547	ENSG00000086289	EPDR1	13.728	0.4233
3548	ENSG00000173137	ADCK5	4.813	0.4233
3549	ENSG00000137098	SPAG8	2.766	0.4232
3550	ENSG00000153094	BCL2L11	16.917	0.423
3551	ENSG00000104611	SH2D4A	12.01	0.4227
3552	ENSG00000196782	MAML3	2.334	0.4224
3553	ENSG00000101745	ANKRD12	24.023	0.4223
3554	ENSG00000129071	MBD4	28.531	0.4223
3555	ENSG00000178026	LRRC75B	7.606	0.4222
3556	ENSG00000104064	GABPB1	2.289	0.4222
3557	ENSG00000185917	SETD4	11.008	0.4218
3558	ENSG00000107331	ABCA2	9.619	0.4212
3559	ENSG00000009780	FAM76A	5.62	0.4212
3560	ENSG00000114346	ECT2	4.191	0.4212
3561	ENSG00000158792	SPATA2L	10.487	0.4212
3562	ENSG00000107742	SPOCK2	1.265	0.4209
3563	ENSG00000088808	PPP1R13B	10.031	0.4208
3564	ENSG00000099194	SCD	41.282	0.4207
3565	ENSG00000122376	SHLD2	1.931	0.4207
3566	ENSG00000205593	DENND6B	1.387	0.4207
3567	ENSG00000176542	USF3	1.432	0.4206
3568	ENSG00000166446	CDYL2	1.045	0.4206
3569	ENSG00000161860	SYCE2	4.517	0.4205
3570	ENSG00000163482	STK36	7.234	0.4204
3571	ENSG00000092036	HAUS4	24.047	0.4204
3572	ENSG00000171606	ZNF274	7.984	0.4204
3573	ENSG00000105711	SCN1B	2.536	0.4203
3574	ENSG00000148110	MFSD14B	10.326	0.4202
3575	ENSG00000241852	C8orf58	4.453	0.4202
3576	ENSG00000170162	VGLL2	2.32	0.4202
3577	ENSG00000147421	HMBOX1	6.642	0.4201
3578	ENSG00000078487	ZCWPW1	16.559	0.4201
3579	ENSG00000127564	PKMYT1	117.22	0.4199
3580	ENSG00000168301	KCTD6	7.407	0.4196
3581	ENSG00000148143	ZNF462	2.976	0.4196
3582	ENSG00000141376	BCAS3	21.934	0.4192
3583	ENSG00000158290	CUL4B	6.775	0.4189
3584	ENSG00000130338	TULP4	5.66	0.4189
3585	ENSG00000125485	DDX31	16.148	0.4187
3586	ENSG00000101017	CD40	2.142	0.4187
3587	ENSG00000179344	HLA-DQB1	24.76	0.4186
3588	ENSG00000187987	ZSCAN23	1.349	0.4185
3589	ENSG00000196504	PRPF40A	558.493	0.4183
3590	ENSG00000163093	BBS5	8.89	0.4182
3591	ENSG00000164292	RHOBTB3	22.129	0.4181
3592	ENSG00000204764	RANBP17	2.066	0.4179
3593	ENSG00000147419	CCDC25	34.392	0.4178
3594	ENSG00000139160	ETFBKMT	1.04	0.4178
3595	ENSG00000114857	NKTR	18.699	0.4178
3596	ENSG00000122335	SERAC1	6.638	0.4178
3597	ENSG00000115524	SF3B1	27.618	0.4178
3598	ENSG00000114316	USP4	18.52	0.4177
3599	ENSG00000003147	ICA1	2.911	0.4175
3600	ENSG00000141519	CCDC40	11.798	0.4172
3601	ENSG00000164134	NAA15	31.842	0.4168
3602	ENSG00000164118	CEP44	2.636	0.4168
3603	ENSG00000125814	NAPB	1.909	0.4168
3604	ENSG00000175105	ZNF654	1.237	0.4166
3605	ENSG00000145241	CENPC	2.686	0.4165
3606	ENSG00000038382	TRIO	26.837	0.4164
3607	ENSG00000141337	ARSG	2.072	0.4162
3608	ENSG00000136205	TNS3	3.034	0.416
3609	ENSG00000115257	PCSK4	3.076	0.4154
3610	ENSG00000198380	GFPT1	2.655	0.4154
3611	ENSG00000160767	ENTREP3	34.209	0.4153
3612	ENSG00000181444	ZNF467	8.344	0.4152
3613	ENSG00000131174	COX7B	49.295	0.4149
3614	ENSG00000070540	WIPI1	4.767	0.4148
3615	ENSG00000163328	GPR155	1.806	0.4145
3616	ENSG00000198860	TSEN15	24.603	0.4143
3617	ENSG00000003056	M6PR	49.447	0.4143
3618	ENSG00000070476	ZXDC	31.882	0.4141
3619	ENSG00000134744	TUT4	37.306	0.414
3620	ENSG00000156050	FAM161B	1.725	0.414
3621	ENSG00000214413	BBIP1	6.24	0.4139
3622	ENSG00000198142	SOWAHC	4.206	0.4139
3623	ENSG00000079156	OSBPL6	5.312	0.4138
3624	ENSG00000111237	VPS29	23.002	0.4138
3625	ENSG00000003400	CASP10	3.574	0.4137
3626	ENSG00000274070	CASTOR2	13.55	0.4135
3627	ENSG00000105538	RASIP1	1.268	0.4134
3628	ENSG00000004961	HCCS	29.02	0.4134
3629	ENSG00000144649	GASK1A	2.294	0.4133
3630	ENSG00000136943	CTSV	8.196	0.4132
3631	ENSG00000119946	CNNM1	6.499	0.413
3632	ENSG00000179476	C14orf28	1.256	0.413
3633	ENSG00000107551	RASSF4	2.123	0.413
3634	ENSG00000136144	RCBTB1	1.576	0.4129
3635	ENSG00000130066	SAT1	74.852	0.4126
3636	ENSG00000107679	PLEKHA1	3.529	0.4126
3637	ENSG00000129514	FOXA1	3.658	0.4126
3638	ENSG00000113732	ATP6V0E1	14.133	0.4125
3639	ENSG00000100664	EIF5	108.767	0.4124
3640	ENSG00000099864	PALM	33.847	0.4124
3641	ENSG00000103257	SLC7A5	41.954	0.4124
3642	ENSG00000162600	OMA1	4.138	0.4123
3643	ENSG00000119185	ITGB1BP1	38.208	0.4123
3644	ENSG00000158411	MITD1	66.49	0.4117
3645	ENSG00000162572	SCNN1D	2.589	0.4117
3646	ENSG00000172273	HINFP	16.796	0.4115
3647	ENSG00000213918	DNASE1	12.812	0.4115
3648	ENSG00000160539	PLPP7	5.787	0.4112
3649	ENSG00000115839	RAB3GAP1	29.521	0.4111
3650	ENSG00000168282	MGAT2	12.655	0.411
3651	ENSG00000140521	POLG	86.957	0.411
3652	ENSG00000187860	CCDC157	5.452	0.4109
3653	ENSG00000198182	ZNF607	3.469	0.4108
3654	ENSG00000130413	STK33	3.61	0.4106
3655	ENSG00000163362	INAVA	3.654	0.4103
3656	ENSG00000215717	TMEM167B	4.642	0.4102
3657	ENSG00000197279	ZNF165	3.884	0.4102
3658	ENSG00000077254	USP33	12.242	0.4099
3659	ENSG00000146414	SHPRH	3.284	0.4099
3660	ENSG00000144426	NBEAL1	3.015	0.4099
3661	ENSG00000116266	STXBP3	70.841	0.4099
3662	ENSG00000204842	ATXN2	33.242	0.4097
3663	ENSG00000086619	ERO1B	7.698	0.4097
3664	ENSG00000136010	ALDH1L2	1.208	0.4097
3665	ENSG00000196730	DAPK1	6.934	0.4097
3666	ENSG00000148339	SLC25A25	43.707	0.4096
3667	ENSG00000170248	PDCD6IP	44.292	0.4095
3668	ENSG00000117713	ARID1A	49.829	0.4094
3669	ENSG00000132749	TESMIN	17.162	0.4094
3670	ENSG00000166908	PIP4K2C	6.814	0.4093
3671	ENSG00000066422	ZBTB11	2.988	0.4088
3672	ENSG00000076555	ACACB	4.515	0.4088
3673	ENSG00000156931	VPS8	3.487	0.4088
3674	ENSG00000166073	GPR176	3.001	0.4087
3675	ENSG00000171469	ZNF561	2.5	0.4087
3676	ENSG00000187140	FOXD3	1.964	0.4083
3677	ENSG00000135317	SNX14	1.437	0.4081
3678	ENSG00000130349	MTRES1	10.06	0.4078
3679	ENSG00000094804	CDC6	25.12	0.4077
3680	ENSG00000198898	CAPZA2	4.815	0.4075
3681	ENSG00000215421	ZNF407	4.593	0.4073
3682	ENSG00000183873	SCN5A	13.053	0.4073
3683	ENSG00000130700	GATA5	1.228	0.4072
3684	ENSG00000089060	SLC8B1	4.748	0.4072
3685	ENSG00000175348	TMEM9B	2.982	0.4072
3686	ENSG00000101574	METTL4	13.916	0.407
3687	ENSG00000133657	ATP13A3	2.949	0.4069
3688	ENSG00000137804	NUSAP1	46.461	0.4066
3689	ENSG00000136167	LCP1	2.561	0.4066
3690	ENSG00000034533	ASTE1	3.933	0.4065
3691	ENSG00000109794	FAM149A	5.624	0.4064
3692	ENSG00000167904	TMEM68	2.82	0.4063
3693	ENSG00000221914	PPP2R2A	57.772	0.4062
3694	ENSG00000103356	EARS2	33.385	0.4061
3695	ENSG00000175048	ZDHHC14	6.5	0.4061
3696	ENSG00000137834	SMAD6	19.127	0.4061
3697	ENSG00000164076	CAMKV	9.562	0.4058
3698	ENSG00000109790	KLHL5	5.933	0.4058
3699	ENSG00000105559	PLEKHA4	3.515	0.4058
3700	ENSG00000037637	FBXO42	6.257	0.4057
3701	ENSG00000108039	XPNPEP1	17.25	0.4056
3702	ENSG00000182742	HOXB4	14.118	0.4055
3703	ENSG00000138660	AP1AR	57.219	0.4054
3704	ENSG00000111331	OAS3	1.395	0.4053
3705	ENSG00000127666	TICAM1	2.824	0.4052
3706	ENSG00000197122	SRC	8.978	0.4052
3707	ENSG00000166548	TK2	11.69	0.4052
3708	ENSG00000235034	C19orf81	42.089	0.4052
3709	ENSG00000139410	SDSL	9.65	0.4051
3710	ENSG00000120925	RNF170	3.435	0.405
3711	ENSG00000105176	URI1	63.653	0.4048
3712	ENSG00000139675	HNRNPA1L2	14.112	0.4047
3713	ENSG00000105997	HOXA3	11.855	0.4045
3714	ENSG00000113456	RAD1	12.343	0.4044
3715	ENSG00000285542	ENSG00000285542	1.004	0.4044
3716	ENSG00000118257	NRP2	9.848	0.4044
3717	ENSG00000124097	HMGB1P1	1.291	0.4043
3718	ENSG00000021645	NRXN3	4.705	0.4042
3719	ENSG00000124177	CHD6	285.339	0.4042
3720	ENSG00000168310	IRF2	2.609	0.4041
3721	ENSG00000120075	HOXB5	5.446	0.4041
3722	ENSG00000141258	SGSM2	25.523	0.4041
3723	ENSG00000146426	TIAM2	2.802	0.4041
3724	ENSG00000213096	ZNF254	1.085	0.4041
3725	ENSG00000108602	ALDH3A1	2.85	0.4041
3726	ENSG00000156136	DCK	5.204	0.4039
3727	ENSG00000132963	POMP	43.433	0.4036
3728	ENSG00000164754	RAD21	42.27	0.4036
3729	ENSG00000129003	VPS13C	1.601	0.4035
3730	ENSG00000157570	TSPAN18	5.274	0.4035
3731	ENSG00000198589	LRBA	3.975	0.4035
3732	ENSG00000053770	AP5M1	7.378	0.4034
3733	ENSG00000163710	PCOLCE2	15.7	0.4033
3734	ENSG00000022267	FHL1	50.127	0.4033
3735	ENSG00000108055	SMC3	43.216	0.403
3736	ENSG00000123836	PFKFB2	1.452	0.403
3737	ENSG00000141279	NPEPPS	58.483	0.4029
3738	ENSG00000149269	PAK1	5.334	0.4029
3739	ENSG00000160392	C19orf47	21.714	0.4027
3740	ENSG00000100221	JOSD1	36.871	0.4027
3741	ENSG00000102781	KATNAL1	4.19	0.4021
3742	ENSG00000113657	DPYSL3	9.582	0.402
3743	ENSG00000100271	TTLL1	4.074	0.4018
3744	ENSG00000177302	TOP3A	17.215	0.4017
3745	ENSG00000012232	EXTL3	8.854	0.4016
3746	ENSG00000165698	SPACA9	4.826	0.4015
3747	ENSG00000119977	TCTN3	6.987	0.4015
3748	ENSG00000196586	MYO6	17.69	0.4015
3749	ENSG00000119328	ABITRAM	3.299	0.4015
3750	ENSG00000005812	FBXL3	16.578	0.4013
3751	ENSG00000141540	TTYH2	3.125	0.4013
3752	ENSG00000143355	LHX9	1.395	0.4012
3753	ENSG00000156976	EIF4A2	26.11	0.4012
3754	ENSG00000108262	GIT1	18.506	0.4011
3755	ENSG00000196418	ZNF124	2.878	0.401
3756	ENSG00000111231	GPN3	13.255	0.4009
3757	ENSG00000241127	YAE1	47.367	0.4009
3758	ENSG00000111679	PTPN6	8.764	0.4009
3759	ENSG00000130775	THEMIS2	4.23	0.4008
3760	ENSG00000091140	DLD	8.344	0.4007
3761	ENSG00000092853	CLSPN	49.853	0.4006
3762	ENSG00000101181	MTG2	57.273	0.4005
3763	ENSG00000174136	RGMB	2.619	0.4005
3764	ENSG00000101452	DHX35	5.259	0.4004
3765	ENSG00000167716	WDR81	27.826	0.4
3766	ENSG00000141458	NPC1	23.714	0.4
3767	ENSG00000112033	PPARD	11.04	0.3999
3768	ENSG00000100522	GNPNAT1	21.403	0.3999
3769	ENSG00000101236	RNF24	1.746	0.3996
3770	ENSG00000110092	CCND1	34.61	0.3995
3771	ENSG00000244045	TMEM199	39.301	0.3995
3772	ENSG00000056277	ZNF280C	1.733	0.3994
3773	ENSG00000129691	ASH2L	28.578	0.3993
3774	ENSG00000114023	FAM162A	40.66	0.3989
3775	ENSG00000147316	MCPH1	11.104	0.3986
3776	ENSG00000143457	GOLPH3L	3.34	0.3986
3777	ENSG00000170776	AKAP13	16.181	0.3986
3778	ENSG00000151746	BICD1	8.145	0.3986
3779	ENSG00000125657	TNFSF9	10.72	0.3984
3780	ENSG00000125246	CLYBL	1.14	0.3983
3781	ENSG00000163472	TMEM79	13.505	0.3983
3782	ENSG00000173588	CEP83	7.075	0.3979
3783	ENSG00000141404	GNAL	4.319	0.3977
3784	ENSG00000166444	DENND2B	15.724	0.3977
3785	ENSG00000080815	PSEN1	20.675	0.3976
3786	ENSG00000160145	KALRN	5.809	0.3975
3787	ENSG00000179528	LBX2	6.85	0.3974
3788	ENSG00000101222	SPEF1	2.23	0.3974
3789	ENSG00000164002	EXO5	5.126	0.3974
3790	ENSG00000120686	UFM1	11.83	0.3972
3791	ENSG00000104626	ERI1	16.424	0.3971
3792	ENSG00000131467	PSME3	135.962	0.397
3793	ENSG00000127980	PEX1	2.279	0.397
3794	ENSG00000139291	TMEM19	3.794	0.3968
3795	ENSG00000178343	SHISA3	1.344	0.3968
3796	ENSG00000151117	TMEM86A	3.583	0.3967
3797	ENSG00000062282	DGAT2	9.647	0.3965
3798	ENSG00000109171	SLAIN2	4.02	0.3964
3799	ENSG00000163686	ABHD6	9.533	0.3964
3800	ENSG00000167861	HID1	10.339	0.3963
3801	ENSG00000116016	EPAS1	5.835	0.3962
3802	ENSG00000186310	NAP1L3	1.657	0.3962
3803	ENSG00000130475	FCHO1	5.266	0.3962
3804	ENSG00000106609	TMEM248	20.722	0.3962
3805	ENSG00000196155	PLEKHG4	5.811	0.396
3806	ENSG00000188725	SMIM15	24.845	0.396
3807	ENSG00000107164	FUBP3	65.233	0.396
3808	ENSG00000185650	ZFP36L1	10.994	0.396
3809	ENSG00000182568	SATB1	12.578	0.3959
3810	ENSG00000114107	CEP70	4.634	0.3959
3811	ENSG00000179832	MROH1	3.403	0.3958
3812	ENSG00000046653	GPM6B	1.451	0.3958
3813	ENSG00000164619	BMPER	1.015	0.3957
3814	ENSG00000153786	ZDHHC7	22.971	0.3956
3815	ENSG00000139350	NEDD1	2.473	0.3956
3816	ENSG00000107738	VSIR	1.488	0.3954
3817	ENSG00000129696	TTI2	10.452	0.3953
3818	ENSG00000198056	PRIM1	15.536	0.3952
3819	ENSG00000167604	NFKBID	6.04	0.3951
3820	ENSG00000145476	CYP4V2	2.37	0.395
3821	ENSG00000142875	PRKACB	4.345	0.3948
3822	ENSG00000115194	SLC30A3	1.598	0.3947
3823	ENSG00000112367	FIG4	12.829	0.3946
3824	ENSG00000115392	FANCL	11.43	0.3945
3825	ENSG00000169499	PLEKHA2	1.948	0.3944
3826	ENSG00000075420	FNDC3B	2.25	0.3944
3827	ENSG00000179588	ZFPM1	7.45	0.3944
3828	ENSG00000127952	STYXL1	20.061	0.3942
3829	ENSG00000048392	RRM2B	2.864	0.3942
3830	ENSG00000183723	CMTM4	9.277	0.394
3831	ENSG00000105398	SULT2A1	1.929	0.3935
3832	ENSG00000198198	SZT2	4.335	0.3933
3833	ENSG00000122678	POLM	12.24	0.3932
3834	ENSG00000123352	SPATS2	12.47	0.3931
3835	ENSG00000116830	TTF2	28.018	0.393
3836	ENSG00000015133	CCDC88C	12.563	0.3929
3837	ENSG00000091986	CCDC80	7.837	0.3928
3838	ENSG00000159733	ZFYVE28	2.056	0.3928
3839	ENSG00000168913	ENHO	21.358	0.3928
3840	ENSG00000067064	IDI1	112.4	0.3926
3841	ENSG00000064655	EYA2	11.747	0.3926
3842	ENSG00000107295	SH3GL2	2.777	0.3926
3843	ENSG00000111666	CHPT1	32.339	0.3926
3844	ENSG00000189369	GSPT2	3.725	0.3924
3845	ENSG00000070366	SMG6	12.915	0.3922
3846	ENSG00000151135	TMEM263	24.02	0.3919
3847	ENSG00000284770	TBCE	18.656	0.3919
3848	ENSG00000143079	CTTNBP2NL	29.913	0.3919
3849	ENSG00000153201	RANBP2	7.058	0.3919
3850	ENSG00000157693	TMEM268	2.174	0.3918
3851	ENSG00000166398	GARRE1	5.465	0.3917
3852	ENSG00000272602	ZNF595	7.825	0.3916
3853	ENSG00000163297	ANTXR2	2.301	0.3916
3854	ENSG00000113119	TMCO6	22.668	0.3915
3855	ENSG00000160325	CACFD1	8.524	0.3913
3856	ENSG00000144827	ABHD10	13.758	0.3913
3857	ENSG00000088451	TGDS	5.51	0.3911
3858	ENSG00000138764	CCNG2	3.119	0.3911
3859	ENSG00000059377	TBXAS1	8.814	0.3911
3860	ENSG00000197959	DNM3	1.283	0.3911
3861	ENSG00000109184	DCUN1D4	7.485	0.391
3862	ENSG00000169814	BTD	7.417	0.3909
3863	ENSG00000151665	PIGF	11.033	0.3907
3864	ENSG00000165868	HSPA12A	5.266	0.3907
3865	ENSG00000151914	DST	18.282	0.3907
3866	ENSG00000134970	TMED7	2.682	0.3906
3867	ENSG00000185100	ADSS1	4.384	0.3906
3868	ENSG00000136870	ZNF189	2.686	0.3904
3869	ENSG00000145439	CBR4	18.298	0.3904
3870	ENSG00000166912	MTMR10	1.768	0.3904
3871	ENSG00000168454	TXNDC2	1.134	0.3904
3872	ENSG00000164053	ATRIP	15.187	0.3902
3873	ENSG00000085063	CD59	5.43	0.3902
3874	ENSG00000176946	THAP4	224.101	0.3902
3875	ENSG00000176658	MYO1D	22.166	0.39
3876	ENSG00000163083	INHBB	1.019	0.3898
3877	ENSG00000140943	MBTPS1	48.373	0.3898
3878	ENSG00000120685	PROSER1	3.959	0.3896
3879	ENSG00000141542	RAB40B	20.669	0.3896
3880	ENSG00000183655	KLHL25	3.562	0.3894
3881	ENSG00000010704	HFE	1.031	0.3893
3882	ENSG00000141298	SSH2	20.228	0.3891
3883	ENSG00000151304	SRFBP1	6.854	0.3891
3884	ENSG00000187713	TMEM203	11.322	0.3891
3885	ENSG00000120158	RCL1	98.299	0.389
3886	ENSG00000118162	KPTN	13.496	0.389
3887	ENSG00000181163	NPM1	1136.081	0.3886
3888	ENSG00000156453	PCDH1	1.965	0.3885
3889	ENSG00000181588	MEX3D	12.644	0.3885
3890	ENSG00000169599	NFU1	23.953	0.3883
3891	ENSG00000135447	PPP1R1A	14.799	0.3883
3892	ENSG00000120915	EPHX2	5.376	0.3882
3893	ENSG00000112972	HMGCS1	7.621	0.3882
3894	ENSG00000102606	ARHGEF7	8.289	0.3882
3895	ENSG00000148634	HERC4	3.292	0.3878
3896	ENSG00000182827	ACBD3	27.612	0.3876
3897	ENSG00000115942	ORC2	11.521	0.3875
3898	ENSG00000121897	LIAS	16.313	0.3875
3899	ENSG00000171813	PWWP2B	10.586	0.3875
3900	ENSG00000056998	GYG2	4.48	0.3875
3901	ENSG00000105854	PON2	4.637	0.3874
3902	ENSG00000125434	SLC25A35	4.301	0.3871
3903	ENSG00000164741	DLC1	6.039	0.387
3904	ENSG00000170266	GLB1	11.198	0.387
3905	ENSG00000112139	MDGA1	1.88	0.387
3906	ENSG00000128581	IFT22	14.981	0.3869
3907	ENSG00000228594	FNDC10	19.377	0.3868
3908	ENSG00000164124	TMEM144	2.336	0.3868
3909	ENSG00000116747	RO60	31.028	0.3867
3910	ENSG00000085415	SEH1L	20.71	0.3867
3911	ENSG00000213516	RBMXL1	7.304	0.3866
3912	ENSG00000185379	RAD51D	6.477	0.3866
3913	ENSG00000167703	SLC43A2	5.1	0.3865
3914	ENSG00000107938	EDRF1	31.836	0.3865
3915	ENSG00000181038	METTL23	14.233	0.3864
3916	ENSG00000082458	DLG3	15.354	0.3864
3917	ENSG00000100473	COCH	5.864	0.3863
3918	ENSG00000075340	ADD2	19.928	0.3862
3919	ENSG00000139737	SLAIN1	5.308	0.3861
3920	ENSG00000070778	PTPN21	2.242	0.386
3921	ENSG00000124104	SNX21	14.636	0.3859
3922	ENSG00000185436	IFNLR1	4.464	0.3859
3923	ENSG00000077782	FGFR1	50.898	0.3859
3924	ENSG00000139687	RB1	21.416	0.3858
3925	ENSG00000138279	ANXA7	18.819	0.3857
3926	ENSG00000196437	ZNF569	1.184	0.3856
3927	ENSG00000092871	RFFL	12.356	0.3855
3928	ENSG00000182481	KPNA2	77.415	0.3855
3929	ENSG00000174720	LARP7	118.423	0.3855
3930	ENSG00000174695	TMEM167A	7.348	0.3855
3931	ENSG00000187801	ZFP69B	2.357	0.3854
3932	ENSG00000008710	PKD1	13.287	0.3853
3933	ENSG00000187634	SAMD11	142.016	0.3852
3934	ENSG00000140598	EFL1	17.405	0.3852
3935	ENSG00000072310	SREBF1	18.383	0.3852
3936	ENSG00000138162	TACC2	19.081	0.3848
3937	ENSG00000197603	CPLANE1	1.523	0.3847
3938	ENSG00000115368	WDR75	6.847	0.3846
3939	ENSG00000175213	ZNF408	21.272	0.3846
3940	ENSG00000134762	DSC3	8.911	0.3844
3941	ENSG00000196421	C20orf204	2.566	0.3843
3942	ENSG00000104218	CSPP1	26.445	0.3843
3943	ENSG00000099219	ERMP1	1.587	0.3843
3944	ENSG00000042429	MED17	5.951	0.3842
3945	ENSG00000205363	INSYN1	20.309	0.3842
3946	ENSG00000266028	SRGAP2	19.141	0.3841
3947	ENSG00000109270	LAMTOR3	2.429	0.384
3948	ENSG00000147257	GPC3	31.007	0.384
3949	ENSG00000125820	NKX2-2	2.433	0.384
3950	ENSG00000158023	CFAP251	1.126	0.3839
3951	ENSG00000180089	TMEM86B	2.415	0.3839
3952	ENSG00000140939	NOL3	13.41	0.3838
3953	ENSG00000164024	METAP1	50.977	0.3835
3954	ENSG00000261884	ENSG00000261884	46.134	0.3834
3955	ENSG00000198961	PJA2	2.325	0.3834
3956	ENSG00000152404	CWF19L2	19.713	0.3834
3957	ENSG00000160888	IER2	54.331	0.3833
3958	ENSG00000180537	RNF182	1.099	0.3833
3959	ENSG00000111358	GTF2H3	33.775	0.3833
3960	ENSG00000100526	CDKN3	45.161	0.3833
3961	ENSG00000108557	RAI1	16.29	0.383
3962	ENSG00000104671	DCTN6	9.078	0.3829
3963	ENSG00000167535	CACNB3	12.954	0.3828
3964	ENSG00000113645	WWC1	36.144	0.3828
3965	ENSG00000117016	RIMS3	1.141	0.3826
3966	ENSG00000174928	C3orf33	4.491	0.3826
3967	ENSG00000125249	RAP2A	1.825	0.3825
3968	ENSG00000126790	L3HYPDH	15.502	0.3822
3969	ENSG00000135740	SLC9A5	3.033	0.3821
3970	ENSG00000172262	ZNF131	15.865	0.3821
3971	ENSG00000170871	KIAA0232	2.021	0.3821
3972	ENSG00000123240	OPTN	13.641	0.382
3973	ENSG00000137944	KYAT3	2.551	0.382
3974	ENSG00000166888	STAT6	11.973	0.3817
3975	ENSG00000272886	DCP1A	8.641	0.3815
3976	ENSG00000130590	SAMD10	5.491	0.3814
3977	ENSG00000183741	CBX6	103.452	0.3813
3978	ENSG00000160685	ZBTB7B	16.2	0.3812
3979	ENSG00000258839	MC1R	3.565	0.3811
3980	ENSG00000171604	CXXC5	17.252	0.3811
3981	ENSG00000101596	SMCHD1	4.702	0.3811
3982	ENSG00000158560	DYNC1I1	2.594	0.3811
3983	ENSG00000186141	POLR3C	12.044	0.381
3984	ENSG00000107796	ACTA2	2.04	0.381
3985	ENSG00000181031	RPH3AL	4.985	0.3808
3986	ENSG00000156170	NDUFAF6	17.191	0.3808
3987	ENSG00000065970	FOXJ2	3.992	0.3807
3988	ENSG00000169762	TAPT1	3.132	0.3806
3989	ENSG00000126773	PCNX4	3.275	0.3806
3990	ENSG00000067955	CBFB	44.051	0.3806
3991	ENSG00000148985	PGAP2	13.262	0.3805
3992	ENSG00000157111	TMEM171	1.429	0.3804
3993	ENSG00000186187	ZNRF1	10.33	0.3803
3994	ENSG00000132434	LANCL2	13.328	0.3802
3995	ENSG00000167771	RCOR2	8.789	0.3801
3996	ENSG00000172458	IL17D	1.672	0.3801
3997	ENSG00000185808	PIGP	10.821	0.3801
3998	ENSG00000141013	GAS8	112.293	0.38
3999	ENSG00000021762	OSBPL5	7.288	0.38
4000	ENSG00000064763	FAR2	4.287	0.3799
4001	ENSG00000115239	ASB3	2.016	0.3797
4002	ENSG00000171943	SRGAP2C	10.362	0.3796
4003	ENSG00000085449	WDFY1	4.477	0.3796
4004	ENSG00000126858	RHOT1	3.902	0.3795
4005	ENSG00000165195	PIGA	1.165	0.3795
4006	ENSG00000142494	SLC47A1	7.354	0.3794
4007	ENSG00000153558	FBXL2	1.038	0.3794
4008	ENSG00000164597	COG5	2.213	0.3794
4009	ENSG00000166224	SGPL1	14.21	0.3794
4010	ENSG00000113552	GNPDA1	22.349	0.3793
4011	ENSG00000165424	ZCCHC24	5.175	0.379
4012	ENSG00000080224	EPHA6	1.31	0.3789
4013	ENSG00000196814	MVB12B	3.498	0.3788
4014	ENSG00000110675	ELMOD1	2.24	0.3788
4015	ENSG00000163681	SLMAP	9.128	0.3787
4016	ENSG00000097046	CDC7	9.129	0.3787
4017	ENSG00000186448	ZNF197	4.091	0.3786
4018	ENSG00000095397	WHRN	16.198	0.3782
4019	ENSG00000178917	ZNF852	1.665	0.3781
4020	ENSG00000172667	ZMAT3	1.132	0.378
4021	ENSG00000134058	CDK7	72.742	0.3779
4022	ENSG00000198089	SFI1	24.144	0.3779
4023	ENSG00000169379	ARL13B	21.57	0.3775
4024	ENSG00000120756	PLS1	2.173	0.3775
4025	ENSG00000213079	SCAF8	4.442	0.3774
4026	ENSG00000150630	VEGFC	1.134	0.3774
4027	ENSG00000204642	HLA-F	53.217	0.3774
4028	ENSG00000130699	TAF4	10.756	0.3773
4029	ENSG00000117148	ACTL8	1.253	0.3772
4030	ENSG00000082212	ME2	3.743	0.3772
4031	ENSG00000010318	PHF7	16.991	0.3771
4032	ENSG00000166833	NAV2	1.193	0.3769
4033	ENSG00000010270	STARD3NL	14.843	0.3769
4034	ENSG00000078747	ITCH	4.875	0.3766
4035	ENSG00000109323	MANBA	12.047	0.3765
4036	ENSG00000116663	FBXO6	2.702	0.3763
4037	ENSG00000166747	AP1G1	8.694	0.3762
4038	ENSG00000168297	PXK	10.91	0.3762
4039	ENSG00000244462	RBM12	9.912	0.3757
4040	ENSG00000148814	LRRC27	13.576	0.3756
4041	ENSG00000143155	TIPRL	16.456	0.3756
4042	ENSG00000175198	PCCA	2.174	0.3755
4043	ENSG00000128564	VGF	1.19	0.3754
4044	ENSG00000140961	OSGIN1	1.407	0.3753
4045	ENSG00000182963	GJC1	13.21	0.3751
4046	ENSG00000100307	CBX7	6.635	0.3751
4047	ENSG00000101639	CEP192	3.273	0.3751
4048	ENSG00000135842	NIBAN1	3.616	0.3751
4049	ENSG00000112992	NNT	3.146	0.3749
4050	ENSG00000134909	ARHGAP32	1.475	0.3748
4051	ENSG00000057935	MTA3	17.439	0.3748
4052	ENSG00000234745	HLA-B	211.664	0.3745
4053	ENSG00000184007	PTP4A2	28.69	0.3745
4054	ENSG00000237289	CKMT1B	31.466	0.3745
4055	ENSG00000242802	AP5Z1	107.414	0.3745
4056	ENSG00000137492	THAP12	8.582	0.3745
4057	ENSG00000155367	PPM1J	6.91	0.3742
4058	ENSG00000187193	MT1X	177.69	0.3741
4059	ENSG00000112308	C6orf62	9.63	0.3741
4060	ENSG00000135424	ITGA7	4.98	0.3741
4061	ENSG00000153071	DAB2	2.071	0.3738
4062	ENSG00000162493	PDPN	41.203	0.3736
4063	ENSG00000183943	PRKX	5.316	0.3735
4064	ENSG00000134070	IRAK2	1.7	0.3734
4065	ENSG00000206077	ZDHHC11B	9.655	0.3734
4066	ENSG00000162924	REL	5.338	0.3732
4067	ENSG00000168264	IRF2BP2	55.411	0.3731
4068	ENSG00000035499	DEPDC1B	4.141	0.3729
4069	ENSG00000121064	SCPEP1	28.887	0.3728
4070	ENSG00000177943	MAMDC4	2.591	0.3728
4071	ENSG00000001617	SEMA3F	2.993	0.3727
4072	ENSG00000156313	RPGR	6.002	0.3726
4073	ENSG00000128989	ARPP19	9.601	0.3726
4074	ENSG00000056736	IL17RB	1.533	0.3726
4075	ENSG00000197713	RPE	7.315	0.3725
4076	ENSG00000206535	LNP1	4.912	0.3725
4077	ENSG00000007264	MATK	59.291	0.3724
4078	ENSG00000068971	PPP2R5B	19.674	0.3723
4079	ENSG00000154447	SH3RF1	4.029	0.3723
4080	ENSG00000145730	PAM	5.219	0.3723
4081	ENSG00000198700	IPO9	17.946	0.3722
4082	ENSG00000085276	MECOM	35.947	0.3722
4083	ENSG00000274847	MAFIP	7.643	0.3721
4084	ENSG00000116560	SFPQ	551.319	0.372
4085	ENSG00000076242	MLH1	1.896	0.3719
4086	ENSG00000184867	ARMCX2	1.841	0.3715
4087	ENSG00000120699	EXOSC8	11.612	0.3715
4088	ENSG00000128573	FOXP2	2.489	0.3715
4089	ENSG00000165757	JCAD	2.854	0.3714
4090	ENSG00000122882	ECD	16.6	0.371
4091	ENSG00000137575	SDCBP	5.808	0.371
4092	ENSG00000115318	LOXL3	5.661	0.3709
4093	ENSG00000149308	NPAT	1.415	0.3709
4094	ENSG00000146858	ZC3HAV1L	3.419	0.3709
4095	ENSG00000132589	FLOT2	127.027	0.3708
4096	ENSG00000118495	PLAGL1	10.636	0.3707
4097	ENSG00000028277	POU2F2	2.123	0.3707
4098	ENSG00000150455	TIRAP	7.856	0.3707
4099	ENSG00000120437	ACAT2	64.376	0.3706
4100	ENSG00000070081	NUCB2	39.342	0.3705
4101	ENSG00000215114	UBXN2B	3.838	0.3704
4102	ENSG00000176182	MYPOP	39.748	0.3704
4103	ENSG00000039123	MTREX	58.644	0.3702
4104	ENSG00000113734	BNIP1	131.478	0.3701
4105	ENSG00000092978	GPATCH2	4.627	0.3701
4106	ENSG00000180891	CUEDC1	48.265	0.3701
4107	ENSG00000137414	FAM8A1	10.48	0.37
4108	ENSG00000106404	CLDN15	9.313	0.37
4109	ENSG00000007341	ST7L	23.309	0.3699
4110	ENSG00000146267	FAXC	8.196	0.3699
4111	ENSG00000153179	RASSF3	7.684	0.3699
4112	ENSG00000162704	ARPC5	96.764	0.3697
4113	ENSG00000164983	TMEM65	2.426	0.3697
4114	ENSG00000142867	BCL10	6.439	0.3696
4115	ENSG00000198064	NPIPB13	7.004	0.3695
4116	ENSG00000124356	STAMBP	19.736	0.3694
4117	ENSG00000125450	NUP85	56.079	0.3694
4118	ENSG00000169684	CHRNA5	10.898	0.3692
4119	ENSG00000111859	NEDD9	1.11	0.3692
4120	ENSG00000171444	MCC	14.731	0.3691
4121	ENSG00000171492	LRRC8D	5.016	0.369
4122	ENSG00000130363	RSPH3	4.042	0.369
4123	ENSG00000101333	PLCB4	1.173	0.3688
4124	ENSG00000071205	ARHGAP10	18.567	0.3687
4125	ENSG00000171320	ESCO2	3.732	0.3684
4126	ENSG00000106993	CDC37L1	10.782	0.3684
4127	ENSG00000087448	KLHL42	9.637	0.3682
4128	ENSG00000152229	PSTPIP2	5.523	0.3679
4129	ENSG00000088367	EPB41L1	50.77	0.3675
4130	ENSG00000066735	KIF26A	11.803	0.3674
4131	ENSG00000119487	MAPKAP1	78.616	0.3673
4132	ENSG00000136932	TRMO	14.279	0.3672
4133	ENSG00000033800	PIAS1	12.574	0.3672
4134	ENSG00000083838	ZNF446	8.631	0.3671
4135	ENSG00000138095	LRPPRC	22.109	0.3671
4136	ENSG00000159423	ALDH4A1	15.074	0.3669
4137	ENSG00000165617	DACT1	3.957	0.3669
4138	ENSG00000196123	MATCAP1	11.761	0.3665
4139	ENSG00000100567	PSMA3	48.321	0.3661
4140	ENSG00000144736	SHQ1	4.81	0.3659
4141	ENSG00000163320	CGGBP1	4.955	0.3659
4142	ENSG00000183763	TRAIP	102.904	0.3659
4143	ENSG00000137573	SULF1	1.226	0.3658
4144	ENSG00000075188	NUP37	4.996	0.3658
4145	ENSG00000130758	MAP3K10	24.874	0.3658
4146	ENSG00000204920	ZNF155	2.542	0.3658
4147	ENSG00000072864	NDE1	21.521	0.3657
4148	ENSG00000204149	AGAP6	23.861	0.3657
4149	ENSG00000178947	SMIM10L2A	2.312	0.3655
4150	ENSG00000100814	CCNB1IP1	21.746	0.3654
4151	ENSG00000067191	CACNB1	6.027	0.3652
4152	ENSG00000153989	NUS1	6.025	0.3652
4153	ENSG00000204681	GABBR1	5.263	0.3649
4154	ENSG00000131089	ARHGEF9	33.913	0.3649
4155	ENSG00000046647	GEMIN8	11.89	0.3648
4156	ENSG00000171988	JMJD1C	2.561	0.3646
4157	ENSG00000119397	CNTRL	9.897	0.3645
4158	ENSG00000132846	ZBED3	1.36	0.3645
4159	ENSG00000160961	ZNF333	4.41	0.3644
4160	ENSG00000138231	DBR1	7.558	0.3644
4161	ENSG00000123095	BHLHE41	1.377	0.3644
4162	ENSG00000144134	RABL2A	17.584	0.3644
4163	ENSG00000244165	P2RY11	50.869	0.3643
4164	ENSG00000087903	RFX2	5.611	0.3642
4165	ENSG00000198003	ODAD3	5.043	0.3642
4166	ENSG00000105329	TGFB1	58.766	0.3639
4167	ENSG00000184221	OLIG1	1.009	0.3636
4168	ENSG00000172361	CFAP53	1.148	0.3634
4169	ENSG00000221916	C19orf73	22.519	0.3634
4170	ENSG00000115159	GPD2	1.673	0.3634
4171	ENSG00000008441	NFIX	24.009	0.3633
4172	ENSG00000167595	PROSER3	53.645	0.3633
4173	ENSG00000151422	FER	1.161	0.3632
4174	ENSG00000104231	ZFAND1	15.351	0.363
4175	ENSG00000155755	TMEM237	6.193	0.3629
4176	ENSG00000133943	DGLUCY	11.292	0.3628
4177	ENSG00000117758	STX12	6.397	0.3627
4178	ENSG00000168890	TMEM150A	10.164	0.3627
4179	ENSG00000083290	ULK2	2.355	0.3626
4180	ENSG00000198863	RUNDC1	12.087	0.3625
4181	ENSG00000065559	MAP2K4	2.613	0.3623
4182	ENSG00000154265	ABCA5	1.078	0.3623
4183	ENSG00000174501	ANKRD36C	4.936	0.3622
4184	ENSG00000158050	DUSP2	4.786	0.3618
4185	ENSG00000241258	CRCP	39.55	0.3618
4186	ENSG00000106351	AGFG2	10.057	0.3616
4187	ENSG00000187555	USP7	19.449	0.3616
4188	ENSG00000143797	MBOAT2	4.347	0.3616
4189	ENSG00000171970	ZNF57	2.114	0.3616
4190	ENSG00000185278	ZBTB37	1.206	0.3616
4191	ENSG00000106266	SNX8	34.224	0.3615
4192	ENSG00000170325	PRDM10	2.799	0.3615
4193	ENSG00000153395	LPCAT1	61.51	0.3614
4194	ENSG00000109689	STIM2	9.017	0.3614
4195	ENSG00000155629	PIK3AP1	1.295	0.3613
4196	ENSG00000145979	TBC1D7	18.085	0.3613
4197	ENSG00000139180	NDUFA9	38.976	0.3612
4198	ENSG00000151131	NOPCHAP1	149.255	0.3608
4199	ENSG00000214063	TSPAN4	18.838	0.3607
4200	ENSG00000075131	TIPIN	12.571	0.3605
4201	ENSG00000154856	APCDD1	1.76	0.3602
4202	ENSG00000160999	SH2B2	3.754	0.3602
4203	ENSG00000005238	ATOSB	1.185	0.3601
4204	ENSG00000106399	RPA3	21.768	0.36
4205	ENSG00000154305	MIA3	106.947	0.3597
4206	ENSG00000184661	CDCA2	12.158	0.3597
4207	ENSG00000187764	SEMA4D	3.785	0.3595
4208	ENSG00000138795	LEF1	22.028	0.3594
4209	ENSG00000139725	RHOF	8.354	0.3594
4210	ENSG00000186867	QRFPR	2.233	0.3593
4211	ENSG00000105856	HBP1	1.321	0.3593
4212	ENSG00000146083	RNF44	19.476	0.3592
4213	ENSG00000168374	ARF4	28.809	0.3591
4214	ENSG00000149054	ZNF215	2.083	0.3591
4215	ENSG00000064012	CASP8	12.391	0.3591
4216	ENSG00000175040	CHST2	2.515	0.359
4217	ENSG00000228049	POLR2J2	1.218	0.359
4218	ENSG00000251503	CENPS-CORT	47.615	0.359
4219	ENSG00000070087	PFN2	141.359	0.3589
4220	ENSG00000132199	ENOSF1	26.238	0.3588
4221	ENSG00000154473	BUB3	118.953	0.3587
4222	ENSG00000155868	MED7	1.597	0.3586
4223	ENSG00000171310	CHST11	2.232	0.3586
4224	ENSG00000112320	SOBP	7.205	0.3584
4225	ENSG00000148187	MRRF	10.399	0.3584
4226	ENSG00000151892	GFRA1	1.049	0.3582
4227	ENSG00000234545	FAM133B	198.442	0.3581
4228	ENSG00000144815	NXPE3	4.797	0.3579
4229	ENSG00000131848	ZSCAN5A	17.806	0.3577
4230	ENSG00000085224	ATRX	31.698	0.3577
4231	ENSG00000136143	SUCLA2	7.846	0.3577
4232	ENSG00000142235	LMTK3	9.649	0.3576
4233	ENSG00000167107	ACSF2	37.778	0.3576
4234	ENSG00000099785	MARCHF2	12.87	0.3575
4235	ENSG00000051341	POLQ	1.345	0.3573
4236	ENSG00000006451	RALA	18.474	0.3572
4237	ENSG00000181666	ZNF875	12.265	0.3571
4238	ENSG00000167670	CHAF1A	515.219	0.357
4239	ENSG00000198042	MAK16	3.808	0.3569
4240	ENSG00000142197	DOP1B	1.773	0.3568
4241	ENSG00000218336	TENM3	3.271	0.3563
4242	ENSG00000132016	BRME1	16.182	0.3562
4243	ENSG00000137814	HAUS2	21.123	0.3562
4244	ENSG00000113273	ARSB	3.193	0.3562
4245	ENSG00000130589	HELZ2	3.938	0.3558
4246	ENSG00000072571	HMMR	14.874	0.3558
4247	ENSG00000111727	HCFC2	1.004	0.3558
4248	ENSG00000170365	SMAD1	4.105	0.3556
4249	ENSG00000165507	DEPP1	5.205	0.3555
4250	ENSG00000159713	TPPP3	10.063	0.3555
4251	ENSG00000160051	IQCC	56.311	0.3554
4252	ENSG00000173821	RNF213	8.911	0.3553
4253	ENSG00000173918	C1QTNF1	2.228	0.3552
4254	ENSG00000167996	FTH1	573.144	0.3552
4255	ENSG00000163273	NPPC	13.382	0.3551
4256	ENSG00000183354	BRD10	4.519	0.355
4257	ENSG00000171119	NRTN	9.317	0.3549
4258	ENSG00000073331	ALPK1	1.001	0.3548
4259	ENSG00000178425	NT5DC1	13.47	0.3548
4260	ENSG00000164088	PPM1M	6.787	0.3547
4261	ENSG00000168994	PXDC1	3.976	0.3545
4262	ENSG00000215193	PEX26	10.215	0.3545
4263	ENSG00000197467	COL13A1	37.99	0.3543
4264	ENSG00000198053	SIRPA	3.339	0.3543
4265	ENSG00000178074	C2orf69	2.002	0.3542
4266	ENSG00000197363	ZNF517	2.122	0.3542
4267	ENSG00000171045	TSNARE1	5.902	0.3539
4268	ENSG00000037749	MFAP3	1.574	0.3538
4269	ENSG00000144040	SFXN5	25.821	0.3538
4270	ENSG00000054282	SDCCAG8	30.417	0.3538
4271	ENSG00000137760	ALKBH8	2.626	0.3538
4272	ENSG00000147416	ATP6V1B2	5.46	0.3535
4273	ENSG00000038219	BOD1L1	14.694	0.3535
4274	ENSG00000163510	CWC22	6.371	0.3534
4275	ENSG00000106443	PHF14	26.238	0.3534
4276	ENSG00000136098	NEK3	9.304	0.3533
4277	ENSG00000204252	HLA-DOA	2.384	0.353
4278	ENSG00000087842	PIR	9.514	0.3527
4279	ENSG00000165487	MICU2	25.738	0.3526
4280	ENSG00000187626	ZKSCAN4	3.027	0.3524
4281	ENSG00000167394	ZNF668	14.533	0.3524
4282	ENSG00000127528	KLF2	2.629	0.3524
4283	ENSG00000108387	SEPTIN4	2.973	0.3523
4284	ENSG00000105810	CDK6	2.43	0.3523
4285	ENSG00000118276	B4GALT6	2.073	0.3522
4286	ENSG00000115464	USP34	1.786	0.3522
4287	ENSG00000169139	UBE2V2	14.999	0.3522
4288	ENSG00000064042	LIMCH1	7.138	0.3522
4289	ENSG00000157227	MMP14	1.293	0.3521
4290	ENSG00000189376	C8orf76	10.795	0.3521
4291	ENSG00000119899	SLC17A5	8.034	0.3519
4292	ENSG00000101608	MYL12A	67.404	0.3518
4293	ENSG00000135919	SERPINE2	6.109	0.3518
4294	ENSG00000029364	SLC39A9	5.605	0.3517
4295	ENSG00000069956	MAPK6	2.033	0.3517
4296	ENSG00000168502	MTCL1	10.834	0.3516
4297	ENSG00000089737	DDX24	204.984	0.3516
4298	ENSG00000174137	FAM53A	2.847	0.3516
4299	ENSG00000148175	STOM	7.08	0.3515
4300	ENSG00000282933	RHOXF1P3	9.179	0.3514
4301	ENSG00000125843	AP5S1	11.428	0.3513
4302	ENSG00000092421	SEMA6A	15.067	0.3512
4303	ENSG00000179532	DNHD1	1.543	0.3512
4304	ENSG00000175066	GK5	9.542	0.3509
4305	ENSG00000171368	TPPP	2.008	0.3509
4306	ENSG00000176407	KCMF1	4.32	0.3506
4307	ENSG00000104763	ASAH1	12.71	0.3503
4308	ENSG00000182108	DEXI	82.726	0.3503
4309	ENSG00000154639	CXADR	6.285	0.3502
4310	ENSG00000175787	ZNF169	1.729	0.3502
4311	ENSG00000101773	RBBP8	33.656	0.3499
4312	ENSG00000126581	BECN1	49.926	0.3499
4313	ENSG00000176273	SLC35G1	3.629	0.3498
4314	ENSG00000228696	ARL17B	6.739	0.3498
4315	ENSG00000146842	TMEM209	3.543	0.3498
4316	ENSG00000029534	ANK1	1.695	0.3496
4317	ENSG00000112531	QKI	25.086	0.3494
4318	ENSG00000178821	TMEM52	58.217	0.3492
4319	ENSG00000176842	IRX5	18.701	0.3492
4320	ENSG00000160570	DEDD2	26.039	0.3491
4321	ENSG00000198408	OGA	14.982	0.3491
4322	ENSG00000021776	AQR	2.566	0.3489
4323	ENSG00000102904	TSNAXIP1	2.693	0.3488
4324	ENSG00000109079	TNFAIP1	10.51	0.3488
4325	ENSG00000181061	HIGD1A	19.697	0.3487
4326	ENSG00000138092	CENPO	22.312	0.3486
4327	ENSG00000104983	CCDC61	6.669	0.3485
4328	ENSG00000184500	PROS1	1.024	0.3485
4329	ENSG00000155760	FZD7	3.598	0.3485
4330	ENSG00000198791	CNOT7	35.287	0.3484
4331	ENSG00000257704	INAFM1	11.938	0.3484
4332	ENSG00000100564	PIGH	16.472	0.3484
4333	ENSG00000128872	TMOD2	1.5	0.3482
4334	ENSG00000169246	NPIPB3	117.893	0.3481
4335	ENSG00000164331	ANKRA2	9.651	0.348
4336	ENSG00000060642	PIGV	1.187	0.3479
4337	ENSG00000272772	ENSG00000272772	13.025	0.3478
4338	ENSG00000187867	PALM3	44.921	0.3477
4339	ENSG00000144749	LRIG1	7.696	0.3477
4340	ENSG00000204381	LAYN	8.451	0.3476
4341	ENSG00000099958	DERL3	33.083	0.3476
4342	ENSG00000117174	ZNHIT6	16.709	0.3476
4343	ENSG00000184160	ADRA2C	18.201	0.3476
4344	ENSG00000064703	DDX20	10.342	0.3475
4345	ENSG00000152904	GGPS1	5.729	0.3475
4346	ENSG00000197757	HOXC6	18.939	0.3474
4347	ENSG00000142675	CNKSR1	2.174	0.3474
4348	ENSG00000103342	GSPT1	109.094	0.3473
4349	ENSG00000170917	NUDT6	2.471	0.3472
4350	ENSG00000116661	FBXO2	6.675	0.3468
4351	ENSG00000204599	TRIM39	15.255	0.3467
4352	ENSG00000166689	PLEKHA7	4.745	0.3467
4353	ENSG00000213123	DYNLT2B	20.716	0.3465
4354	ENSG00000067182	TNFRSF1A	18.249	0.3465
4355	ENSG00000152217	SETBP1	1.119	0.3464
4356	ENSG00000106066	CPVL	13.702	0.3464
4357	ENSG00000100418	DESI1	93.374	0.3463
4358	ENSG00000055917	PUM2	3.429	0.3463
4359	ENSG00000244486	SCARF2	12.308	0.3461
4360	ENSG00000162676	GFI1	2.198	0.346
4361	ENSG00000183891	TTC32	12.156	0.346
4362	ENSG00000119965	C10orf88	2.837	0.3459
4363	ENSG00000197019	SERTAD1	6.496	0.3458
4364	ENSG00000107554	DNMBP	1.968	0.3458
4365	ENSG00000147905	ZCCHC7	18.799	0.3455
4366	ENSG00000115520	COQ10B	11.88	0.3455
4367	ENSG00000112599	GUCA1B	1.116	0.3455
4368	ENSG00000115020	PIKFYVE	1.724	0.3453
4369	ENSG00000068650	ATP11A	2.245	0.3453
4370	ENSG00000138182	KIF20B	17.747	0.3453
4371	ENSG00000182973	CNOT10	29.476	0.3453
4372	ENSG00000163006	CCDC138	7.733	0.3451
4373	ENSG00000179331	RAB39A	2.294	0.3449
4374	ENSG00000167578	RAB4B	10.996	0.3449
4375	ENSG00000105376	ICAM5	5.985	0.3447
4376	ENSG00000140382	HMG20A	22.019	0.3447
4377	ENSG00000111596	CNOT2	6.321	0.3445
4378	ENSG00000157933	SKI	40.58	0.3443
4379	ENSG00000160058	BSDC1	57.832	0.3443
4380	ENSG00000144840	RABL3	2.344	0.3442
4381	ENSG00000188266	HYKK	5.27	0.3441
4382	ENSG00000146122	DAAM2	5.497	0.344
4383	ENSG00000122884	P4HA1	2.259	0.3439
4384	ENSG00000163607	GTPBP8	16.25	0.3439
4385	ENSG00000090975	PITPNM2	1.864	0.3438
4386	ENSG00000177889	UBE2N	39.931	0.3437
4387	ENSG00000184281	TSSC4	206.967	0.3437
4388	ENSG00000156298	TSPAN7	5.316	0.3437
4389	ENSG00000213246	SUPT4H1	44.013	0.3436
4390	ENSG00000144647	POMGNT2	11.239	0.3435
4391	ENSG00000160801	PTH1R	20.037	0.3434
4392	ENSG00000171163	ZNF692	34.111	0.3433
4393	ENSG00000164347	GFM2	5.615	0.3433
4394	ENSG00000082781	ITGB5	19.029	0.3432
4395	ENSG00000260916	CCPG1	4.298	0.343
4396	ENSG00000182670	TTC3	27.375	0.3429
4397	ENSG00000155096	AZIN1	3.629	0.3426
4398	ENSG00000087008	ACOX3	8.511	0.3424
4399	ENSG00000126368	NR1D1	3.411	0.3423
4400	ENSG00000101972	STAG2	26.31	0.3422
4401	ENSG00000271303	SRXN1	31.15	0.342
4402	ENSG00000148219	ASTN2	1.304	0.342
4403	ENSG00000168505	GBX2	4.151	0.342
4404	ENSG00000137880	GCHFR	25.081	0.3419
4405	ENSG00000121989	ACVR2A	4.108	0.3419
4406	ENSG00000131831	RAI2	2.427	0.3419
4407	ENSG00000184058	TBX1	53.233	0.3418
4408	ENSG00000104723	TUSC3	10.31	0.3417
4409	ENSG00000158457	TSPAN33	42.172	0.3417
4410	ENSG00000134253	TRIM45	3.551	0.3416
4411	ENSG00000185829	ARL17A	18.059	0.3413
4412	ENSG00000130304	SLC27A1	2.831	0.3412
4413	ENSG00000117155	SSX2IP	3.521	0.3412
4414	ENSG00000104427	ZC2HC1A	1.374	0.3411
4415	ENSG00000136044	APPL2	6.902	0.3411
4416	ENSG00000128923	MINDY2	8.603	0.3409
4417	ENSG00000127124	HIVEP3	1.938	0.3408
4418	ENSG00000104957	YJU2B	65.04	0.3408
4419	ENSG00000139263	LRIG3	3.059	0.3408
4420	ENSG00000138829	FBN2	2.576	0.3406
4421	ENSG00000104613	INTS10	77.848	0.3406
4422	ENSG00000183828	NUDT14	22.452	0.3403
4423	ENSG00000090661	CERS4	20.606	0.3402
4424	ENSG00000170949	ZNF160	7.422	0.3402
4425	ENSG00000186063	AIDA	6.988	0.34
4426	ENSG00000088854	DNAAF9	2.897	0.3398
4427	ENSG00000144674	GOLGA4	14.681	0.3395
4428	ENSG00000167264	DUS2	27.023	0.3395
4429	ENSG00000197375	SLC22A5	4.791	0.3394
4430	ENSG00000126261	UBA2	70.792	0.3393
4431	ENSG00000105664	COMP	3.046	0.3393
4432	ENSG00000154127	UBASH3B	1.368	0.3393
4433	ENSG00000109906	ZBTB16	2.828	0.3392
4434	ENSG00000130544	ZNF557	5.214	0.3392
4435	ENSG00000197943	PLCG2	3.833	0.3392
4436	ENSG00000131650	KREMEN2	3.645	0.3392
4437	ENSG00000187609	EXD3	10.273	0.339
4438	ENSG00000184307	ZDHHC23	1.65	0.3389
4439	ENSG00000196535	MYO18A	61.404	0.3389
4440	ENSG00000171227	TMEM37	3.619	0.3388
4441	ENSG00000121101	TEX14	1.011	0.3387
4442	ENSG00000137171	KLC4	37.283	0.3387
4443	ENSG00000015676	NUDCD3	24.22	0.3386
4444	ENSG00000056097	ZFR	18.048	0.3384
4445	ENSG00000138617	PARP16	9.651	0.3382
4446	ENSG00000168077	SCARA3	2.344	0.3381
4447	ENSG00000012048	BRCA1	34.165	0.3381
4448	ENSG00000072415	PALS1	3.782	0.3381
4449	ENSG00000123411	IKZF4	1.53	0.3379
4450	ENSG00000113593	PPWD1	32.468	0.3379
4451	ENSG00000182985	CADM1	45.635	0.3378
4452	ENSG00000138069	RAB1A	57.788	0.3377
4453	ENSG00000166261	ZNF202	6.994	0.3376
4454	ENSG00000189362	NEMP2	1.141	0.3375
4455	ENSG00000181135	ZNF707	27.939	0.3374
4456	ENSG00000100644	HIF1A	5.006	0.3374
4457	ENSG00000085365	SCAMP1	2.957	0.3373
4458	ENSG00000197256	KANK2	42.186	0.3373
4459	ENSG00000112182	BACH2	1.374	0.3373
4460	ENSG00000104691	UBXN8	31.944	0.3372
4461	ENSG00000073969	NSF	4.538	0.3371
4462	ENSG00000033030	ZCCHC8	3.861	0.337
4463	ENSG00000070367	EXOC5	13.296	0.3367
4464	ENSG00000185361	TNFAIP8L1	5.379	0.3366
4465	ENSG00000140992	PDPK1	14.715	0.3366
4466	ENSG00000087085	ACHE	1.163	0.3366
4467	ENSG00000149761	NUDT22	54.044	0.3364
4468	ENSG00000183765	CHEK2	39.973	0.3363
4469	ENSG00000103064	SLC7A6	7.406	0.3363
4470	ENSG00000100345	MYH9	373.492	0.3362
4471	ENSG00000167371	PRRT2	4.415	0.3362
4472	ENSG00000140157	NIPA2	18.074	0.3361
4473	ENSG00000196150	ZNF250	10.433	0.3361
4474	ENSG00000182175	RGMA	7.171	0.3361
4475	ENSG00000122912	SLC25A16	3.051	0.336
4476	ENSG00000156411	ATP5MJ	111.208	0.3359
4477	ENSG00000154914	USP43	1.251	0.3356
4478	ENSG00000183426	NPIPA1	14.994	0.3356
4479	ENSG00000165338	HECTD2	1.748	0.3355
4480	ENSG00000052126	PLEKHA5	8.591	0.3355
4481	ENSG00000152683	SLC30A6	3.756	0.3355
4482	ENSG00000188878	FBF1	27.309	0.3355
4483	ENSG00000072110	ACTN1	89.754	0.3354
4484	ENSG00000131187	F12	10.666	0.3352
4485	ENSG00000140830	TXNL4B	11.691	0.3352
4486	ENSG00000108375	RNF43	6.372	0.3352
4487	ENSG00000069702	TGFBR3	2.471	0.335
4488	ENSG00000132821	VSTM2L	1.76	0.335
4489	ENSG00000074695	LMAN1	15.757	0.3349
4490	ENSG00000170381	SEMA3E	1.316	0.3349
4491	ENSG00000117122	MFAP2	57.456	0.3348
4492	ENSG00000006377	DLX6	6.276	0.3347
4493	ENSG00000123353	ORMDL2	4.891	0.3347
4494	ENSG00000102935	ZNF423	1.503	0.3347
4495	ENSG00000181404	WASHC1	74.466	0.3346
4496	ENSG00000122550	KLHL7	47.578	0.3346
4497	ENSG00000128791	TWSG1	5.838	0.3345
4498	ENSG00000142892	PIGK	2.772	0.3344
4499	ENSG00000198604	BAZ1A	97.132	0.3344
4500	ENSG00000151718	WWC2	10.977	0.3344
4501	ENSG00000162624	LHX8	1.684	0.3342
4502	ENSG00000123595	RAB9A	21.459	0.3338
4503	ENSG00000122482	ZNF644	12.858	0.3336
4504	ENSG00000197696	NMB	32.331	0.3333
4505	ENSG00000101883	RHOXF1	7.593	0.3333
4506	ENSG00000173258	ZNF483	1.445	0.3332
4507	ENSG00000163520	FBLN2	1.166	0.3332
4508	ENSG00000241489	ENSG00000241489	1.857	0.3332
4509	ENSG00000131188	PRR7	43.446	0.333
4510	ENSG00000087095	NLK	4.395	0.3329
4511	ENSG00000284308	C2orf81	1.452	0.3328
4512	ENSG00000179943	FIZ1	6.438	0.3327
4513	ENSG00000100519	PSMC6	12.257	0.3327
4514	ENSG00000138777	PPA2	34.384	0.3326
4515	ENSG00000068796	KIF2A	8.802	0.3326
4516	ENSG00000165475	CRYL1	5.108	0.3325
4517	ENSG00000123213	NLN	12.096	0.3325
4518	ENSG00000119402	FBXW2	8.4	0.3324
4519	ENSG00000171223	JUNB	14.037	0.3323
4520	ENSG00000160285	LSS	20.623	0.3322
4521	ENSG00000278662	GOLGA6L10	15.084	0.3322
4522	ENSG00000136158	SPRY2	4.116	0.3321
4523	ENSG00000162341	TPCN2	6.868	0.332
4524	ENSG00000044459	CNTLN	14.635	0.3319
4525	ENSG00000165714	BORCS5	2.764	0.3317
4526	ENSG00000145860	RNF145	5.178	0.3316
4527	ENSG00000109674	NEIL3	4.515	0.3315
4528	ENSG00000183856	IQGAP3	7.16	0.3314
4529	ENSG00000112304	ACOT13	5.615	0.3313
4530	ENSG00000138600	SPPL2A	1.774	0.3313
4531	ENSG00000110871	COQ5	66.728	0.3312
4532	ENSG00000180801	ARSJ	1.738	0.3311
4533	ENSG00000119599	DCAF4	17.5	0.3311
4534	ENSG00000100376	FAM118A	76.964	0.3309
4535	ENSG00000130830	MPP1	34.629	0.3309
4536	ENSG00000185339	TCN2	2.199	0.3309
4537	ENSG00000188313	PLSCR1	10.962	0.3308
4538	ENSG00000077713	SLC25A43	2.38	0.3307
4539	ENSG00000108187	PBLD	3.128	0.3305
4540	ENSG00000070404	FSTL3	7.924	0.3305
4541	ENSG00000117650	NEK2	19.536	0.3305
4542	ENSG00000135622	SEMA4F	2.623	0.3305
4543	ENSG00000204128	C2orf72	2.01	0.3304
4544	ENSG00000170989	S1PR1	1.024	0.3304
4545	ENSG00000131378	RFTN1	4.36	0.3303
4546	ENSG00000162636	EEIG2	2.196	0.3302
4547	ENSG00000083896	YTHDC1	299.301	0.3302
4548	ENSG00000108588	CCDC47	35.635	0.3302
4549	ENSG00000176783	RUFY1	126.305	0.33
4550	ENSG00000100711	ZFYVE21	29.674	0.3299
4551	ENSG00000179859	RNF227	39.377	0.3299
4552	ENSG00000169955	ZNF747	17.746	0.3298
4553	ENSG00000010404	IDS	4.5	0.3298
4554	ENSG00000118507	AKAP7	4.94	0.3298
4555	ENSG00000171928	TVP23B	3.118	0.3298
4556	ENSG00000166887	VPS39	9.659	0.3297
4557	ENSG00000180447	GAS1	8.608	0.3296
4558	ENSG00000168228	ZCCHC4	7.791	0.3295
4559	ENSG00000204954	UQCC6	45.467	0.3294
4560	ENSG00000126216	TUBGCP3	10.72	0.3294
4561	ENSG00000204120	GIGYF2	50.449	0.3293
4562	ENSG00000131503	ANKHD1	36.575	0.3293
4563	ENSG00000182141	ZNF708	3.202	0.3292
4564	ENSG00000127125	PPCS	29.452	0.329
4565	ENSG00000130283	GDF1	4.365	0.329
4566	ENSG00000120693	SMAD9	3.103	0.3289
4567	ENSG00000240771	ARHGEF25	45.895	0.3288
4568	ENSG00000137266	SLC22A23	4.028	0.3286
4569	ENSG00000224470	ATXN1L	3.051	0.3286
4570	ENSG00000174276	ZNHIT2	161.377	0.3286
4571	ENSG00000112419	PHACTR2	14.268	0.3283
4572	ENSG00000175106	TVP23C	9.819	0.3283
4573	ENSG00000096654	ZNF184	1.375	0.3282
4574	ENSG00000186866	POFUT2	20.526	0.328
4575	ENSG00000182117	NOP10	34.735	0.328
4576	ENSG00000131508	UBE2D2	42.374	0.328
4577	ENSG00000141232	TOB1	8.919	0.328
4578	ENSG00000119411	BSPRY	1.496	0.3277
4579	ENSG00000108510	MED13	1.616	0.3277
4580	ENSG00000166734	GOLM2	32.279	0.3276
4581	ENSG00000143756	FBXO28	12.472	0.3276
4582	ENSG00000119396	RAB14	6.178	0.3275
4583	ENSG00000170270	GON7	11.08	0.3274
4584	ENSG00000156973	PDE6D	23.6	0.3274
4585	ENSG00000151491	EPS8	2.874	0.3274
4586	ENSG00000162928	PEX13	8.031	0.3273
4587	ENSG00000170364	SETMAR	2.862	0.327
4588	ENSG00000005700	IBTK	1.95	0.327
4589	ENSG00000188419	CHM	1.316	0.3269
4590	ENSG00000101911	PRPS2	33.188	0.3269
4591	ENSG00000075089	ACTR6	5.305	0.3268
4592	ENSG00000065911	MTHFD2	35.403	0.3266
4593	ENSG00000134255	CEPT1	5.426	0.3265
4594	ENSG00000095587	TLL2	1.268	0.3264
4595	ENSG00000167680	SEMA6B	1.512	0.326
4596	ENSG00000004399	PLXND1	15.347	0.326
4597	ENSG00000180329	CCDC43	43.077	0.326
4598	ENSG00000119723	COQ6	10.123	0.326
4599	ENSG00000141446	ESCO1	4.006	0.326
4600	ENSG00000139684	ESD	11.915	0.3259
4601	ENSG00000149679	CABLES2	5.972	0.3259
4602	ENSG00000182372	CLN8	6.185	0.3259
4603	ENSG00000143437	ARNT	13.15	0.3259
4604	ENSG00000179021	C3orf38	3.745	0.3257
4605	ENSG00000146376	ARHGAP18	1.06	0.3257
4606	ENSG00000106355	LSM5	22.18	0.3254
4607	ENSG00000173442	EHBP1L1	3.872	0.3254
4608	ENSG00000107362	ABHD17B	3.584	0.3253
4609	ENSG00000101746	NOL4	1.093	0.3253
4610	ENSG00000033100	CHPF2	18.873	0.3251
4611	ENSG00000183691	NOG	1.951	0.3251
4612	ENSG00000205189	ZBTB10	4.305	0.3249
4613	ENSG00000166821	PEX11A	4.348	0.3249
4614	ENSG00000167779	IGFBP6	8.873	0.3249
4615	ENSG00000182400	TRAPPC6B	29.032	0.3248
4616	ENSG00000133878	DUSP26	2.407	0.3248
4617	ENSG00000140092	FBLN5	6.713	0.3248
4618	ENSG00000151348	EXT2	7.481	0.3246
4619	ENSG00000115365	LANCL1	1.615	0.3246
4620	ENSG00000104219	ZDHHC2	1.056	0.3246
4621	ENSG00000108423	TUBD1	7.423	0.3245
4622	ENSG00000135333	EPHA7	2.798	0.3245
4623	ENSG00000115866	DARS1	78.331	0.3244
4624	ENSG00000163624	CDS1	3.466	0.3244
4625	ENSG00000131779	PEX11B	6.79	0.3243
4626	ENSG00000185621	LMLN	1.442	0.3243
4627	ENSG00000178104	PDE4DIP	13.565	0.3242
4628	ENSG00000166579	NDEL1	16.013	0.3241
4629	ENSG00000116062	MSH6	20.623	0.3241
4630	ENSG00000106537	TSPAN13	5.532	0.3241
4631	ENSG00000105426	PTPRS	71.749	0.3238
4632	ENSG00000130147	SH3BP4	8.66	0.3236
4633	ENSG00000141750	STAC2	2.867	0.3234
4634	ENSG00000124067	SLC12A4	14.177	0.3233
4635	ENSG00000172239	PAIP1	12.521	0.3232
4636	ENSG00000152556	PFKM	43.857	0.3231
4637	ENSG00000048991	R3HDM1	21.356	0.323
4638	ENSG00000182168	UNC5C	1.781	0.3229
4639	ENSG00000187735	TCEA1	124.083	0.3229
4640	ENSG00000113742	CPEB4	1.872	0.3226
4641	ENSG00000143374	TARS2	311.384	0.3226
4642	ENSG00000183044	ABAT	3.894	0.3226
4643	ENSG00000106052	TAX1BP1	20.79	0.3226
4644	ENSG00000146555	SDK1	7.089	0.3226
4645	ENSG00000156398	SFXN2	11.635	0.3225
4646	ENSG00000102981	PARD6A	3.57	0.3224
4647	ENSG00000147642	SYBU	5.507	0.3224
4648	ENSG00000264058	ENSG00000264058	1.041	0.3222
4649	ENSG00000197299	BLM	23.152	0.3221
4650	ENSG00000156802	ATAD2	4.786	0.322
4651	ENSG00000151748	SAV1	17.389	0.3219
4652	ENSG00000053747	LAMA3	4.01	0.3219
4653	ENSG00000160972	PPP1R16A	25.306	0.3219
4654	ENSG00000254536	ENSG00000254536	2.951	0.3219
4655	ENSG00000173818	ENDOV	30.178	0.3218
4656	ENSG00000114737	CISH	2.861	0.3216
4657	ENSG00000196372	ASB13	32.275	0.3215
4658	ENSG00000100784	RPS6KA5	4.959	0.3214
4659	ENSG00000126217	MCF2L	3.29	0.3214
4660	ENSG00000163138	PACRGL	22.72	0.3213
4661	ENSG00000172409	CLP1	6.744	0.3212
4662	ENSG00000166851	PLK1	116.746	0.3212
4663	ENSG00000145740	SLC30A5	41.122	0.3211
4664	ENSG00000125388	GRK4	7.55	0.321
4665	ENSG00000213780	GTF2H4	36.495	0.321
4666	ENSG00000121413	ZSCAN18	5.369	0.321
4667	ENSG00000141252	VPS53	28.058	0.3209
4668	ENSG00000136560	TANK	10.917	0.3209
4669	ENSG00000123689	G0S2	37.784	0.3209
4670	ENSG00000153898	MCOLN2	4.278	0.3207
4671	ENSG00000225190	PLEKHM1	10.985	0.3207
4672	ENSG00000196236	XPNPEP3	8.36	0.3205
4673	ENSG00000158863	FHIP2B	12.605	0.3203
4674	ENSG00000158711	ELK4	1.363	0.3203
4675	ENSG00000171456	ASXL1	23.379	0.3203
4676	ENSG00000096070	BRPF3	14.59	0.3203
4677	ENSG00000130224	LRCH2	1.752	0.3201
4678	ENSG00000112541	PDE10A	1.487	0.3201
4679	ENSG00000151014	NOCT	11.964	0.3201
4680	ENSG00000085511	MAP3K4	6.213	0.32
4681	ENSG00000204186	ZDBF2	1.168	0.32
4682	ENSG00000162542	TMCO4	6.923	0.32
4683	ENSG00000101413	RPRD1B	11.07	0.3199
4684	ENSG00000146247	PHIP	19.373	0.3198
4685	ENSG00000132781	MUTYH	32.036	0.3198
4686	ENSG00000116574	RHOU	7.076	0.3197
4687	ENSG00000176454	LPCAT4	17.724	0.3197
4688	ENSG00000118508	RAB32	9.143	0.3196
4689	ENSG00000117791	MTARC2	3.822	0.3195
4690	ENSG00000186635	ARAP1	43.706	0.3194
4691	ENSG00000096401	CDC5L	13.417	0.3192
4692	ENSG00000197323	TRIM33	4.046	0.3191
4693	ENSG00000023041	ZDHHC6	10.477	0.3191
4694	ENSG00000065883	CDK13	13.766	0.319
4695	ENSG00000007968	E2F2	17.434	0.319
4696	ENSG00000170571	EMB	2.466	0.3189
4697	ENSG00000170468	RIOX1	1.798	0.3189
4698	ENSG00000242574	HLA-DMB	2.435	0.3189
4699	ENSG00000134138	MEIS2	22.776	0.3187
4700	ENSG00000175573	C11orf68	8.18	0.3187
4701	ENSG00000081087	OSTM1	3.455	0.3187
4702	ENSG00000138111	MFSD13A	21.833	0.3187
4703	ENSG00000105662	CRTC1	33.519	0.3186
4704	ENSG00000155508	CNOT8	28.286	0.3185
4705	ENSG00000235106	BRD3OS	7.335	0.3185
4706	ENSG00000165410	CFL2	14.397	0.3184
4707	ENSG00000091947	TMEM101	157.63	0.3183
4708	ENSG00000143416	SELENBP1	10.368	0.3182
4709	ENSG00000106125	MINDY4	3.123	0.3182
4710	ENSG00000179314	WSCD1	9.281	0.3181
4711	ENSG00000241839	PLEKHO2	2.2	0.3181
4712	ENSG00000132950	ZMYM5	3.17	0.318
4713	ENSG00000112319	EYA4	3.821	0.318
4714	ENSG00000143382	ADAMTSL4	1.022	0.318
4715	ENSG00000104883	PEX11G	15.04	0.3179
4716	ENSG00000151292	CSNK1G3	9.596	0.3179
4717	ENSG00000173273	TNKS	1.987	0.3178
4718	ENSG00000039319	ZFYVE16	1.85	0.3177
4719	ENSG00000278023	RDM1	14.658	0.3176
4720	ENSG00000136371	MTHFS	29.404	0.3176
4721	ENSG00000267001	ENSG00000267001	35.817	0.3176
4722	ENSG00000144567	RETREG2	32.315	0.3175
4723	ENSG00000197381	ADARB1	13.971	0.3175
4724	ENSG00000142082	SIRT3	10.333	0.3174
4725	ENSG00000140259	MFAP1	17.43	0.3174
4726	ENSG00000106689	LHX2	3.286	0.3173
4727	ENSG00000160679	CHTOP	629.596	0.3173
4728	ENSG00000196072	BLOC1S2	9.893	0.3173
4729	ENSG00000100281	HMGXB4	139.367	0.3173
4730	ENSG00000113597	TRAPPC13	3.898	0.3172
4731	ENSG00000158161	EYA3	3.882	0.3171
4732	ENSG00000113272	THG1L	16.47	0.3171
4733	ENSG00000114988	LMAN2L	9.294	0.3171
4734	ENSG00000174842	GLMN	6.053	0.317
4735	ENSG00000187266	EPOR	2.294	0.3168
4736	ENSG00000254093	PINX1	147.402	0.3168
4737	ENSG00000113318	MSH3	21.182	0.3168
4738	ENSG00000171302	CANT1	20.166	0.3168
4739	ENSG00000128602	SMO	21.585	0.3167
4740	ENSG00000181045	SLC26A11	14.626	0.3167
4741	ENSG00000166848	TERF2IP	97.348	0.3166
4742	ENSG00000182919	C11orf54	1.86	0.3166
4743	ENSG00000205143	ARID3C	1.155	0.3166
4744	ENSG00000117318	ID3	179.242	0.3165
4745	ENSG00000129083	COPB1	14.828	0.3165
4746	ENSG00000111300	NAA25	3.776	0.3165
4747	ENSG00000219481	NBPF1	4.954	0.3165
4748	ENSG00000123643	SLC36A1	2.987	0.3164
4749	ENSG00000163166	IWS1	61.338	0.3163
4750	ENSG00000092096	SLC22A17	5.776	0.3163
4751	ENSG00000288675	PANO1	2.809	0.3162
4752	ENSG00000135387	CAPRIN1	131.318	0.316
4753	ENSG00000170653	ATF7	16.881	0.316
4754	ENSG00000085721	RRN3	16.341	0.3159
4755	ENSG00000205659	LIN52	10.234	0.3158
4756	ENSG00000106031	HOXA13	3.514	0.3158
4757	ENSG00000173264	GPR137	57.711	0.3158
4758	ENSG00000158458	NRG2	15.308	0.3158
4759	ENSG00000164332	UBLCP1	5.276	0.3158
4760	ENSG00000166823	MESP1	21.637	0.3157
4761	ENSG00000176907	TCIM	3.861	0.3155
4762	ENSG00000103671	TRIP4	9.333	0.3154
4763	ENSG00000121900	TMEM54	23.663	0.3154
4764	ENSG00000081721	DUSP12	21.198	0.3151
4765	ENSG00000198807	PAX9	1.69	0.3151
4766	ENSG00000163904	SENP2	42.788	0.315
4767	ENSG00000138604	GLCE	3.355	0.315
4768	ENSG00000148344	PTGES	9.49	0.315
4769	ENSG00000162591	MEGF6	1.247	0.3148
4770	ENSG00000059588	TARBP1	21.286	0.3147
4771	ENSG00000148835	TAF5	4.951	0.3146
4772	ENSG00000196712	NF1	4.736	0.3146
4773	ENSG00000243725	TTC4	19.892	0.3144
4774	ENSG00000134508	CABLES1	47.32	0.3143
4775	ENSG00000126870	DYNC2I1	413.716	0.3142
4776	ENSG00000068724	TTC7A	6.113	0.3141
4777	ENSG00000103194	USP10	34.315	0.3139
4778	ENSG00000158092	NCK1	7.587	0.3139
4779	ENSG00000133704	IPO8	19.306	0.3138
4780	ENSG00000101447	FAM83D	7.896	0.3138
4781	ENSG00000172500	FIBP	99.805	0.3138
4782	ENSG00000144597	EAF1	6.707	0.3137
4783	ENSG00000020426	MNAT1	49.983	0.3137
4784	ENSG00000272047	GTF2H5	34.055	0.3136
4785	ENSG00000260007	ENSG00000260007	18.273	0.3136
4786	ENSG00000138136	LBX1	3.673	0.3135
4787	ENSG00000183060	LYSMD4	6.127	0.3134
4788	ENSG00000118523	CCN2	1.007	0.3134
4789	ENSG00000213889	PPM1N	28.499	0.3133
4790	ENSG00000138650	PCDH10	5.225	0.3133
4791	ENSG00000163508	EOMES	3.165	0.3132
4792	ENSG00000204516	MICB	2.164	0.3131
4793	ENSG00000068097	HEATR6	9.813	0.3131
4794	ENSG00000137845	ADAM10	28.111	0.313
4795	ENSG00000152457	DCLRE1C	4.023	0.3129
4796	ENSG00000170153	RNF150	1.945	0.3129
4797	ENSG00000116863	ADPRS	74.172	0.3128
4798	ENSG00000160959	LRRC14	29.835	0.3126
4799	ENSG00000124140	SLC12A5	42.772	0.3125
4800	ENSG00000188211	NCR3LG1	4.931	0.3125
4801	ENSG00000131013	PPIL4	20.253	0.3125
4802	ENSG00000105829	BET1	30.495	0.3121
4803	ENSG00000100949	RABGGTA	43.776	0.312
4804	ENSG00000205476	CCDC85C	50.812	0.312
4805	ENSG00000155090	KLF10	4.082	0.3119
4806	ENSG00000010539	ZNF200	3.847	0.3119
4807	ENSG00000173402	DAG1	17.572	0.3119
4808	ENSG00000156876	SASS6	5.124	0.3119
4809	ENSG00000188647	PTAR1	1.16	0.3118
4810	ENSG00000152767	FARP1	14.561	0.3118
4811	ENSG00000111371	SLC38A1	4.869	0.3118
4812	ENSG00000090905	TNRC6A	94.691	0.3115
4813	ENSG00000155666	KDM8	7.911	0.3115
4814	ENSG00000139233	LLPH	30.268	0.3114
4815	ENSG00000181481	RNF135	10.523	0.3113
4816	ENSG00000263956	NBPF11	7.428	0.3111
4817	ENSG00000160336	ZNF761	5.686	0.3111
4818	ENSG00000002919	SNX11	9.938	0.311
4819	ENSG00000111261	MANSC1	2.728	0.311
4820	ENSG00000091490	SEL1L3	2.575	0.311
4821	ENSG00000087206	UIMC1	44.204	0.3108
4822	ENSG00000165030	NFIL3	1.867	0.3108
4823	ENSG00000104299	INTS9	6.201	0.3107
4824	ENSG00000005339	CREBBP	20.949	0.3106
4825	ENSG00000214336	FOXI3	1.438	0.3106
4826	ENSG00000186318	BACE1	6.837	0.3106
4827	ENSG00000185000	DGAT1	14.734	0.3106
4828	ENSG00000133627	ACTR3B	12.35	0.3106
4829	ENSG00000115827	DCAF17	2.445	0.3105
4830	ENSG00000175832	ETV4	1.06	0.3104
4831	ENSG00000138614	INTS14	18.454	0.3103
4832	ENSG00000182612	TSPAN10	5.933	0.3102
4833	ENSG00000235750	KIAA0040	2.634	0.3102
4834	ENSG00000174989	FBXW8	6.876	0.3102
4835	ENSG00000150477	KIAA1328	5.213	0.3102
4836	ENSG00000117000	RLF	1.352	0.3099
4837	ENSG00000182580	EPHB3	5.109	0.3099
4838	ENSG00000171204	TMEM126B	16.666	0.3099
4839	ENSG00000196584	XRCC2	17.928	0.3099
4840	ENSG00000179933	C14orf119	4.659	0.3099
4841	ENSG00000133112	TPT1	705.885	0.3098
4842	ENSG00000165238	WNK2	81.499	0.3097
4843	ENSG00000152147	GEMIN6	26.322	0.3095
4844	ENSG00000133028	SCO1	100.926	0.3091
4845	ENSG00000176055	MBLAC2	1.111	0.3091
4846	ENSG00000198919	DZIP3	11.132	0.3091
4847	ENSG00000132286	TIMM10B	29.215	0.309
4848	ENSG00000173889	PHC3	1.036	0.309
4849	ENSG00000109265	CRACD	11.52	0.309
4850	ENSG00000184304	PRKD1	2.827	0.309
4851	ENSG00000116117	PARD3B	2.53	0.309
4852	ENSG00000109944	JHY	3.024	0.3086
4853	ENSG00000108094	CUL2	4.98	0.3086
4854	ENSG00000124532	MRS2	12.054	0.3085
4855	ENSG00000106852	LHX6	2.535	0.3085
4856	ENSG00000156831	NSMCE2	15.273	0.3084
4857	ENSG00000146085	MMUT	2.229	0.3084
4858	ENSG00000119655	NPC2	81.017	0.3084
4859	ENSG00000180304	OAZ2	208.219	0.3084
4860	ENSG00000182923	CEP63	10.208	0.3083
4861	ENSG00000141198	TOM1L1	4.344	0.3082
4862	ENSG00000147894	C9orf72	1.041	0.3081
4863	ENSG00000243156	MICAL3	23.594	0.3081
4864	ENSG00000101665	SMAD7	12.078	0.308
4865	ENSG00000151923	TIAL1	30.014	0.308
4866	ENSG00000107105	ELAVL2	1.649	0.3079
4867	ENSG00000163162	RNF149	9.778	0.3079
4868	ENSG00000047188	YTHDC2	2.524	0.3078
4869	ENSG00000123358	NR4A1	10.976	0.3078
4870	ENSG00000197961	ZNF121	7.164	0.3078
4871	ENSG00000184378	ACTRT3	1.186	0.3078
4872	ENSG00000167447	SMG8	4.048	0.3077
4873	ENSG00000133131	MORC4	3.416	0.3077
4874	ENSG00000173715	TOP6BL	6.67	0.3074
4875	ENSG00000137831	UACA	8.629	0.3073
4876	ENSG00000235863	B3GALT4	1.051	0.3069
4877	ENSG00000120318	ARAP3	1.233	0.3069
4878	ENSG00000196968	FUT11	12.36	0.3068
4879	ENSG00000147862	NFIB	4.092	0.3068
4880	ENSG00000181544	FANCB	1.069	0.3067
4881	ENSG00000123739	PLA2G12A	11.052	0.3067
4882	ENSG00000076356	PLXNA2	4.205	0.3066
4883	ENSG00000152193	OBI1	6.01	0.3066
4884	ENSG00000184363	PKP3	1.984	0.3066
4885	ENSG00000100167	SEPTIN3	3.557	0.3064
4886	ENSG00000165660	ABRAXAS2	2.872	0.3064
4887	ENSG00000150776	NKAPD1	58.179	0.3064
4888	ENSG00000164778	EN2	103.284	0.3063
4889	ENSG00000257365	FNTB	12.89	0.3061
4890	ENSG00000100364	KIAA0930	82.779	0.306
4891	ENSG00000075711	DLG1	3.963	0.306
4892	ENSG00000115828	QPCT	4.822	0.306
4893	ENSG00000131480	AOC2	1.722	0.306
4894	ENSG00000198951	NAGA	12.668	0.3059
4895	ENSG00000113356	POLR3G	36.374	0.3059
4896	ENSG00000064102	INTS13	17.871	0.3059
4897	ENSG00000062716	VMP1	6.561	0.3058
4898	ENSG00000128274	A4GALT	14.335	0.3058
4899	ENSG00000154710	RABGEF1	5.119	0.3057
4900	ENSG00000187790	FANCM	2.446	0.3055
4901	ENSG00000162614	NEXN	14.92	0.3055
4902	ENSG00000139266	MARCHF9	24.9	0.3054
4903	ENSG00000109381	ELF2	5.727	0.3054
4904	ENSG00000174943	KCTD13	18.458	0.3054
4905	ENSG00000164506	STXBP5	1.506	0.3053
4906	ENSG00000158987	RAPGEF6	1.354	0.3053
4907	ENSG00000224578	HNRNPA1L3	5.489	0.3052
4908	ENSG00000128294	TPST2	6.623	0.305
4909	ENSG00000141499	WRAP53	45.008	0.305
4910	ENSG00000101000	PROCR	16.546	0.305
4911	ENSG00000163626	COX18	9.962	0.305
4912	ENSG00000125630	POLR1B	13.901	0.3049
4913	ENSG00000088832	FKBP1A	268.554	0.3049
4914	ENSG00000171443	ZNF524	11.358	0.3047
4915	ENSG00000161914	ZNF653	53.054	0.3047
4916	ENSG00000111203	ITFG2	37.819	0.3047
4917	ENSG00000099622	CIRBP	551.694	0.3046
4918	ENSG00000186638	KIF24	2.779	0.3046
4919	ENSG00000128654	MTX2	16.158	0.3045
4920	ENSG00000165548	TMEM63C	3.024	0.3045
4921	ENSG00000147400	CETN2	13.776	0.3045
4922	ENSG00000257093	DENND11	4.074	0.3044
4923	ENSG00000115840	SLC25A12	3.394	0.3043
4924	ENSG00000165983	PTER	1.887	0.3041
4925	ENSG00000165684	SNAPC4	32.13	0.3041
4926	ENSG00000174799	CEP135	11.453	0.3041
4927	ENSG00000149636	DSN1	22.434	0.304
4928	ENSG00000105647	PIK3R2	100.035	0.304
4929	ENSG00000135631	RAB11FIP5	3.854	0.304
4930	ENSG00000113328	CCNG1	21.72	0.304
4931	ENSG00000126603	GLIS2	1.76	0.304
4932	ENSG00000141968	VAV1	14.254	0.3039
4933	ENSG00000162402	USP24	4.446	0.3037
4934	ENSG00000189337	KAZN	7.815	0.3036
4935	ENSG00000134824	FADS2	48.295	0.3034
4936	ENSG00000196284	SUPT3H	5.088	0.3034
4937	ENSG00000125676	THOC2	165.829	0.3034
4938	ENSG00000164011	ZNF691	30.219	0.3033
4939	ENSG00000166987	MBD6	26.736	0.3033
4940	ENSG00000136352	NKX2-1	3.481	0.3033
4941	ENSG00000185946	RNPC3	18.099	0.3033
4942	ENSG00000054267	ARID4B	28.187	0.3031
4943	ENSG00000163811	WDR43	39.769	0.3031
4944	ENSG00000102554	KLF5	7.933	0.3028
4945	ENSG00000143515	ATP8B2	39.105	0.3026
4946	ENSG00000080546	SESN1	2.044	0.3026
4947	ENSG00000124302	CHST8	2.895	0.3026
4948	ENSG00000173013	CFAP184	8.776	0.3024
4949	ENSG00000134901	POGLUT2	2.081	0.3024
4950	ENSG00000084112	SSH1	6.69	0.3023
4951	ENSG00000155229	MMS19	53.692	0.3023
4952	ENSG00000119865	CNRIP1	3.436	0.3023
4953	ENSG00000149599	DUSP15	4.48	0.3023
4954	ENSG00000166012	TAF1D	98.314	0.3022
4955	ENSG00000106070	GRB10	12.924	0.3022
4956	ENSG00000133619	KRBA1	21.235	0.3022
4957	ENSG00000241697	TMEFF1	7.188	0.3021
4958	ENSG00000129534	MIS18BP1	6.773	0.302
4959	ENSG00000122824	NUDT10	4.81	0.302
4960	ENSG00000180370	PAK2	7.368	0.302
4961	ENSG00000075891	PAX2	7.825	0.3018
4962	ENSG00000163644	PPM1K	14.823	0.3017
4963	ENSG00000250317	SMIM20	21.619	0.3017
4964	ENSG00000170852	KBTBD2	1.255	0.3016
4965	ENSG00000148411	NACC2	5.424	0.3014
4966	ENSG00000163888	CAMK2N2	12.455	0.3014
4967	ENSG00000141753	IGFBP4	4.555	0.3014
4968	ENSG00000197563	PIGN	3.576	0.3014
4969	ENSG00000167699	GLOD4	55.783	0.3014
4970	ENSG00000068078	FGFR3	25.342	0.3013
4971	ENSG00000166924	NYAP1	1.199	0.3012
4972	ENSG00000144741	SLC25A26	16.701	0.3012
4973	ENSG00000114744	COMMD2	6.985	0.3011
4974	ENSG00000165644	COMTD1	109.939	0.3011
4975	ENSG00000107077	KDM4C	10.127	0.3011
4976	ENSG00000133138	TBC1D8B	1.387	0.3009
4977	ENSG00000163635	ATXN7	5.868	0.3009
4978	ENSG00000198000	NOL8	64.323	0.3006
4979	ENSG00000156603	MED19	65.707	0.3006
4980	ENSG00000160113	NR2F6	70.687	0.3005
4981	ENSG00000129480	DTD2	22.388	0.3004
4982	ENSG00000168394	TAP1	10.972	0.3003
4983	ENSG00000146278	PNRC1	34.839	0.3003
4984	ENSG00000198876	DCAF12	5.211	0.3003
4985	ENSG00000198363	ASPH	22.272	0.3002
4986	ENSG00000257727	CNPY2	455.065	0.3002
4987	ENSG00000112144	CILK1	1.954	0.3
4988	ENSG00000269897	COMMD3-BMI1	46.843	0.3
4989	ENSG00000135074	ADAM19	2.034	0.2999
4990	ENSG00000138750	NUP54	9.104	0.2999
4991	ENSG00000125827	TMX4	19.905	0.2998
4992	ENSG00000214309	MBLAC1	9.952	0.2997
4993	ENSG00000171056	SOX7	1.046	0.2997
4994	ENSG00000064607	SUGP2	138.348	0.2995
4995	ENSG00000167994	RAB3IL1	9.209	0.2995
4996	ENSG00000145945	FAM50B	9.74	0.2994
4997	ENSG00000143379	SETDB1	19.361	0.2994
4998	ENSG00000145545	SRD5A1	1.759	0.2991
4999	ENSG00000112339	HBS1L	42.882	0.2991
5000	ENSG00000087157	PGS1	13.936	0.299
