gene_id	symbol	min_over_methods_mean_log2cpm	rank
ENSG00000074800	ENO1	11.5223	1
ENSG00000111640	GAPDH	11.4822	2
ENSG00000204628	RACK1	11.3885	3
ENSG00000184009	ACTG1	11.351	4
ENSG00000254772	EEF1G	11.3192	5
ENSG00000187514	PTMA	11.0885	6
ENSG00000135486	HNRNPA1	11.0575	7
ENSG00000065978	YBX1	11.0145	8
ENSG00000096384	HSP90AB1	10.8383	9
ENSG00000075624	ACTB	10.7914	10
ENSG00000161960	EIF4A1	10.632	11
ENSG00000170315	UBB	10.5974	12
ENSG00000196230	TUBB	10.4637	13
ENSG00000156508	EEF1A1	10.3955	14
ENSG00000115053	NCL	10.3804	15
ENSG00000142864	SERBP1	10.3792	16
ENSG00000123416	TUBA1B	10.3701	17
ENSG00000149925	ALDOA	10.3004	18
ENSG00000143799	PARP1	10.1787	19
ENSG00000111669	TPI1	10.1376	20
ENSG00000087460	GNAS	10.0509	21
ENSG00000122566	HNRNPA2B1	10.0075	22
ENSG00000198830	HMGN2	10.0055	23
ENSG00000166165	CKB	9.8902	24
ENSG00000128272	ATF4	9.8214	25
ENSG00000132507	EIF5A	9.8211	26
ENSG00000196531	NACA	9.7756	27
ENSG00000133112	TPT1	9.6839	28
ENSG00000167978	SRRM2	9.6154	29
ENSG00000067225	PKM	9.6142	30
ENSG00000104904	OAZ1	9.6103	31
ENSG00000167658	EEF2	9.5949	32
ENSG00000147140	NONO	9.5759	33
ENSG00000170515	PA2G4	9.5136	34
ENSG00000125835	SNRPB	9.5105	35
ENSG00000150991	UBC	9.4729	36
ENSG00000080824	HSP90AA1	9.4334	37
ENSG00000196419	XRCC6	9.3741	38
ENSG00000115677	HDLBP	9.3508	39
ENSG00000240972	MIF	9.3458	40
ENSG00000069275	NUCKS1	9.344	41
ENSG00000108424	KPNB1	9.3417	42
ENSG00000243678	NME2	9.3389	43
ENSG00000221983	UBA52	9.2995	44
ENSG00000204256	BRD2	9.2876	45
ENSG00000084623	EIF3I	9.2819	46
ENSG00000129351	ILF3	9.2389	47
ENSG00000143761	ARF1	9.2286	48
ENSG00000153187	HNRNPU	9.2213	49
ENSG00000099901	RANBP1	9.2076	50
ENSG00000292334	SLC25A6	9.1891	51
ENSG00000070756	PABPC1	9.1877	52
ENSG00000111642	CHD4	9.17	53
ENSG00000102317	RBM3	9.168	54
ENSG00000181163	NPM1	9.1671	55
ENSG00000205581	HMGN1	9.1484	56
ENSG00000169230	PRELID1	9.1477	57
ENSG00000105202	FBL	9.1455	58
ENSG00000135624	CCT7	9.1302	59
ENSG00000197111	PCBP2	9.1115	60
ENSG00000167085	PHB1	9.1084	61
ENSG00000108518	PFN1	9.0848	62
ENSG00000149136	SSRP1	9.0837	63
ENSG00000167553	TUBA1C	9.0525	64
ENSG00000106682	EIF4H	9.0518	65
ENSG00000163468	CCT3	9.0285	66
ENSG00000179010	MRFAP1	9.0006	67
ENSG00000109971	HSPA8	8.9949	68
ENSG00000099783	HNRNPM	8.983	69
ENSG00000108561	C1QBP	8.9709	70
ENSG00000197451	HNRNPAB	8.9663	71
ENSG00000119335	SET	8.9662	72
ENSG00000124795	DEK	8.9631	73
ENSG00000092621	PHGDH	8.9624	74
ENSG00000239672	NME1	8.9446	75
ENSG00000145741	BTF3	8.9428	76
ENSG00000155506	LARP1	8.9226	77
ENSG00000213923	CSNK1E	8.8747	78
ENSG00000101361	NOP56	8.8548	79
ENSG00000103495	MAZ	8.8514	80
ENSG00000178952	TUFM	8.8345	81
ENSG00000166508	MCM7	8.7913	82
ENSG00000011304	PTBP1	8.7898	83
ENSG00000116560	SFPQ	8.7684	84
ENSG00000114942	EEF1B2	8.7675	85
ENSG00000189403	HMGB1	8.7498	86
ENSG00000152795	HNRNPDL	8.7477	87
ENSG00000060138	YBX3	8.6934	88
ENSG00000128050	PAICS	8.6932	89
ENSG00000111786	SRSF9	8.6932	90
ENSG00000165119	HNRNPK	8.671	91
ENSG00000147274	RBMX	8.6687	92
ENSG00000165280	VCP	8.6674	93
ENSG00000171314	PGAM1	8.652	94
ENSG00000205937	RNPS1	8.6399	95
ENSG00000167996	FTH1	8.6366	96
ENSG00000114867	EIF4G1	8.6315	97
ENSG00000188229	TUBB4B	8.6253	98
ENSG00000132475	H3-3B	8.6091	99
ENSG00000161547	SRSF2	8.5916	100
ENSG00000089220	PEBP1	8.5726	101
ENSG00000072501	SMC1A	8.5645	102
ENSG00000063046	EIF4B	8.5545	103
ENSG00000087365	SF3B2	8.5465	104
ENSG00000143321	HDGF	8.5442	105
ENSG00000146701	MDH2	8.5302	106
ENSG00000149806	FAU	8.5231	107
ENSG00000131143	COX4I1	8.5202	108
ENSG00000196262	PPIA	8.502	109
ENSG00000107581	EIF3A	8.4882	110
ENSG00000108953	YWHAE	8.4808	111
ENSG00000172757	CFL1	8.4719	112
ENSG00000130816	DNMT1	8.4719	113
ENSG00000070814	TCOF1	8.4604	114
ENSG00000106153	CHCHD2	8.4492	115
ENSG00000253729	PRKDC	8.4443	116
ENSG00000142168	SOD1	8.4434	117
ENSG00000145912	NHP2	8.4412	118
ENSG00000150753	CCT5	8.4359	119
ENSG00000167815	PRDX2	8.4313	120
ENSG00000228716	DHFR	8.4096	121
ENSG00000089280	FUS	8.405	122
ENSG00000138668	HNRNPD	8.404	123
ENSG00000087086	FTL	8.3983	124
ENSG00000104529	EEF1D	8.3954	125
ENSG00000166681	BEX3	8.3842	126
ENSG00000100353	EIF3D	8.3751	127
ENSG00000121774	KHDRBS1	8.375	128
ENSG00000184110	EIF3C	8.3734	129
ENSG00000143549	TPM3	8.3697	130
ENSG00000105323	HNRNPUL1	8.369	131
ENSG00000166197	NOLC1	8.368	132
ENSG00000092199	HNRNPC	8.3628	133
ENSG00000160200	CBS	8.3571	134
ENSG00000084207	GSTP1	8.3558	135
ENSG00000123562	MORF4L2	8.3547	136
ENSG00000143420	ENSA	8.3462	137
ENSG00000111775	COX6A1	8.3415	138
ENSG00000169710	FASN	8.3413	139
ENSG00000166913	YWHAB	8.3407	140
ENSG00000065000	AP3D1	8.3391	141
ENSG00000115241	PPM1G	8.3387	142
ENSG00000004455	AK2	8.337	143
ENSG00000125743	SNRPD2	8.3217	144
ENSG00000136938	ANP32B	8.3127	145
ENSG00000105220	GPI	8.2982	146
ENSG00000126602	TRAP1	8.2875	147
ENSG00000130726	TRIM28	8.2873	148
ENSG00000108106	UBE2S	8.286	149
ENSG00000101182	PSMA7	8.2853	150
ENSG00000170144	HNRNPA3	8.2825	151
ENSG00000106263	EIF3B	8.2817	152
ENSG00000130985	UBA1	8.2745	153
ENSG00000178035	IMPDH2	8.272	154
ENSG00000127616	SMARCA4	8.2689	155
ENSG00000147955	SIGMAR1	8.256	156
ENSG00000010256	UQCRC1	8.2415	157
ENSG00000092841	MYL6	8.239	158
ENSG00000184216	IRAK1	8.2386	159
ENSG00000127184	COX7C	8.2381	160
ENSG00000100380	ST13	8.2314	161
ENSG00000117523	PRRC2C	8.2309	162
ENSG00000125977	EIF2S2	8.2303	163
ENSG00000149547	EI24	8.2294	164
ENSG00000163399	ATP1A1	8.2045	165
ENSG00000166794	PPIB	8.2017	166
ENSG00000179091	CYC1	8.2013	167
ENSG00000009307	CSDE1	8.1985	168
ENSG00000125944	HNRNPR	8.1902	169
ENSG00000101057	MYBL2	8.1882	170
ENSG00000112118	MCM3	8.1836	171
ENSG00000144381	HSPD1	8.1789	172
ENSG00000089685	BIRC5	8.1768	173
ENSG00000135316	SYNCRIP	8.1753	174
ENSG00000130811	EIF3G	8.1711	175
ENSG00000185624	P4HB	8.1669	176
ENSG00000169045	HNRNPH1	8.1623	177
ENSG00000133124	IRS4	8.1591	178
ENSG00000105281	SLC1A5	8.1473	179
ENSG00000165283	STOML2	8.145	180
ENSG00000230989	HSBP1	8.1365	181
ENSG00000135829	DHX9	8.1359	182
ENSG00000100836	PABPN1	8.126	183
ENSG00000099817	POLR2E	8.1165	184
ENSG00000169564	PCBP1	8.1068	185
ENSG00000196642	RABL6	8.1028	186
ENSG00000204463	BAG6	8.0967	187
ENSG00000173473	SMARCC1	8.0779	188
ENSG00000089693	MLF2	8.0695	189
ENSG00000110651	CD81	8.0564	190
ENSG00000167088	SNRPD1	8.0479	191
ENSG00000160208	RRP1B	8.0454	192
ENSG00000173726	TOMM20	8.043	193
ENSG00000172534	HCFC1	8.0345	194
ENSG00000132780	NASP	8.0325	195
ENSG00000026025	VIM	8.032	196
ENSG00000173674	EIF1AX	8.0253	197
ENSG00000263001	GTF2I	8.0221	198
ENSG00000130520	LSM4	8.0176	199
ENSG00000130204	TOMM40	8.0122	200
ENSG00000099341	PSMD8	8.0078	201
ENSG00000110958	PTGES3	8.0065	202
ENSG00000182944	EWSR1	8.0003	203
ENSG00000167986	DDB1	7.9961	204
ENSG00000185825	BCAP31	7.9932	205
ENSG00000161203	AP2M1	7.9791	206
ENSG00000009954	BAZ1B	7.9791	207
ENSG00000134684	YARS1	7.9778	208
ENSG00000100401	RANGAP1	7.9716	209
ENSG00000034510	TMSB10	7.9686	210
ENSG00000167468	GPX4	7.9621	211
ENSG00000100823	APEX1	7.9497	212
ENSG00000288701	PRRC2B	7.9473	213
ENSG00000184840	TMED9	7.9425	214
ENSG00000169223	LMAN2	7.9387	215
ENSG00000090273	NUDC	7.9326	216
ENSG00000215021	PHB2	7.9226	217
ENSG00000136240	KDELR2	7.9208	218
ENSG00000173457	PPP1R14B	7.9206	219
ENSG00000132341	RAN	7.9141	220
ENSG00000173660	UQCRH	7.9059	221
ENSG00000204388	HSPA1B	7.8974	222
ENSG00000100804	PSMB5	7.8966	223
ENSG00000100714	MTHFD1	7.8938	224
ENSG00000154277	UCHL1	7.8937	225
ENSG00000100813	ACIN1	7.8903	226
ENSG00000131473	ACLY	7.8842	227
ENSG00000143569	UBAP2L	7.8814	228
ENSG00000116161	CACYBP	7.8807	229
ENSG00000113648	MACROH2A1	7.8683	230
ENSG00000065526	SPEN	7.8646	231
ENSG00000265241	RBM8A	7.8499	232
ENSG00000088986	DYNLL1	7.8403	233
ENSG00000104738	MCM4	7.8387	234
ENSG00000135390	ATP5MC2	7.8369	235
ENSG00000171490	RSL1D1	7.8336	236
ENSG00000100216	TOMM22	7.8297	237
ENSG00000090621	PABPC4	7.82	238
ENSG00000116649	SRM	7.8176	239
ENSG00000130741	EIF2S3	7.817	240
ENSG00000005022	SLC25A5	7.8169	241
ENSG00000101444	AHCY	7.815	242
ENSG00000033050	ABCF2	7.8059	243
ENSG00000179115	FARSA	7.7989	244
ENSG00000206503	HLA-A	7.7946	245
ENSG00000204525	HLA-C	7.7927	246
ENSG00000141522	ARHGDIA	7.7926	247
ENSG00000029993	HMGB3	7.7893	248
ENSG00000164032	H2AZ1	7.7891	249
ENSG00000125991	ERGIC3	7.7776	250
ENSG00000086758	HUWE1	7.7755	251
ENSG00000160818	GPATCH4	7.7737	252
ENSG00000136450	SRSF1	7.7726	253
ENSG00000124562	SNRPC	7.7674	254
ENSG00000106105	GARS1	7.7568	255
ENSG00000089053	ANAPC5	7.7517	256
ENSG00000031698	SARS1	7.7513	257
ENSG00000131462	TUBG1	7.7502	258
ENSG00000187109	NAP1L1	7.7491	259
ENSG00000102898	NUTF2	7.7442	260
ENSG00000168066	SF1	7.7427	261
ENSG00000100243	CYB5R3	7.7417	262
ENSG00000117399	CDC20	7.7374	263
ENSG00000143870	PDIA6	7.7282	264
ENSG00000163479	SSR2	7.7264	265
ENSG00000090861	AARS1	7.7261	266
ENSG00000103549	RNF40	7.7239	267
ENSG00000183741	CBX6	7.7191	268
ENSG00000141698	NT5C3B	7.7177	269
ENSG00000197102	DYNC1H1	7.7147	270
ENSG00000177479	ARIH2	7.7123	271
ENSG00000105197	TIMM50	7.7116	272
ENSG00000165732	DDX21	7.7101	273
ENSG00000133026	MYH10	7.7094	274
ENSG00000204574	ABCF1	7.7088	275
ENSG00000116754	SRSF11	7.7051	276
ENSG00000108654	DDX5	7.7023	277
ENSG00000183207	RUVBL2	7.6957	278
ENSG00000071655	MBD3	7.6939	279
ENSG00000117724	CENPF	7.6936	280
ENSG00000140990	NDUFB10	7.6929	281
ENSG00000147649	MTDH	7.6924	282
ENSG00000147677	EIF3H	7.6921	283
ENSG00000165916	PSMC3	7.691	284
ENSG00000189241	TSPYL1	7.69	285
ENSG00000102054	RBBP7	7.6887	286
ENSG00000169718	DUS1L	7.6856	287
ENSG00000189306	RRP7A	7.685	288
ENSG00000123131	PRDX4	7.6842	289
ENSG00000175166	PSMD2	7.681	290
ENSG00000182551	ADI1	7.6803	291
ENSG00000160752	FDPS	7.678	292
ENSG00000143612	C1orf43	7.6719	293
ENSG00000168003	SLC3A2	7.6717	294
ENSG00000172531	PPP1CA	7.6688	295
ENSG00000168653	NDUFS5	7.6674	296
ENSG00000163902	RPN1	7.6644	297
ENSG00000115541	HSPE1	7.661	298
ENSG00000133226	SRRM1	7.6601	299
ENSG00000102030	NAA10	7.6557	300
ENSG00000100138	SNU13	7.6556	301
ENSG00000185651	UBE2L3	7.6534	302
ENSG00000140319	SRP14	7.6508	303
ENSG00000178741	COX5A	7.6471	304
ENSG00000178982	EIF3K	7.6464	305
ENSG00000151465	CDC123	7.6444	306
ENSG00000166136	NDUFB8	7.644	307
ENSG00000204843	DCTN1	7.6411	308
ENSG00000179222	MAGED1	7.6385	309
ENSG00000132382	MYBBP1A	7.6363	310
ENSG00000047849	MAP4	7.6307	311
ENSG00000130826	DKC1	7.6305	312
ENSG00000159140	SON	7.6283	313
ENSG00000117395	EBNA1BP2	7.6273	314
ENSG00000013306	SLC25A39	7.6205	315
ENSG00000135446	CDK4	7.6093	316
ENSG00000004478	FKBP4	7.6092	317
ENSG00000172270	BSG	7.6083	318
ENSG00000125166	GOT2	7.6069	319
ENSG00000292348	CD99	7.6035	320
ENSG00000136238	RAC1	7.602	321
ENSG00000108829	LRRC59	7.5992	322
ENSG00000065427	KARS1	7.5967	323
ENSG00000110104	CCDC86	7.5961	324
ENSG00000164104	HMGB2	7.5949	325
ENSG00000100811	YY1	7.5905	326
ENSG00000112081	SRSF3	7.5888	327
ENSG00000054118	THRAP3	7.5885	328
ENSG00000206053	JPT2	7.5868	329
ENSG00000165655	ZNF503	7.5811	330
ENSG00000140264	SERF2	7.5807	331
ENSG00000168259	DNAJC7	7.5806	332
ENSG00000110696	C11orf58	7.5773	333
ENSG00000087191	PSMC5	7.5741	334
ENSG00000239900	ADSL	7.5718	335
ENSG00000006744	ELAC2	7.5655	336
ENSG00000185787	MORF4L1	7.5626	337
ENSG00000143543	JTB	7.5623	338
ENSG00000167522	ANKRD11	7.5611	339
ENSG00000142230	SAE1	7.5551	340
ENSG00000163041	H3-3A	7.553	341
ENSG00000172053	QARS1	7.5464	342
ENSG00000168090	COPS6	7.545	343
ENSG00000173113	TRMT112	7.5355	344
ENSG00000106628	POLD2	7.533	345
ENSG00000144028	SNRNP200	7.5297	346
ENSG00000232112	TMA7	7.5281	347
ENSG00000134333	LDHA	7.5274	348
ENSG00000100201	DDX17	7.527	349
ENSG00000084754	HADHA	7.5258	350
ENSG00000126067	PSMB2	7.525	351
ENSG00000122705	CLTA	7.522	352
ENSG00000101856	PGRMC1	7.5212	353
ENSG00000100413	POLR3H	7.521	354
ENSG00000177156	TALDO1	7.5192	355
ENSG00000143575	HAX1	7.5143	356
ENSG00000146731	CCT6A	7.512	357
ENSG00000167670	CHAF1A	7.5076	358
ENSG00000126247	CAPNS1	7.5013	359
ENSG00000135404	CD63	7.4935	360
ENSG00000179958	DCTPP1	7.491	361
ENSG00000116478	HDAC1	7.4849	362
ENSG00000076108	BAZ2A	7.4818	363
ENSG00000198931	APRT	7.4775	364
ENSG00000137409	MTCH1	7.473	365
ENSG00000154380	ENAH	7.4726	366
ENSG00000198900	TOP1	7.4699	367
ENSG00000179262	RAD23A	7.4698	368
ENSG00000180879	SSR4	7.4666	369
ENSG00000111229	ARPC3	7.4652	370
ENSG00000163931	TKT	7.4611	371
ENSG00000159217	IGF2BP1	7.4589	372
ENSG00000104824	HNRNPL	7.4572	373
ENSG00000148248	SURF4	7.4518	374
ENSG00000109332	UBE2D3	7.4513	375
ENSG00000184787	UBE2G2	7.4501	376
ENSG00000157020	SEC13	7.45	377
ENSG00000108883	EFTUD2	7.4485	378
ENSG00000087269	NOP14	7.4481	379
ENSG00000103266	STUB1	7.4475	380
ENSG00000130706	ADRM1	7.4444	381
ENSG00000144021	CIAO1	7.4439	382
ENSG00000099622	CIRBP	7.4439	383
ENSG00000096746	HNRNPH3	7.4427	384
ENSG00000130821	SLC6A8	7.4404	385
ENSG00000008838	MED24	7.4398	386
ENSG00000126934	MAP2K2	7.438	387
ENSG00000004142	POLDIP2	7.4353	388
ENSG00000160201	U2AF1	7.4323	389
ENSG00000125818	PSMF1	7.43	390
ENSG00000136930	PSMB7	7.429	391
ENSG00000075415	SLC25A3	7.4262	392
ENSG00000100345	MYH9	7.4231	393
ENSG00000127022	CANX	7.4208	394
ENSG00000127884	ECHS1	7.4144	395
ENSG00000276043	UHRF1	7.4059	396
ENSG00000168268	NT5DC2	7.4058	397
ENSG00000035141	FAM136A	7.4045	398
ENSG00000111716	LDHB	7.4006	399
ENSG00000148773	MKI67	7.3994	400
ENSG00000149187	CELF1	7.3993	401
ENSG00000166164	BRD7	7.3963	402
ENSG00000116288	PARK7	7.3949	403
ENSG00000116455	WDR77	7.3918	404
ENSG00000108848	LUC7L3	7.391	405
ENSG00000120802	TMPO	7.3899	406
ENSG00000115307	AUP1	7.3887	407
ENSG00000100650	SRSF5	7.3874	408
ENSG00000169895	SYAP1	7.387	409
ENSG00000128524	ATP6V1F	7.3832	410
ENSG00000058262	SEC61A1	7.382	411
ENSG00000113810	SMC4	7.3783	412
ENSG00000261236	BOP1	7.3753	413
ENSG00000134086	VHL	7.3751	414
ENSG00000177606	JUN	7.3743	415
ENSG00000169813	HNRNPF	7.3735	416
ENSG00000142507	PSMB6	7.3733	417
ENSG00000130402	ACTN4	7.3721	418
ENSG00000119318	RAD23B	7.3714	419
ENSG00000169727	GPS1	7.3679	420
ENSG00000159352	PSMD4	7.366	421
ENSG00000198952	SMG5	7.3655	422
ENSG00000189091	SF3B3	7.3631	423
ENSG00000073584	SMARCE1	7.3622	424
ENSG00000160679	CHTOP	7.3602	425
ENSG00000147684	NDUFB9	7.3599	426
ENSG00000182199	SHMT2	7.3596	427
ENSG00000155660	PDIA4	7.359	428
ENSG00000115694	STK25	7.3561	429
ENSG00000177885	GRB2	7.352	430
ENSG00000117410	ATP6V0B	7.3459	431
ENSG00000107949	BCCIP	7.3438	432
ENSG00000160633	SAFB	7.3408	433
ENSG00000105401	CDC37	7.3405	434
ENSG00000161011	SQSTM1	7.3379	435
ENSG00000111906	HDDC2	7.3363	436
ENSG00000123144	TRIR	7.3358	437
ENSG00000175792	RUVBL1	7.3324	438
ENSG00000079616	KIF22	7.3309	439
ENSG00000103202	NME4	7.3308	440
ENSG00000143727	ACP1	7.3307	441
ENSG00000189159	JPT1	7.3268	442
ENSG00000130770	ATP5IF1	7.3266	443
ENSG00000143774	GUK1	7.3264	444
ENSG00000134453	RBM17	7.3253	445
ENSG00000196313	POM121	7.3218	446
ENSG00000213024	NUP62	7.3211	447
ENSG00000166851	PLK1	7.3209	448
ENSG00000197157	SND1	7.3153	449
ENSG00000164466	SFXN1	7.3089	450
ENSG00000143742	SRP9	7.3043	451
ENSG00000108828	VAT1	7.3039	452
ENSG00000171793	CTPS1	7.3032	453
ENSG00000147889	CDKN2A	7.3027	454
ENSG00000115875	SRSF7	7.3021	455
ENSG00000100412	ACO2	7.3014	456
ENSG00000105373	NOP53	7.3009	457
ENSG00000108312	UBTF	7.2998	458
ENSG00000104960	PTOV1	7.299	459
ENSG00000004487	KDM1A	7.297	460
ENSG00000176340	COX8A	7.2956	461
ENSG00000071462	BUD23	7.2889	462
ENSG00000100280	AP1B1	7.2888	463
ENSG00000071553	ATP6AP1	7.2887	464
ENSG00000100335	MIEF1	7.2849	465
ENSG00000105568	PPP2R1A	7.2834	466
ENSG00000143319	ISG20L2	7.2819	467
ENSG00000179218	CALR	7.2762	468
ENSG00000100142	POLR2F	7.2759	469
ENSG00000142657	PGD	7.2733	470
ENSG00000132612	VPS4A	7.2723	471
ENSG00000099194	SCD	7.2723	472
ENSG00000126267	COX6B1	7.2655	473
ENSG00000167792	NDUFV1	7.264	474
ENSG00000241685	ARPC1A	7.2639	475
ENSG00000099797	TECR	7.2617	476
ENSG00000204435	CSNK2B	7.2615	477
ENSG00000171530	TBCA	7.2599	478
ENSG00000136527	TRA2B	7.2584	479
ENSG00000163382	NAXE	7.255	480
ENSG00000182196	ARL6IP4	7.2547	481
ENSG00000179950	PUF60	7.2544	482
ENSG00000096063	SRPK1	7.2527	483
ENSG00000126698	DNAJC8	7.2523	484
ENSG00000131876	SNRPA1	7.252	485
ENSG00000102241	HTATSF1	7.25	486
ENSG00000174231	PRPF8	7.2405	487
ENSG00000022840	RNF10	7.2394	488
ENSG00000107937	GTPBP4	7.2386	489
ENSG00000107223	EDF1	7.2367	490
ENSG00000129559	NEDD8	7.2298	491
ENSG00000145833	DDX46	7.2283	492
ENSG00000197746	PSAP	7.2268	493
ENSG00000186010	NDUFA13	7.2251	494
ENSG00000204713	TRIM27	7.2243	495
ENSG00000110955	ATP5F1B	7.2227	496
ENSG00000175130	MARCKSL1	7.2137	497
ENSG00000143252	SDHC	7.2135	498
ENSG00000160075	SSU72	7.2127	499
ENSG00000113013	HSPA9	7.2077	500
ENSG00000105438	KDELR1	7.2075	501
ENSG00000174886	NDUFA11	7.207	502
ENSG00000213719	CLIC1	7.2069	503
ENSG00000183779	ZNF703	7.2041	504
ENSG00000130640	TUBGCP2	7.2027	505
ENSG00000183010	PYCR1	7.2021	506
ENSG00000136888	ATP6V1G1	7.2016	507
ENSG00000088247	KHSRP	7.1994	508
ENSG00000088325	TPX2	7.1981	509
ENSG00000105185	PDCD5	7.1964	510
ENSG00000184897	H1-10	7.1964	511
ENSG00000139644	TMBIM6	7.1951	512
ENSG00000152102	FAM168B	7.1917	513
ENSG00000087302	RTRAF	7.1915	514
ENSG00000158864	NDUFS2	7.1875	515
ENSG00000174574	AKIRIN1	7.1867	516
ENSG00000130725	UBE2M	7.1859	517
ENSG00000100941	PNN	7.1848	518
ENSG00000172115	CYCS	7.1843	519
ENSG00000171634	BPTF	7.1814	520
ENSG00000167491	GATAD2A	7.1791	521
ENSG00000072506	HSD17B10	7.1695	522
ENSG00000086598	TMED2	7.1679	523
ENSG00000132153	DHX30	7.1676	524
ENSG00000148308	GTF3C5	7.164	525
ENSG00000196365	LONP1	7.1638	526
ENSG00000042753	AP2S1	7.163	527
ENSG00000106244	PDAP1	7.1623	528
ENSG00000030582	GRN	7.1619	529
ENSG00000198055	GRK6	7.1607	530
ENSG00000169567	HINT1	7.1594	531
ENSG00000105618	PRPF31	7.1562	532
ENSG00000099800	TIMM13	7.1512	533
ENSG00000124172	ATP5F1E	7.1403	534
ENSG00000090060	PAPOLA	7.1402	535
ENSG00000115484	CCT4	7.1401	536
ENSG00000204394	VARS1	7.1358	537
ENSG00000100129	EIF3L	7.1353	538
ENSG00000183684	ALYREF	7.1341	539
ENSG00000025770	NCAPH2	7.1337	540
ENSG00000087087	SRRT	7.1336	541
ENSG00000103363	ELOB	7.1333	542
ENSG00000053372	MRTO4	7.1317	543
ENSG00000123136	DDX39A	7.1269	544
ENSG00000169714	CNBP	7.1232	545
ENSG00000166557	TMED3	7.121	546
ENSG00000170275	CRTAP	7.1203	547
ENSG00000088832	FKBP1A	7.1193	548
ENSG00000138107	ACTR1A	7.1164	549
ENSG00000139343	SNRPF	7.1149	550
ENSG00000096696	DSP	7.1134	551
ENSG00000126432	PRDX5	7.1125	552
ENSG00000102144	PGK1	7.1123	553
ENSG00000214706	IFRD2	7.1113	554
ENSG00000075785	RAB7A	7.1091	555
ENSG00000154723	ATP5PF	7.1083	556
ENSG00000244038	DDOST	7.1081	557
ENSG00000196235	SUPT5H	7.1059	558
ENSG00000134308	YWHAQ	7.1057	559
ENSG00000225921	NOL7	7.1054	560
ENSG00000084234	APLP2	7.1012	561
ENSG00000092820	EZR	7.0978	562
ENSG00000139726	DENR	7.0966	563
ENSG00000241468	ATP5MF	7.0917	564
ENSG00000163956	LRPAP1	7.0898	565
ENSG00000104969	SGTA	7.0873	566
ENSG00000132646	PCNA	7.086	567
ENSG00000134748	PRPF38A	7.0856	568
ENSG00000184076	UQCR10	7.0838	569
ENSG00000145337	PYURF	7.0795	570
ENSG00000100304	TTLL12	7.0758	571
ENSG00000242372	EIF6	7.075	572
ENSG00000125868	DSTN	7.0744	573
ENSG00000099995	SF3A1	7.0715	574
ENSG00000174780	SRP72	7.0701	575
ENSG00000168264	IRF2BP2	7.0697	576
ENSG00000205531	NAP1L4	7.0694	577
ENSG00000277443	MARCKS	7.0675	578
ENSG00000004059	ARF5	7.067	579
ENSG00000116350	SRSF4	7.0653	580
ENSG00000163466	ARPC2	7.065	581
ENSG00000093009	CDC45	7.0635	582
ENSG00000122565	CBX3	7.0569	583
ENSG00000166598	HSP90B1	7.0569	584
ENSG00000066044	ELAVL1	7.0558	585
ENSG00000105993	DNAJB6	7.0533	586
ENSG00000169180	XPO6	7.0531	587
ENSG00000117984	CTSD	7.0523	588
ENSG00000100028	SNRPD3	7.0518	589
ENSG00000128245	YWHAH	7.0512	590
ENSG00000130396	AFDN	7.0504	591
ENSG00000013810	TACC3	7.0486	592
ENSG00000159346	ADIPOR1	7.0437	593
ENSG00000141027	NCOR1	7.0432	594
ENSG00000138073	PREB	7.0426	595
ENSG00000099977	DDT	7.0408	596
ENSG00000164405	UQCRQ	7.0384	597
ENSG00000158710	TAGLN2	7.0363	598
ENSG00000104889	RNASEH2A	7.0351	599
ENSG00000182872	RBM10	7.0346	600
ENSG00000103275	UBE2I	7.0342	601
ENSG00000073578	SDHA	7.0342	602
ENSG00000173933	RBM4	7.0342	603
ENSG00000108639	SYNGR2	7.0341	604
ENSG00000188612	SUMO2	7.0334	605
ENSG00000167770	OTUB1	7.0324	606
ENSG00000196497	IPO4	7.0318	607
ENSG00000133612	AGAP3	7.0301	608
ENSG00000049541	RFC2	7.0298	609
ENSG00000159023	EPB41	7.0295	610
ENSG00000133142	TCEAL4	7.0287	611
ENSG00000159377	PSMB4	7.0244	612
ENSG00000173812	EIF1	7.0204	613
ENSG00000169976	SF3B5	7.0179	614
ENSG00000123064	DDX54	7.0177	615
ENSG00000124422	USP22	7.0174	616
ENSG00000176087	SLC35A4	7.0174	617
ENSG00000065548	ZC3H15	7.0143	618
ENSG00000008018	PSMB1	7.0113	619
ENSG00000100297	MCM5	7.0111	620
ENSG00000179918	SEPHS2	7.0109	621
ENSG00000141959	PFKL	7.0108	622
ENSG00000175768	TOMM5	7.0104	623
ENSG00000100220	RTCB	7.0101	624
ENSG00000165671	NSD1	7.0085	625
ENSG00000132002	DNAJB1	7.0078	626
ENSG00000137309	HMGA1	7.0074	627
ENSG00000085662	AKR1B1	7.0073	628
ENSG00000146963	LUC7L2	7.0071	629
ENSG00000100348	TXN2	7.0066	630
ENSG00000089737	DDX24	7.0052	631
ENSG00000061936	SFSWAP	7.003	632
ENSG00000071859	FAM50A	7.0022	633
ENSG00000137692	DCUN1D5	6.9995	634
ENSG00000140905	GCSH	6.9989	635
ENSG00000108528	SLC25A11	6.9988	636
ENSG00000124228	DDX27	6.998	637
ENSG00000123349	PFDN5	6.9967	638
ENSG00000101365	IDH3B	6.9966	639
ENSG00000241360	PDXP	6.9959	640
ENSG00000277791	PSMB3	6.9957	641
ENSG00000234745	HLA-B	6.9955	642
ENSG00000180198	RCC1	6.9954	643
ENSG00000067064	IDI1	6.9944	644
ENSG00000130713	EXOSC2	6.9928	645
ENSG00000166986	MARS1	6.9927	646
ENSG00000131828	PDHA1	6.9926	647
ENSG00000105447	GRWD1	6.9911	648
ENSG00000102225	CDK16	6.9887	649
ENSG00000198668	CALM1	6.9878	650
ENSG00000137076	TLN1	6.9876	651
ENSG00000103257	SLC7A5	6.9866	652
ENSG00000103423	DNAJA3	6.9864	653
ENSG00000141867	BRD4	6.9836	654
ENSG00000185551	NR2F2	6.9833	655
ENSG00000143368	SF3B4	6.983	656
ENSG00000182768	NGRN	6.9764	657
ENSG00000013374	NUB1	6.9764	658
ENSG00000013275	PSMC4	6.9757	659
ENSG00000108671	PSMD11	6.9747	660
ENSG00000119969	HELLS	6.9742	661
ENSG00000114850	SSR3	6.9724	662
ENSG00000143624	INTS3	6.9716	663
ENSG00000115758	ODC1	6.9711	664
ENSG00000122786	CALD1	6.9708	665
ENSG00000014138	POLA2	6.9705	666
ENSG00000187840	EIF4EBP1	6.9673	667
ENSG00000205352	PRR13	6.9665	668
ENSG00000103035	PSMD7	6.9651	669
ENSG00000122952	ZWINT	6.9651	670
ENSG00000141456	PELP1	6.9648	671
ENSG00000007080	CCDC124	6.9648	672
ENSG00000168439	STIP1	6.9558	673
ENSG00000064607	SUGP2	6.9554	674
ENSG00000168159	RNF187	6.9532	675
ENSG00000038358	EDC4	6.9531	676
ENSG00000175203	DCTN2	6.9517	677
ENSG00000167965	MLST8	6.9514	678
ENSG00000151503	NCAPD3	6.9498	679
ENSG00000145220	LYAR	6.9498	680
ENSG00000165688	PMPCA	6.9475	681
ENSG00000135387	CAPRIN1	6.9465	682
ENSG00000280789	PAGR1	6.9444	683
ENSG00000143570	SLC39A1	6.9419	684
ENSG00000167552	TUBA1A	6.9407	685
ENSG00000102178	UBL4A	6.9389	686
ENSG00000136485	DCAF7	6.9389	687
ENSG00000143294	PRCC	6.9386	688
ENSG00000135069	PSAT1	6.9384	689
ENSG00000136271	DDX56	6.9379	690
ENSG00000183337	BCOR	6.9373	691
ENSG00000105700	KXD1	6.9321	692
ENSG00000178921	PFAS	6.9319	693
ENSG00000103502	CDIPT	6.9288	694
ENSG00000213585	VDAC1	6.9286	695
ENSG00000104980	TIMM44	6.9286	696
ENSG00000110321	EIF4G2	6.9254	697
ENSG00000111142	METAP2	6.9242	698
ENSG00000122359	ANXA11	6.924	699
ENSG00000073111	MCM2	6.9236	700
ENSG00000147123	NDUFB11	6.923	701
ENSG00000086061	DNAJA1	6.9226	702
ENSG00000188976	NOC2L	6.9212	703
ENSG00000152082	MZT2B	6.9206	704
ENSG00000160049	DFFA	6.9205	705
ENSG00000100075	SLC25A1	6.9204	706
ENSG00000131051	RBM39	6.9192	707
ENSG00000160299	PCNT	6.9189	708
ENSG00000156709	AIFM1	6.9186	709
ENSG00000135821	GLUL	6.9181	710
ENSG00000136709	WDR33	6.9174	711
ENSG00000164054	SHISA5	6.9157	712
ENSG00000070010	UFD1	6.9134	713
ENSG00000131475	VPS25	6.9079	714
ENSG00000198231	DDX42	6.9073	715
ENSG00000116521	SCAMP3	6.9063	716
ENSG00000167460	TPM4	6.9054	717
ENSG00000077235	GTF3C1	6.9043	718
ENSG00000127445	PIN1	6.9041	719
ENSG00000163930	BAP1	6.9039	720
ENSG00000182307	C8orf33	6.9027	721
ENSG00000001497	LAS1L	6.9013	722
ENSG00000071564	TCF3	6.9008	723
ENSG00000113649	TCERG1	6.8999	724
ENSG00000179195	ZNF664	6.8997	725
ENSG00000143179	UCK2	6.8995	726
ENSG00000106348	IMPDH1	6.898	727
ENSG00000167775	CD320	6.8955	728
ENSG00000161179	YDJC	6.8953	729
ENSG00000131626	PPFIA1	6.8943	730
ENSG00000137337	MDC1	6.8935	731
ENSG00000114302	PRKAR2A	6.893	732
ENSG00000127540	UQCR11	6.8907	733
ENSG00000257103	LSM14A	6.8887	734
ENSG00000175390	EIF3F	6.8872	735
ENSG00000175931	UBE2O	6.8853	736
ENSG00000176393	RNPEP	6.885	737
ENSG00000178802	MPI	6.8816	738
ENSG00000164346	NSA2	6.8815	739
ENSG00000160214	RRP1	6.8814	740
ENSG00000109685	NSD2	6.8746	741
ENSG00000100591	AHSA1	6.8745	742
ENSG00000197785	ATAD3A	6.8716	743
ENSG00000177030	DEAF1	6.8708	744
ENSG00000141759	TXNL4A	6.8702	745
ENSG00000172922	RNASEH2C	6.8656	746
ENSG00000148843	PDCD11	6.8639	747
ENSG00000120438	TCP1	6.8632	748
ENSG00000109519	GRPEL1	6.8626	749
ENSG00000183431	SF3A3	6.8567	750
ENSG00000133030	MPRIP	6.8554	751
ENSG00000158417	EIF5B	6.8542	752
ENSG00000117450	PRDX1	6.8535	753
ENSG00000118705	RPN2	6.8525	754
ENSG00000163950	SLBP	6.8496	755
ENSG00000091527	CDV3	6.8491	756
ENSG00000106028	SSBP1	6.849	757
ENSG00000157954	WIPI2	6.8484	758
ENSG00000134287	ARF3	6.8465	759
ENSG00000159210	SNF8	6.8454	760
ENSG00000205250	E2F4	6.8449	761
ENSG00000185164	NOMO2	6.8423	762
ENSG00000140350	ANP32A	6.841	763
ENSG00000176619	LMNB2	6.8395	764
ENSG00000178252	WDR6	6.8365	765
ENSG00000164091	WDR82	6.8303	766
ENSG00000107959	PITRM1	6.8283	767
ENSG00000139579	NABP2	6.826	768
ENSG00000173786	CNP	6.8258	769
ENSG00000099991	CABIN1	6.8245	770
ENSG00000078369	GNB1	6.8225	771
ENSG00000136279	DBNL	6.8218	772
ENSG00000116237	ICMT	6.8217	773
ENSG00000101220	ADISSP	6.816	774
ENSG00000104979	C19orf53	6.8155	775
ENSG00000123933	MXD4	6.8153	776
ENSG00000109111	SUPT6H	6.8152	777
ENSG00000165733	BMS1	6.8146	778
ENSG00000168137	SETD5	6.8135	779
ENSG00000135940	COX5B	6.8134	780
ENSG00000141510	TP53	6.8127	781
ENSG00000124831	LRRFIP1	6.811	782
ENSG00000178999	AURKB	6.8058	783
ENSG00000084774	CAD	6.8055	784
ENSG00000178988	MRFAP1L1	6.8041	785
ENSG00000106803	SEC61B	6.8026	786
ENSG00000177084	POLE	6.8015	787
ENSG00000164683	HEY1	6.8014	788
ENSG00000129347	KRI1	6.8004	789
ENSG00000110917	MLEC	6.7975	790
ENSG00000136699	SMPD4	6.7942	791
ENSG00000116857	TMEM9	6.7921	792
ENSG00000163159	VPS72	6.7917	793
ENSG00000117118	SDHB	6.7912	794
ENSG00000169756	LIMS1	6.791	795
ENSG00000062822	POLD1	6.7907	796
ENSG00000089248	ERP29	6.7904	797
ENSG00000142186	SCYL1	6.7904	798
ENSG00000105676	ARMC6	6.7893	799
ENSG00000069849	ATP1B3	6.7877	800
ENSG00000106344	RBM28	6.7873	801
ENSG00000100504	PYGL	6.7842	802
ENSG00000169738	DCXR	6.7836	803
ENSG00000162517	PEF1	6.783	804
ENSG00000167721	TSR1	6.7826	805
ENSG00000120533	ENY2	6.7803	806
ENSG00000130332	LSM7	6.7796	807
ENSG00000139613	SMARCC2	6.7791	808
ENSG00000054598	FOXC1	6.777	809
ENSG00000174903	RAB1B	6.7755	810
ENSG00000084090	STARD7	6.7745	811
ENSG00000215301	DDX3X	6.7723	812
ENSG00000163812	ZDHHC3	6.7712	813
ENSG00000175756	AURKAIP1	6.7679	814
ENSG00000213619	NDUFS3	6.7674	815
ENSG00000160014	CALM3	6.7658	816
ENSG00000145494	NDUFS6	6.7653	817
ENSG00000102103	PQBP1	6.7618	818
ENSG00000124214	STAU1	6.7609	819
ENSG00000125648	SLC25A23	6.7602	820
ENSG00000247077	PGAM5	6.7602	821
ENSG00000126777	KTN1	6.7584	822
ENSG00000037757	MRI1	6.7573	823
ENSG00000130254	SAFB2	6.755	824
ENSG00000084463	WBP11	6.7515	825
ENSG00000141543	EIF4A3	6.7511	826
ENSG00000129250	KIF1C	6.751	827
ENSG00000270647	TAF15	6.7496	828
ENSG00000160710	ADAR	6.7472	829
ENSG00000168924	LETM1	6.7448	830
ENSG00000125656	CLPP	6.7415	831
ENSG00000168496	FEN1	6.7395	832
ENSG00000051620	HEBP2	6.7394	833
ENSG00000144231	POLR2D	6.7375	834
ENSG00000173692	PSMD1	6.7346	835
ENSG00000180900	SCRIB	6.7338	836
ENSG00000048828	FAM120A	6.7309	837
ENSG00000239306	RBM14	6.7306	838
ENSG00000148337	CIZ1	6.7301	839
ENSG00000160221	GATD3	6.7285	840
ENSG00000151366	NDUFC2	6.7282	841
ENSG00000176890	TYMS	6.7259	842
ENSG00000135372	NAT10	6.7257	843
ENSG00000183527	PSMG1	6.7253	844
ENSG00000160294	MCM3AP	6.725	845
ENSG00000101294	HM13	6.7187	846
ENSG00000168385	SEPTIN2	6.717	847
ENSG00000075151	EIF4G3	6.7169	848
ENSG00000257727	CNPY2	6.7135	849
ENSG00000134186	PRPF38B	6.7118	850
ENSG00000110717	NDUFS8	6.7099	851
ENSG00000103550	KNOP1	6.7098	852
ENSG00000133895	MEN1	6.7065	853
ENSG00000118816	CCNI	6.7047	854
ENSG00000004779	NDUFAB1	6.7043	855
ENSG00000074696	HACD3	6.7023	856
ENSG00000113407	TARS1	6.7014	857
ENSG00000172336	POP7	6.6999	858
ENSG00000175334	BANF1	6.6988	859
ENSG00000092853	CLSPN	6.6988	860
ENSG00000259956	RBM15B	6.6982	861
ENSG00000204569	PPP1R10	6.6965	862
ENSG00000182670	TTC3	6.6937	863
ENSG00000122034	GTF3A	6.6933	864
ENSG00000126768	TIMM17B	6.6929	865
ENSG00000108179	PPIF	6.6919	866
ENSG00000198730	CTR9	6.6917	867
ENSG00000141985	SH3GL1	6.6909	868
ENSG00000170606	HSPA4	6.6902	869
ENSG00000135930	EIF4E2	6.6887	870
ENSG00000117592	PRDX6	6.6887	871
ENSG00000134779	TPGS2	6.6875	872
ENSG00000023191	RNH1	6.6872	873
ENSG00000204120	GIGYF2	6.6853	874
ENSG00000131446	MGAT1	6.6838	875
ENSG00000196924	FLNA	6.6837	876
ENSG00000071894	CPSF1	6.6833	877
ENSG00000160072	ATAD3B	6.683	878
ENSG00000204356	NELFE	6.6821	879
ENSG00000100888	CHD8	6.6816	880
ENSG00000124766	SOX4	6.6803	881
ENSG00000167258	CDK12	6.6778	882
ENSG00000272325	NUDT3	6.6776	883
ENSG00000105677	TMEM147	6.6768	884
ENSG00000088930	XRN2	6.6764	885
ENSG00000137106	GRHPR	6.6761	886
ENSG00000105058	FAM32A	6.6757	887
ENSG00000167513	CDT1	6.6747	888
ENSG00000106636	YKT6	6.6731	889
ENSG00000140105	WARS1	6.6729	890
ENSG00000187147	RNF220	6.6713	891
ENSG00000112514	CUTA	6.6713	892
ENSG00000131467	PSME3	6.6672	893
ENSG00000135052	GOLM1	6.6669	894
ENSG00000198431	TXNRD1	6.6665	895
ENSG00000176101	SSNA1	6.6655	896
ENSG00000162613	FUBP1	6.6646	897
ENSG00000184220	CMSS1	6.6645	898
ENSG00000164985	PSIP1	6.6639	899
ENSG00000113141	IK	6.6637	900
ENSG00000138071	ACTR2	6.6629	901
ENSG00000126088	UROD	6.6614	902
ENSG00000112335	SNX3	6.6611	903
ENSG00000165716	DIPK1B	6.6605	904
ENSG00000109534	GAR1	6.6602	905
ENSG00000185122	HSF1	6.6602	906
ENSG00000010244	ZNF207	6.6595	907
ENSG00000179632	MAF1	6.6582	908
ENSG00000124733	MEA1	6.6575	909
ENSG00000116030	SUMO1	6.6548	910
ENSG00000090266	NDUFB2	6.6526	911
ENSG00000161013	MGAT4B	6.6515	912
ENSG00000111361	EIF2B1	6.6493	913
ENSG00000149923	PPP4C	6.6492	914
ENSG00000083896	YTHDC1	6.6485	915
ENSG00000198700	IPO9	6.6479	916
ENSG00000101266	CSNK2A1	6.6461	917
ENSG00000164880	INTS1	6.646	918
ENSG00000111206	FOXM1	6.6447	919
ENSG00000121579	NAA50	6.6433	920
ENSG00000111641	NOP2	6.6432	921
ENSG00000125356	NDUFA1	6.6428	922
ENSG00000125651	GTF2F1	6.6425	923
ENSG00000163050	COQ8A	6.6368	924
ENSG00000163444	TMEM183A	6.6337	925
ENSG00000105669	COPE	6.6313	926
ENSG00000090372	STRN4	6.6299	927
ENSG00000106554	CHCHD3	6.6291	928
ENSG00000102316	MAGED2	6.6287	929
ENSG00000147224	PRPS1	6.6285	930
ENSG00000242028	HYPK	6.627	931
ENSG00000133275	CSNK1G2	6.6263	932
ENSG00000100350	FOXRED2	6.6252	933
ENSG00000146066	HIGD2A	6.625	934
ENSG00000196504	PRPF40A	6.6241	935
ENSG00000101966	XIAP	6.6232	936
ENSG00000089154	GCN1	6.6217	937
ENSG00000111328	CDK2AP1	6.6211	938
ENSG00000029725	RABEP1	6.621	939
ENSG00000131100	ATP6V1E1	6.6195	940
ENSG00000125351	UPF3B	6.6193	941
ENSG00000137285	TUBB2B	6.6183	942
ENSG00000084652	TXLNA	6.6177	943
ENSG00000175826	CTDNEP1	6.617	944
ENSG00000160767	ENTREP3	6.6141	945
ENSG00000124222	STX16	6.6132	946
ENSG00000077549	CAPZB	6.611	947
ENSG00000114650	SCAP	6.6109	948
ENSG00000197694	SPTAN1	6.6105	949
ENSG00000187778	MCRS1	6.6067	950
ENSG00000136718	IMP4	6.6059	951
ENSG00000167461	RAB8A	6.6057	952
ENSG00000064393	HIPK2	6.6049	953
ENSG00000136997	MYC	6.6038	954
ENSG00000159079	CFAP298	6.6034	955
ENSG00000069482	GAL	6.6031	956
ENSG00000130414	NDUFA10	6.6018	957
ENSG00000159228	CBR1	6.6012	958
ENSG00000118058	KMT2A	6.6009	959
ENSG00000105393	BABAM1	6.5998	960
ENSG00000017797	RALBP1	6.5982	961
ENSG00000184863	RBM33	6.5973	962
ENSG00000011007	ELOA	6.596	963
ENSG00000141551	CSNK1D	6.5931	964
ENSG00000088833	NSFL1C	6.592	965
ENSG00000179134	SAMD4B	6.5915	966
ENSG00000168036	CTNNB1	6.59	967
ENSG00000197226	TBC1D9B	6.5891	968
ENSG00000099875	MKNK2	6.5885	969
ENSG00000113712	CSNK1A1	6.5874	970
ENSG00000146670	CDCA5	6.5862	971
ENSG00000064961	HMG20B	6.5862	972
ENSG00000072958	AP1M1	6.5854	973
ENSG00000100664	EIF5	6.5841	974
ENSG00000141002	TCF25	6.5837	975
ENSG00000117362	APH1A	6.5816	976
ENSG00000183255	PTTG1IP	6.5809	977
ENSG00000136819	C9orf78	6.5807	978
ENSG00000173171	MTX1	6.5781	979
ENSG00000137776	SLTM	6.5781	980
ENSG00000137815	RTF1	6.578	981
ENSG00000147155	EBP	6.577	982
ENSG00000177700	POLR2L	6.5769	983
ENSG00000162191	UBXN1	6.5765	984
ENSG00000152234	ATP5F1A	6.576	985
ENSG00000095906	NUBP2	6.5742	986
ENSG00000110108	TMEM109	6.574	987
ENSG00000170027	YWHAG	6.574	988
ENSG00000108592	FTSJ3	6.5736	989
ENSG00000171720	HDAC3	6.5723	990
ENSG00000168393	DTYMK	6.5716	991
ENSG00000091651	ORC6	6.5714	992
ENSG00000175063	UBE2C	6.5685	993
ENSG00000103653	CSK	6.5676	994
ENSG00000148606	POLR3A	6.564	995
ENSG00000099284	MACROH2A2	6.5622	996
ENSG00000100325	ASCC2	6.5619	997
ENSG00000088256	GNA11	6.5618	998
ENSG00000169057	MECP2	6.5614	999
ENSG00000068120	COASY	6.5607	1000
ENSG00000164062	APEH	6.5599	1001
ENSG00000115234	SNX17	6.556	1002
ENSG00000128731	HERC2	6.5541	1003
ENSG00000006625	GGCT	6.5537	1004
ENSG00000099899	TRMT2A	6.5532	1005
ENSG00000119421	NDUFA8	6.5529	1006
ENSG00000140365	COMMD4	6.5524	1007
ENSG00000124226	RNF114	6.5522	1008
ENSG00000221978	CCNL2	6.5513	1009
ENSG00000125970	RALY	6.5511	1010
ENSG00000131747	TOP2A	6.5508	1011
ENSG00000144635	DYNC1LI1	6.549	1012
ENSG00000079246	XRCC5	6.5488	1013
ENSG00000130165	ELOF1	6.5475	1014
ENSG00000100347	SAMM50	6.5463	1015
ENSG00000107862	GBF1	6.5459	1016
ENSG00000239264	TXNDC5	6.5458	1017
ENSG00000164778	EN2	6.5452	1018
ENSG00000092201	SUPT16H	6.5429	1019
ENSG00000010292	NCAPD2	6.5418	1020
ENSG00000103342	GSPT1	6.5415	1021
ENSG00000161981	SNRNP25	6.5407	1022
ENSG00000164045	CDC25A	6.54	1023
ENSG00000133028	SCO1	6.5396	1024
ENSG00000102974	CTCF	6.5395	1025
ENSG00000181026	AEN	6.5393	1026
ENSG00000175029	CTBP2	6.5387	1027
ENSG00000100014	SPECC1L	6.5387	1028
ENSG00000138629	UBL7	6.5378	1029
ENSG00000135506	OS9	6.5377	1030
ENSG00000108349	CASC3	6.5365	1031
ENSG00000154582	ELOC	6.5351	1032
ENSG00000067829	IDH3G	6.5345	1033
ENSG00000009335	UBE3C	6.5342	1034
ENSG00000137497	NUMA1	6.5319	1035
ENSG00000070423	RNF126	6.5319	1036
ENSG00000170445	HARS1	6.5281	1037
ENSG00000145050	MANF	6.528	1038
ENSG00000075218	GTSE1	6.5278	1039
ENSG00000120742	SERP1	6.5273	1040
ENSG00000177963	RIC8A	6.5269	1041
ENSG00000182087	TMEM259	6.5249	1042
ENSG00000228474	OST4	6.5243	1043
ENSG00000065268	WDR18	6.5242	1044
ENSG00000184983	NDUFA6	6.5215	1045
ENSG00000120254	MTHFD1L	6.5213	1046
ENSG00000164924	YWHAZ	6.5209	1047
ENSG00000136758	YME1L1	6.5209	1048
ENSG00000114902	SPCS1	6.5178	1049
ENSG00000100764	PSMC1	6.5162	1050
ENSG00000125912	NCLN	6.5161	1051
ENSG00000004534	RBM6	6.5142	1052
ENSG00000150779	TIMM8B	6.5137	1053
ENSG00000068654	POLR1A	6.5136	1054
ENSG00000213551	DNAJC9	6.5131	1055
ENSG00000160688	FLAD1	6.5124	1056
ENSG00000007376	RPUSD1	6.5118	1057
ENSG00000186716	BCR	6.5109	1058
ENSG00000219200	RNASEK	6.5103	1059
ENSG00000070770	CSNK2A2	6.5102	1060
ENSG00000124299	PEPD	6.5096	1061
ENSG00000121067	SPOP	6.5082	1062
ENSG00000125931	CITED1	6.5068	1063
ENSG00000169217	CD2BP2	6.5068	1064
ENSG00000071054	MAP4K4	6.5034	1065
ENSG00000184990	SIVA1	6.5032	1066
ENSG00000101161	PRPF6	6.4987	1067
ENSG00000119487	MAPKAP1	6.4984	1068
ENSG00000106305	AIMP2	6.498	1069
ENSG00000167112	TRUB2	6.498	1070
ENSG00000010810	FYN	6.4974	1071
ENSG00000204138	PHACTR4	6.4965	1072
ENSG00000157916	RER1	6.496	1073
ENSG00000168291	PDHB	6.4958	1074
ENSG00000168906	MAT2A	6.4954	1075
ENSG00000156515	HK1	6.495	1076
ENSG00000148229	POLE3	6.4942	1077
ENSG00000184752	NDUFA12	6.4942	1078
ENSG00000253293	HOXA10	6.4935	1079
ENSG00000003756	RBM5	6.4934	1080
ENSG00000162704	ARPC5	6.4929	1081
ENSG00000181924	COA4	6.4929	1082
ENSG00000230124	ACBD6	6.4916	1083
ENSG00000196683	TOMM7	6.4916	1084
ENSG00000257218	GATC	6.491	1085
ENSG00000165637	VDAC2	6.491	1086
ENSG00000166847	DCTN5	6.491	1087
ENSG00000167283	ATP5MG	6.491	1088
ENSG00000211460	TSN	6.4899	1089
ENSG00000100320	RBFOX2	6.4896	1090
ENSG00000067704	IARS2	6.4886	1091
ENSG00000100462	PRMT5	6.4886	1092
ENSG00000214022	REPIN1	6.4878	1093
ENSG00000110075	PPP6R3	6.4868	1094
ENSG00000161999	JMJD8	6.4861	1095
ENSG00000163882	POLR2H	6.485	1096
ENSG00000078618	NRDC	6.4835	1097
ENSG00000131016	AKAP12	6.4827	1098
ENSG00000141965	FEM1A	6.4816	1099
ENSG00000131504	DIAPH1	6.4807	1100
ENSG00000103187	COTL1	6.4806	1101
ENSG00000072110	ACTN1	6.4806	1102
ENSG00000272391	POM121C	6.4801	1103
ENSG00000100219	XBP1	6.4785	1104
ENSG00000107404	DVL1	6.4783	1105
ENSG00000108468	CBX1	6.477	1106
ENSG00000175727	MLXIP	6.476	1107
ENSG00000142949	PTPRF	6.4757	1108
ENSG00000105671	DDX49	6.4756	1109
ENSG00000168710	AHCYL1	6.4756	1110
ENSG00000174243	DDX23	6.4749	1111
ENSG00000178057	NDUFAF3	6.4743	1112
ENSG00000292358	GTPBP6	6.4741	1113
ENSG00000139746	RBM26	6.4706	1114
ENSG00000122203	KIAA1191	6.4701	1115
ENSG00000187735	TCEA1	6.4684	1116
ENSG00000136628	EPRS1	6.467	1117
ENSG00000140553	UNC45A	6.4654	1118
ENSG00000088888	MAVS	6.4642	1119
ENSG00000132471	WBP2	6.464	1120
ENSG00000116871	MAP7D1	6.4636	1121
ENSG00000103197	TSC2	6.4633	1122
ENSG00000139514	SLC7A1	6.4632	1123
ENSG00000204590	GNL1	6.4622	1124
ENSG00000100418	DESI1	6.4613	1125
ENSG00000165264	NDUFB6	6.4612	1126
ENSG00000155368	DBI	6.4607	1127
ENSG00000111832	RWDD1	6.457	1128
ENSG00000167173	C15orf39	6.456	1129
ENSG00000095380	NANS	6.4552	1130
ENSG00000105254	TBCB	6.4538	1131
ENSG00000116688	MFN2	6.4532	1132
ENSG00000168256	NKIRAS2	6.4531	1133
ENSG00000163463	KRTCAP2	6.453	1134
ENSG00000099624	ATP5F1D	6.4526	1135
ENSG00000161654	LSM12	6.4506	1136
ENSG00000100568	VTI1B	6.4492	1137
ENSG00000126012	KDM5C	6.4487	1138
ENSG00000156990	RPUSD3	6.4485	1139
ENSG00000117318	ID3	6.4477	1140
ENSG00000169020	ATP5ME	6.447	1141
ENSG00000068489	PRR11	6.4464	1142
ENSG00000184992	BRI3BP	6.4454	1143
ENSG00000170035	UBE2E3	6.4428	1144
ENSG00000126214	KLC1	6.4419	1145
ENSG00000160209	PDXK	6.4409	1146
ENSG00000087274	ADD1	6.4396	1147
ENSG00000170291	ELP5	6.4364	1148
ENSG00000173039	RELA	6.4356	1149
ENSG00000140943	MBTPS1	6.4343	1150
ENSG00000255302	EID1	6.4342	1151
ENSG00000085872	CHERP	6.4289	1152
ENSG00000197879	MYO1C	6.425	1153
ENSG00000074842	MYDGF	6.424	1154
ENSG00000160803	UBQLN4	6.4227	1155
ENSG00000116918	TSNAX	6.4223	1156
ENSG00000111602	TIMELESS	6.4221	1157
ENSG00000310517	CAST	6.4217	1158
ENSG00000128951	DUT	6.4213	1159
ENSG00000143740	SNAP47	6.4202	1160
ENSG00000275700	AATF	6.4194	1161
ENSG00000100416	TRMU	6.419	1162
ENSG00000125877	ITPA	6.4184	1163
ENSG00000176953	NFATC2IP	6.4181	1164
ENSG00000180964	TCEAL8	6.4157	1165
ENSG00000054148	PHPT1	6.4123	1166
ENSG00000204310	AGPAT1	6.4122	1167
ENSG00000159259	CHAF1B	6.4109	1168
ENSG00000145907	G3BP1	6.4094	1169
ENSG00000149485	FADS1	6.4084	1170
ENSG00000048162	NOP16	6.4083	1171
ENSG00000256269	HMBS	6.4072	1172
ENSG00000100227	POLDIP3	6.4067	1173
ENSG00000132182	NUP210	6.4062	1174
ENSG00000239857	GET4	6.4045	1175
ENSG00000103769	RAB11A	6.4001	1176
ENSG00000109917	ZPR1	6.4	1177
ENSG00000136875	PRPF4	6.3979	1178
ENSG00000153774	CFDP1	6.397	1179
ENSG00000182512	GLRX5	6.3961	1180
ENSG00000182446	NPLOC4	6.3956	1181
ENSG00000170265	ZNF282	6.3924	1182
ENSG00000081692	JMJD4	6.3913	1183
ENSG00000141101	NOB1	6.388	1184
ENSG00000063322	MED29	6.3863	1185
ENSG00000140983	RHOT2	6.3862	1186
ENSG00000101439	CST3	6.386	1187
ENSG00000154473	BUB3	6.3855	1188
ENSG00000158195	WASF2	6.3849	1189
ENSG00000177082	WDR73	6.3848	1190
ENSG00000148334	PTGES2	6.3836	1191
ENSG00000172009	THOP1	6.3833	1192
ENSG00000156471	PTDSS1	6.3822	1193
ENSG00000142546	NOSIP	6.3808	1194
ENSG00000175416	CLTB	6.3807	1195
ENSG00000145919	BOD1	6.3805	1196
ENSG00000213465	ARL2	6.3795	1197
ENSG00000120253	NUP43	6.3781	1198
ENSG00000185627	PSMD13	6.3769	1199
ENSG00000130382	MLLT1	6.3768	1200
ENSG00000170759	KIF5B	6.3767	1201
ENSG00000105821	DNAJC2	6.3762	1202
ENSG00000071127	WDR1	6.3742	1203
ENSG00000154370	TRIM11	6.3738	1204
ENSG00000130766	SESN2	6.3736	1205
ENSG00000044115	CTNNA1	6.373	1206
ENSG00000169689	CENPX	6.3722	1207
ENSG00000123080	CDKN2C	6.3696	1208
ENSG00000197170	PSMD12	6.3694	1209
ENSG00000058600	POLR3E	6.3691	1210
ENSG00000169635	HIC2	6.3683	1211
ENSG00000138385	SSB	6.3679	1212
ENSG00000112658	SRF	6.3669	1213
ENSG00000137312	FLOT1	6.3649	1214
ENSG00000069998	HDHD5	6.3648	1215
ENSG00000113068	PFDN1	6.3643	1216
ENSG00000171130	ATP6V0E2	6.3621	1217
ENSG00000161980	POLR3K	6.3612	1218
ENSG00000172775	PSME3IP1	6.3603	1219
ENSG00000146834	MEPCE	6.3603	1220
ENSG00000165689	ENTR1	6.3601	1221
ENSG00000105402	NAPA	6.3573	1222
ENSG00000115286	NDUFS7	6.3572	1223
ENSG00000115524	SF3B1	6.3566	1224
ENSG00000146109	ABT1	6.3564	1225
ENSG00000078140	UBE2K	6.3548	1226
ENSG00000162063	CCNF	6.3546	1227
ENSG00000091542	ALKBH5	6.3534	1228
ENSG00000155115	GTF3C6	6.3533	1229
ENSG00000011275	RNF216	6.3528	1230
ENSG00000097021	ACOT7	6.3525	1231
ENSG00000180817	PPA1	6.351	1232
ENSG00000110987	BCL7A	6.3504	1233
ENSG00000136026	CKAP4	6.3495	1234
ENSG00000204371	EHMT2	6.3466	1235
ENSG00000141556	TBCD	6.3462	1236
ENSG00000159199	ATP5MC1	6.3458	1237
ENSG00000197912	SPG7	6.3446	1238
ENSG00000084693	AGBL5	6.342	1239
ENSG00000114354	TFG	6.3413	1240
ENSG00000142453	CARM1	6.3404	1241
ENSG00000178127	NDUFV2	6.3402	1242
ENSG00000174851	YIF1A	6.3396	1243
ENSG00000055130	CUL1	6.3343	1244
ENSG00000165527	ARF6	6.3341	1245
ENSG00000047410	TPR	6.3331	1246
ENSG00000131236	CAP1	6.3331	1247
ENSG00000159720	ATP6V0D1	6.333	1248
ENSG00000146540	C7orf50	6.3327	1249
ENSG00000055070	SZRD1	6.3319	1250
ENSG00000106615	RHEB	6.3299	1251
ENSG00000160714	UBE2Q1	6.3295	1252
ENSG00000101199	ARFGAP1	6.3282	1253
ENSG00000125971	DYNLRB1	6.3279	1254
ENSG00000167962	ZNF598	6.3277	1255
ENSG00000141385	AFG3L2	6.3271	1256
ENSG00000120727	PAIP2	6.3263	1257
ENSG00000108344	PSMD3	6.3253	1258
ENSG00000101367	MAPRE1	6.324	1259
ENSG00000113758	DBN1	6.3237	1260
ENSG00000185359	HGS	6.323	1261
ENSG00000242114	MTFP1	6.3209	1262
ENSG00000120948	TARDBP	6.3182	1263
ENSG00000131778	CHD1L	6.3181	1264
ENSG00000181090	EHMT1	6.3174	1265
ENSG00000022277	RTF2	6.3171	1266
ENSG00000086475	SEPHS1	6.3171	1267
ENSG00000115685	PPP1R7	6.317	1268
ENSG00000141552	ANAPC11	6.3169	1269
ENSG00000049656	CLPTM1L	6.3147	1270
ENSG00000142945	KIF2C	6.3113	1271
ENSG00000177192	PUS1	6.3083	1272
ENSG00000153037	SRP19	6.3082	1273
ENSG00000138398	PPIG	6.3074	1274
ENSG00000137100	DCTN3	6.3068	1275
ENSG00000163938	GNL3	6.3066	1276
ENSG00000183955	KMT5A	6.3062	1277
ENSG00000167900	TK1	6.306	1278
ENSG00000214078	CPNE1	6.3055	1279
ENSG00000105176	URI1	6.3053	1280
ENSG00000124702	KLHDC3	6.3047	1281
ENSG00000127481	UBR4	6.3041	1282
ENSG00000160216	AGPAT3	6.3035	1283
ENSG00000119333	DYNC2I2	6.3013	1284
ENSG00000094916	CBX5	6.3009	1285
ENSG00000168092	PAFAH1B2	6.2997	1286
ENSG00000100422	CERK	6.2996	1287
ENSG00000163636	PSMD6	6.2979	1288
ENSG00000119707	RBM25	6.2974	1289
ENSG00000169925	BRD3	6.2964	1290
ENSG00000198171	DDRGK1	6.2949	1291
ENSG00000149823	VPS51	6.2939	1292
ENSG00000160213	CSTB	6.2917	1293
ENSG00000115561	CHMP3	6.2916	1294
ENSG00000105698	USF2	6.2891	1295
ENSG00000123200	ZC3H13	6.2884	1296
ENSG00000144224	UBXN4	6.2881	1297
ENSG00000128309	MPST	6.288	1298
ENSG00000115738	ID2	6.2864	1299
ENSG00000186184	POLR1D	6.2854	1300
ENSG00000101150	TPD52L2	6.2854	1301
ENSG00000104964	TLE5	6.2843	1302
ENSG00000143401	ANP32E	6.2828	1303
ENSG00000171316	CHD7	6.2822	1304
ENSG00000112667	DNPH1	6.2801	1305
ENSG00000129680	MAP7D3	6.2789	1306
ENSG00000148335	NTMT1	6.2788	1307
ENSG00000140995	DEF8	6.2786	1308
ENSG00000171865	RNASEH1	6.2784	1309
ENSG00000126261	UBA2	6.2784	1310
ENSG00000118579	MED28	6.278	1311
ENSG00000241553	ARPC4	6.2771	1312
ENSG00000176946	THAP4	6.2768	1313
ENSG00000120705	ETF1	6.2767	1314
ENSG00000005100	DHX33	6.2767	1315
ENSG00000122783	CYREN	6.2757	1316
ENSG00000172201	ID4	6.2735	1317
ENSG00000160087	UBE2J2	6.2724	1318
ENSG00000105576	TNPO2	6.2712	1319
ENSG00000114446	IFT57	6.269	1320
ENSG00000269858	EGLN2	6.2688	1321
ENSG00000160058	BSDC1	6.2681	1322
ENSG00000106829	TLE4	6.2681	1323
ENSG00000170638	TRABD	6.265	1324
ENSG00000133606	MKRN1	6.2646	1325
ENSG00000184640	SEPTIN9	6.2636	1326
ENSG00000101158	NELFCD	6.2635	1327
ENSG00000117899	MESD	6.2627	1328
ENSG00000099821	POLRMT	6.262	1329
ENSG00000241945	PWP2	6.2611	1330
ENSG00000197386	HTT	6.2602	1331
ENSG00000185129	PURA	6.2598	1332
ENSG00000163714	U2SURP	6.2589	1333
ENSG00000161526	SAP30BP	6.2561	1334
ENSG00000152556	PFKM	6.256	1335
ENSG00000116984	MTR	6.254	1336
ENSG00000108055	SMC3	6.2537	1337
ENSG00000168872	DDX19A	6.2517	1338
ENSG00000188186	LAMTOR4	6.2508	1339
ENSG00000140391	TSPAN3	6.2489	1340
ENSG00000162521	RBBP4	6.2482	1341
ENSG00000148396	SEC16A	6.2478	1342
ENSG00000099940	SNAP29	6.2478	1343
ENSG00000183048	SLC25A10	6.2471	1344
ENSG00000130764	LRRC47	6.2465	1345
ENSG00000143793	C1orf35	6.2448	1346
ENSG00000163428	LRRC58	6.2447	1347
ENSG00000158604	TMED4	6.2447	1348
ENSG00000118418	HMGN3	6.2447	1349
ENSG00000166411	IDH3A	6.2444	1350
ENSG00000104886	PLEKHJ1	6.2443	1351
ENSG00000177370	TIMM22	6.2435	1352
ENSG00000121766	ZCCHC17	6.2434	1353
ENSG00000100296	THOC5	6.2433	1354
ENSG00000082898	XPO1	6.2432	1355
ENSG00000238227	TMEM250	6.2427	1356
ENSG00000100241	SBF1	6.2424	1357
ENSG00000168175	MAPK1IP1L	6.2415	1358
ENSG00000117906	RCN2	6.2414	1359
ENSG00000005339	CREBBP	6.2413	1360
ENSG00000072071	ADGRL1	6.241	1361
ENSG00000113312	TTC1	6.2405	1362
ENSG00000196591	HDAC2	6.24	1363
ENSG00000099804	CDC34	6.2386	1364
ENSG00000087077	TRIP6	6.2381	1365
ENSG00000227057	WDR46	6.2376	1366
ENSG00000140497	SCAMP2	6.2371	1367
ENSG00000162129	CLPB	6.2361	1368
ENSG00000103415	HMOX2	6.2332	1369
ENSG00000170892	TSEN34	6.2329	1370
ENSG00000176095	IP6K1	6.2312	1371
ENSG00000204209	DAXX	6.23	1372
ENSG00000211450	SELENOH	6.229	1373
ENSG00000140521	POLG	6.2279	1374
ENSG00000156697	UTP14A	6.2273	1375
ENSG00000004975	DVL2	6.2248	1376
ENSG00000101003	GINS1	6.2248	1377
ENSG00000127054	INTS11	6.2233	1378
ENSG00000172893	DHCR7	6.2216	1379
ENSG00000079805	DNM2	6.2211	1380
ENSG00000167969	ECI1	6.2207	1381
ENSG00000099942	CRKL	6.2195	1382
ENSG00000076003	MCM6	6.2183	1383
ENSG00000163166	IWS1	6.2183	1384
ENSG00000065150	IPO5	6.2182	1385
ENSG00000105968	H2AZ2	6.2162	1386
ENSG00000078808	SDF4	6.2141	1387
ENSG00000173456	RNF26	6.2137	1388
ENSG00000005810	MYCBP2	6.2122	1389
ENSG00000125107	CNOT1	6.2122	1390
ENSG00000130309	COLGALT1	6.2118	1391
ENSG00000166595	CIAO2B	6.2115	1392
ENSG00000167193	CRK	6.2114	1393
ENSG00000156304	SCAF4	6.2111	1394
ENSG00000134759	ELP2	6.2092	1395
ENSG00000099795	NDUFB7	6.2083	1396
ENSG00000177733	HNRNPA0	6.2082	1397
ENSG00000012048	BRCA1	6.2062	1398
ENSG00000136861	CDK5RAP2	6.2062	1399
ENSG00000249915	PDCD6	6.2052	1400
ENSG00000088205	DDX18	6.2052	1401
ENSG00000166582	CENPV	6.2044	1402
ENSG00000106009	BRAT1	6.2036	1403
ENSG00000132155	RAF1	6.2015	1404
ENSG00000188690	UROS	6.2012	1405
ENSG00000149930	TAOK2	6.2006	1406
ENSG00000087111	PIGS	6.2001	1407
ENSG00000164897	TMUB1	6.1989	1408
ENSG00000102409	BEX4	6.1977	1409
ENSG00000095319	NUP188	6.1971	1410
ENSG00000099917	MED15	6.197	1411
ENSG00000117877	POLR1G	6.1968	1412
ENSG00000121058	COIL	6.196	1413
ENSG00000156261	CCT8	6.1951	1414
ENSG00000070087	PFN2	6.1949	1415
ENSG00000139428	MMAB	6.1941	1416
ENSG00000064995	TAF11	6.1924	1417
ENSG00000139218	SCAF11	6.192	1418
ENSG00000164902	PHAX	6.192	1419
ENSG00000060491	OGFR	6.1914	1420
ENSG00000100023	PPIL2	6.1909	1421
ENSG00000128928	IVD	6.1897	1422
ENSG00000089006	SNX5	6.1893	1423
ENSG00000136950	ARPC5L	6.1874	1424
ENSG00000104131	EIF3J	6.1874	1425
ENSG00000167515	TRAPPC2L	6.1838	1426
ENSG00000185222	TCEAL9	6.1832	1427
ENSG00000115761	NOL10	6.1827	1428
ENSG00000133265	HSPBP1	6.1826	1429
ENSG00000181192	DHTKD1	6.181	1430
ENSG00000102393	GLA	6.177	1431
ENSG00000241973	PI4KA	6.1769	1432
ENSG00000142002	DPP9	6.1761	1433
ENSG00000166295	ANAPC16	6.1753	1434
ENSG00000060339	CCAR1	6.1744	1435
ENSG00000102309	PIN4	6.1743	1436
ENSG00000111011	RSRC2	6.1742	1437
ENSG00000103507	BCKDK	6.1741	1438
ENSG00000141568	FOXK2	6.1719	1439
ENSG00000112640	PPP2R5D	6.1718	1440
ENSG00000110492	MDK	6.1711	1441
ENSG00000100083	GGA1	6.1679	1442
ENSG00000179051	RCC2	6.1664	1443
ENSG00000113522	RAD50	6.1663	1444
ENSG00000198911	SREBF2	6.1658	1445
ENSG00000149357	LAMTOR1	6.1658	1446
ENSG00000184900	SUMO3	6.1647	1447
ENSG00000112159	MDN1	6.1646	1448
ENSG00000159069	FBXW5	6.1643	1449
ENSG00000101224	CDC25B	6.1633	1450
ENSG00000130560	UBAC1	6.1628	1451
ENSG00000197448	GSTK1	6.1626	1452
ENSG00000159840	ZYX	6.1625	1453
ENSG00000175745	NR2F1	6.1613	1454
ENSG00000132424	PNISR	6.1609	1455
ENSG00000102226	USP11	6.1596	1456
ENSG00000115816	CEBPZ	6.1596	1457
ENSG00000164919	COX6C	6.1588	1458
ENSG00000132383	RPA1	6.1583	1459
ENSG00000180304	OAZ2	6.1574	1460
ENSG00000107371	EXOSC3	6.157	1461
ENSG00000120709	FAM53C	6.1568	1462
ENSG00000110880	CORO1C	6.1558	1463
ENSG00000121152	NCAPH	6.1547	1464
ENSG00000105379	ETFB	6.1547	1465
ENSG00000164615	CAMLG	6.1546	1466
ENSG00000104341	LAPTM4B	6.1536	1467
ENSG00000111605	CPSF6	6.1523	1468
ENSG00000253719	ATXN7L3B	6.1521	1469
ENSG00000179889	PDXDC1	6.1518	1470
ENSG00000176915	ANKLE2	6.1512	1471
ENSG00000196182	STK40	6.1507	1472
ENSG00000114738	MAPKAPK3	6.1503	1473
ENSG00000141380	SS18	6.1497	1474
ENSG00000132591	ERAL1	6.1481	1475
ENSG00000184117	NIPSNAP1	6.1465	1476
ENSG00000198901	PRC1	6.1444	1477
ENSG00000102024	PLS3	6.1437	1478
ENSG00000156860	FBRS	6.1437	1479
ENSG00000127804	METTL16	6.1428	1480
ENSG00000164081	TEX264	6.1424	1481
ENSG00000048649	RSF1	6.1413	1482
ENSG00000131503	ANKHD1	6.1413	1483
ENSG00000123505	AMD1	6.1409	1484
ENSG00000140632	GLYR1	6.1402	1485
ENSG00000150316	CWC15	6.1397	1486
ENSG00000161671	EMC10	6.1379	1487
ENSG00000169905	TOR1AIP2	6.1365	1488
ENSG00000167881	SRP68	6.1357	1489
ENSG00000103194	USP10	6.1357	1490
ENSG00000179295	PTPN11	6.1357	1491
ENSG00000135778	NTPCR	6.1349	1492
ENSG00000114573	ATP6V1A	6.1312	1493
ENSG00000100603	SNW1	6.1309	1494
ENSG00000178950	GAK	6.1309	1495
ENSG00000116670	MAD2L2	6.1298	1496
ENSG00000118900	UBN1	6.1288	1497
ENSG00000007202	BLTP2	6.1269	1498
ENSG00000182534	MXRA7	6.1264	1499
ENSG00000119705	SLIRP	6.1249	1500
ENSG00000163811	WDR43	6.1247	1501
ENSG00000055044	NOP58	6.1242	1502
ENSG00000157778	PSMG3	6.1233	1503
ENSG00000183520	UTP11	6.1216	1504
ENSG00000101849	TBL1X	6.1208	1505
ENSG00000131495	NDUFA2	6.1201	1506
ENSG00000136908	DPM2	6.1197	1507
ENSG00000141425	RPRD1A	6.1195	1508
ENSG00000078399	HOXA9	6.1195	1509
ENSG00000134590	RTL8C	6.1194	1510
ENSG00000123159	GIPC1	6.1177	1511
ENSG00000163257	DCAF16	6.1171	1512
ENSG00000107625	DDX50	6.1157	1513
ENSG00000129128	SPCS3	6.115	1514
ENSG00000074582	BCS1L	6.1148	1515
ENSG00000250479	CHCHD10	6.1146	1516
ENSG00000174775	HRAS	6.1143	1517
ENSG00000165678	GHITM	6.1139	1518
ENSG00000186575	NF2	6.1136	1519
ENSG00000181220	ZNF746	6.1132	1520
ENSG00000014216	CAPN1	6.1109	1521
ENSG00000133706	LARS1	6.1108	1522
ENSG00000147536	GINS4	6.1107	1523
ENSG00000131871	SELENOS	6.1105	1524
ENSG00000164904	ALDH7A1	6.1101	1525
ENSG00000173272	MZT2A	6.1099	1526
ENSG00000162734	PEA15	6.1089	1527
ENSG00000127483	HP1BP3	6.1085	1528
ENSG00000124541	RRP36	6.107	1529
ENSG00000182004	SNRPE	6.107	1530
ENSG00000104852	SNRNP70	6.1069	1531
ENSG00000127564	PKMYT1	6.1062	1532
ENSG00000101191	DIDO1	6.1061	1533
ENSG00000177646	ACAD9	6.1017	1534
ENSG00000111445	RFC5	6.1016	1535
ENSG00000073060	SCARB1	6.0989	1536
ENSG00000075856	SART3	6.0968	1537
ENSG00000137124	ALDH1B1	6.0968	1538
ENSG00000065911	MTHFD2	6.0951	1539
ENSG00000140525	FANCI	6.094	1540
ENSG00000161249	DMKN	6.0939	1541
ENSG00000114999	TTL	6.0928	1542
ENSG00000108604	SMARCD2	6.0926	1543
ENSG00000163832	ELP6	6.092	1544
ENSG00000114126	TFDP2	6.0919	1545
ENSG00000170689	HOXB9	6.0918	1546
ENSG00000085733	CTTN	6.0902	1547
ENSG00000160783	PMF1	6.0897	1548
ENSG00000160285	LSS	6.0895	1549
ENSG00000105397	TYK2	6.0894	1550
ENSG00000169221	TBC1D10B	6.0891	1551
ENSG00000100395	L3MBTL2	6.0887	1552
ENSG00000146909	NOM1	6.0882	1553
ENSG00000188739	RBM34	6.0863	1554
ENSG00000139719	VPS33A	6.0847	1555
ENSG00000198258	UBL5	6.0822	1556
ENSG00000125676	THOC2	6.082	1557
ENSG00000173436	MICOS10	6.0818	1558
ENSG00000015479	MATR3	6.0811	1559
ENSG00000167397	VKORC1	6.0806	1560
ENSG00000117748	RPA2	6.08	1561
ENSG00000171848	RRM2	6.08	1562
ENSG00000175183	CSRP2	6.0791	1563
ENSG00000131165	CHMP1A	6.0787	1564
ENSG00000072736	NFATC3	6.0787	1565
ENSG00000100605	ITPK1	6.0787	1566
ENSG00000134884	ARGLU1	6.0782	1567
ENSG00000107341	UBE2R2	6.0775	1568
ENSG00000103043	VAC14	6.0769	1569
ENSG00000105404	RABAC1	6.075	1570
ENSG00000023734	STRAP	6.0735	1571
ENSG00000183688	RFLNB	6.0732	1572
ENSG00000278259	MYO19	6.0716	1573
ENSG00000185298	CCDC137	6.071	1574
ENSG00000106400	ZNHIT1	6.0701	1575
ENSG00000054116	TRAPPC3	6.0692	1576
ENSG00000130119	GNL3L	6.0685	1577
ENSG00000157216	SSBP3	6.0676	1578
ENSG00000120265	PCMT1	6.0673	1579
ENSG00000112130	RNF8	6.0668	1580
ENSG00000213397	HAUS7	6.0643	1581
ENSG00000132361	CLUH	6.0633	1582
ENSG00000179271	GADD45GIP1	6.0617	1583
ENSG00000013573	DDX11	6.061	1584
ENSG00000131148	EMC8	6.0598	1585
ENSG00000083099	LYRM2	6.0586	1586
ENSG00000132522	GPS2	6.0578	1587
ENSG00000100938	GMPR2	6.0564	1588
ENSG00000065328	MCM10	6.0555	1589
ENSG00000076382	SPAG5	6.0553	1590
ENSG00000101882	NKAP	6.0549	1591
ENSG00000103365	GGA2	6.0548	1592
ENSG00000125871	MGME1	6.0548	1593
ENSG00000156256	USP16	6.0547	1594
ENSG00000099949	LZTR1	6.0547	1595
ENSG00000140332	TLE3	6.0545	1596
ENSG00000031823	RANBP3	6.0535	1597
ENSG00000240682	ISY1	6.0519	1598
ENSG00000150459	SAP18	6.0518	1599
ENSG00000187741	FANCA	6.0517	1600
ENSG00000117713	ARID1A	6.0515	1601
ENSG00000046604	DSG2	6.0509	1602
ENSG00000067057	PFKP	6.0506	1603
ENSG00000133316	WDR74	6.0474	1604
ENSG00000116698	SMG7	6.0452	1605
ENSG00000125844	RRBP1	6.045	1606
ENSG00000135916	ITM2C	6.0429	1607
ENSG00000203950	RTL8A	6.0421	1608
ENSG00000179041	RRS1	6.0405	1609
ENSG00000055163	CYFIP2	6.0395	1610
ENSG00000176014	TUBB6	6.0392	1611
ENSG00000116133	DHCR24	6.039	1612
ENSG00000094914	AAAS	6.0388	1613
ENSG00000104823	ECH1	6.0379	1614
ENSG00000159335	PTMS	6.0376	1615
ENSG00000168724	DNAJC21	6.0374	1616
ENSG00000188486	H2AX	6.037	1617
ENSG00000122687	MRM2	6.0369	1618
ENSG00000162664	ZNF326	6.0367	1619
ENSG00000077312	SNRPA	6.0354	1620
ENSG00000132128	LRRC41	6.0332	1621
ENSG00000167863	ATP5PD	6.0328	1622
ENSG00000148824	MTG1	6.0323	1623
ENSG00000196781	TLE1	6.0312	1624
ENSG00000175221	MED16	6.0309	1625
ENSG00000049449	RCN1	6.0301	1626
ENSG00000128185	DGCR6L	6.0289	1627
ENSG00000132676	DAP3	6.0283	1628
ENSG00000218739	CEBPZOS	6.0269	1629
ENSG00000131153	GINS2	6.0259	1630
ENSG00000158526	TSR2	6.0251	1631
ENSG00000125354	SEPTIN6	6.0248	1632
ENSG00000184436	THAP7	6.0248	1633
ENSG00000110801	PSMD9	6.0237	1634
ENSG00000130810	PPAN	6.0236	1635
ENSG00000101144	BMP7	6.0226	1636
ENSG00000174953	DHX36	6.0218	1637
ENSG00000126883	NUP214	6.017	1638
ENSG00000070413	DGCR2	6.0166	1639
ENSG00000153944	MSI2	6.0151	1640
ENSG00000177425	PAWR	6.0142	1641
ENSG00000142039	CCDC97	6.0125	1642
ENSG00000173402	DAG1	6.0118	1643
ENSG00000122378	PRXL2A	6.0118	1644
ENSG00000166226	CCT2	6.0117	1645
ENSG00000233276	GPX1	6.0115	1646
ENSG00000174915	PTDSS2	6.0108	1647
ENSG00000062485	CS	6.0087	1648
ENSG00000118046	STK11	6.0084	1649
ENSG00000131508	UBE2D2	6.0074	1650
ENSG00000005007	UPF1	6.006	1651
ENSG00000117448	AKR1A1	6.0041	1652
ENSG00000124486	USP9X	6.0041	1653
ENSG00000186687	LYRM7	6.0015	1654
ENSG00000165055	METTL2B	6.0013	1655
ENSG00000257923	CUX1	5.9988	1656
ENSG00000107262	BAG1	5.9976	1657
ENSG00000035928	RFC1	5.9958	1658
ENSG00000100632	ERH	5.9923	1659
ENSG00000140263	SORD	5.9923	1660
ENSG00000103018	CYB5B	5.992	1661
ENSG00000128283	CDC42EP1	5.9911	1662
ENSG00000101347	SAMHD1	5.9907	1663
ENSG00000170004	CHD3	5.9903	1664
ENSG00000114491	UMPS	5.9897	1665
ENSG00000087470	DNM1L	5.9897	1666
ENSG00000103353	UBFD1	5.9895	1667
ENSG00000057757	PITHD1	5.9886	1668
ENSG00000126254	RBM42	5.9878	1669
ENSG00000136868	SLC31A1	5.9876	1670
ENSG00000127837	AAMP	5.9871	1671
ENSG00000197006	METTL9	5.9871	1672
ENSG00000113761	ZNF346	5.9868	1673
ENSG00000122965	RBM19	5.9865	1674
ENSG00000160007	ARHGAP35	5.986	1675
ENSG00000124767	GLO1	5.9846	1676
ENSG00000106245	BUD31	5.9823	1677
ENSG00000165629	ATP5F1C	5.9819	1678
ENSG00000185043	CIB1	5.9817	1679
ENSG00000079739	PGM1	5.9813	1680
ENSG00000160789	LMNA	5.9812	1681
ENSG00000141696	P3H4	5.9798	1682
ENSG00000130024	PHF10	5.9785	1683
ENSG00000143641	GALNT2	5.9776	1684
ENSG00000149929	HIRIP3	5.9774	1685
ENSG00000101457	DNTTIP1	5.977	1686
ENSG00000164754	RAD21	5.9761	1687
ENSG00000106261	ZKSCAN1	5.9759	1688
ENSG00000029363	BCLAF1	5.9748	1689
ENSG00000103855	CD276	5.9736	1690
ENSG00000131711	MAP1B	5.9732	1691
ENSG00000100354	TNRC6B	5.973	1692
ENSG00000111057	KRT18	5.9727	1693
ENSG00000196715	VKORC1L1	5.9722	1694
ENSG00000168883	USP39	5.9709	1695
ENSG00000131652	THOC6	5.9701	1696
ENSG00000158941	CCAR2	5.9694	1697
ENSG00000143384	MCL1	5.9679	1698
ENSG00000136045	PWP1	5.9675	1699
ENSG00000168397	ATG4B	5.9672	1700
ENSG00000119820	YIPF4	5.9663	1701
ENSG00000166562	SEC11C	5.9656	1702
ENSG00000188529	SRSF10	5.965	1703
ENSG00000119185	ITGB1BP1	5.965	1704
ENSG00000090061	CCNK	5.9647	1705
ENSG00000197858	GPAA1	5.9641	1706
ENSG00000022267	FHL1	5.964	1707
ENSG00000157895	C12orf43	5.9635	1708
ENSG00000184967	NOC4L	5.963	1709
ENSG00000158828	PINK1	5.9626	1710
ENSG00000055483	USP36	5.9621	1711
ENSG00000141367	CLTC	5.9615	1712
ENSG00000068308	OTUD5	5.9607	1713
ENSG00000156858	PRR14	5.9588	1714
ENSG00000134644	PUM1	5.9583	1715
ENSG00000179409	GEMIN4	5.9583	1716
ENSG00000107521	HPS1	5.958	1717
ENSG00000067560	RHOA	5.9576	1718
ENSG00000094804	CDC6	5.9576	1719
ENSG00000075413	MARK3	5.9576	1720
ENSG00000064419	TNPO3	5.9572	1721
ENSG00000165219	GAPVD1	5.9558	1722
ENSG00000086102	NFX1	5.9554	1723
ENSG00000071994	PDCD2	5.9549	1724
ENSG00000107874	CUEDC2	5.9546	1725
ENSG00000054267	ARID4B	5.9506	1726
ENSG00000010322	NISCH	5.9498	1727
ENSG00000126001	CEP250	5.9495	1728
ENSG00000108861	DUSP3	5.9489	1729
ENSG00000198604	BAZ1A	5.9475	1730
ENSG00000109390	NDUFC1	5.9469	1731
ENSG00000108523	RNF167	5.9462	1732
ENSG00000159692	CTBP1	5.9445	1733
ENSG00000154767	XPC	5.9444	1734
ENSG00000139168	ZCRB1	5.9441	1735
ENSG00000161091	MFSD12	5.9419	1736
ENSG00000151729	SLC25A4	5.9392	1737
ENSG00000171298	GAA	5.9387	1738
ENSG00000165724	ZMYND19	5.9373	1739
ENSG00000100983	GSS	5.9369	1740
ENSG00000090863	GLG1	5.936	1741
ENSG00000120437	ACAT2	5.9359	1742
ENSG00000225663	MCRIP1	5.9357	1743
ENSG00000157259	GATAD1	5.9356	1744
ENSG00000105341	DMAC2	5.9354	1745
ENSG00000143776	CDC42BPA	5.9354	1746
ENSG00000184164	CRELD2	5.9347	1747
ENSG00000115207	GTF3C2	5.9342	1748
ENSG00000069345	DNAJA2	5.9322	1749
ENSG00000170322	NFRKB	5.9313	1750
ENSG00000129933	MAU2	5.9307	1751
ENSG00000130305	NSUN5	5.9305	1752
ENSG00000038219	BOD1L1	5.9297	1753
ENSG00000164080	RAD54L2	5.9292	1754
ENSG00000171456	ASXL1	5.929	1755
ENSG00000125995	ROMO1	5.9288	1756
ENSG00000116685	KIAA2013	5.9278	1757
ENSG00000139372	TDG	5.927	1758
ENSG00000167657	DAPK3	5.9263	1759
ENSG00000084072	PPIE	5.926	1760
ENSG00000171497	PPID	5.926	1761
ENSG00000127774	EMC6	5.9241	1762
ENSG00000184887	BTBD6	5.9239	1763
ENSG00000173848	NET1	5.9239	1764
ENSG00000124608	AARS2	5.9233	1765
ENSG00000146918	NCAPG2	5.9199	1766
ENSG00000181222	POLR2A	5.9193	1767
ENSG00000090316	MAEA	5.919	1768
ENSG00000110536	PTPMT1	5.9185	1769
ENSG00000140534	TICRR	5.9183	1770
ENSG00000079785	DDX1	5.9177	1771
ENSG00000143190	POU2F1	5.9173	1772
ENSG00000112312	GMNN	5.9168	1773
ENSG00000179361	ARID3B	5.9161	1774
ENSG00000164885	CDK5	5.9141	1775
ENSG00000166974	MAPRE2	5.9141	1776
ENSG00000100139	MICALL1	5.914	1777
ENSG00000122692	SMU1	5.9132	1778
ENSG00000115806	GORASP2	5.9125	1779
ENSG00000070061	ELP1	5.9125	1780
ENSG00000198563	DDX39B	5.9106	1781
ENSG00000142207	URB1	5.9103	1782
ENSG00000122257	RBBP6	5.9102	1783
ENSG00000132589	FLOT2	5.91	1784
ENSG00000167110	GOLGA2	5.9082	1785
ENSG00000183864	TOB2	5.9078	1786
ENSG00000174744	BRMS1	5.9075	1787
ENSG00000134597	RBMX2	5.9069	1788
ENSG00000100258	LMF2	5.9068	1789
ENSG00000137288	UQCC2	5.9067	1790
ENSG00000110619	CARS1	5.906	1791
ENSG00000178691	SUZ12	5.9058	1792
ENSG00000186480	INSIG1	5.905	1793
ENSG00000168275	COA6	5.9037	1794
ENSG00000134874	DZIP1	5.9037	1795
ENSG00000196976	LAGE3	5.9036	1796
ENSG00000196465	MYL6B	5.9029	1797
ENSG00000126749	EMG1	5.9027	1798
ENSG00000148296	SURF6	5.8987	1799
ENSG00000132603	NIP7	5.8966	1800
ENSG00000100281	HMGXB4	5.896	1801
ENSG00000185049	NELFA	5.8943	1802
ENSG00000130731	METTL26	5.8933	1803
ENSG00000183495	EP400	5.8924	1804
ENSG00000117519	CNN3	5.8921	1805
ENSG00000198715	GLMP	5.8914	1806
ENSG00000187257	RSBN1L	5.8906	1807
ENSG00000104522	GFUS	5.8897	1808
ENSG00000176444	CLK2	5.8897	1809
ENSG00000117419	ERI3	5.8893	1810
ENSG00000110711	AIP	5.8888	1811
ENSG00000277586	NEFL	5.8886	1812
ENSG00000158669	GPAT4	5.8885	1813
ENSG00000184575	XPOT	5.8882	1814
ENSG00000134291	TMEM106C	5.8882	1815
ENSG00000135334	AKIRIN2	5.8873	1816
ENSG00000147383	NSDHL	5.8864	1817
ENSG00000213614	HEXA	5.886	1818
ENSG00000167674	HDGFL2	5.8855	1819
ENSG00000198492	YTHDF2	5.8847	1820
ENSG00000157514	TSC22D3	5.8838	1821
ENSG00000099381	SETD1A	5.883	1822
ENSG00000076248	UNG	5.8823	1823
ENSG00000196510	ANAPC7	5.8817	1824
ENSG00000187742	SECISBP2	5.8815	1825
ENSG00000108961	RANGRF	5.8794	1826
ENSG00000171824	EXOSC10	5.8772	1827
ENSG00000203879	GDI1	5.8765	1828
ENSG00000137054	POLR1E	5.8758	1829
ENSG00000241837	ATP5PO	5.8755	1830
ENSG00000107929	LARP4B	5.8754	1831
ENSG00000188706	ZDHHC9	5.8723	1832
ENSG00000215193	PEX26	5.8687	1833
ENSG00000151502	VPS26B	5.8678	1834
ENSG00000111275	ALDH2	5.8652	1835
ENSG00000025800	KPNA6	5.8651	1836
ENSG00000136111	TBC1D4	5.8651	1837
ENSG00000100124	ANKRD54	5.8647	1838
ENSG00000100461	RBM23	5.8646	1839
ENSG00000114857	NKTR	5.8642	1840
ENSG00000060237	WNK1	5.8642	1841
ENSG00000153147	SMARCA5	5.8642	1842
ENSG00000119285	HEATR1	5.8642	1843
ENSG00000132604	TERF2	5.8638	1844
ENSG00000100364	KIAA0930	5.8627	1845
ENSG00000162231	NXF1	5.8627	1846
ENSG00000100056	ESS2	5.8614	1847
ENSG00000106462	EZH2	5.8596	1848
ENSG00000103226	NOMO3	5.8596	1849
ENSG00000112078	KCTD20	5.8595	1850
ENSG00000136270	TBRG4	5.8594	1851
ENSG00000101474	APMAP	5.8594	1852
ENSG00000136448	NMT1	5.858	1853
ENSG00000265354	TIMM23	5.8561	1854
ENSG00000154518	ATP5MC3	5.8561	1855
ENSG00000033627	ATP6V0A1	5.8561	1856
ENSG00000137168	PPIL1	5.8539	1857
ENSG00000172831	CES2	5.8535	1858
ENSG00000131043	AAR2	5.8525	1859
ENSG00000173575	CHD2	5.8518	1860
ENSG00000100034	PPM1F	5.8512	1861
ENSG00000139405	RITA1	5.851	1862
ENSG00000141252	VPS53	5.8509	1863
ENSG00000138160	KIF11	5.8502	1864
ENSG00000052749	RRP12	5.8501	1865
ENSG00000126016	AMOT	5.8495	1866
ENSG00000141562	NARF	5.8481	1867
ENSG00000171307	ZDHHC16	5.847	1868
ENSG00000126778	SIX1	5.8467	1869
ENSG00000204592	HLA-E	5.8462	1870
ENSG00000108773	KAT2A	5.8458	1871
ENSG00000162909	CAPN2	5.8455	1872
ENSG00000170776	AKAP13	5.8445	1873
ENSG00000107957	SH3PXD2A	5.8439	1874
ENSG00000134815	DHX34	5.8435	1875
ENSG00000117691	NENF	5.8435	1876
ENSG00000127922	SEM1	5.8423	1877
ENSG00000174437	ATP2A2	5.8415	1878
ENSG00000237649	KIFC1	5.841	1879
ENSG00000172113	NME6	5.8409	1880
ENSG00000182481	KPNA2	5.8399	1881
ENSG00000198793	MTOR	5.8379	1882
ENSG00000134508	CABLES1	5.8366	1883
ENSG00000143621	ILF2	5.8365	1884
ENSG00000113845	TIMMDC1	5.8364	1885
ENSG00000166803	PCLAF	5.8357	1886
ENSG00000143183	TMCO1	5.8346	1887
ENSG00000126524	SBDS	5.8345	1888
ENSG00000119638	NEK9	5.8345	1889
ENSG00000160948	VPS28	5.8335	1890
ENSG00000107833	NPM3	5.8308	1891
ENSG00000185163	DDX51	5.83	1892
ENSG00000102081	FMR1	5.8298	1893
ENSG00000128463	EMC4	5.8294	1894
ENSG00000112146	FBXO9	5.8292	1895
ENSG00000169375	SIN3A	5.8291	1896
ENSG00000100226	GTPBP1	5.8289	1897
ENSG00000160194	NDUFV3	5.8281	1898
ENSG00000072518	MARK2	5.8275	1899
ENSG00000160957	RECQL4	5.8274	1900
ENSG00000160949	TONSL	5.8273	1901
ENSG00000090615	GOLGA3	5.8272	1902
ENSG00000005075	POLR2J	5.8264	1903
ENSG00000110107	PRPF19	5.8258	1904
ENSG00000172785	ZNG1A	5.8225	1905
ENSG00000162607	USP1	5.821	1906
ENSG00000183530	PRR14L	5.821	1907
ENSG00000160131	VMA21	5.821	1908
ENSG00000164070	HSPA4L	5.8208	1909
ENSG00000134758	RNF138	5.8198	1910
ENSG00000183258	DDX41	5.8196	1911
ENSG00000088356	PDRG1	5.8187	1912
ENSG00000059573	ALDH18A1	5.8181	1913
ENSG00000214253	FIS1	5.8178	1914
ENSG00000101152	DNAJC5	5.8174	1915
ENSG00000172301	COPRS	5.8174	1916
ENSG00000129235	TXNDC17	5.8164	1917
ENSG00000123908	AGO2	5.8153	1918
ENSG00000166337	TAF10	5.8149	1919
ENSG00000198420	TCAF1	5.8145	1920
ENSG00000064545	TMEM161A	5.8142	1921
ENSG00000167113	COQ4	5.8135	1922
ENSG00000196396	PTPN1	5.813	1923
ENSG00000162783	IER5	5.8121	1924
ENSG00000084733	RAB10	5.8114	1925
ENSG00000092094	OSGEP	5.8111	1926
ENSG00000214517	PPME1	5.811	1927
ENSG00000118363	SPCS2	5.811	1928
ENSG00000102900	NUP93	5.8107	1929
ENSG00000264364	DYNLL2	5.8102	1930
ENSG00000157823	AP3S2	5.8085	1931
ENSG00000132716	DCAF8	5.8083	1932
ENSG00000123297	TSFM	5.8077	1933
ENSG00000137207	YIPF3	5.8075	1934
ENSG00000105486	LIG1	5.8074	1935
ENSG00000278540	ACACA	5.8071	1936
ENSG00000273899	NOL12	5.8065	1937
ENSG00000274523	RCC1L	5.8049	1938
ENSG00000116337	AMPD2	5.8029	1939
ENSG00000100410	PHF5A	5.802	1940
ENSG00000164889	SLC4A2	5.8005	1941
ENSG00000114416	FXR1	5.7997	1942
ENSG00000148300	REXO4	5.7996	1943
ENSG00000128563	PRKRIP1	5.7994	1944
ENSG00000177697	CD151	5.7994	1945
ENSG00000134690	CDCA8	5.7987	1946
ENSG00000168495	POLR3D	5.798	1947
ENSG00000155463	OXA1L	5.7979	1948
ENSG00000101363	MANBAL	5.7951	1949
ENSG00000104524	PYCR3	5.7942	1950
ENSG00000172428	COPS9	5.7933	1951
ENSG00000089351	GRAMD1A	5.7929	1952
ENSG00000205726	ITSN1	5.7909	1953
ENSG00000106443	PHF14	5.7907	1954
ENSG00000140416	TPM1	5.7905	1955
ENSG00000137073	UBAP2	5.7898	1956
ENSG00000083168	KAT6A	5.7894	1957
ENSG00000166025	AMOTL1	5.7894	1958
ENSG00000025293	PHF20	5.7893	1959
ENSG00000167196	FBXO22	5.7882	1960
ENSG00000167291	TBC1D16	5.7881	1961
ENSG00000160310	PRMT2	5.7857	1962
ENSG00000138069	RAB1A	5.7844	1963
ENSG00000197457	STMN3	5.7807	1964
ENSG00000162961	DPY30	5.78	1965
ENSG00000198546	ZNF511	5.7796	1966
ENSG00000120694	HSPH1	5.7794	1967
ENSG00000167325	RRM1	5.7791	1968
ENSG00000015676	NUDCD3	5.7788	1969
ENSG00000139990	DCAF5	5.7766	1970
ENSG00000124164	VAPB	5.7764	1971
ENSG00000078304	PPP2R5C	5.7737	1972
ENSG00000157837	SPPL3	5.7719	1973
ENSG00000175216	CKAP5	5.7713	1974
ENSG00000197747	S100A10	5.7712	1975
ENSG00000189266	PNRC2	5.7712	1976
ENSG00000157014	TATDN2	5.7708	1977
ENSG00000167470	MIDN	5.7704	1978
ENSG00000076984	MAP2K7	5.7702	1979
ENSG00000077348	EXOSC5	5.7697	1980
ENSG00000183605	SFXN4	5.7694	1981
ENSG00000151576	QTRT2	5.7679	1982
ENSG00000144354	CDCA7	5.7669	1983
ENSG00000135679	MDM2	5.766	1984
ENSG00000182173	TSEN54	5.7657	1985
ENSG00000100294	MCAT	5.7655	1986
ENSG00000172500	FIBP	5.7652	1987
ENSG00000044574	HSPA5	5.7651	1988
ENSG00000263465	SRSF8	5.765	1989
ENSG00000145736	GTF2H2	5.7643	1990
ENSG00000006712	PAF1	5.7641	1991
ENSG00000160410	SHKBP1	5.7639	1992
ENSG00000182831	HAPSTR1	5.7638	1993
ENSG00000273749	CYFIP1	5.7637	1994
ENSG00000087995	METTL2A	5.762	1995
ENSG00000054523	KIF1B	5.7612	1996
ENSG00000160799	CCDC12	5.7611	1997
ENSG00000129245	FXR2	5.7605	1998
ENSG00000102978	POLR2C	5.7604	1999
ENSG00000115233	PSMD14	5.7602	2000
ENSG00000059122	FLYWCH1	5.7597	2001
ENSG00000136156	ITM2B	5.7597	2002
ENSG00000124006	OBSL1	5.7588	2003
ENSG00000149100	EIF3M	5.7588	2004
ENSG00000140650	PMM2	5.7568	2005
ENSG00000104549	SQLE	5.7566	2006
ENSG00000103326	CAPN15	5.7557	2007
ENSG00000113282	CLINT1	5.7554	2008
ENSG00000167671	UBXN6	5.7544	2009
ENSG00000071626	DAZAP1	5.7542	2010
ENSG00000136068	FLNB	5.7541	2011
ENSG00000114503	NCBP2	5.7532	2012
ENSG00000147099	HDAC8	5.7528	2013
ENSG00000101811	CSTF2	5.7528	2014
ENSG00000063241	ISOC2	5.7524	2015
ENSG00000214160	ALG3	5.7523	2016
ENSG00000105063	PPP6R1	5.7518	2017
ENSG00000115946	PNO1	5.7507	2018
ENSG00000090905	TNRC6A	5.7503	2019
ENSG00000007520	TSR3	5.7502	2020
ENSG00000163939	PBRM1	5.7494	2021
ENSG00000093010	COMT	5.7491	2022
ENSG00000068903	SIRT2	5.7482	2023
ENSG00000138085	ATRAID	5.7481	2024
ENSG00000115306	SPTBN1	5.7473	2025
ENSG00000105518	TMEM205	5.7468	2026
ENSG00000160953	PWWP3A	5.7465	2027
ENSG00000129103	SUMF2	5.7459	2028
ENSG00000197586	ENTPD6	5.7455	2029
ENSG00000064999	ANKS1A	5.7442	2030
ENSG00000127526	SLC35E1	5.7441	2031
ENSG00000183011	NAA38	5.7436	2032
ENSG00000104907	TRMT1	5.7402	2033
ENSG00000204560	DHX16	5.7401	2034
ENSG00000140750	ARHGAP17	5.74	2035
ENSG00000185630	PBX1	5.7397	2036
ENSG00000047249	ATP6V1H	5.7397	2037
ENSG00000143633	C1orf131	5.7391	2038
ENSG00000140612	SEC11A	5.7389	2039
ENSG00000134057	CCNB1	5.7381	2040
ENSG00000175224	ATG13	5.7376	2041
ENSG00000171603	CLSTN1	5.7371	2042
ENSG00000135723	FHOD1	5.7364	2043
ENSG00000115866	DARS1	5.7363	2044
ENSG00000011243	AKAP8L	5.7339	2045
ENSG00000113716	HMGXB3	5.733	2046
ENSG00000144591	GMPPA	5.7327	2047
ENSG00000134697	GNL2	5.7321	2048
ENSG00000129197	RPAIN	5.732	2049
ENSG00000124207	CSE1L	5.7315	2050
ENSG00000165802	NSMF	5.7313	2051
ENSG00000102910	LONP2	5.7313	2052
ENSG00000197903	H2BC12	5.7309	2053
ENSG00000142396	ERVK3-1	5.7308	2054
ENSG00000121940	CLCC1	5.7307	2055
ENSG00000145740	SLC30A5	5.7303	2056
ENSG00000102172	SMS	5.7303	2057
ENSG00000109606	DHX15	5.7273	2058
ENSG00000180957	PITPNB	5.726	2059
ENSG00000166848	TERF2IP	5.7254	2060
ENSG00000113719	ERGIC1	5.7247	2061
ENSG00000158545	ZC3H18	5.7238	2062
ENSG00000123179	EBPL	5.723	2063
ENSG00000185515	BRCC3	5.7222	2064
ENSG00000177383	MAGEF1	5.7221	2065
ENSG00000187555	USP7	5.722	2066
ENSG00000144524	COPS7B	5.7215	2067
ENSG00000133318	RTN3	5.7211	2068
ENSG00000130227	XPO7	5.7189	2069
ENSG00000006125	AP2B1	5.7172	2070
ENSG00000105127	AKAP8	5.7157	2071
ENSG00000140395	SKIC8	5.7157	2072
ENSG00000163170	BOLA3	5.7156	2073
ENSG00000040633	PHF23	5.7153	2074
ENSG00000146457	WTAP	5.7146	2075
ENSG00000153879	CEBPG	5.7141	2076
ENSG00000198663	C6orf89	5.7125	2077
ENSG00000133773	CCDC59	5.7124	2078
ENSG00000133313	CNDP2	5.7121	2079
ENSG00000134809	TIMM10	5.7108	2080
ENSG00000166313	APBB1	5.7105	2081
ENSG00000112242	E2F3	5.7094	2082
ENSG00000101350	KIF3B	5.7087	2083
ENSG00000169021	UQCRFS1	5.708	2084
ENSG00000114125	RNF7	5.7072	2085
ENSG00000196405	EVL	5.7068	2086
ENSG00000104679	R3HCC1	5.7064	2087
ENSG00000144867	SRPRB	5.7061	2088
ENSG00000132768	DPH2	5.7061	2089
ENSG00000178896	EXOSC4	5.7056	2090
ENSG00000204619	PPP1R11	5.7055	2091
ENSG00000198805	PNP	5.7038	2092
ENSG00000122218	COPA	5.7038	2093
ENSG00000125952	MAX	5.703	2094
ENSG00000128714	HOXD13	5.7022	2095
ENSG00000166123	GPT2	5.7021	2096
ENSG00000165704	HPRT1	5.7014	2097
ENSG00000108064	TFAM	5.7013	2098
ENSG00000132330	SCLY	5.7011	2099
ENSG00000185686	PRAME	5.6985	2100
ENSG00000001630	CYP51A1	5.6983	2101
ENSG00000144711	IQSEC1	5.6974	2102
ENSG00000143751	SDE2	5.6971	2103
ENSG00000074356	NCBP3	5.6959	2104
ENSG00000121022	COPS5	5.6955	2105
ENSG00000075914	EXOSC7	5.6949	2106
ENSG00000133134	BEX2	5.6946	2107
ENSG00000073614	KDM5A	5.6944	2108
ENSG00000124535	WRNIP1	5.6922	2109
ENSG00000166797	CIAO2A	5.6907	2110
ENSG00000102158	MAGT1	5.6906	2111
ENSG00000118971	CCND2	5.6899	2112
ENSG00000109920	FNBP4	5.6863	2113
ENSG00000168118	RAB4A	5.6863	2114
ENSG00000224877	NDUFAF8	5.6848	2115
ENSG00000143393	PI4KB	5.6832	2116
ENSG00000127948	POR	5.683	2117
ENSG00000196199	MPHOSPH8	5.6828	2118
ENSG00000130717	UCK1	5.6827	2119
ENSG00000008952	SEC62	5.6826	2120
ENSG00000076043	REXO2	5.6803	2121
ENSG00000139546	TARBP2	5.6798	2122
ENSG00000146063	TRIM41	5.679	2123
ENSG00000172466	ZNF24	5.6786	2124
ENSG00000108010	GLRX3	5.6768	2125
ENSG00000183751	TBL3	5.6767	2126
ENSG00000111707	SUDS3	5.6758	2127
ENSG00000143977	SNRPG	5.6758	2128
ENSG00000157637	SLC38A10	5.6757	2129
ENSG00000131149	GSE1	5.6745	2130
ENSG00000079819	EPB41L2	5.6741	2131
ENSG00000185619	PCGF3	5.6735	2132
ENSG00000149541	B3GAT3	5.673	2133
ENSG00000248333	CDK11B	5.673	2134
ENSG00000181191	PJA1	5.6727	2135
ENSG00000132024	CC2D1A	5.6718	2136
ENSG00000053371	AKR7A2	5.6714	2137
ENSG00000077097	TOP2B	5.6713	2138
ENSG00000108465	CDK5RAP3	5.6704	2139
ENSG00000058673	ZC3H11A	5.6691	2140
ENSG00000155366	RHOC	5.669	2141
ENSG00000100099	HPS4	5.6686	2142
ENSG00000105258	POLR2I	5.6678	2143
ENSG00000060971	ACAA1	5.6666	2144
ENSG00000104812	GYS1	5.6665	2145
ENSG00000291237	SOD2	5.6659	2146
ENSG00000109084	TMEM97	5.6635	2147
ENSG00000170584	NUDCD2	5.6625	2148
ENSG00000128829	EIF2AK4	5.6622	2149
ENSG00000034713	GABARAPL2	5.6622	2150
ENSG00000196363	WDR5	5.6609	2151
ENSG00000142687	KIAA0319L	5.6607	2152
ENSG00000099385	BCL7C	5.6603	2153
ENSG00000198909	MAP3K3	5.6597	2154
ENSG00000187634	SAMD11	5.6569	2155
ENSG00000167693	NXN	5.6558	2156
ENSG00000160193	WDR4	5.6543	2157
ENSG00000137210	TMEM14B	5.6533	2158
ENSG00000162377	COA7	5.6516	2159
ENSG00000158850	B4GALT3	5.6516	2160
ENSG00000116786	PLEKHM2	5.6507	2161
ENSG00000065518	NDUFB4	5.6505	2162
ENSG00000148834	GSTO1	5.6482	2163
ENSG00000213593	TMX2	5.6482	2164
ENSG00000100221	JOSD1	5.648	2165
ENSG00000160959	LRRC14	5.6479	2166
ENSG00000292343	AKAP17A	5.6457	2167
ENSG00000134440	NARS1	5.6449	2168
ENSG00000006007	GDE1	5.6438	2169
ENSG00000151353	TMEM18	5.6433	2170
ENSG00000112473	SLC39A7	5.6433	2171
ENSG00000159842	ABR	5.6432	2172
ENSG00000177302	TOP3A	5.6427	2173
ENSG00000089486	CDIP1	5.6427	2174
ENSG00000184207	PGP	5.6419	2175
ENSG00000167004	PDIA3	5.6408	2176
ENSG00000185803	SLC52A2	5.6403	2177
ENSG00000077782	FGFR1	5.6387	2178
ENSG00000148840	PPRC1	5.6386	2179
ENSG00000082516	GEMIN5	5.6379	2180
ENSG00000197498	RPF2	5.6365	2181
ENSG00000115275	MOGS	5.6359	2182
ENSG00000168209	DDIT4	5.6346	2183
ENSG00000174840	PDE12	5.6341	2184
ENSG00000127838	PNKD	5.6324	2185
ENSG00000150593	PDCD4	5.6319	2186
ENSG00000002549	LAP3	5.6314	2187
ENSG00000137710	RDX	5.6314	2188
ENSG00000089063	TMEM230	5.6281	2189
ENSG00000100300	TSPO	5.6279	2190
ENSG00000105655	ISYNA1	5.627	2191
ENSG00000125630	POLR1B	5.6267	2192
ENSG00000111665	CDCA3	5.6263	2193
ENSG00000138757	G3BP2	5.6263	2194
ENSG00000244462	RBM12	5.626	2195
ENSG00000173905	GOLIM4	5.6259	2196
ENSG00000105583	WDR83OS	5.6246	2197
ENSG00000067533	RRP15	5.6246	2198
ENSG00000100865	CINP	5.6245	2199
ENSG00000262919	CCNQ	5.6221	2200
ENSG00000214087	ARL16	5.6218	2201
ENSG00000168701	TMEM208	5.621	2202
ENSG00000164713	BRI3	5.6206	2203
ENSG00000204308	RNF5	5.6202	2204
ENSG00000010165	METTL13	5.6196	2205
ENSG00000179151	EDC3	5.6196	2206
ENSG00000066135	KDM4A	5.6195	2207
ENSG00000131381	RBSN	5.6184	2208
ENSG00000139697	SBNO1	5.618	2209
ENSG00000103249	CLCN7	5.6178	2210
ENSG00000101972	STAG2	5.6178	2211
ENSG00000159131	GART	5.6178	2212
ENSG00000165138	ANKS6	5.6173	2213
ENSG00000020256	ZFP64	5.6169	2214
ENSG00000103429	BFAR	5.6165	2215
ENSG00000135250	SRPK2	5.6165	2216
ENSG00000069011	PITX1	5.6138	2217
ENSG00000162623	TYW3	5.6123	2218
ENSG00000130299	GTPBP3	5.6118	2219
ENSG00000097007	ABL1	5.6115	2220
ENSG00000035403	VCL	5.6115	2221
ENSG00000116580	GON4L	5.6101	2222
ENSG00000174917	MICOS13	5.6096	2223
ENSG00000125459	MSTO1	5.6095	2224
ENSG00000162813	BPNT1	5.6093	2225
ENSG00000112759	SLC29A1	5.6088	2226
ENSG00000204104	TRAF3IP1	5.6088	2227
ENSG00000113194	FAF2	5.6082	2228
ENSG00000168286	THAP11	5.6079	2229
ENSG00000070610	GBA2	5.6072	2230
ENSG00000130159	ECSIT	5.6064	2231
ENSG00000159479	MED8	5.6062	2232
ENSG00000114353	GNAI2	5.6058	2233
ENSG00000101146	RAE1	5.6052	2234
ENSG00000143493	INTS7	5.6033	2235
ENSG00000170248	PDCD6IP	5.6031	2236
ENSG00000149503	INCENP	5.602	2237
ENSG00000013523	ANGEL1	5.6015	2238
ENSG00000127663	KDM4B	5.6002	2239
ENSG00000169682	SPNS1	5.5999	2240
ENSG00000139641	ESYT1	5.5994	2241
ENSG00000136811	ODF2	5.5986	2242
ENSG00000110442	COMMD9	5.5983	2243
ENSG00000188735	TMEM120B	5.5983	2244
ENSG00000176022	B3GALT6	5.5975	2245
ENSG00000148362	PAXX	5.5965	2246
ENSG00000141741	MIEN1	5.5961	2247
ENSG00000111412	SPRING1	5.5949	2248
ENSG00000182158	CREB3L2	5.5933	2249
ENSG00000178307	TMEM11	5.5922	2250
ENSG00000103591	AAGAB	5.591	2251
ENSG00000176171	BNIP3	5.5907	2252
ENSG00000173638	SLC19A1	5.5904	2253
ENSG00000078061	ARAF	5.5903	2254
ENSG00000068745	IP6K2	5.5896	2255
ENSG00000136877	FPGS	5.5892	2256
ENSG00000197965	MPZL1	5.5892	2257
ENSG00000141279	NPEPPS	5.5892	2258
ENSG00000122545	SEPTIN7	5.5892	2259
ENSG00000188938	FAM120AOS	5.5888	2260
ENSG00000144674	GOLGA4	5.5887	2261
ENSG00000185085	INTS5	5.5887	2262
ENSG00000109046	WSB1	5.5879	2263
ENSG00000169692	AGPAT2	5.5877	2264
ENSG00000247315	ZCCHC3	5.5877	2265
ENSG00000166135	HIF1AN	5.5874	2266
ENSG00000131558	EXOC4	5.5865	2267
ENSG00000196821	ILRUN	5.5859	2268
ENSG00000137038	DMAC1	5.5859	2269
ENSG00000109919	MTCH2	5.5854	2270
ENSG00000100902	PSMA6	5.5854	2271
ENSG00000095139	ARCN1	5.5853	2272
ENSG00000103005	USB1	5.5852	2273
ENSG00000158321	AUTS2	5.5845	2274
ENSG00000113811	SELENOK	5.5839	2275
ENSG00000167967	E4F1	5.5838	2276
ENSG00000119596	YLPM1	5.5837	2277
ENSG00000113739	STC2	5.5834	2278
ENSG00000186298	PPP1CC	5.5832	2279
ENSG00000130202	NECTIN2	5.5819	2280
ENSG00000271793		5.5802	2281
ENSG00000165934	CPSF2	5.5796	2282
ENSG00000130522	JUND	5.5794	2283
ENSG00000213463	SYNJ2BP	5.5786	2284
ENSG00000157326	DHRS4	5.5779	2285
ENSG00000140829	DHX38	5.5775	2286
ENSG00000136891	TEX10	5.5771	2287
ENSG00000130939	UBE4B	5.5755	2288
ENSG00000133884	DPF2	5.5753	2289
ENSG00000127554	GFER	5.5741	2290
ENSG00000040275	SPDL1	5.5736	2291
ENSG00000169592	INO80E	5.5722	2292
ENSG00000118707	TGIF2	5.5715	2293
ENSG00000186566	GPATCH8	5.5705	2294
ENSG00000144560	VGLL4	5.5704	2295
ENSG00000117133	RPF1	5.5695	2296
ENSG00000065057	NTHL1	5.569	2297
ENSG00000156928	MALSU1	5.5689	2298
ENSG00000119688	ABCD4	5.5664	2299
ENSG00000113360	DROSHA	5.5657	2300
ENSG00000125484	GTF3C4	5.5652	2301
ENSG00000172062	SMN1	5.5649	2302
ENSG00000185504	FAAP100	5.5648	2303
ENSG00000101181	MTG2	5.5648	2304
ENSG00000100162	CENPM	5.5637	2305
ENSG00000119760	SUPT7L	5.5636	2306
ENSG00000185963	BICD2	5.5626	2307
ENSG00000173327	MAP3K11	5.5626	2308
ENSG00000185722	ANKFY1	5.5616	2309
ENSG00000143748	NVL	5.5615	2310
ENSG00000175970	UNC119B	5.5607	2311
ENSG00000136933	RABEPK	5.5601	2312
ENSG00000170779	CDCA4	5.56	2313
ENSG00000126062	TMEM115	5.5598	2314
ENSG00000168172	HOOK3	5.5583	2315
ENSG00000173207	CKS1B	5.5583	2316
ENSG00000152767	FARP1	5.5578	2317
ENSG00000156675	RAB11FIP1	5.5574	2318
ENSG00000183726	TMEM50A	5.5568	2319
ENSG00000185104	FAF1	5.5565	2320
ENSG00000163866	SMIM12	5.5553	2321
ENSG00000203760	CENPW	5.5553	2322
ENSG00000176783	RUFY1	5.5536	2323
ENSG00000137203	TFAP2A	5.5526	2324
ENSG00000136463	TACO1	5.5517	2325
ENSG00000137996	RTCA	5.5506	2326
ENSG00000138778	CENPE	5.55	2327
ENSG00000092203	TOX4	5.5492	2328
ENSG00000100321	SYNGR1	5.5486	2329
ENSG00000117411	B4GALT2	5.5482	2330
ENSG00000135763	URB2	5.5481	2331
ENSG00000132670	PTPRA	5.548	2332
ENSG00000138430	OLA1	5.5457	2333
ENSG00000163374	YY1AP1	5.5451	2334
ENSG00000198937	CCDC167	5.545	2335
ENSG00000196584	XRCC2	5.5442	2336
ENSG00000130479	MAP1S	5.5433	2337
ENSG00000163933	RFT1	5.5424	2338
ENSG00000043355	ZIC2	5.5423	2339
ENSG00000156853	ZNF689	5.5423	2340
ENSG00000064490	RFXANK	5.5422	2341
ENSG00000111358	GTF2H3	5.5417	2342
ENSG00000104915	STX10	5.5417	2343
ENSG00000170088	TMEM192	5.541	2344
ENSG00000140941	MAP1LC3B	5.5409	2345
ENSG00000133835	HSD17B4	5.5407	2346
ENSG00000112983	BRD8	5.5402	2347
ENSG00000184232	OAF	5.5395	2348
ENSG00000096401	CDC5L	5.5394	2349
ENSG00000240849	PEDS1	5.5391	2350
ENSG00000167118	URM1	5.5378	2351
ENSG00000104722	NEFM	5.5369	2352
ENSG00000205572	SERF1B	5.5363	2353
ENSG00000198736	MSRB1	5.5363	2354
ENSG00000152291	TGOLN2	5.5359	2355
ENSG00000132466	ANKRD17	5.5358	2356
ENSG00000198917	SPOUT1	5.5353	2357
ENSG00000275023	MLLT6	5.5345	2358
ENSG00000174021	GNG5	5.5331	2359
ENSG00000154832	CXXC1	5.5324	2360
ENSG00000189339	SLC35E2B	5.5308	2361
ENSG00000008294	SPAG9	5.5297	2362
ENSG00000110200	ANAPC15	5.5292	2363
ENSG00000100911	PSME2	5.5279	2364
ENSG00000150776	NKAPD1	5.527	2365
ENSG00000153827	TRIP12	5.527	2366
ENSG00000136682	ZNG1B	5.527	2367
ENSG00000163161	ERCC3	5.525	2368
ENSG00000143222	UFC1	5.5249	2369
ENSG00000198816	ZNF358	5.5247	2370
ENSG00000149257	SERPINH1	5.5245	2371
ENSG00000196498	NCOR2	5.5245	2372
ENSG00000173960	UBXN2A	5.5238	2373
ENSG00000148341	SH3GLB2	5.5237	2374
ENSG00000130429	ARPC1B	5.523	2375
ENSG00000106609	TMEM248	5.5226	2376
ENSG00000124571	XPO5	5.522	2377
ENSG00000188243	COMMD6	5.5205	2378
ENSG00000101019	UQCC1	5.5181	2379
ENSG00000175567	UCP2	5.5181	2380
ENSG00000134049	IER3IP1	5.5181	2381
ENSG00000204392	LSM2	5.5174	2382
ENSG00000205981	DNAJC19	5.5171	2383
ENSG00000105011	ASF1B	5.5171	2384
ENSG00000113575	PPP2CA	5.5167	2385
ENSG00000164687	FABP5	5.5167	2386
ENSG00000117868	ESYT2	5.5167	2387
ENSG00000115762	PLEKHB2	5.5149	2388
ENSG00000164040	PGRMC2	5.5136	2389
ENSG00000028310	BRD9	5.5135	2390
ENSG00000111897	SERINC1	5.5131	2391
ENSG00000086712	TXLNG	5.513	2392
ENSG00000118939	UCHL3	5.513	2393
ENSG00000131507	NDFIP1	5.5119	2394
ENSG00000095485	CWF19L1	5.5114	2395
ENSG00000067900	ROCK1	5.5111	2396
ENSG00000143499	SMYD2	5.5108	2397
ENSG00000168818	STX18	5.5108	2398
ENSG00000132405	TBC1D14	5.5108	2399
ENSG00000114439	BBX	5.5106	2400
ENSG00000173801	JUP	5.5106	2401
ENSG00000109113	RAB34	5.5097	2402
ENSG00000125733	TRIP10	5.5096	2403
ENSG00000110074	FOXRED1	5.5094	2404
ENSG00000127603	MACF1	5.5082	2405
ENSG00000101189	MRGBP	5.5071	2406
ENSG00000129810	SGO1	5.506	2407
ENSG00000160305	DIP2A	5.5055	2408
ENSG00000178188	SH2B1	5.5053	2409
ENSG00000213523	SRA1	5.505	2410
ENSG00000156467	UQCRB	5.5045	2411
ENSG00000196305	IARS1	5.5028	2412
ENSG00000105221	AKT2	5.502	2413
ENSG00000057608	GDI2	5.5012	2414
ENSG00000125885	MCM8	5.5006	2415
ENSG00000196141	SPATS2L	5.5006	2416
ENSG00000107164	FUBP3	5.5004	2417
ENSG00000168303	MPLKIP	5.4999	2418
ENSG00000205670	SMIM11	5.4993	2419
ENSG00000126456	IRF3	5.4986	2420
ENSG00000099956	SMARCB1	5.4983	2421
ENSG00000129657	SEC14L1	5.4977	2422
ENSG00000144283	PKP4	5.4975	2423
ENSG00000142192	APP	5.4974	2424
ENSG00000101193	GID8	5.4971	2425
ENSG00000050820	BCAR1	5.4958	2426
ENSG00000168610	STAT3	5.4958	2427
ENSG00000175602	CCDC85B	5.4946	2428
ENSG00000085185	BCORL1	5.4941	2429
ENSG00000102572	STK24	5.4939	2430
ENSG00000163001	CFAP36	5.4939	2431
ENSG00000116586	LAMTOR2	5.4935	2432
ENSG00000161057	PSMC2	5.493	2433
ENSG00000137074	APTX	5.4924	2434
ENSG00000135111	TBX3	5.4919	2435
ENSG00000116062	MSH6	5.4916	2436
ENSG00000178761	FAM219B	5.4916	2437
ENSG00000114767	RRP9	5.4894	2438
ENSG00000105229	PIAS4	5.4891	2439
ENSG00000163156	SCNM1	5.489	2440
ENSG00000235162	C12orf75	5.4884	2441
ENSG00000142252	GEMIN7	5.4883	2442
ENSG00000243156	MICAL3	5.4874	2443
ENSG00000096060	FKBP5	5.4863	2444
ENSG00000163875	MEAF6	5.4861	2445
ENSG00000108262	GIT1	5.4861	2446
ENSG00000160113	NR2F6	5.4854	2447
ENSG00000172943	PHF8	5.4853	2448
ENSG00000182473	EXOC7	5.4851	2449
ENSG00000126581	BECN1	5.4851	2450
ENSG00000122873	CISD1	5.4845	2451
ENSG00000116830	TTF2	5.4845	2452
ENSG00000184281	TSSC4	5.4835	2453
ENSG00000198355	PIM3	5.4832	2454
ENSG00000135597	REPS1	5.4825	2455
ENSG00000008130	NADK	5.4816	2456
ENSG00000153391	INO80C	5.4813	2457
ENSG00000182979	MTA1	5.4812	2458
ENSG00000143614	GATAD2B	5.4806	2459
ENSG00000143933	CALM2	5.4804	2460
ENSG00000112578	BYSL	5.4779	2461
ENSG00000162073	PAQR4	5.4769	2462
ENSG00000093000	NUP50	5.4753	2463
ENSG00000106211	HSPB1	5.4746	2464
ENSG00000071889	FAM3A	5.4745	2465
ENSG00000170348	TMED10	5.4745	2466
ENSG00000189043	NDUFA4	5.4742	2467
ENSG00000141127	PRPSAP2	5.4734	2468
ENSG00000196914	ARHGEF12	5.4728	2469
ENSG00000055332	EIF2AK2	5.4728	2470
ENSG00000132824	SERINC3	5.4722	2471
ENSG00000239779	WBP1	5.4722	2472
ENSG00000075340	ADD2	5.4701	2473
ENSG00000270629	NBPF14	5.4695	2474
ENSG00000188130	MAPK12	5.4691	2475
ENSG00000127586	CHTF18	5.4679	2476
ENSG00000120942	UBIAD1	5.4676	2477
ENSG00000164548	TRA2A	5.4672	2478
ENSG00000181817	LSM10	5.4658	2479
ENSG00000101940	WDR13	5.4654	2480
ENSG00000127914	AKAP9	5.4649	2481
ENSG00000146535	GNA12	5.4649	2482
ENSG00000144567	RETREG2	5.4645	2483
ENSG00000171861	MRM3	5.4636	2484
ENSG00000180035	ZNF48	5.4636	2485
ENSG00000168214	RBPJ	5.4632	2486
ENSG00000100284	TOM1	5.4627	2487
ENSG00000071539	TRIP13	5.4622	2488
ENSG00000164611	PTTG1	5.4615	2489
ENSG00000162735	PEX19	5.4615	2490
ENSG00000141873	SLC39A3	5.4612	2491
ENSG00000079459	FDFT1	5.4605	2492
ENSG00000153044	CENPH	5.4603	2493
ENSG00000070495	JMJD6	5.4602	2494
ENSG00000109062	NHERF1	5.4595	2495
ENSG00000101109	STK4	5.4591	2496
ENSG00000087586	AURKA	5.4591	2497
ENSG00000105223	PLD3	5.4588	2498
ENSG00000135766	EGLN1	5.458	2499
ENSG00000136261	BZW2	5.458	2500
ENSG00000006831	ADIPOR2	5.4576	2501
ENSG00000181789	COPG1	5.4568	2502
ENSG00000143815	LBR	5.4547	2503
ENSG00000148399	DPH7	5.4545	2504
ENSG00000197982	C1orf122	5.4541	2505
ENSG00000184428	TOP1MT	5.4537	2506
ENSG00000165526	RPUSD4	5.4534	2507
ENSG00000197620	EOLA1	5.4531	2508
ENSG00000184205	TSPYL2	5.4522	2509
ENSG00000130340	SNX9	5.4521	2510
ENSG00000136193	SCRN1	5.452	2511
ENSG00000166260	COX11	5.452	2512
ENSG00000074695	LMAN1	5.452	2513
ENSG00000164051	CCDC51	5.4519	2514
ENSG00000166166	TRMT61A	5.4515	2515
ENSG00000141258	SGSM2	5.4508	2516
ENSG00000145147	SLIT2	5.4507	2517
ENSG00000137700	SLC37A4	5.4503	2518
ENSG00000077380	DYNC1I2	5.4467	2519
ENSG00000106052	TAX1BP1	5.4458	2520
ENSG00000133597	ADCK2	5.4455	2521
ENSG00000005156	LIG3	5.4451	2522
ENSG00000117020	AKT3	5.4444	2523
ENSG00000138674	SEC31A	5.4438	2524
ENSG00000138074	SLC5A6	5.4418	2525
ENSG00000172354	GNB2	5.4405	2526
ENSG00000143013	LMO4	5.4404	2527
ENSG00000198498	TMA16	5.4377	2528
ENSG00000164967	RPP25L	5.4375	2529
ENSG00000182827	ACBD3	5.4374	2530
ENSG00000143811	PYCR2	5.4365	2531
ENSG00000173821	RNF213	5.4359	2532
ENSG00000164818	DNAAF5	5.4342	2533
ENSG00000181029	TRAPPC5	5.4328	2534
ENSG00000144043	TEX261	5.4314	2535
ENSG00000145216	FIP1L1	5.4313	2536
ENSG00000164402	SEPTIN8	5.4311	2537
ENSG00000134072	CAMK1	5.4294	2538
ENSG00000053254	FOXN3	5.4289	2539
ENSG00000007392	LUC7L	5.4282	2540
ENSG00000123485	HJURP	5.4279	2541
ENSG00000213160	KLHL23	5.4279	2542
ENSG00000116459	ATP5PB	5.4268	2543
ENSG00000197081	IGF2R	5.4267	2544
ENSG00000184014	DENND5A	5.425	2545
ENSG00000132305	IMMT	5.4243	2546
ENSG00000100442	FKBP3	5.4243	2547
ENSG00000012061	ERCC1	5.4235	2548
ENSG00000063854	HAGH	5.4234	2549
ENSG00000234545	FAM133B	5.4231	2550
ENSG00000170632	ARMC10	5.4225	2551
ENSG00000099203	TMED1	5.4225	2552
ENSG00000213672	NCKIPSD	5.4216	2553
ENSG00000164111	ANXA5	5.4216	2554
ENSG00000089289	IGBP1	5.4212	2555
ENSG00000011009	LYPLA2	5.4211	2556
ENSG00000104805	NUCB1	5.4205	2557
ENSG00000177830	CHID1	5.4204	2558
ENSG00000126945	HNRNPH2	5.4202	2559
ENSG00000114383	TUSC2	5.4194	2560
ENSG00000123374	CDK2	5.4187	2561
ENSG00000130294	KIF1A	5.4186	2562
ENSG00000070831	CDC42	5.4172	2563
ENSG00000136247	ZDHHC4	5.417	2564
ENSG00000143374	TARS2	5.4165	2565
ENSG00000174684	B4GAT1	5.4143	2566
ENSG00000166347	CYB5A	5.4137	2567
ENSG00000105355	PLIN3	5.4135	2568
ENSG00000128602	SMO	5.4116	2569
ENSG00000019995	ZRANB1	5.4115	2570
ENSG00000143753	DEGS1	5.4113	2571
ENSG00000104731	KLHDC4	5.4108	2572
ENSG00000172939	OXSR1	5.4103	2573
ENSG00000164828	SUN1	5.4095	2574
ENSG00000179348	GATA2	5.4089	2575
ENSG00000149091	DGKZ	5.4085	2576
ENSG00000170860	LSM3	5.4083	2577
ENSG00000115839	RAB3GAP1	5.4083	2578
ENSG00000136827	TOR1A	5.4077	2579
ENSG00000143545	RAB13	5.4075	2580
ENSG00000104613	INTS10	5.4059	2581
ENSG00000197771	MCMBP	5.4051	2582
ENSG00000139637	MYG1	5.4037	2583
ENSG00000100242	SUN2	5.4036	2584
ENSG00000128487	SPECC1	5.4035	2585
ENSG00000110092	CCND1	5.4031	2586
ENSG00000067248	DHX29	5.4012	2587
ENSG00000107815	TWNK	5.3999	2588
ENSG00000118689	FOXO3	5.3999	2589
ENSG00000068097	HEATR6	5.3993	2590
ENSG00000244687	UBE2V1	5.3993	2591
ENSG00000006042	TMEM98	5.399	2592
ENSG00000141580	WDR45B	5.3988	2593
ENSG00000173540	GMPPB	5.396	2594
ENSG00000119408	NEK6	5.3958	2595
ENSG00000180329	CCDC43	5.3956	2596
ENSG00000167645	YIF1B	5.3955	2597
ENSG00000158805	ZNF276	5.3939	2598
ENSG00000159128	IFNGR2	5.3923	2599
ENSG00000203485	INF2	5.3923	2600
ENSG00000107731	UNC5B	5.3921	2601
ENSG00000132275	RRP8	5.3904	2602
ENSG00000066136	NFYC	5.3904	2603
ENSG00000082641	NFE2L1	5.3901	2604
ENSG00000278615	C11orf98	5.39	2605
ENSG00000204842	ATXN2	5.3892	2606
ENSG00000124570	SERPINB6	5.3892	2607
ENSG00000130511	SSBP4	5.3891	2608
ENSG00000110721	CHKA	5.3889	2609
ENSG00000130881	LRP3	5.3886	2610
ENSG00000120314	WDR55	5.3884	2611
ENSG00000106992	AK1	5.3879	2612
ENSG00000167699	GLOD4	5.3876	2613
ENSG00000180398	MCFD2	5.3876	2614
ENSG00000221988	PPT2	5.3868	2615
ENSG00000160447	PKN3	5.3864	2616
ENSG00000169241	SLC50A1	5.385	2617
ENSG00000186283	TOR3A	5.3848	2618
ENSG00000102265	TIMP1	5.3836	2619
ENSG00000007168	PAFAH1B1	5.3823	2620
ENSG00000116863	ADPRS	5.3813	2621
ENSG00000023228	NDUFS1	5.3809	2622
ENSG00000138443	ABI2	5.3809	2623
ENSG00000175324	LSM1	5.3809	2624
ENSG00000083520	DIS3	5.3797	2625
ENSG00000185591	SP1	5.3797	2626
ENSG00000254999	BRK1	5.3794	2627
ENSG00000114023	FAM162A	5.3789	2628
ENSG00000125505	MBOAT7	5.3775	2629
ENSG00000073536	NLE1	5.3771	2630
ENSG00000137310	TCF19	5.3763	2631
ENSG00000100994	PYGB	5.3758	2632
ENSG00000128191	DGCR8	5.3753	2633
ENSG00000094631	HDAC6	5.3748	2634
ENSG00000105849	POLR1F	5.3742	2635
ENSG00000116017	ARID3A	5.3735	2636
ENSG00000145734	BDP1	5.3734	2637
ENSG00000143398	PIP5K1A	5.3734	2638
ENSG00000100038	TOP3B	5.3733	2639
ENSG00000131844	MCCC2	5.3727	2640
ENSG00000136802	LRRC8A	5.3724	2641
ENSG00000115568	ZNF142	5.3711	2642
ENSG00000116353	MECR	5.3698	2643
ENSG00000103496	STX4	5.3696	2644
ENSG00000101945	SUV39H1	5.3686	2645
ENSG00000121892	PDS5A	5.3686	2646
ENSG00000172586	CHCHD1	5.3678	2647
ENSG00000138029	HADHB	5.3676	2648
ENSG00000144659	SLC25A38	5.3674	2649
ENSG00000133398	MED10	5.3672	2650
ENSG00000141447	OSBPL1A	5.3669	2651
ENSG00000163946	TASOR	5.3669	2652
ENSG00000213639	PPP1CB	5.3642	2653
ENSG00000163528	CHCHD4	5.3633	2654
ENSG00000135451	TROAP	5.3626	2655
ENSG00000166171	DPCD	5.3606	2656
ENSG00000100105	PATZ1	5.3604	2657
ENSG00000101412	E2F1	5.3603	2658
ENSG00000184708	EIF4ENIF1	5.3597	2659
ENSG00000159873	CCDC117	5.3596	2660
ENSG00000116205	TCEANC2	5.3592	2661
ENSG00000095059	DHPS	5.3589	2662
ENSG00000140479	PCSK6	5.3588	2663
ENSG00000124380	SNRNP27	5.3578	2664
ENSG00000164182	NDUFAF2	5.3575	2665
ENSG00000102882	MAPK3	5.3567	2666
ENSG00000079462	PAFAH1B3	5.356	2667
ENSG00000067596	DHX8	5.3556	2668
ENSG00000135070	ISCA1	5.3551	2669
ENSG00000198585	NUDT16	5.355	2670
ENSG00000153786	ZDHHC7	5.3548	2671
ENSG00000100612	DHRS7	5.3548	2672
ENSG00000117174	ZNHIT6	5.354	2673
ENSG00000102119	EMD	5.3511	2674
ENSG00000079332	SAR1A	5.3505	2675
ENSG00000140157	NIPA2	5.3503	2676
ENSG00000115350	POLE4	5.3501	2677
ENSG00000138867	GUCD1	5.3498	2678
ENSG00000161036	LRWD1	5.3497	2679
ENSG00000106638	TBL2	5.3495	2680
ENSG00000026297	RNASET2	5.3495	2681
ENSG00000086232	EIF2AK1	5.3493	2682
ENSG00000153310	CYRIB	5.3485	2683
ENSG00000125037	EMC3	5.3485	2684
ENSG00000117280	RAB29	5.348	2685
ENSG00000106290	TAF6	5.3471	2686
ENSG00000119402	FBXW2	5.3465	2687
ENSG00000148019	CEP78	5.3465	2688
ENSG00000138495	COX17	5.3463	2689
ENSG00000204899	MZT1	5.3461	2690
ENSG00000125686	MED1	5.3461	2691
ENSG00000163904	SENP2	5.3461	2692
ENSG00000117697	NSL1	5.3461	2693
ENSG00000182858	ALG12	5.345	2694
ENSG00000162174	ASRGL1	5.3433	2695
ENSG00000155363	MOV10	5.3422	2696
ENSG00000100997	ABHD12	5.3412	2697
ENSG00000020922	MRE11	5.3386	2698
ENSG00000005194	CIAPIN1	5.3365	2699
ENSG00000284194	SCO2	5.3365	2700
ENSG00000129292	PHF20L1	5.3357	2701
ENSG00000152104	PTPN14	5.3354	2702
ENSG00000119139	TJP2	5.335	2703
ENSG00000213699	SLC35F6	5.3337	2704
ENSG00000178028	DMAP1	5.3334	2705
ENSG00000156873	PHKG2	5.3331	2706
ENSG00000135476	ESPL1	5.333	2707
ENSG00000278053	DDX52	5.3322	2708
ENSG00000055609	KMT2C	5.3321	2709
ENSG00000117222	RBBP5	5.3321	2710
ENSG00000116731	PRDM2	5.3294	2711
ENSG00000166086	JAM3	5.3287	2712
ENSG00000132792	CTNNBL1	5.3287	2713
ENSG00000182054	IDH2	5.3282	2714
ENSG00000157985	AGAP1	5.328	2715
ENSG00000136381	IREB2	5.3269	2716
ENSG00000108840	HDAC5	5.3265	2717
ENSG00000141569	TRIM65	5.3248	2718
ENSG00000179364	PACS2	5.3248	2719
ENSG00000142208	AKT1	5.3246	2720
ENSG00000101391	CDK5RAP1	5.3231	2721
ENSG00000107021	TBC1D13	5.3231	2722
ENSG00000146247	PHIP	5.3221	2723
ENSG00000124193	SRSF6	5.3218	2724
ENSG00000140992	PDPK1	5.3209	2725
ENSG00000100991	TRPC4AP	5.3208	2726
ENSG00000100029	PES1	5.3204	2727
ENSG00000196233	LCOR	5.3199	2728
ENSG00000105552	BCAT2	5.3196	2729
ENSG00000135912	TTLL4	5.3195	2730
ENSG00000109881	CCDC34	5.3186	2731
ENSG00000198752	CDC42BPB	5.3184	2732
ENSG00000175467	SART1	5.3181	2733
ENSG00000104408	EIF3E	5.3179	2734
ENSG00000115073	ACTR1B	5.3179	2735
ENSG00000107175	CREB3	5.3177	2736
ENSG00000104825	NFKBIB	5.3176	2737
ENSG00000144848	ATG3	5.3168	2738
ENSG00000128228	SDF2L1	5.3161	2739
ENSG00000100393	EP300	5.3154	2740
ENSG00000223572	CKMT1A	5.3154	2741
ENSG00000188986	NELFB	5.3152	2742
ENSG00000116213	WRAP73	5.3147	2743
ENSG00000175634	RPS6KB2	5.3141	2744
ENSG00000214736	TOMM6	5.3137	2745
ENSG00000144580	CNOT9	5.3137	2746
ENSG00000103051	COG4	5.3137	2747
ENSG00000103994	ZNF106	5.3137	2748
ENSG00000108511	HOXB6	5.3127	2749
ENSG00000124098	FAM210B	5.3113	2750
ENSG00000068438	FTSJ1	5.311	2751
ENSG00000103152	MPG	5.3108	2752
ENSG00000151929	BAG3	5.3101	2753
ENSG00000205476	CCDC85C	5.3096	2754
ENSG00000082805	ERC1	5.3094	2755
ENSG00000051596	THOC3	5.309	2756
ENSG00000203667	COX20	5.3065	2757
ENSG00000196700	ZNF512B	5.3062	2758
ENSG00000008710	PKD1	5.305	2759
ENSG00000178951	ZBTB7A	5.3043	2760
ENSG00000140374	ETFA	5.304	2761
ENSG00000184486	POU3F2	5.3011	2762
ENSG00000108021	TASOR2	5.3011	2763
ENSG00000148331	ASB6	5.3011	2764
ENSG00000108439	PNPO	5.3007	2765
ENSG00000135441	BLOC1S1	5.3003	2766
ENSG00000018610	STEEP1	5.3002	2767
ENSG00000124155	PIGT	5.2998	2768
ENSG00000256537	SMIM10L1	5.2998	2769
ENSG00000126453	BCL2L12	5.2991	2770
ENSG00000115128	SF3B6	5.2983	2771
ENSG00000160439	RDH13	5.2959	2772
ENSG00000069248	NUP133	5.2958	2773
ENSG00000063978	RNF4	5.2958	2774
ENSG00000104419	NDRG1	5.2946	2775
ENSG00000100360	IFT27	5.2944	2776
ENSG00000155380	SLC16A1	5.2944	2777
ENSG00000104872	PIH1D1	5.2943	2778
ENSG00000100503	NIN	5.2942	2779
ENSG00000113552	GNPDA1	5.2919	2780
ENSG00000121057	AKAP1	5.2913	2781
ENSG00000167272	POP5	5.2911	2782
ENSG00000179094	PER1	5.2907	2783
ENSG00000141480	ARRB2	5.2905	2784
ENSG00000056097	ZFR	5.2898	2785
ENSG00000165821	SALL2	5.2893	2786
ENSG00000148498	PARD3	5.2883	2787
ENSG00000254087	LYN	5.2878	2788
ENSG00000168395	ING5	5.2876	2789
ENSG00000112739	PRP4K	5.2868	2790
ENSG00000093167	LRRFIP2	5.2861	2791
ENSG00000160991	ORAI2	5.2861	2792
ENSG00000163125	RPRD2	5.286	2793
ENSG00000183020	AP2A2	5.2858	2794
ENSG00000177731	FLII	5.2858	2795
ENSG00000088682	COQ9	5.2853	2796
ENSG00000168061	SAC3D1	5.2848	2797
ENSG00000165156	ZHX1	5.2845	2798
ENSG00000100522	GNPNAT1	5.2841	2799
ENSG00000110047	EHD1	5.2833	2800
ENSG00000168958	MFF	5.2831	2801
ENSG00000198721	ECI2	5.2831	2802
ENSG00000074201	CLNS1A	5.2831	2803
ENSG00000115944	COX7A2L	5.2831	2804
ENSG00000162980	ARL5A	5.2826	2805
ENSG00000033100	CHPF2	5.282	2806
ENSG00000139433	GLTP	5.2816	2807
ENSG00000015475	BID	5.2795	2808
ENSG00000116198	CEP104	5.2793	2809
ENSG00000001036	FUCA2	5.2789	2810
ENSG00000101346	POFUT1	5.2786	2811
ENSG00000171067	C11orf24	5.2778	2812
ENSG00000146067	FAM193B	5.2768	2813
ENSG00000204227	RING1	5.2766	2814
ENSG00000130714	POMT1	5.2763	2815
ENSG00000196227	FAM217B	5.2761	2816
ENSG00000111450	STX2	5.2758	2817
ENSG00000162368	CMPK1	5.2754	2818
ENSG00000164916	FOXK1	5.2753	2819
ENSG00000135521	LTV1	5.2745	2820
ENSG00000152465	NMT2	5.2742	2821
ENSG00000292345	ZBED1	5.2741	2822
ENSG00000163029	SMC6	5.2733	2823
ENSG00000087338	GMCL1	5.2729	2824
ENSG00000182149	IST1	5.2724	2825
ENSG00000139233	LLPH	5.2718	2826
ENSG00000130193	THEM6	5.2717	2827
ENSG00000269190	FBXO17	5.2715	2828
ENSG00000249115	HAUS5	5.2708	2829
ENSG00000166130	IKBIP	5.2692	2830
ENSG00000107438	PDLIM1	5.269	2831
ENSG00000109133	TMEM33	5.2686	2832
ENSG00000266967	AARSD1	5.2676	2833
ENSG00000179981	TSHZ1	5.2675	2834
ENSG00000143157	POGK	5.2674	2835
ENSG00000107130	NCS1	5.2665	2836
ENSG00000141349	G6PC3	5.2659	2837
ENSG00000112701	SENP6	5.2658	2838
ENSG00000169228	RAB24	5.2655	2839
ENSG00000149932	TMEM219	5.2652	2840
ENSG00000120800	UTP20	5.2641	2841
ENSG00000100697	DICER1	5.2641	2842
ENSG00000135018	UBQLN1	5.2641	2843
ENSG00000122512	PMS2	5.2641	2844
ENSG00000124784	RIOK1	5.2635	2845
ENSG00000135632	SMYD5	5.2633	2846
ENSG00000090971	NAT14	5.2627	2847
ENSG00000100796	PPP4R3A	5.2615	2848
ENSG00000126457	PRMT1	5.2613	2849
ENSG00000144579	CTDSP1	5.2609	2850
ENSG00000136003	ISCU	5.2608	2851
ENSG00000101040	ZMYND8	5.2608	2852
ENSG00000134153	EMC7	5.2605	2853
ENSG00000073050	XRCC1	5.2603	2854
ENSG00000159592	GPBP1L1	5.2583	2855
ENSG00000083312	TNPO1	5.258	2856
ENSG00000185418	TARS3	5.2573	2857
ENSG00000082153	BZW1	5.2571	2858
ENSG00000072210	ALDH3A2	5.2571	2859
ENSG00000110931	CAMKK2	5.2565	2860
ENSG00000146281	PM20D2	5.256	2861
ENSG00000032389	EIPR1	5.2556	2862
ENSG00000159322	ADPGK	5.255	2863
ENSG00000221914	PPP2R2A	5.2547	2864
ENSG00000154305	MIA3	5.2541	2865
ENSG00000110514	MADD	5.2539	2866
ENSG00000116750	UCHL5	5.2538	2867
ENSG00000181555	SETD2	5.2538	2868
ENSG00000100897	DCAF11	5.253	2869
ENSG00000003056	M6PR	5.2525	2870
ENSG00000118960	HS1BP3	5.252	2871
ENSG00000175782	SLC35E3	5.2514	2872
ENSG00000112576	CCND3	5.2511	2873
ENSG00000168101	NUDT16L1	5.2511	2874
ENSG00000110274	CEP164	5.2499	2875
ENSG00000149182	ARFGAP2	5.2496	2876
ENSG00000169371	SNUPN	5.2496	2877
ENSG00000145191	EIF2B5	5.2493	2878
ENSG00000079999	KEAP1	5.2485	2879
ENSG00000011260	UTP18	5.2483	2880
ENSG00000177628	GBA1	5.2481	2881
ENSG00000168002	POLR2G	5.2481	2882
ENSG00000146416	AIG1	5.2467	2883
ENSG00000145916	RMND5B	5.2467	2884
ENSG00000110713	NUP98	5.246	2885
ENSG00000111364	DDX55	5.2458	2886
ENSG00000184432	COPB2	5.2456	2887
ENSG00000127191	TRAF2	5.2455	2888
ENSG00000160932	LY6E	5.2444	2889
ENSG00000003249	DBNDD1	5.2424	2890
ENSG00000162062	TEDC2	5.2416	2891
ENSG00000138035	PNPT1	5.2413	2892
ENSG00000126878	AIF1L	5.2404	2893
ENSG00000134882	UBAC2	5.2403	2894
ENSG00000147065	MSN	5.24	2895
ENSG00000145293	ENOPH1	5.2381	2896
ENSG00000144136	SLC20A1	5.238	2897
ENSG00000085224	ATRX	5.238	2898
ENSG00000037474	NSUN2	5.2378	2899
ENSG00000008083	JARID2	5.2377	2900
ENSG00000153006	SREK1IP1	5.2371	2901
ENSG00000167508	MVD	5.2368	2902
ENSG00000170906	NDUFA3	5.2366	2903
ENSG00000197894	ADH5	5.2355	2904
ENSG00000204856	FAM216A	5.2355	2905
ENSG00000116747	RO60	5.2344	2906
ENSG00000173153	ESRRA	5.2342	2907
ENSG00000005448	WDR54	5.2341	2908
ENSG00000184470	TXNRD2	5.2336	2909
ENSG00000145817	YIPF5	5.2335	2910
ENSG00000105171	POP4	5.2335	2911
ENSG00000204386	NEU1	5.2329	2912
ENSG00000169972	PUSL1	5.2327	2913
ENSG00000112308	C6orf62	5.2327	2914
ENSG00000170633	RNF34	5.2317	2915
ENSG00000135698	MPHOSPH6	5.2314	2916
ENSG00000118482	PHF3	5.2285	2917
ENSG00000157500	APPL1	5.2285	2918
ENSG00000073008	PVR	5.2281	2919
ENSG00000100263	RHBDD3	5.228	2920
ENSG00000011376	LARS2	5.2275	2921
ENSG00000153574	RPIA	5.2249	2922
ENSG00000178980	SELENOW	5.2238	2923
ENSG00000130724	CHMP2A	5.2238	2924
ENSG00000137822	TUBGCP4	5.2235	2925
ENSG00000153560	UBP1	5.2235	2926
ENSG00000126391	FRMD8	5.2232	2927
ENSG00000185475	TMEM179B	5.2232	2928
ENSG00000149658	YTHDF1	5.2225	2929
ENSG00000124588	NQO2	5.2217	2930
ENSG00000077044	DGKD	5.2208	2931
ENSG00000115042	FAHD2A	5.2206	2932
ENSG00000258315	C17orf49	5.2202	2933
ENSG00000141560	FN3KRP	5.2202	2934
ENSG00000160613	PCSK7	5.2199	2935
ENSG00000067369	TP53BP1	5.2196	2936
ENSG00000128059	PPAT	5.2196	2937
ENSG00000113569	NUP155	5.2195	2938
ENSG00000164609	SLU7	5.2194	2939
ENSG00000177225	GATD1	5.2193	2940
ENSG00000114904	NEK4	5.219	2941
ENSG00000159363	ATP13A2	5.2184	2942
ENSG00000161888	SPC24	5.2178	2943
ENSG00000112679	DUSP22	5.2169	2944
ENSG00000185800	DMWD	5.215	2945
ENSG00000189046	ALKBH2	5.2132	2946
ENSG00000145901	TNIP1	5.2129	2947
ENSG00000143878	RHOB	5.2127	2948
ENSG00000141576	RNF157	5.2121	2949
ENSG00000162642	C1orf52	5.2106	2950
ENSG00000159202	UBE2Z	5.2106	2951
ENSG00000165684	SNAPC4	5.21	2952
ENSG00000178234	GALNT11	5.21	2953
ENSG00000111530	CAND1	5.2097	2954
ENSG00000155959	VBP1	5.2094	2955
ENSG00000177169	ULK1	5.209	2956
ENSG00000046651	OFD1	5.2079	2957
ENSG00000170296	GABARAP	5.2059	2958
ENSG00000143256	PFDN2	5.2051	2959
ENSG00000145555	MYO10	5.205	2960
ENSG00000108433	GOSR2	5.2049	2961
ENSG00000166228	PCBD1	5.2045	2962
ENSG00000120889	TNFRSF10B	5.2038	2963
ENSG00000151923	TIAL1	5.2038	2964
ENSG00000142166	IFNAR1	5.2038	2965
ENSG00000153048	CARHSP1	5.2035	2966
ENSG00000167130	DOLPP1	5.2034	2967
ENSG00000175470	PPP2R2D	5.2033	2968
ENSG00000117408	IPO13	5.202	2969
ENSG00000104388	RAB2A	5.2018	2970
ENSG00000183762	KREMEN1	5.2009	2971
ENSG00000109180	OCIAD1	5.2008	2972
ENSG00000132485	ZRANB2	5.2007	2973
ENSG00000076685	NT5C2	5.2006	2974
ENSG00000108578	BLMH	5.2005	2975
ENSG00000175274	TP53I11	5.1998	2976
ENSG00000171475	WIPF2	5.1996	2977
ENSG00000085998	POMGNT1	5.1995	2978
ENSG00000204272	NBDY	5.1995	2979
ENSG00000111266	DUSP16	5.1995	2980
ENSG00000164167	LSM6	5.1993	2981
ENSG00000116667	C1orf21	5.1981	2982
ENSG00000173894	CBX2	5.1979	2983
ENSG00000170791	CHCHD7	5.197	2984
ENSG00000164944	VIRMA	5.1969	2985
ENSG00000108587	GOSR1	5.1969	2986
ENSG00000277258	PCGF2	5.1966	2987
ENSG00000140545	MFGE8	5.1965	2988
ENSG00000160917	CPSF4	5.1956	2989
ENSG00000205629	LCMT1	5.1942	2990
ENSG00000122490	SLC66A2	5.193	2991
ENSG00000041357	PSMA4	5.1929	2992
ENSG00000105248	YJU2	5.1919	2993
ENSG00000082458	DLG3	5.1918	2994
ENSG00000006453	BAIAP2L1	5.1915	2995
ENSG00000163655	GMPS	5.191	2996
ENSG00000174371	EXO1	5.191	2997
ENSG00000132463	GRSF1	5.191	2998
ENSG00000104267	CA2	5.191	2999
ENSG00000101084	RAB5IF	5.191	3000
ENSG00000128595	CALU	5.191	3001
ENSG00000147601	TERF1	5.191	3002
ENSG00000112977	DAP	5.1908	3003
ENSG00000182871	COL18A1	5.1897	3004
ENSG00000197324	LRP10	5.1897	3005
ENSG00000145604	SKP2	5.189	3006
ENSG00000106605	BLVRA	5.1885	3007
ENSG00000134905	CARS2	5.1871	3008
ENSG00000140577	CRTC3	5.187	3009
ENSG00000143515	ATP8B2	5.1869	3010
ENSG00000059145	UNKL	5.1868	3011
ENSG00000087263	OGFOD1	5.1868	3012
ENSG00000198168	SVIP	5.1858	3013
ENSG00000244509	APOBEC3C	5.1858	3014
ENSG00000173465	ZNRD2	5.1858	3015
ENSG00000273559	CWC25	5.1857	3016
ENSG00000133997	MED6	5.1854	3017
ENSG00000166503	HDGFL3	5.1854	3018
ENSG00000113328	CCNG1	5.1854	3019
ENSG00000151461	UPF2	5.1851	3020
ENSG00000185813	PCYT2	5.1846	3021
ENSG00000124356	STAMBP	5.1827	3022
ENSG00000144647	POMGNT2	5.1827	3023
ENSG00000164109	MAD2L1	5.1827	3024
ENSG00000001631	KRIT1	5.1827	3025
ENSG00000114982	KANSL3	5.1827	3026
ENSG00000148730	EIF4EBP2	5.1827	3027
ENSG00000157851	DPYSL5	5.1818	3028
ENSG00000109065	NAT9	5.1817	3029
ENSG00000186432	KPNA4	5.179	3030
ENSG00000182606	TRAK1	5.179	3031
ENSG00000085719	CPNE3	5.1789	3032
ENSG00000198162	MAN1A2	5.1782	3033
ENSG00000126870	DYNC2I1	5.1768	3034
ENSG00000122033	MTIF3	5.175	3035
ENSG00000129625	REEP5	5.1745	3036
ENSG00000145782	ATG12	5.1745	3037
ENSG00000130707	ASS1	5.174	3038
ENSG00000103111	MON1B	5.1737	3039
ENSG00000196588	MRTFA	5.1729	3040
ENSG00000198000	NOL8	5.1713	3041
ENSG00000102977	ACD	5.1697	3042
ENSG00000108100	CCNY	5.1694	3043
ENSG00000142599	RERE	5.169	3044
ENSG00000170854	RIOX2	5.168	3045
ENSG00000064601	CTSA	5.1675	3046
ENSG00000105771	SMG9	5.1675	3047
ENSG00000168476	REEP4	5.1672	3048
ENSG00000090686	USP48	5.167	3049
ENSG00000127527	EPS15L1	5.1669	3050
ENSG00000165006	UBAP1	5.1657	3051
ENSG00000152147	GEMIN6	5.1657	3052
ENSG00000178105	DDX10	5.1649	3053
ENSG00000228300	FAM174C	5.1645	3054
ENSG00000175550	DRAP1	5.1643	3055
ENSG00000198176	TFDP1	5.1638	3056
ENSG00000085999	RAD54L	5.1634	3057
ENSG00000165819	METTL3	5.1631	3058
ENSG00000177971	IMP3	5.1631	3059
ENSG00000164292	RHOBTB3	5.1631	3060
ENSG00000165672	PRDX3	5.1631	3061
ENSG00000136444	RSAD1	5.163	3062
ENSG00000020129	NCDN	5.1625	3063
ENSG00000125741	OPA3	5.1615	3064
ENSG00000183723	CMTM4	5.1614	3065
ENSG00000272333	KMT2B	5.1607	3066
ENSG00000198858	R3HDM4	5.1606	3067
ENSG00000006530	AGK	5.1606	3068
ENSG00000149115	TNKS1BP1	5.1606	3069
ENSG00000285437	POLR2J3	5.1583	3070
ENSG00000172057	ORMDL3	5.1583	3071
ENSG00000103485	QPRT	5.1582	3072
ENSG00000141756	FKBP10	5.158	3073
ENSG00000151748	SAV1	5.1562	3074
ENSG00000123992	DNPEP	5.1562	3075
ENSG00000148484	RSU1	5.1562	3076
ENSG00000125454	SLC25A19	5.1562	3077
ENSG00000102804	TSC22D1	5.1562	3078
ENSG00000185344	ATP6V0A2	5.1544	3079
ENSG00000125821	DTD1	5.1541	3080
ENSG00000160993	ALKBH4	5.1538	3081
ENSG00000148719	DNAJB12	5.1533	3082
ENSG00000169641	LUZP1	5.1508	3083
ENSG00000164830	OXR1	5.1503	3084
ENSG00000104356	POP1	5.1487	3085
ENSG00000114739	ACVR2B	5.1485	3086
ENSG00000143093	STRIP1	5.1484	3087
ENSG00000188493	ACTMAP	5.1479	3088
ENSG00000184047	DIABLO	5.1479	3089
ENSG00000185721	DRG1	5.1479	3090
ENSG00000119718	EIF2B2	5.1479	3091
ENSG00000165271	NOL6	5.1476	3092
ENSG00000204469	PRRC2A	5.1474	3093
ENSG00000134452	FBH1	5.147	3094
ENSG00000154144	TBRG1	5.1469	3095
ENSG00000188895	MSL1	5.1454	3096
ENSG00000092445	TYRO3	5.1442	3097
ENSG00000106635	BCL7B	5.1441	3098
ENSG00000006194	ZNF263	5.1438	3099
ENSG00000198707	CEP290	5.1435	3100
ENSG00000163348	PYGO2	5.1435	3101
ENSG00000070785	EIF2B3	5.142	3102
ENSG00000155229	MMS19	5.142	3103
ENSG00000091640	SPAG7	5.1418	3104
ENSG00000102401	ARMCX3	5.1411	3105
ENSG00000068394	GPKOW	5.1411	3106
ENSG00000131323	TRAF3	5.1408	3107
ENSG00000122085	MTERF4	5.1408	3108
ENSG00000141699	RETREG3	5.1394	3109
ENSG00000135108	FBXO21	5.1389	3110
ENSG00000181873	IBA57	5.1382	3111
ENSG00000132254	ARFIP2	5.138	3112
ENSG00000083444	PLOD1	5.1371	3113
ENSG00000161904	LEMD2	5.137	3114
ENSG00000185883	ATP6V0C	5.1363	3115
ENSG00000123737	EXOSC9	5.1346	3116
ENSG00000127314	RAP1B	5.1344	3117
ENSG00000214753	HNRNPUL2	5.1341	3118
ENSG00000105705	SUGP1	5.1337	3119
ENSG00000123395	ATG101	5.1337	3120
ENSG00000164077	MON1A	5.1336	3121
ENSG00000104884	ERCC2	5.1336	3122
ENSG00000095787	WAC	5.1324	3123
ENSG00000213015	ZNF580	5.1316	3124
ENSG00000116212	LRRC42	5.1312	3125
ENSG00000213983	AP1G2	5.1309	3126
ENSG00000066117	SMARCD1	5.1305	3127
ENSG00000063244	U2AF2	5.1304	3128
ENSG00000137574	TGS1	5.13	3129
ENSG00000113269	RNF130	5.13	3130
ENSG00000181929	PRKAG1	5.1291	3131
ENSG00000025796	SEC63	5.1282	3132
ENSG00000161542	PRPSAP1	5.1282	3133
ENSG00000168894	RNF181	5.1282	3134
ENSG00000167378	IRGQ	5.1279	3135
ENSG00000103037	SETD6	5.1278	3136
ENSG00000133789	SWAP70	5.1266	3137
ENSG00000157349	DDX19B	5.1265	3138
ENSG00000162441	LZIC	5.1253	3139
ENSG00000155034	FBXL18	5.1251	3140
ENSG00000108384	RAD51C	5.125	3141
ENSG00000198363	ASPH	5.1246	3142
ENSG00000141582	CBX4	5.1227	3143
ENSG00000169188	APEX2	5.1209	3144
ENSG00000135801	TAF5L	5.1204	3145
ENSG00000141448	GATA6	5.1203	3146
ENSG00000052723	SIKE1	5.1199	3147
ENSG00000135047	CTSL	5.1198	3148
ENSG00000102125	TAFAZZIN	5.1197	3149
ENSG00000112167	SAYSD1	5.1195	3150
ENSG00000184508	HDDC3	5.1195	3151
ENSG00000110583	NAA40	5.1191	3152
ENSG00000169609	C15orf40	5.1189	3153
ENSG00000137161	CNPY3	5.1188	3154
ENSG00000284024	MSANTD7	5.1187	3155
ENSG00000138092	CENPO	5.1187	3156
ENSG00000162402	USP24	5.1187	3157
ENSG00000124783	SSR1	5.1187	3158
ENSG00000128989	ARPP19	5.1187	3159
ENSG00000237190	CDKN2AIPNL	5.1187	3160
ENSG00000103512	NOMO1	5.1184	3161
ENSG00000168488	ATXN2L	5.1182	3162
ENSG00000171222	SCAND1	5.1174	3163
ENSG00000177674	AGTRAP	5.1171	3164
ENSG00000106397	PLOD3	5.1166	3165
ENSG00000149196	HIKESHI	5.1165	3166
ENSG00000131748	STARD3	5.1165	3167
ENSG00000130779	CLIP1	5.1158	3168
ENSG00000254505	CHMP4A	5.1155	3169
ENSG00000151327	FAM177A1	5.1152	3170
ENSG00000166326	TRIM44	5.1142	3171
ENSG00000125503	PPP1R12C	5.1141	3172
ENSG00000183172	SMDT1	5.114	3173
ENSG00000006607	FARP2	5.1136	3174
ENSG00000090470	PDCD7	5.1129	3175
ENSG00000179335	CLK3	5.1126	3176
ENSG00000128944	KNSTRN	5.1125	3177
ENSG00000196943	NOP9	5.1123	3178
ENSG00000145391	SETD7	5.1121	3179
ENSG00000116096	SPR	5.1119	3180
ENSG00000121716	PILRB	5.1118	3181
ENSG00000136986	DERL1	5.1117	3182
ENSG00000130695	CEP85	5.1107	3183
ENSG00000011485	PPP5C	5.1105	3184
ENSG00000205060	SLC35B4	5.1104	3185
ENSG00000130830	MPP1	5.1104	3186
ENSG00000153066	TXNDC11	5.1092	3187
ENSG00000163870	TPRA1	5.1092	3188
ENSG00000132773	TOE1	5.1082	3189
ENSG00000160256	SLX9	5.1079	3190
ENSG00000084093	REST	5.1078	3191
ENSG00000065883	CDK13	5.1072	3192
ENSG00000116584	ARHGEF2	5.1072	3193
ENSG00000135720	DYNC1LI2	5.1066	3194
ENSG00000153561	RMND5A	5.1059	3195
ENSG00000101773	RBBP8	5.1053	3196
ENSG00000115355	CCDC88A	5.1047	3197
ENSG00000142156	COL6A1	5.1042	3198
ENSG00000187446	CHP1	5.1041	3199
ENSG00000173064	HECTD4	5.1041	3200
ENSG00000113300	CNOT6	5.1041	3201
ENSG00000175606	TMEM70	5.104	3202
ENSG00000153046	CDYL	5.1013	3203
ENSG00000153989	NUS1	5.1007	3204
ENSG00000117614	SYF2	5.1005	3205
ENSG00000129691	ASH2L	5.0996	3206
ENSG00000166199	ALKBH3	5.0991	3207
ENSG00000185262	UBALD2	5.0983	3208
ENSG00000125450	NUP85	5.0976	3209
ENSG00000157456	CCNB2	5.0976	3210
ENSG00000164252	AGGF1	5.0974	3211
ENSG00000241370	RPP21	5.0957	3212
ENSG00000140854	KATNB1	5.0955	3213
ENSG00000179431	FJX1	5.094	3214
ENSG00000119720	NRDE2	5.0936	3215
ENSG00000142684	ZNF593	5.0934	3216
ENSG00000127337	YEATS4	5.0934	3217
ENSG00000213246	SUPT4H1	5.0934	3218
ENSG00000125458	NT5C	5.0926	3219
ENSG00000067082	KLF6	5.0913	3220
ENSG00000100116	GCAT	5.0903	3221
ENSG00000100207	TCF20	5.0893	3222
ENSG00000176894	PXMP2	5.0893	3223
ENSG00000126756	UXT	5.0888	3224
ENSG00000119616	FCF1	5.0884	3225
ENSG00000136731	UGGT1	5.0881	3226
ENSG00000144791	LIMD1	5.0878	3227
ENSG00000242259	C22orf39	5.0877	3228
ENSG00000133193	VCF1	5.0875	3229
ENSG00000101557	USP14	5.0875	3230
ENSG00000154174	TOMM70	5.0875	3231
ENSG00000159593	NAE1	5.0855	3232
ENSG00000080189	SLC35C2	5.0854	3233
ENSG00000244187	TMEM141	5.0852	3234
ENSG00000117676	RPS6KA1	5.0834	3235
ENSG00000135414	GDF11	5.0813	3236
ENSG00000196998	WDR45	5.0804	3237
ENSG00000125826	RBCK1	5.0788	3238
ENSG00000012232	EXTL3	5.0781	3239
ENSG00000138363	ATIC	5.078	3240
ENSG00000010072	SPRTN	5.078	3241
ENSG00000100441	KHNYN	5.0762	3242
ENSG00000141644	MBD1	5.076	3243
ENSG00000227500	SCAMP4	5.0754	3244
ENSG00000108651	UTP6	5.0746	3245
ENSG00000180370	PAK2	5.0742	3246
ENSG00000075142	SRI	5.0742	3247
ENSG00000160753	RUSC1	5.0742	3248
ENSG00000128534	LSM8	5.0742	3249
ENSG00000147454	SLC25A37	5.0738	3250
ENSG00000117593	DARS2	5.0738	3251
ENSG00000292372	WASH6P	5.0731	3252
ENSG00000157106	SMG1	5.073	3253
ENSG00000141682	PMAIP1	5.0729	3254
ENSG00000123178	SPRYD7	5.0705	3255
ENSG00000125817	CENPB	5.0703	3256
ENSG00000157350	ST3GAL2	5.0698	3257
ENSG00000083937	CHMP2B	5.0697	3258
ENSG00000178209	PLEC	5.069	3259
ENSG00000110063	DCPS	5.0684	3260
ENSG00000164087	POC1A	5.0672	3261
ENSG00000160584	SIK3	5.0666	3262
ENSG00000143553	SNAPIN	5.0666	3263
ENSG00000112305	SMAP1	5.0666	3264
ENSG00000099290	WASHC2A	5.0664	3265
ENSG00000103091	WDR59	5.066	3266
ENSG00000118894	EEF2KMT	5.0659	3267
ENSG00000173120	KDM2A	5.0657	3268
ENSG00000119953	SMNDC1	5.0656	3269
ENSG00000102302	FGD1	5.0656	3270
ENSG00000023287	RB1CC1	5.0654	3271
ENSG00000070761	CFAP20	5.0652	3272
ENSG00000198815	FOXJ3	5.0649	3273
ENSG00000108788	MLX	5.0632	3274
ENSG00000100211	CBY1	5.0631	3275
ENSG00000163961	RNF168	5.0629	3276
ENSG00000136824	SMC2	5.0628	3277
ENSG00000161996	WDR90	5.0628	3278
ENSG00000153922	CHD1	5.0628	3279
ENSG00000182628	SKA2	5.0628	3280
ENSG00000189319	FAM53B	5.0618	3281
ENSG00000234127	TRIM26	5.0612	3282
ENSG00000154734	ADAMTS1	5.0611	3283
ENSG00000157191	NECAP2	5.0594	3284
ENSG00000172661	WASHC2C	5.0591	3285
ENSG00000186591	UBE2H	5.0584	3286
ENSG00000130956	HABP4	5.0582	3287
ENSG00000091009	RBM27	5.0577	3288
ENSG00000103245	CIAO3	5.0577	3289
ENSG00000125386	FAM193A	5.0569	3290
ENSG00000086065	CHMP5	5.0569	3291
ENSG00000136810	TXN	5.0569	3292
ENSG00000165632	TAF3	5.0562	3293
ENSG00000115486	GGCX	5.0558	3294
ENSG00000145386	CCNA2	5.0558	3295
ENSG00000117632	STMN1	5.0558	3296
ENSG00000243317	STMP1	5.0558	3297
ENSG00000138381	ASNSD1	5.0553	3298
ENSG00000130787	HIP1R	5.055	3299
ENSG00000167005	NUDT21	5.0549	3300
ENSG00000180098	TRNAU1AP	5.0542	3301
ENSG00000115091	ACTR3	5.0532	3302
ENSG00000146830	GIGYF1	5.0531	3303
ENSG00000177889	UBE2N	5.0527	3304
ENSG00000158234	FAIM	5.0521	3305
ENSG00000161217	PCYT1A	5.0515	3306
ENSG00000138095	LRPPRC	5.0509	3307
ENSG00000205339	IPO7	5.0509	3308
ENSG00000002330	BAD	5.0489	3309
ENSG00000136108	CKAP2	5.0486	3310
ENSG00000182287	AP1S2	5.0486	3311
ENSG00000084070	SMAP2	5.0476	3312
ENSG00000146872	TLK2	5.0468	3313
ENSG00000277972	CISD3	5.0465	3314
ENSG00000138442	WDR12	5.0449	3315
ENSG00000163872	YEATS2	5.0445	3316
ENSG00000126953	TIMM8A	5.0443	3317
ENSG00000111843	TMEM14C	5.0443	3318
ENSG00000135269	TES	5.0443	3319
ENSG00000136770	DNAJC1	5.0443	3320
ENSG00000138709	LARP1B	5.0436	3321
ENSG00000165238	WNK2	5.0429	3322
ENSG00000111615	KRR1	5.0415	3323
ENSG00000139116	KIF21A	5.0412	3324
ENSG00000181467	RAP2B	5.041	3325
ENSG00000178927	CYBC1	5.0404	3326
ENSG00000092010	PSME1	5.0403	3327
ENSG00000137411	VARS2	5.0393	3328
ENSG00000141098	GFOD2	5.0389	3329
ENSG00000100239	PPP6R2	5.0385	3330
ENSG00000273611	ZNHIT3	5.0375	3331
ENSG00000183072	NKX2-5	5.0356	3332
ENSG00000188807	TMEM201	5.0352	3333
ENSG00000148297	MED22	5.0338	3334
ENSG00000132323	ILKAP	5.0337	3335
ENSG00000170142	UBE2E1	5.0335	3336
ENSG00000020426	MNAT1	5.0335	3337
ENSG00000117505	DR1	5.0335	3338
ENSG00000136146	MED4	5.0335	3339
ENSG00000147996	ZNG1E	5.0335	3340
ENSG00000115211	EIF2B4	5.0331	3341
ENSG00000167987	VPS37C	5.033	3342
ENSG00000183648	NDUFB1	5.0325	3343
ENSG00000133422	MORC2	5.0324	3344
ENSG00000178104	PDE4DIP	5.0318	3345
ENSG00000105135	ILVBL	5.0309	3346
ENSG00000149480	MTA2	5.0309	3347
ENSG00000132478	UNK	5.0306	3348
ENSG00000007372	PAX6	5.0306	3349
ENSG00000109089	CDR2L	5.0305	3350
ENSG00000171612	SLC25A33	5.029	3351
ENSG00000103121	CMC2	5.029	3352
ENSG00000188554	NBR1	5.0265	3353
ENSG00000269713	NBPF9	5.0265	3354
ENSG00000166169	POLL	5.0252	3355
ENSG00000130005	GAMT	5.0228	3356
ENSG00000051523	CYBA	5.0212	3357
ENSG00000143891	GALM	5.0211	3358
ENSG00000273604	EPOP	5.0202	3359
ENSG00000143379	SETDB1	5.02	3360
ENSG00000143376	SNX27	5.0182	3361
ENSG00000117751	PPP1R8	5.0182	3362
ENSG00000164258	NDUFS4	5.0181	3363
ENSG00000112339	HBS1L	5.0173	3364
ENSG00000242247	ARFGAP3	5.0163	3365
ENSG00000027847	B4GALT7	5.0161	3366
ENSG00000184634	MED12	5.0156	3367
ENSG00000148690	FRA10AC1	5.0152	3368
ENSG00000264522	OTUD7B	5.0152	3369
ENSG00000132661	NXT1	5.0151	3370
ENSG00000168282	MGAT2	5.0132	3371
ENSG00000114554	PLXNA1	5.0128	3372
ENSG00000086015	MAST2	5.0127	3373
ENSG00000176715	ACSF3	5.0126	3374
ENSG00000134851	TMEM165	5.0124	3375
ENSG00000171943	SRGAP2C	5.0103	3376
ENSG00000104687	GSR	5.0084	3377
ENSG00000121073	SLC35B1	5.0082	3378
ENSG00000065183	WDR3	5.0082	3379
ENSG00000186205	MTARC1	5.0082	3380
ENSG00000123575	FAM199X	5.0081	3381
ENSG00000132680	KHDC4	5.0076	3382
ENSG00000148291	SURF2	5.0065	3383
ENSG00000111737	RAB35	5.0065	3384
ENSG00000217930	PAM16	5.0064	3385
ENSG00000276293	PIP4K2B	5.006	3386
ENSG00000080371	RAB21	5.0059	3387
ENSG00000241258	CRCP	5.0051	3388
ENSG00000130749	ZC3H4	5.0043	3389
ENSG00000138942	RNF185	5.0041	3390
ENSG00000068400	GRIPAP1	5.0034	3391
ENSG00000205155	PSENEN	5.0023	3392
ENSG00000155393	HEATR3	5.0017	3393
ENSG00000140464	PML	5.0003	3394
ENSG00000164970	FAM219A	4.9998	3395
ENSG00000168887	C2orf68	4.9993	3396
ENSG00000173418	NAA20	4.9987	3397
ENSG00000186501	TMEM222	4.9984	3398
ENSG00000105875	WDR91	4.9982	3399
ENSG00000147679	UTP23	4.9981	3400
ENSG00000162493	PDPN	4.9979	3401
ENSG00000054654	SYNE2	4.9971	3402
ENSG00000186918	ZNF395	4.997	3403
ENSG00000100324	TAB1	4.9969	3404
ENSG00000118193	KIF14	4.9967	3405
ENSG00000100387	RBX1	4.9964	3406
ENSG00000152492	CCDC50	4.9953	3407
ENSG00000197024	ZNF398	4.9953	3408
ENSG00000135686	KLHL36	4.9953	3409
ENSG00000075234	TTC38	4.9943	3410
ENSG00000134014	ELP3	4.9941	3411
ENSG00000143442	POGZ	4.994	3412
ENSG00000035687	ADSS2	4.994	3413
ENSG00000112039	FANCE	4.9931	3414
ENSG00000182108	DEXI	4.993	3415
ENSG00000119812	FAM98A	4.9922	3416
ENSG00000156599	ZDHHC5	4.9917	3417
ENSG00000173757	STAT5B	4.9911	3418
ENSG00000141971	MVB12A	4.9911	3419
ENSG00000183763	TRAIP	4.9906	3420
ENSG00000089597	GANAB	4.9905	3421
ENSG00000104880	ARHGEF18	4.9898	3422
ENSG00000164898	FMC1	4.9897	3423
ENSG00000130734	ATG4D	4.9884	3424
ENSG00000059691	GATB	4.9876	3425
ENSG00000163344	PMVK	4.9874	3426
ENSG00000127946	HIP1	4.9871	3427
ENSG00000128713	HOXD11	4.9869	3428
ENSG00000162408	NOL9	4.9865	3429
ENSG00000023902	PLEKHO1	4.9863	3430
ENSG00000101337	TM9SF4	4.9854	3431
ENSG00000178718	RPP25	4.9851	3432
ENSG00000101871	MID1	4.9845	3433
ENSG00000120805	ARL1	4.9845	3434
ENSG00000153107	ANAPC1	4.9845	3435
ENSG00000147419	CCDC25	4.9845	3436
ENSG00000113387	SUB1	4.9845	3437
ENSG00000126003	PLAGL2	4.9832	3438
ENSG00000101290	CDS2	4.9832	3439
ENSG00000116922	AIRIM	4.9832	3440
ENSG00000153914	SREK1	4.9832	3441
ENSG00000128710	HOXD10	4.9828	3442
ENSG00000143486	EIF2D	4.9828	3443
ENSG00000119403	PHF19	4.9823	3444
ENSG00000006451	RALA	4.9815	3445
ENSG00000166170	BAG5	4.9815	3446
ENSG00000116171	SCP2	4.9815	3447
ENSG00000146007	ZMAT2	4.9815	3448
ENSG00000122068	FYTTD1	4.9815	3449
ENSG00000101608	MYL12A	4.9815	3450
ENSG00000002834	LASP1	4.9808	3451
ENSG00000162385	MAGOH	4.9806	3452
ENSG00000108946	PRKAR1A	4.9803	3453
ENSG00000154978	VOPP1	4.9798	3454
ENSG00000130311	DDA1	4.979	3455
ENSG00000112699	GMDS	4.9779	3456
ENSG00000169062	UPF3A	4.9773	3457
ENSG00000168411	RFWD3	4.977	3458
ENSG00000165782	PIP4P1	4.9763	3459
ENSG00000182963	GJC1	4.9761	3460
ENSG00000137714	FDX1	4.9761	3461
ENSG00000148660	CAMK2G	4.9752	3462
ENSG00000105699	LSR	4.9752	3463
ENSG00000196576	PLXNB2	4.975	3464
ENSG00000108852	MPP2	4.974	3465
ENSG00000119383	PTPA	4.9737	3466
ENSG00000140474	ULK3	4.9737	3467
ENSG00000112584	FAM120B	4.973	3468
ENSG00000105732	ZNF574	4.9729	3469
ENSG00000060069	CTDP1	4.9725	3470
ENSG00000134371	CDC73	4.9719	3471
ENSG00000100151	PICK1	4.9719	3472
ENSG00000050748	MAPK9	4.9716	3473
ENSG00000165494	PCF11	4.9714	3474
ENSG00000122299	ZC3H7A	4.9714	3475
ENSG00000067167	TRAM1	4.9707	3476
ENSG00000170619	COMMD5	4.9707	3477
ENSG00000132300	PTCD3	4.9707	3478
ENSG00000184007	PTP4A2	4.9707	3479
ENSG00000100426	ZBED4	4.9707	3480
ENSG00000111371	SLC38A1	4.9707	3481
ENSG00000140400	MAN2C1	4.9702	3482
ENSG00000066697	MSANTD3	4.9686	3483
ENSG00000107281	NPDC1	4.9677	3484
ENSG00000168040	FADD	4.9654	3485
ENSG00000110367	DDX6	4.9649	3486
ENSG00000075239	ACAT1	4.9649	3487
ENSG00000039560	RAI14	4.9649	3488
ENSG00000101098	RIMS4	4.9642	3489
ENSG00000125834	STK35	4.9636	3490
ENSG00000111907	TPD52L1	4.9635	3491
ENSG00000146278	PNRC1	4.9615	3492
ENSG00000074755	ZZEF1	4.9612	3493
ENSG00000182195	LDOC1	4.9602	3494
ENSG00000115539	PDCL3	4.9592	3495
ENSG00000243725	TTC4	4.9592	3496
ENSG00000157184	CPT2	4.9592	3497
ENSG00000156983	BRPF1	4.9585	3498
ENSG00000139266	MARCHF9	4.9584	3499
ENSG00000145332	KLHL8	4.9581	3500
ENSG00000122966	CIT	4.9575	3501
ENSG00000133393	CEP20	4.9574	3502
ENSG00000254858	MPV17L2	4.9564	3503
ENSG00000188677	PARVB	4.9564	3504
ENSG00000174238	PITPNA	4.9553	3505
ENSG00000144815	NXPE3	4.9553	3506
ENSG00000169696	ASPSCR1	4.9538	3507
ENSG00000169139	UBE2V2	4.9536	3508
ENSG00000244005	NFS1	4.9536	3509
ENSG00000152133	GPATCH11	4.9536	3510
ENSG00000011143	MKS1	4.9536	3511
ENSG00000060762	MPC1	4.9536	3512
ENSG00000164024	METAP1	4.9536	3513
ENSG00000198863	RUNDC1	4.9536	3514
ENSG00000134825	TMEM258	4.9536	3515
ENSG00000164163	ABCE1	4.9536	3516
ENSG00000152464	RPP38	4.9532	3517
ENSG00000125352	RNF113A	4.9529	3518
ENSG00000141504	SAT2	4.9525	3519
ENSG00000100084	HIRA	4.9516	3520
ENSG00000104067	TJP1	4.9508	3521
ENSG00000067182	TNFRSF1A	4.9506	3522
ENSG00000124444	ZNF576	4.9498	3523
ENSG00000183978	COA3	4.9488	3524
ENSG00000105607	GCDH	4.9487	3525
ENSG00000169189	NSMCE1	4.9484	3526
ENSG00000110906	KCTD10	4.9472	3527
ENSG00000165898	ISCA2	4.9472	3528
ENSG00000155252	PI4K2A	4.947	3529
ENSG00000135932	CAB39	4.947	3530
ENSG00000266028	SRGAP2	4.9467	3531
ENSG00000162772	ATF3	4.9467	3532
ENSG00000137135	ARHGEF39	4.9467	3533
ENSG00000189060	H1-0	4.9465	3534
ENSG00000161618	ALDH16A1	4.9461	3535
ENSG00000114648	KLHL18	4.9457	3536
ENSG00000108175	ZMIZ1	4.9457	3537
ENSG00000197780	TAF13	4.9447	3538
ENSG00000118680	MYL12B	4.9433	3539
ENSG00000129460	NGDN	4.9433	3540
ENSG00000215012	RTL10	4.9433	3541
ENSG00000182093	GET1	4.9433	3542
ENSG00000136720	HS6ST1	4.9424	3543
ENSG00000067955	CBFB	4.9422	3544
ENSG00000125520	SLC2A4RG	4.9412	3545
ENSG00000274211	SOCS7	4.9401	3546
ENSG00000141499	WRAP53	4.9401	3547
ENSG00000143106	PSMA5	4.9401	3548
ENSG00000166813	KIF7	4.94	3549
ENSG00000165458	INPPL1	4.9395	3550
ENSG00000138382	METTL5	4.9395	3551
ENSG00000078674	PCM1	4.9395	3552
ENSG00000232388	SMIM26	4.9391	3553
ENSG00000101997	CCDC22	4.9389	3554
ENSG00000103966	EHD4	4.9385	3555
ENSG00000141905	NFIC	4.9385	3556
ENSG00000134686	PHC2	4.9378	3557
ENSG00000164172	MOCS2	4.9359	3558
ENSG00000183579	ZNRF3	4.9353	3559
ENSG00000104835	SARS2	4.9352	3560
ENSG00000125875	TBC1D20	4.9348	3561
ENSG00000184924	PTRHD1	4.9341	3562
ENSG00000112419	PHACTR2	4.9325	3563
ENSG00000103942	HOMER2	4.9316	3564
ENSG00000144120	TMEM177	4.93	3565
ENSG00000134001	EIF2S1	4.93	3566
ENSG00000148672	GLUD1	4.93	3567
ENSG00000126822	PLEKHG3	4.9298	3568
ENSG00000159461	AMFR	4.9298	3569
ENSG00000121775	TMEM39B	4.9295	3570
ENSG00000105612	DNASE2	4.9269	3571
ENSG00000198087	CD2AP	4.9261	3572
ENSG00000147010	SH3KBP1	4.9252	3573
ENSG00000176973	FAM89B	4.9246	3574
ENSG00000104635	SLC39A14	4.9246	3575
ENSG00000005882	PDK2	4.9245	3576
ENSG00000164896	FASTK	4.9245	3577
ENSG00000267368	UPK3BL1	4.9242	3578
ENSG00000196367	TRRAP	4.9236	3579
ENSG00000143418	CERS2	4.9234	3580
ENSG00000189171	S100A13	4.9219	3581
ENSG00000137814	HAUS2	4.9217	3582
ENSG00000134243	SORT1	4.9217	3583
ENSG00000136243	NUP42	4.9217	3584
ENSG00000156650	KAT6B	4.9217	3585
ENSG00000038382	TRIO	4.9209	3586
ENSG00000119321	FKBP15	4.9205	3587
ENSG00000076554	TPD52	4.9205	3588
ENSG00000141376	BCAS3	4.9197	3589
ENSG00000157212	PAXIP1	4.9196	3590
ENSG00000104714	ERICH1	4.9185	3591
ENSG00000108591	DRG2	4.9185	3592
ENSG00000121390	PSPC1	4.9183	3593
ENSG00000073792	IGF2BP2	4.9176	3594
ENSG00000184162	NR2C2AP	4.9173	3595
ENSG00000103544	VPS35L	4.9169	3596
ENSG00000054611	TBC1D22A	4.9159	3597
ENSG00000165556	CDX2	4.9159	3598
ENSG00000154945	ANKRD40	4.9157	3599
ENSG00000162298	SYVN1	4.9155	3600
ENSG00000133027	PEMT	4.9146	3601
ENSG00000073803	MAP3K13	4.9144	3602
ENSG00000180357	ZNF609	4.9139	3603
ENSG00000196704	AMZ2	4.9133	3604
ENSG00000213380	COG8	4.9133	3605
ENSG00000146576	INTS15	4.9132	3606
ENSG00000089682	RBM41	4.9131	3607
ENSG00000197299	BLM	4.9129	3608
ENSG00000137364	TPMT	4.9129	3609
ENSG00000140694	PARN	4.9129	3610
ENSG00000173486	FKBP2	4.912	3611
ENSG00000181852	RNF41	4.9109	3612
ENSG00000165501	LRR1	4.9109	3613
ENSG00000164151	ICE1	4.9109	3614
ENSG00000128908	INO80	4.9109	3615
ENSG00000147164	SNX12	4.9104	3616
ENSG00000196372	ASB13	4.9104	3617
ENSG00000110046	ATG2A	4.9102	3618
ENSG00000100445	SDR39U1	4.9092	3619
ENSG00000143390	RFX5	4.9089	3620
ENSG00000167566	NCKAP5L	4.908	3621
ENSG00000058272	PPP1R12A	4.9077	3622
ENSG00000172366	MCRIP2	4.907	3623
ENSG00000137804	NUSAP1	4.905	3624
ENSG00000132763	MMACHC	4.905	3625
ENSG00000267855	NDUFA7	4.905	3626
ENSG00000172992	DCAKD	4.9047	3627
ENSG00000188342	GTF2F2	4.9047	3628
ENSG00000160218	TRAPPC10	4.9044	3629
ENSG00000292344	PLCXD1	4.9035	3630
ENSG00000089022	MAPKAPK5	4.8993	3631
ENSG00000047579	DTNBP1	4.899	3632
ENSG00000198914	POU3F3	4.8988	3633
ENSG00000188290	HES4	4.8984	3634
ENSG00000156374	PCGF6	4.8982	3635
ENSG00000244486	SCARF2	4.898	3636
ENSG00000198646	NCOA6	4.8977	3637
ENSG00000101166	PRELID3B	4.8976	3638
ENSG00000041802	LSG1	4.8972	3639
ENSG00000176108	CHMP6	4.8968	3640
ENSG00000040933	INPP4A	4.8955	3641
ENSG00000196586	MYO6	4.8951	3642
ENSG00000068001	HYAL2	4.895	3643
ENSG00000100403	ZC3H7B	4.8946	3644
ENSG00000115310	RTN4	4.8944	3645
ENSG00000180228	PRKRA	4.8943	3646
ENSG00000185896	LAMP1	4.8942	3647
ENSG00000180185	FAHD1	4.8938	3648
ENSG00000115216	NRBP1	4.8934	3649
ENSG00000198837	DENND4B	4.8931	3650
ENSG00000100225	FBXO7	4.8928	3651
ENSG00000126005	MMP24OS	4.8925	3652
ENSG00000173011	TADA2B	4.8924	3653
ENSG00000070476	ZXDC	4.8916	3654
ENSG00000113460	BRIX1	4.8911	3655
ENSG00000055211	GINM1	4.8911	3656
ENSG00000099810	MTAP	4.8911	3657
ENSG00000112062	MAPK14	4.8911	3658
ENSG00000165516	KLHDC2	4.89	3659
ENSG00000130703	OSBPL2	4.8895	3660
ENSG00000128039	SRD5A3	4.8855	3661
ENSG00000151718	WWC2	4.8855	3662
ENSG00000100600	LGMN	4.883	3663
ENSG00000182150	ERCC6L2	4.883	3664
ENSG00000146592	CREB5	4.8824	3665
ENSG00000155561	NUP205	4.881	3666
ENSG00000176165	FOXG1	4.881	3667
ENSG00000081377	CDC14B	4.881	3668
ENSG00000185090	MANEAL	4.881	3669
ENSG00000142634	EFHD2	4.8795	3670
ENSG00000237289	CKMT1B	4.8792	3671
ENSG00000109805	NCAPG	4.8785	3672
ENSG00000166181	API5	4.8785	3673
ENSG00000119950	MXI1	4.8779	3674
ENSG00000038532	CLEC16A	4.8777	3675
ENSG00000103876	FAH	4.877	3676
ENSG00000204231	RXRB	4.8766	3677
ENSG00000170473	PYM1	4.8766	3678
ENSG00000037280	FLT4	4.8765	3679
ENSG00000082014	SMARCD3	4.8763	3680
ENSG00000081154	PCNP	4.8761	3681
ENSG00000117862	TXNDC12	4.8761	3682
ENSG00000004139	SARM1	4.8761	3683
ENSG00000136937	NCBP1	4.8749	3684
ENSG00000234616	JRK	4.8731	3685
ENSG00000114388	NPRL2	4.8726	3686
ENSG00000186395	KRT10	4.8726	3687
ENSG00000181396	OGFOD3	4.8723	3688
ENSG00000182197	EXT1	4.8709	3689
ENSG00000174891	RSRC1	4.8706	3690
ENSG00000100109	TFIP11	4.8685	3691
ENSG00000258289	CHURC1	4.8685	3692
ENSG00000214046	SMIM7	4.8685	3693
ENSG00000112531	QKI	4.8672	3694
ENSG00000119522	DENND1A	4.8672	3695
ENSG00000120137	PANK3	4.8672	3696
ENSG00000117394	SLC2A1	4.8669	3697
ENSG00000108479	GALK1	4.8667	3698
ENSG00000145022	TCTA	4.8661	3699
ENSG00000104472	CHRAC1	4.8656	3700
ENSG00000137267	TUBB2A	4.8655	3701
ENSG00000099968	BCL2L13	4.865	3702
ENSG00000073169	SELENOO	4.864	3703
ENSG00000175215	CTDSP2	4.864	3704
ENSG00000136574	GATA4	4.8628	3705
ENSG00000106004	HOXA5	4.8619	3706
ENSG00000146729	NIPSNAP2	4.8619	3707
ENSG00000101407	TTI1	4.8619	3708
ENSG00000242498	ARPIN	4.8609	3709
ENSG00000204348	DXO	4.8607	3710
ENSG00000067445	TRO	4.8602	3711
ENSG00000290292	HOMEZ	4.8602	3712
ENSG00000165775	FUNDC2	4.8602	3713
ENSG00000109103	UNC119	4.8587	3714
ENSG00000142751	GPN2	4.8573	3715
ENSG00000104142	VPS18	4.8564	3716
ENSG00000168255	POLR2J3	4.8562	3717
ENSG00000102743	SLC25A15	4.8558	3718
ENSG00000141736	ERBB2	4.8553	3719
ENSG00000113318	MSH3	4.8545	3720
ENSG00000131773	KHDRBS3	4.8543	3721
ENSG00000163964	PIGX	4.8541	3722
ENSG00000185000	DGAT1	4.8541	3723
ENSG00000182552	RWDD4	4.8539	3724
ENSG00000124383	MPHOSPH10	4.8537	3725
ENSG00000158882	TOMM40L	4.8536	3726
ENSG00000105443	CYTH2	4.8527	3727
ENSG00000196743	GM2A	4.8523	3728
ENSG00000100726	TELO2	4.8504	3729
ENSG00000137133	HINT2	4.8492	3730
ENSG00000173409	ARV1	4.8488	3731
ENSG00000110435	PDHX	4.8481	3732
ENSG00000204351	SKIC2	4.8477	3733
ENSG00000169955	ZNF747	4.8477	3734
ENSG00000117360	PRPF3	4.8467	3735
ENSG00000108588	CCDC47	4.8466	3736
ENSG00000106346	USP42	4.8453	3737
ENSG00000175193	PARL	4.8449	3738
ENSG00000167695	TLCD3A	4.8431	3739
ENSG00000138031	ADCY3	4.843	3740
ENSG00000050393	MCUR1	4.8427	3741
ENSG00000119559	C19orf25	4.8427	3742
ENSG00000171302	CANT1	4.8426	3743
ENSG00000140443	IGF1R	4.8422	3744
ENSG00000114861	FOXP1	4.8421	3745
ENSG00000155254	MARVELD1	4.8418	3746
ENSG00000138175	ARL3	4.8398	3747
ENSG00000160695	VPS11	4.8389	3748
ENSG00000165661	QSOX2	4.8387	3749
ENSG00000138768	USO1	4.8386	3750
ENSG00000182718	ANXA2	4.8378	3751
ENSG00000070047	PHRF1	4.8371	3752
ENSG00000103811	CTSH	4.8371	3753
ENSG00000166965	RCCD1	4.837	3754
ENSG00000142444	TIMM29	4.837	3755
ENSG00000085415	SEH1L	4.8366	3756
ENSG00000149554	CHEK1	4.8366	3757
ENSG00000141627	DYM	4.8366	3758
ENSG00000214114	MYCBP	4.8366	3759
ENSG00000173598	NUDT4	4.8366	3760
ENSG00000103274	NUBP1	4.8364	3761
ENSG00000141026	MED9	4.8358	3762
ENSG00000147130	ZMYM3	4.8345	3763
ENSG00000077684	JADE1	4.8322	3764
ENSG00000114315	HES1	4.8317	3765
ENSG00000060656	PTPRU	4.8316	3766
ENSG00000188636	RTL6	4.8313	3767
ENSG00000078687	TNRC6C	4.8301	3768
ENSG00000081791	DELE1	4.8299	3769
ENSG00000127463	EMC1	4.8285	3770
ENSG00000130921	MTRFR	4.8278	3771
ENSG00000165609	NUDT5	4.8271	3772
ENSG00000138758	SEPTIN11	4.8271	3773
ENSG00000008128	CDK11A	4.8267	3774
ENSG00000165410	CFL2	4.8265	3775
ENSG00000114316	USP4	4.8265	3776
ENSG00000089195	TRMT6	4.8265	3777
ENSG00000164022	AIMP1	4.8265	3778
ENSG00000139146	SINHCAF	4.8253	3779
ENSG00000103168	TAF1C	4.8242	3780
ENSG00000198791	CNOT7	4.824	3781
ENSG00000110395	CBL	4.824	3782
ENSG00000152127	MGAT5	4.824	3783
ENSG00000072803	FBXW11	4.824	3784
ENSG00000134222	PSRC1	4.8236	3785
ENSG00000198792	TMEM184B	4.8225	3786
ENSG00000111667	USP5	4.8216	3787
ENSG00000197021	EOLA2	4.8216	3788
ENSG00000166963	MAP1A	4.8215	3789
ENSG00000129925	PGAP6	4.8214	3790
ENSG00000002822	MAD1L1	4.8212	3791
ENSG00000166173	LARP6	4.8204	3792
ENSG00000106012	IQCE	4.8201	3793
ENSG00000155097	ATP6V1C1	4.8195	3794
ENSG00000170832	USP32	4.8195	3795
ENSG00000066926	FECH	4.8195	3796
ENSG00000178573	MAF	4.8178	3797
ENSG00000117298	ECE1	4.8178	3798
ENSG00000160570	DEDD2	4.8164	3799
ENSG00000108559	NUP88	4.816	3800
ENSG00000115977	AAK1	4.8152	3801
ENSG00000066230	SLC9A3	4.8131	3802
ENSG00000140526	ABHD2	4.813	3803
ENSG00000177239	MAN1B1	4.8128	3804
ENSG00000124177	CHD6	4.8123	3805
ENSG00000164190	NIPBL	4.8116	3806
ENSG00000168575	SLC20A2	4.8113	3807
ENSG00000146733	PSPH	4.8112	3808
ENSG00000160360	GPSM1	4.8106	3809
ENSG00000254986	DPP3	4.8105	3810
ENSG00000141542	RAB40B	4.8103	3811
ENSG00000154122	ANKH	4.8098	3812
ENSG00000125827	TMX4	4.8098	3813
ENSG00000153015	CWC27	4.8095	3814
ENSG00000243279	PRAF2	4.8089	3815
ENSG00000186812	ZNF397	4.8086	3816
ENSG00000170846	MRFAP1L2	4.8085	3817
ENSG00000114779	ABHD14B	4.8075	3818
ENSG00000143198	MGST3	4.8073	3819
ENSG00000065613	SLK	4.8073	3820
ENSG00000105983	LMBR1	4.8073	3821
ENSG00000162923	WDR26	4.8073	3822
ENSG00000141858	SAMD1	4.8066	3823
ENSG00000150990	DHX37	4.8062	3824
ENSG00000177303	CASKIN2	4.8061	3825
ENSG00000100106	TRIOBP	4.8059	3826
ENSG00000025772	TOMM34	4.8058	3827
ENSG00000091436	MAP3K20	4.8056	3828
ENSG00000112592	TBP	4.8056	3829
ENSG00000135775	COG2	4.8052	3830
ENSG00000169919	GUSB	4.8051	3831
ENSG00000103148	NPRL3	4.8037	3832
ENSG00000075702	WDR62	4.803	3833
ENSG00000150760	DOCK1	4.803	3834
ENSG00000122390	NAA60	4.8014	3835
ENSG00000112294	ALDH5A1	4.8006	3836
ENSG00000092470	WDR76	4.8003	3837
ENSG00000198146	ZNF770	4.8003	3838
ENSG00000125779	PANK2	4.8003	3839
ENSG00000166788	SAAL1	4.8001	3840
ENSG00000197555	SIPA1L1	4.7998	3841
ENSG00000159792	PSKH1	4.7992	3842
ENSG00000065882	TBC1D1	4.7987	3843
ENSG00000085721	RRN3	4.7984	3844
ENSG00000146386	ABRACL	4.7979	3845
ENSG00000196369	SRGAP2B	4.7979	3846
ENSG00000176102	CSTF3	4.7979	3847
ENSG00000103510	KAT8	4.7967	3848
ENSG00000167716	WDR81	4.7956	3849
ENSG00000100577	GSTZ1	4.7952	3850
ENSG00000168243	GNG4	4.7951	3851
ENSG00000103126	AXIN1	4.7945	3852
ENSG00000153885	KCTD15	4.7942	3853
ENSG00000120158	RCL1	4.7935	3854
ENSG00000182247	UBE2E2	4.7934	3855
ENSG00000179119	SPTY2D1	4.7933	3856
ENSG00000111196	MAGOHB	4.7933	3857
ENSG00000090889	KIF4A	4.7933	3858
ENSG00000179965	ZNF771	4.7921	3859
ENSG00000105287	PRKD2	4.7911	3860
ENSG00000171262	FAM98B	4.791	3861
ENSG00000168014	C2CD3	4.791	3862
ENSG00000080845	DLGAP4	4.7901	3863
ENSG00000119777	TMEM214	4.7897	3864
ENSG00000148358	GPR107	4.7889	3865
ENSG00000129353	SLC44A2	4.7888	3866
ENSG00000129195	PIMREG	4.788	3867
ENSG00000215305	VPS16	4.7878	3868
ENSG00000151725	CENPU	4.7876	3869
ENSG00000187607	ZNF286A	4.7876	3870
ENSG00000143322	ABL2	4.7876	3871
ENSG00000100154	TTC28	4.7876	3872
ENSG00000115204	MPV17	4.7876	3873
ENSG00000169683	LRRC45	4.7874	3874
ENSG00000102181	CD99L2	4.7868	3875
ENSG00000184209	SNRNP35	4.7855	3876
ENSG00000205302	SNX2	4.7846	3877
ENSG00000103064	SLC7A6	4.7843	3878
ENSG00000149532	CPSF7	4.784	3879
ENSG00000160888	IER2	4.7837	3880
ENSG00000285508		4.783	3881
ENSG00000178695	KCTD12	4.7825	3882
ENSG00000140382	HMG20A	4.782	3883
ENSG00000140307	GTF2A2	4.782	3884
ENSG00000072134	EPN2	4.782	3885
ENSG00000074319	TSG101	4.782	3886
ENSG00000152518	ZFP36L2	4.782	3887
ENSG00000168591	TMUB2	4.7817	3888
ENSG00000085760	MTIF2	4.7816	3889
ENSG00000115504	EHBP1	4.7816	3890
ENSG00000168807	SNTB2	4.7812	3891
ENSG00000196873	ZNG1C	4.781	3892
ENSG00000001461	NIPAL3	4.7805	3893
ENSG00000125734	GPR108	4.7796	3894
ENSG00000063245	EPN1	4.7795	3895
ENSG00000114631	PODXL2	4.779	3896
ENSG00000128011	LRFN1	4.779	3897
ENSG00000012963	UBR7	4.7783	3898
ENSG00000092020	PPP2R3C	4.7783	3899
ENSG00000164105	SAP30	4.7769	3900
ENSG00000172840	PDP2	4.7768	3901
ENSG00000112763	BTN2A1	4.7766	3902
ENSG00000198951	NAGA	4.7755	3903
ENSG00000080345	RIF1	4.7752	3904
ENSG00000163191	S100A11	4.775	3905
ENSG00000100596	SPTLC2	4.775	3906
ENSG00000119673	ACOT2	4.775	3907
ENSG00000047315	POLR2B	4.775	3908
ENSG00000180901	KCTD2	4.775	3909
ENSG00000166451	CENPN	4.775	3910
ENSG00000134077	THUMPD3	4.775	3911
ENSG00000235106	BRD3OS	4.775	3912
ENSG00000149084	HSD17B12	4.774	3913
ENSG00000103356	EARS2	4.774	3914
ENSG00000110025	SNX15	4.773	3915
ENSG00000166716	ZNF592	4.7712	3916
ENSG00000092847	AGO1	4.7712	3917
ENSG00000140320	BAHD1	4.7684	3918
ENSG00000100209	HSCB	4.7678	3919
ENSG00000103024	NME3	4.7672	3920
ENSG00000124785	NRN1	4.7671	3921
ENSG00000186654	PRR5	4.7666	3922
ENSG00000105647	PIK3R2	4.7655	3923
ENSG00000186001	LRCH3	4.7649	3924
ENSG00000175582	RAB6A	4.7649	3925
ENSG00000163605	PPP4R2	4.7649	3926
ENSG00000204178	MACO1	4.7644	3927
ENSG00000023330	ALAS1	4.7633	3928
ENSG00000185252	ZNF74	4.7631	3929
ENSG00000132394	EEFSEC	4.7605	3930
ENSG00000118655	DCLRE1B	4.7602	3931
ENSG00000256053	COA8	4.7597	3932
ENSG00000169733	RFNG	4.7596	3933
ENSG00000174695	TMEM167A	4.7596	3934
ENSG00000188042	ARL4C	4.7593	3935
ENSG00000050405	LIMA1	4.759	3936
ENSG00000090054	SPTLC1	4.7581	3937
ENSG00000131242	RAB11FIP4	4.7581	3938
ENSG00000161010	MRNIP	4.7577	3939
ENSG00000135341	MAP3K7	4.7558	3940
ENSG00000159055	MIS18A	4.7558	3941
ENSG00000125482	TTF1	4.7557	3942
ENSG00000110497	AMBRA1	4.7549	3943
ENSG00000174938	SEZ6L2	4.7542	3944
ENSG00000144233	AMMECR1L	4.7538	3945
ENSG00000143845	ETNK2	4.7534	3946
ENSG00000273841	TAF9	4.7534	3947
ENSG00000104331	BPNT2	4.7534	3948
ENSG00000124160	NCOA5	4.7528	3949
ENSG00000102870	ZNF629	4.7513	3950
ENSG00000261609	GAN	4.7502	3951
ENSG00000140406	TLNRD1	4.75	3952
ENSG00000107672	NSMCE4A	4.7489	3953
ENSG00000114054	PCCB	4.7489	3954
ENSG00000143537	ADAM15	4.7476	3955
ENSG00000167925	GHDC	4.7473	3956
ENSG00000072864	NDE1	4.7465	3957
ENSG00000187531	SIRT7	4.7463	3958
ENSG00000168884	TNIP2	4.7462	3959
ENSG00000006715	VPS41	4.7458	3960
ENSG00000028528	SNX1	4.7447	3961
ENSG00000197043	ANXA6	4.7445	3962
ENSG00000165669	FAM204A	4.7441	3963
ENSG00000117640	MTFR1L	4.7441	3964
ENSG00000146833	TRIM4	4.7441	3965
ENSG00000103264	FBXO31	4.7441	3966
ENSG00000161692	DBF4B	4.7437	3967
ENSG00000213965	NUDT19	4.7435	3968
ENSG00000075292	ZNF638	4.7418	3969
ENSG00000100906	NFKBIA	4.7418	3970
ENSG00000168936	TMEM129	4.7415	3971
ENSG00000163132	MSX1	4.7412	3972
ENSG00000007923	DNAJC11	4.741	3973
ENSG00000092148	HECTD1	4.7409	3974
ENSG00000119203	CPSF3	4.7409	3975
ENSG00000128311	TST	4.7399	3976
ENSG00000184058	TBX1	4.7397	3977
ENSG00000198157	HMGN5	4.7394	3978
ENSG00000105726	ATP13A1	4.7394	3979
ENSG00000156521	TYSND1	4.7388	3980
ENSG00000145041	DCAF1	4.7387	3981
ENSG00000167797	CDK2AP2	4.7379	3982
ENSG00000151914	DST	4.7375	3983
ENSG00000154781	CCDC174	4.7365	3984
ENSG00000137504	CREBZF	4.7357	3985
ENSG00000120733	KDM3B	4.735	3986
ENSG00000134202	GSTM3	4.735	3987
ENSG00000136213	CHST12	4.7339	3988
ENSG00000102109	PCSK1N	4.7338	3989
ENSG00000175265	GOLGA8A	4.7334	3990
ENSG00000164294	GPX8	4.7327	3991
ENSG00000108963	DPH1	4.7322	3992
ENSG00000176994	SMCR8	4.7321	3993
ENSG00000140575	IQGAP1	4.7316	3994
ENSG00000157600	TMEM164	4.7315	3995
ENSG00000149476	TKFC	4.7287	3996
ENSG00000076201	PTPN23	4.7271	3997
ENSG00000170558	CDH2	4.7266	3998
ENSG00000168522	FNTA	4.726	3999
ENSG00000166224	SGPL1	4.726	4000
ENSG00000026652	AGPAT4	4.7259	4001
ENSG00000161714	PLCD3	4.7256	4002
ENSG00000185324	CDK10	4.7248	4003
ENSG00000185347	TEDC1	4.7244	4004
ENSG00000034053	APBA2	4.724	4005
ENSG00000124659	TBCC	4.7227	4006
ENSG00000164576	SAP30L	4.7217	4007
ENSG00000148468	FAM171A1	4.7206	4008
ENSG00000123213	NLN	4.7205	4009
ENSG00000129116	PALLD	4.7205	4010
ENSG00000117500	TMED5	4.7205	4011
ENSG00000148110	MFSD14B	4.7205	4012
ENSG00000135090	TAOK3	4.7195	4013
ENSG00000164733	CTSB	4.7184	4014
ENSG00000196628	TCF4	4.7181	4015
ENSG00000213676	ATF6B	4.718	4016
ENSG00000156017	CARNMT1	4.7164	4017
ENSG00000101079	NDRG3	4.7151	4018
ENSG00000177556	ATOX1	4.7147	4019
ENSG00000126107	HECTD3	4.7146	4020
ENSG00000121274	TENT4B	4.713	4021
ENSG00000197063	MAFG	4.7122	4022
ENSG00000078237	TIGAR	4.7119	4023
ENSG00000172890	NADSYN1	4.7119	4024
ENSG00000119326	CTNNAL1	4.711	4025
ENSG00000135956	TMEM127	4.711	4026
ENSG00000162836	ACP6	4.7108	4027
ENSG00000122515	ZMIZ2	4.7107	4028
ENSG00000171425	ZNF581	4.7106	4029
ENSG00000034152	MAP2K3	4.7099	4030
ENSG00000176974	SHMT1	4.7099	4031
ENSG00000173511	VEGFB	4.7091	4032
ENSG00000170876	TMEM43	4.7073	4033
ENSG00000086589	RBM22	4.7068	4034
ENSG00000141084	RANBP10	4.7068	4035
ENSG00000137563	GGH	4.7068	4036
ENSG00000109736	MFSD10	4.7063	4037
ENSG00000160199	PKNOX1	4.7062	4038
ENSG00000079277	MKNK1	4.7047	4039
ENSG00000181904	C5orf24	4.7044	4040
ENSG00000163541	SUCLG1	4.7044	4041
ENSG00000014824	SLC30A9	4.7044	4042
ENSG00000139496	NUP58	4.7044	4043
ENSG00000164649	CDCA7L	4.7044	4044
ENSG00000183283	DAZAP2	4.7044	4045
ENSG00000123989	CHPF	4.7043	4046
ENSG00000137831	UACA	4.7034	4047
ENSG00000101558	VAPA	4.7034	4048
ENSG00000156502	SUPV3L1	4.7033	4049
ENSG00000072778	ACADVL	4.7031	4050
ENSG00000132740	IGHMBP2	4.7006	4051
ENSG00000039650	PNKP	4.6993	4052
ENSG00000101400	SNTA1	4.6989	4053
ENSG00000100425	BRD1	4.698	4054
ENSG00000151131	NOPCHAP1	4.6963	4055
ENSG00000186193	SAPCD2	4.6956	4056
ENSG00000154813	DPH3	4.6943	4057
ENSG00000097033	SH3GLB1	4.6943	4058
ENSG00000143033	MTF2	4.6943	4059
ENSG00000167700	MFSD3	4.6943	4060
ENSG00000136104	RNASEH2B	4.6943	4061
ENSG00000186660	ZFP91	4.6933	4062
ENSG00000153406	NMRAL1	4.6916	4063
ENSG00000185024	BRF1	4.6908	4064
ENSG00000120963	ZNF706	4.6898	4065
ENSG00000077942	FBLN1	4.6893	4066
ENSG00000135924	DNAJB2	4.6892	4067
ENSG00000091947	TMEM101	4.689	4068
ENSG00000101413	RPRD1B	4.6877	4069
ENSG00000213563	C8orf82	4.6876	4070
ENSG00000119242	CCDC92	4.6864	4071
ENSG00000090581	GNPTG	4.6862	4072
ENSG00000115317	HTRA2	4.6856	4073
ENSG00000167930	FAM234A	4.6856	4074
ENSG00000121289	CEP89	4.6856	4075
ENSG00000075407	ZNF37A	4.6851	4076
ENSG00000162585	FAAP20	4.6849	4077
ENSG00000155827	RNF20	4.6842	4078
ENSG00000117385	P3H1	4.6836	4079
ENSG00000111678	C12orf57	4.6835	4080
ENSG00000160211	G6PD	4.6829	4081
ENSG00000162076	FLYWCH2	4.6829	4082
ENSG00000183513	COA5	4.6827	4083
ENSG00000119280	C1orf198	4.6822	4084
ENSG00000198026	ZNF335	4.6821	4085
ENSG00000112208	BAG2	4.6819	4086
ENSG00000135457	TFCP2	4.6815	4087
ENSG00000137413	TAF8	4.6813	4088
ENSG00000008735	MAPK8IP2	4.6809	4089
ENSG00000144589	STK11IP	4.6797	4090
ENSG00000106070	GRB10	4.6794	4091
ENSG00000229833	PET100	4.6791	4092
ENSG00000072609	CHFR	4.6789	4093
ENSG00000109445	ZNF330	4.6785	4094
ENSG00000146828	SLC12A9	4.6774	4095
ENSG00000167136	ENDOG	4.6766	4096
ENSG00000100359	SGSM3	4.6763	4097
ENSG00000037897	METTL1	4.6735	4098
ENSG00000139842	CUL4A	4.6735	4099
ENSG00000068383	INPP5A	4.6732	4100
ENSG00000170043	TRAPPC1	4.6729	4101
ENSG00000182934	SRPRA	4.6717	4102
ENSG00000081760	AACS	4.6715	4103
ENSG00000265491	RNF115	4.6715	4104
ENSG00000133872	SARAF	4.6715	4105
ENSG00000065243	PKN2	4.6715	4106
ENSG00000178913	TAF7	4.6715	4107
ENSG00000078699	CBFA2T2	4.6715	4108
ENSG00000170242	USP47	4.6709	4109
ENSG00000134375	TIMM17A	4.6707	4110
ENSG00000159685	CHCHD6	4.6684	4111
ENSG00000247596	TWF2	4.6675	4112
ENSG00000151148	UBE3B	4.6661	4113
ENSG00000223501	VPS52	4.6661	4114
ENSG00000163719	MTMR14	4.6659	4115
ENSG00000100949	RABGGTA	4.6647	4116
ENSG00000205609	EIF3CL	4.6645	4117
ENSG00000126215	XRCC3	4.6639	4118
ENSG00000251493	FOXD1	4.662	4119
ENSG00000198089	SFI1	4.6614	4120
ENSG00000180822	PSMG4	4.6609	4121
ENSG00000147526	TACC1	4.6588	4122
ENSG00000139645	ANKRD52	4.6585	4123
ENSG00000272886	DCP1A	4.657	4124
ENSG00000165792	METTL17	4.6564	4125
ENSG00000198919	DZIP3	4.6563	4126
ENSG00000184368	MAP7D2	4.6562	4127
ENSG00000275066	SYNRG	4.6558	4128
ENSG00000165060	FXN	4.6558	4129
ENSG00000091164	TXNL1	4.6558	4130
ENSG00000063587	ZNF275	4.6554	4131
ENSG00000066279	ASPM	4.6554	4132
ENSG00000166471	TMEM41B	4.6554	4133
ENSG00000011114	BTBD7	4.6554	4134
ENSG00000166012	TAF1D	4.6554	4135
ENSG00000130313	PGLS	4.6552	4136
ENSG00000178449	COX14	4.6544	4137
ENSG00000049618	ARID1B	4.6542	4138
ENSG00000126653	NSRP1	4.6542	4139
ENSG00000137522	RNF121	4.6538	4140
ENSG00000007541	PIGQ	4.6533	4141
ENSG00000175066	GK5	4.6527	4142
ENSG00000183077	AFMID	4.6523	4143
ENSG00000170266	GLB1	4.6523	4144
ENSG00000163807	KIAA1143	4.6523	4145
ENSG00000169612	RAMAC	4.6523	4146
ENSG00000077254	USP33	4.652	4147
ENSG00000124357	NAGK	4.6508	4148
ENSG00000276023	DUSP14	4.6501	4149
ENSG00000120008	WDR11	4.6499	4150
ENSG00000117650	NEK2	4.6499	4151
ENSG00000100030	MAPK1	4.6499	4152
ENSG00000065457	ADAT1	4.6499	4153
ENSG00000221926	TRIM16	4.6494	4154
ENSG00000066583	ISOC1	4.6475	4155
ENSG00000157657	ZNF618	4.6469	4156
ENSG00000204237	OXLD1	4.6461	4157
ENSG00000118096	IFT46	4.6454	4158
ENSG00000198890	PRMT6	4.6449	4159
ENSG00000262246	CORO7	4.6435	4160
ENSG00000065054	NHERF2	4.643	4161
ENSG00000112984	KIF20A	4.6425	4162
ENSG00000155846	PPARGC1B	4.6417	4163
ENSG00000141404	GNAL	4.6412	4164
ENSG00000176208	ATAD5	4.6404	4165
ENSG00000068137	PLEKHH3	4.6395	4166
ENSG00000183624	HMCES	4.6382	4167
ENSG00000146433	TMEM181	4.6374	4168
ENSG00000124508	BTN2A2	4.6373	4169
ENSG00000179604	CDC42EP4	4.6365	4170
ENSG00000070081	NUCB2	4.6341	4171
ENSG00000107951	MTPAP	4.6328	4172
ENSG00000048991	R3HDM1	4.6328	4173
ENSG00000164253	WDR41	4.6328	4174
ENSG00000110172	CHORDC1	4.6328	4175
ENSG00000105656	ELL	4.632	4176
ENSG00000139437	TCHP	4.6301	4177
ENSG00000198832	SELENOM	4.6299	4178
ENSG00000134602	STK26	4.6289	4179
ENSG00000105426	PTPRS	4.6285	4180
ENSG00000174173	TRMT10C	4.6282	4181
ENSG00000090520	DNAJB11	4.628	4182
ENSG00000124181	PLCG1	4.6279	4183
ENSG00000106268	NUDT1	4.6272	4184
ENSG00000075568	TMEM131	4.6259	4185
ENSG00000171453	POLR1C	4.6259	4186
ENSG00000010295	IFFO1	4.6254	4187
ENSG00000161920	MED11	4.6248	4188
ENSG00000204536	CCHCR1	4.6248	4189
ENSG00000133315	MACROD1	4.6245	4190
ENSG00000102901	CENPT	4.6239	4191
ENSG00000066379	POLR1H	4.6236	4192
ENSG00000048140	TSPAN17	4.6232	4193
ENSG00000235173	HGH1	4.6217	4194
ENSG00000100077	GRK3	4.6217	4195
ENSG00000136159	NUDT15	4.6217	4196
ENSG00000152684	PELO	4.6217	4197
ENSG00000119929	CUTC	4.6203	4198
ENSG00000099331	MYO9B	4.62	4199
ENSG00000161021	MAML1	4.6188	4200
ENSG00000121060	TRIM25	4.6186	4201
ENSG00000179886	TIGD5	4.6184	4202
ENSG00000174446	SNAPC5	4.6183	4203
ENSG00000113645	WWC1	4.6181	4204
ENSG00000225697	SLC26A6	4.6178	4205
ENSG00000170540	ARL6IP1	4.6176	4206
ENSG00000119655	NPC2	4.6169	4207
ENSG00000005893	LAMP2	4.6169	4208
ENSG00000155438	NIFK	4.6169	4209
ENSG00000137713	PPP2R1B	4.6169	4210
ENSG00000049245	VAMP3	4.6169	4211
ENSG00000051180	RAD51	4.6169	4212
ENSG00000101782	RIOK3	4.6169	4213
ENSG00000169926	KLF13	4.6165	4214
ENSG00000166402	TUB	4.6154	4215
ENSG00000152558	TMEM123	4.6151	4216
ENSG00000116016	EPAS1	4.6135	4217
ENSG00000197077	KIAA1671	4.6135	4218
ENSG00000133059	DSTYK	4.6132	4219
ENSG00000169379	ARL13B	4.6116	4220
ENSG00000182240	BACE2	4.6116	4221
ENSG00000135245	HILPDA	4.6111	4222
ENSG00000145495	MARCHF6	4.6102	4223
ENSG00000163681	SLMAP	4.6099	4224
ENSG00000117139	KDM5B	4.6099	4225
ENSG00000113812	ACTR8	4.6099	4226
ENSG00000166233	ARIH1	4.6099	4227
ENSG00000125841	NRSN2	4.6097	4228
ENSG00000105255	FSD1	4.6096	4229
ENSG00000180104	EXOC3	4.6089	4230
ENSG00000106246	PTCD1	4.6076	4231
ENSG00000144485	HES6	4.6066	4232
ENSG00000157593	SLC35B2	4.6063	4233
ENSG00000163960	UBXN7	4.6062	4234
ENSG00000254901	BORCS8	4.6057	4235
ENSG00000162419	GMEB1	4.6051	4236
ENSG00000108669	CYTH1	4.6043	4237
ENSG00000213977	TAX1BP3	4.6029	4238
ENSG00000132842	AP3B1	4.6029	4239
ENSG00000111666	CHPT1	4.6029	4240
ENSG00000278311	GGNBP2	4.6029	4241
ENSG00000169398	PTK2	4.6029	4242
ENSG00000166619	BLCAP	4.6029	4243
ENSG00000135862	LAMC1	4.6025	4244
ENSG00000108641	B9D1	4.6024	4245
ENSG00000128159	TUBGCP6	4.6023	4246
ENSG00000163110	PDLIM5	4.6018	4247
ENSG00000182013	PNMA8A	4.6012	4248
ENSG00000138796	HADH	4.6011	4249
ENSG00000183765	CHEK2	4.6009	4250
ENSG00000091127	PUS7	4.6009	4251
ENSG00000172273	HINFP	4.6009	4252
ENSG00000077514	POLD3	4.6009	4253
ENSG00000263956	NBPF11	4.6009	4254
ENSG00000112695	COX7A2	4.6009	4255
ENSG00000159110	IFNAR2	4.6009	4256
ENSG00000146574	CCZ1B	4.6009	4257
ENSG00000082397	EPB41L3	4.6	4258
ENSG00000125375	DMAC2L	4.5993	4259
ENSG00000138434	ITPRID2	4.5988	4260
ENSG00000075618	FSCN1	4.5984	4261
ENSG00000135931	ARMC9	4.5978	4262
ENSG00000019144	PHLDB1	4.5972	4263
ENSG00000171853	TRAPPC12	4.597	4264
ENSG00000153551	CMTM7	4.5963	4265
ENSG00000101190	TCFL5	4.5961	4266
ENSG00000101246	ARFRP1	4.5944	4267
ENSG00000282034		4.5942	4268
ENSG00000171161	ZNF672	4.5938	4269
ENSG00000174720	LARP7	4.5931	4270
ENSG00000105298	CACTIN	4.5927	4271
ENSG00000171246	NPTX1	4.5925	4272
ENSG00000104365	IKBKB	4.5922	4273
ENSG00000087266	SH3BP2	4.5921	4274
ENSG00000140718	FTO	4.5913	4275
ENSG00000108061	SHOC2	4.591	4276
ENSG00000198826	ARHGAP11A	4.5907	4277
ENSG00000185829	ARL17A	4.5907	4278
ENSG00000143158	MPC2	4.5907	4279
ENSG00000144554	FANCD2	4.5898	4280
ENSG00000131174	COX7B	4.5898	4281
ENSG00000158717	RNF166	4.5891	4282
ENSG00000164237	CMBL	4.5885	4283
ENSG00000111726	CMAS	4.5883	4284
ENSG00000160551	TAOK1	4.5883	4285
ENSG00000184182	UBE2F	4.5883	4286
ENSG00000023572	GLRX2	4.5883	4287
ENSG00000155876	RRAGA	4.5883	4288
ENSG00000009844	VTA1	4.5883	4289
ENSG00000137500	CCDC90B	4.5883	4290
ENSG00000143924	EML4	4.5883	4291
ENSG00000165914	TTC7B	4.5883	4292
ENSG00000168283	BMI1	4.5883	4293
ENSG00000163918	RFC4	4.5883	4294
ENSG00000069329	VPS35	4.5883	4295
ENSG00000135968	GCC2	4.5878	4296
ENSG00000196547	MAN2A2	4.5863	4297
ENSG00000161202	DVL3	4.5863	4298
ENSG00000170037	CNTROB	4.583	4299
ENSG00000100319	ZMAT5	4.5827	4300
ENSG00000156381	ANKRD9	4.5825	4301
ENSG00000116127	ALMS1	4.5823	4302
ENSG00000106608	URGCP	4.582	4303
ENSG00000132434	LANCL2	4.5811	4304
ENSG00000241484	ARHGAP8	4.5806	4305
ENSG00000114735	HEMK1	4.5801	4306
ENSG00000175556	LONRF3	4.58	4307
ENSG00000164134	NAA15	4.5799	4308
ENSG00000163798	SLC4A1AP	4.5796	4309
ENSG00000006704	GTF2IRD1	4.5795	4310
ENSG00000117528	ABCD3	4.5795	4311
ENSG00000182952	HMGN4	4.5793	4312
ENSG00000125149	PHAF1	4.5781	4313
ENSG00000125449	ARMC7	4.5781	4314
ENSG00000132199	ENOSF1	4.578	4315
ENSG00000133065	SLC41A1	4.5779	4316
ENSG00000172613	RAD9A	4.5772	4317
ENSG00000198060	MARCHF5	4.577	4318
ENSG00000165118	QNG1	4.5757	4319
ENSG00000124615	MOCS1	4.5755	4320
ENSG00000125870	SNRPB2	4.5749	4321
ENSG00000109861	CTSC	4.5742	4322
ENSG00000205323	SARNP	4.5738	4323
ENSG00000159348	CYB5R1	4.5727	4324
ENSG00000064666	CNN2	4.5716	4325
ENSG00000165424	ZCCHC24	4.5708	4326
ENSG00000196236	XPNPEP3	4.5706	4327
ENSG00000100292	HMOX1	4.5703	4328
ENSG00000162300	ZFPL1	4.5689	4329
ENSG00000107185	RGP1	4.5675	4330
ENSG00000121644	DESI2	4.5671	4331
ENSG00000141424	SLC39A6	4.5671	4332
ENSG00000162924	REL	4.5671	4333
ENSG00000215883	CYB5RL	4.5671	4334
ENSG00000198887	SMC5	4.5671	4335
ENSG00000171208	NETO2	4.5671	4336
ENSG00000123130	ACOT9	4.5671	4337
ENSG00000005486	RHBDD2	4.5671	4338
ENSG00000124782	RREB1	4.5661	4339
ENSG00000004660	CAMKK1	4.5659	4340
ENSG00000170577	SIX2	4.5655	4341
ENSG00000169032	MAP2K1	4.5654	4342
ENSG00000170145	SIK2	4.5633	4343
ENSG00000143674	MAP3K21	4.563	4344
ENSG00000197256	KANK2	4.5629	4345
ENSG00000107882	SUFU	4.5627	4346
ENSG00000159445	THEM4	4.5622	4347
ENSG00000162236	STX5	4.5621	4348
ENSG00000267673	FDX2	4.5617	4349
ENSG00000013563	DNASE1L1	4.5615	4350
ENSG00000268350	FAM156A	4.5614	4351
ENSG00000011523	CEP68	4.5614	4352
ENSG00000243667	DNAAF10	4.5581	4353
ENSG00000062650	WAPL	4.5577	4354
ENSG00000254093	PINX1	4.5575	4355
ENSG00000214021	TTLL3	4.5569	4356
ENSG00000107372	ZFAND5	4.5554	4357
ENSG00000131943	C19orf12	4.5554	4358
ENSG00000119541	VPS4B	4.5554	4359
ENSG00000170085	SIMC1	4.5554	4360
ENSG00000106603	COA1	4.5554	4361
ENSG00000143801	PSEN2	4.5548	4362
ENSG00000163900	TMEM41A	4.5539	4363
ENSG00000142409	ZNF787	4.5527	4364
ENSG00000164053	ATRIP	4.5527	4365
ENSG00000143149	ALDH9A1	4.5522	4366
ENSG00000160746	ANO10	4.5507	4367
ENSG00000182903	ZNF721	4.55	4368
ENSG00000100722	ZC3H14	4.55	4369
ENSG00000136436	CALCOCO2	4.55	4370
ENSG00000108830	RND2	4.5499	4371
ENSG00000136936	XPA	4.5497	4372
ENSG00000128923	MINDY2	4.5479	4373
ENSG00000172977	KAT5	4.5478	4374
ENSG00000131370	SH3BP5	4.5471	4375
ENSG00000137834	SMAD6	4.5463	4376
ENSG00000167114	SLC27A4	4.5459	4377
ENSG00000132563	REEP2	4.5447	4378
ENSG00000164975	SNAPC3	4.5445	4379
ENSG00000145996	CDKAL1	4.5442	4380
ENSG00000160445	ZER1	4.544	4381
ENSG00000175866	BAIAP2	4.5425	4382
ENSG00000169299	PGM2	4.5397	4383
ENSG00000064313	TAF2	4.5393	4384
ENSG00000100554	ATP6V1D	4.5393	4385
ENSG00000140740	UQCRC2	4.5393	4386
ENSG00000119231	SENP5	4.5393	4387
ENSG00000006634	DBF4	4.5393	4388
ENSG00000111481	COPZ1	4.5393	4389
ENSG00000138760	SCARB2	4.5393	4390
ENSG00000064102	INTS13	4.5393	4391
ENSG00000177879	AP3S1	4.5393	4392
ENSG00000105953	OGDH	4.5393	4393
ENSG00000174306	ZHX3	4.5385	4394
ENSG00000117602	RCAN3	4.5385	4395
ENSG00000130338	TULP4	4.5381	4396
ENSG00000150867	PIP4K2A	4.5378	4397
ENSG00000138621	PPCDC	4.5356	4398
ENSG00000100266	PACSIN2	4.5339	4399
ENSG00000179526	SHARPIN	4.5327	4400
ENSG00000107338	SHB	4.5327	4401
ENSG00000119392	GLE1	4.5324	4402
ENSG00000110811	P3H3	4.5323	4403
ENSG00000163684	RPP14	4.5323	4404
ENSG00000162817	C1orf115	4.5318	4405
ENSG00000162819	BROX	4.5308	4406
ENSG00000149657	LSM14B	4.5299	4407
ENSG00000089234	BRAP	4.5297	4408
ENSG00000136425	CIB2	4.5295	4409
ENSG00000111203	ITFG2	4.529	4410
ENSG00000173545	ZNF622	4.5286	4411
ENSG00000171311	EXOSC1	4.5282	4412
ENSG00000151552	QDPR	4.5282	4413
ENSG00000124532	MRS2	4.528	4414
ENSG00000099954	CECR2	4.528	4415
ENSG00000205544	TMEM256	4.5269	4416
ENSG00000116691	MIIP	4.5269	4417
ENSG00000162889	MAPKAPK2	4.5239	4418
ENSG00000086189	DIMT1	4.5237	4419
ENSG00000103047	TANGO6	4.5223	4420
ENSG00000100711	ZFYVE21	4.5221	4421
ENSG00000087074	PPP1R15A	4.522	4422
ENSG00000163512	AZI2	4.5216	4423
ENSG00000189180	ZNF33A	4.5216	4424
ENSG00000143437	ARNT	4.5216	4425
ENSG00000135631	RAB11FIP5	4.5216	4426
ENSG00000170312	CDK1	4.5208	4427
ENSG00000155508	CNOT8	4.5206	4428
ENSG00000112655	PTK7	4.5201	4429
ENSG00000166734	GOLM2	4.5197	4430
ENSG00000165806	CASP7	4.5185	4431
ENSG00000059588	TARBP1	4.5181	4432
ENSG00000116120	FARSB	4.5181	4433
ENSG00000182973	CNOT10	4.5181	4434
ENSG00000000003	TSPAN6	4.5181	4435
ENSG00000150787	PTS	4.5181	4436
ENSG00000036257	CUL3	4.5181	4437
ENSG00000174669	SLC29A2	4.5179	4438
ENSG00000108395	TRIM37	4.5178	4439
ENSG00000065135	GNAI3	4.5178	4440
ENSG00000163535	SGO2	4.5178	4441
ENSG00000133704	IPO8	4.5175	4442
ENSG00000170734	POLH	4.5163	4443
ENSG00000169957	ZNF768	4.5134	4444
ENSG00000176058	TPRN	4.5119	4445
ENSG00000148737	TCF7L2	4.5117	4446
ENSG00000118412	CASP8AP2	4.5115	4447
ENSG00000105835	NAMPT	4.5115	4448
ENSG00000163781	TOPBP1	4.5115	4449
ENSG00000168569	TMEM223	4.5104	4450
ENSG00000181404	WASHC1	4.5097	4451
ENSG00000143147	GPR161	4.5087	4452
ENSG00000132386	SERPINF1	4.5086	4453
ENSG00000104368	PLAT	4.5084	4454
ENSG00000161513	FDXR	4.5077	4455
ENSG00000105085	MED26	4.507	4456
ENSG00000172465	TCEAL1	4.5062	4457
ENSG00000135503	ACVR1B	4.506	4458
ENSG00000078668	VDAC3	4.5056	4459
ENSG00000068305	MEF2A	4.5056	4460
ENSG00000166938	DIS3L	4.5056	4461
ENSG00000129055	ANAPC13	4.5056	4462
ENSG00000051825	MPHOSPH9	4.5056	4463
ENSG00000116539	ASH1L	4.5056	4464
ENSG00000060982	BCAT1	4.5056	4465
ENSG00000188021	UBQLN2	4.5056	4466
ENSG00000109790	KLHL5	4.5053	4467
ENSG00000163644	PPM1K	4.5053	4468
ENSG00000185753	CXorf38	4.504	4469
ENSG00000077232	DNAJC10	4.5036	4470
ENSG00000125968	ID1	4.5033	4471
ENSG00000012660	ELOVL5	4.5031	4472
ENSG00000107263	RAPGEF1	4.5028	4473
ENSG00000133619	KRBA1	4.5021	4474
ENSG00000135097	MSI1	4.5021	4475
ENSG00000166526	ZNF3	4.5016	4476
ENSG00000174109	UQCC4	4.5008	4477
ENSG00000214655	ZSWIM8	4.5004	4478
ENSG00000166275	BORCS7	4.5001	4479
ENSG00000129968	ABHD17A	4.4996	4480
ENSG00000104885	DOT1L	4.4993	4481
ENSG00000173852	DPY19L1	4.4984	4482
ENSG00000138018	SELENOI	4.4983	4483
ENSG00000162604	TM2D1	4.4981	4484
ENSG00000081870	IFT25	4.4981	4485
ENSG00000071246	VASH1	4.4976	4486
ENSG00000198894	CIPC	4.4975	4487
ENSG00000223496	EXOSC6	4.4969	4488
ENSG00000150768	DLAT	4.4968	4489
ENSG00000223802	CERS1	4.4967	4490
ENSG00000259431	THTPA	4.496	4491
ENSG00000090432	MUL1	4.4949	4492
ENSG00000100376	FAM118A	4.4949	4493
ENSG00000125633	CCDC93	4.4938	4494
ENSG00000149636	DSN1	4.4938	4495
ENSG00000157933	SKI	4.4934	4496
ENSG00000101544	ADNP2	4.4924	4497
ENSG00000123472	ATPAF1	4.4924	4498
ENSG00000186350	RXRA	4.4923	4499
ENSG00000244274	DBNDD2	4.4916	4500
ENSG00000113643	RARS1	4.4912	4501
ENSG00000070366	SMG6	4.4912	4502
ENSG00000109079	TNFAIP1	4.4907	4503
ENSG00000057935	MTA3	4.4886	4504
ENSG00000089094	KDM2B	4.4879	4505
ENSG00000115526	CHST10	4.487	4506
ENSG00000068323	TFE3	4.4869	4507
ENSG00000156030	MIDEAS	4.4859	4508
ENSG00000213339	QTRT1	4.4849	4509
ENSG00000197961	ZNF121	4.4848	4510
ENSG00000156976	EIF4A2	4.4848	4511
ENSG00000018189	RUFY3	4.4848	4512
ENSG00000133935	ERG28	4.4848	4513
ENSG00000101447	FAM83D	4.4848	4514
ENSG00000111237	VPS29	4.4848	4515
ENSG00000005812	FBXL3	4.4848	4516
ENSG00000158109	TPRG1L	4.4841	4517
ENSG00000181274	FRAT2	4.4826	4518
ENSG00000129071	MBD4	4.4826	4519
ENSG00000129158	SERGEF	4.4818	4520
ENSG00000126249	PDCD2L	4.4804	4521
ENSG00000186834	HEXIM1	4.4799	4522
ENSG00000153317	ASAP1	4.4794	4523
ENSG00000272047	GTF2H5	4.4794	4524
ENSG00000185842	DNAH14	4.4794	4525
ENSG00000156411	ATP5MJ	4.4794	4526
ENSG00000135535	CD164	4.4794	4527
ENSG00000105819	PMPCB	4.4794	4528
ENSG00000108091	CCDC6	4.4794	4529
ENSG00000107719	PALD1	4.4793	4530
ENSG00000127511	SIN3B	4.4771	4531
ENSG00000198728	LDB1	4.4771	4532
ENSG00000275052	PPP4R3B	4.477	4533
ENSG00000139921	TMX1	4.4761	4534
ENSG00000122778	KIAA1549	4.4756	4535
ENSG00000070501	POLB	4.4749	4536
ENSG00000204922	UQCC3	4.4738	4537
ENSG00000235961	PNMA6A	4.4731	4538
ENSG00000174177	CTU2	4.4731	4539
ENSG00000167985	SDHAF2	4.4727	4540
ENSG00000128294	TPST2	4.4727	4541
ENSG00000239382	ALKBH6	4.4723	4542
ENSG00000138592	USP8	4.472	4543
ENSG00000144040	SFXN5	4.4718	4544
ENSG00000072042	RDH11	4.4711	4545
ENSG00000163249	CCNYL1	4.471	4546
ENSG00000166333	ILK	4.4701	4547
ENSG00000015532	XYLT2	4.4698	4548
ENSG00000075975	MKRN2	4.4697	4549
ENSG00000106144	CASP2	4.469	4550
ENSG00000105926	PALS2	4.4688	4551
ENSG00000109572	CLCN3	4.4688	4552
ENSG00000143771	CNIH4	4.4688	4553
ENSG00000180806	HOXC9	4.4686	4554
ENSG00000047932	GOPC	4.4671	4555
ENSG00000092108	SCFD1	4.4671	4556
ENSG00000119711	ALDH6A1	4.4671	4557
ENSG00000105429	MEGF8	4.4667	4558
ENSG00000160352	ZNF714	4.4647	4559
ENSG00000161533	ACOX1	4.4647	4560
ENSG00000129255	MPDU1	4.4646	4561
ENSG00000122729	ACO1	4.4636	4562
ENSG00000118873	RAB3GAP2	4.4636	4563
ENSG00000132286	TIMM10B	4.4636	4564
ENSG00000068354	TBC1D25	4.4631	4565
ENSG00000197562	RAB40C	4.4627	4566
ENSG00000136856	SLC2A8	4.4622	4567
ENSG00000123815	COQ8B	4.4621	4568
ENSG00000079313	REXO1	4.4603	4569
ENSG00000166133	RPUSD2	4.4589	4570
ENSG00000171735	CAMTA1	4.4576	4571
ENSG00000166579	NDEL1	4.4576	4572
ENSG00000144597	EAF1	4.4576	4573
ENSG00000107816	LZTS2	4.4569	4574
ENSG00000133983	COX16	4.4566	4575
ENSG00000156398	SFXN2	4.4566	4576
ENSG00000159267	HLCS	4.4566	4577
ENSG00000114062	UBE3A	4.4566	4578
ENSG00000165699	TSC1	4.4566	4579
ENSG00000173875	ZNF791	4.4566	4580
ENSG00000133961	NUMB	4.4566	4581
ENSG00000157036	EXOG	4.4566	4582
ENSG00000115942	ORC2	4.4566	4583
ENSG00000082701	GSK3B	4.4566	4584
ENSG00000091656	ZFHX4	4.4566	4585
ENSG00000163481	RNF25	4.4543	4586
ENSG00000186153	WWOX	4.4525	4587
ENSG00000141994	DUS3L	4.451	4588
ENSG00000120306	CYSTM1	4.4507	4589
ENSG00000127399	LRRC61	4.45	4590
ENSG00000088766	CRLS1	4.45	4591
ENSG00000149313	AASDHPPT	4.45	4592
ENSG00000163634	THOC7	4.45	4593
ENSG00000158615	PPP1R15B	4.45	4594
ENSG00000189337	KAZN	4.4496	4595
ENSG00000185650	ZFP36L1	4.4481	4596
ENSG00000131584	ACAP3	4.4453	4597
ENSG00000174839	DENND6A	4.4447	4598
ENSG00000165416	SUGT1	4.4442	4599
ENSG00000166272	WBP1L	4.4414	4600
ENSG00000145990	GFOD1	4.4414	4601
ENSG00000160298	C21orf58	4.4405	4602
ENSG00000112290	WASF1	4.4397	4603
ENSG00000205356	TECPR1	4.4392	4604
ENSG00000132600	PRMT7	4.4391	4605
ENSG00000130829	DUSP9	4.4391	4606
ENSG00000115457	IGFBP2	4.4389	4607
ENSG00000121851	POLR3GL	4.4388	4608
ENSG00000185838	GNB1L	4.4381	4609
ENSG00000165025	SYK	4.4375	4610
ENSG00000196449	YRDC	4.4374	4611
ENSG00000010270	STARD3NL	4.4374	4612
ENSG00000125266	EFNB2	4.4366	4613
ENSG00000225190	PLEKHM1	4.4366	4614
ENSG00000114544	SLC41A3	4.4362	4615
ENSG00000157077	ZFYVE9	4.4356	4616
ENSG00000080815	PSEN1	4.4352	4617
ENSG00000132388	UBE2G1	4.435	4618
ENSG00000154124	OTULIN	4.435	4619
ENSG00000162434	JAK1	4.435	4620
ENSG00000166266	CUL5	4.435	4621
ENSG00000111790	FGFR1OP2	4.435	4622
ENSG00000117308	GALE	4.4345	4623
ENSG00000072786	STK10	4.4345	4624
ENSG00000167842	MIS12	4.4334	4625
ENSG00000204859	ZBTB48	4.4327	4626
ENSG00000113368	LMNB1	4.4323	4627
ENSG00000089159	PXN	4.4299	4628
ENSG00000197150	ABCB8	4.4298	4629
ENSG00000140299	BNIP2	4.4297	4630
ENSG00000172315	TP53RK	4.4296	4631
ENSG00000127580	WDR24	4.4295	4632
ENSG00000158290	CUL4B	4.4289	4633
ENSG00000115163	CENPA	4.4274	4634
ENSG00000188827	SLX4	4.4267	4635
ENSG00000135365	PHF21A	4.4262	4636
ENSG00000106299	WASL	4.4258	4637
ENSG00000171467	ZNF318	4.4256	4638
ENSG00000149428	HYOU1	4.4256	4639
ENSG00000123364	HOXC13	4.4247	4640
ENSG00000104517	UBR5	4.4246	4641
ENSG00000177614	PGBD5	4.4235	4642
ENSG00000172731	LRRC20	4.4233	4643
ENSG00000217555	CKLF	4.4233	4644
ENSG00000028839	TBPL1	4.4233	4645
ENSG00000131263	RLIM	4.4233	4646
ENSG00000175354	PTPN2	4.4233	4647
ENSG00000111802	TDP2	4.4233	4648
ENSG00000204070	SYS1	4.4233	4649
ENSG00000198856	OSTC	4.4233	4650
ENSG00000162433	AK4	4.4233	4651
ENSG00000099849	RASSF7	4.4228	4652
ENSG00000063601	MTMR1	4.4227	4653
ENSG00000274070	CASTOR2	4.4219	4654
ENSG00000125534	PPDPF	4.4215	4655
ENSG00000163430	FSTL1	4.4212	4656
ENSG00000042445	RETSAT	4.4207	4657
ENSG00000133627	ACTR3B	4.4181	4658
ENSG00000205542	TMSB4X	4.4181	4659
ENSG00000147874	HAUS6	4.4181	4660
ENSG00000081026	MAGI3	4.4181	4661
ENSG00000065029	ZNF76	4.417	4662
ENSG00000100926	TM9SF1	4.4169	4663
ENSG00000241878	PISD	4.4165	4664
ENSG00000183963	SMTN	4.4149	4665
ENSG00000065802	ASB1	4.4146	4666
ENSG00000175854	SWI5	4.4143	4667
ENSG00000099204	ABLIM1	4.4142	4668
ENSG00000147548	NSD3	4.4142	4669
ENSG00000134369	NAV1	4.4142	4670
ENSG00000108306	FBXL20	4.4142	4671
ENSG00000173914	RBM4B	4.4142	4672
ENSG00000184277	TM2D3	4.4142	4673
ENSG00000065154	OAT	4.4142	4674
ENSG00000141429	GALNT1	4.4142	4675
ENSG00000137807	KIF23	4.4142	4676
ENSG00000150093	ITGB1	4.4142	4677
ENSG00000084112	SSH1	4.4142	4678
ENSG00000198373	WWP2	4.4141	4679
ENSG00000120688	WBP4	4.4139	4680
ENSG00000051009	FHIP1B	4.4135	4681
ENSG00000082068	WDR70	4.4128	4682
ENSG00000180447	GAS1	4.4103	4683
ENSG00000127423	AUNIP	4.4088	4684
ENSG00000030110	BAK1	4.4083	4685
ENSG00000171604	CXXC5	4.4077	4686
ENSG00000102390	PBDC1	4.4067	4687
ENSG00000122483	CCDC18	4.4067	4688
ENSG00000160813	PPP1R35	4.4056	4689
ENSG00000111144	LTA4H	4.4056	4690
ENSG00000106399	RPA3	4.4056	4691
ENSG00000108443	RPS6KB1	4.4056	4692
ENSG00000214194	SMIM30	4.4056	4693
ENSG00000244045	TMEM199	4.4056	4694
ENSG00000114978	MOB1A	4.4056	4695
ENSG00000276045	ORAI1	4.4051	4696
ENSG00000072062	PRKACA	4.4042	4697
ENSG00000176476	SGF29	4.4028	4698
ENSG00000198586	TLK1	4.402	4699
ENSG00000120992	LYPLA1	4.402	4700
ENSG00000178538	CA8	4.402	4701
ENSG00000120071	KANSL1	4.402	4702
ENSG00000123739	PLA2G12A	4.402	4703
ENSG00000044446	PHKA2	4.402	4704
ENSG00000093183	SEC22C	4.402	4705
ENSG00000168374	ARF4	4.402	4706
ENSG00000104218	CSPP1	4.402	4707
ENSG00000116044	NFE2L2	4.402	4708
ENSG00000135045	C9orf40	4.4012	4709
ENSG00000116962	NID1	4.4006	4710
ENSG00000072135	PTPN18	4.4	4711
ENSG00000109066	TMEM104	4.3998	4712
ENSG00000137824	RMDN3	4.3985	4713
ENSG00000135966	TGFBRAP1	4.3967	4714
ENSG00000136521	NDUFB5	4.3967	4715
ENSG00000085840	ORC1	4.3967	4716
ENSG00000125485	DDX31	4.3967	4717
ENSG00000116273	PHF13	4.3966	4718
ENSG00000177105	RHOG	4.3964	4719
ENSG00000170855	TRIAP1	4.3952	4720
ENSG00000110921	MVK	4.3941	4721
ENSG00000140564	FURIN	4.3919	4722
ENSG00000007264	MATK	4.3909	4723
ENSG00000131788	PIAS3	4.3906	4724
ENSG00000198729	PPP1R14C	4.39	4725
ENSG00000187118	CMC1	4.3895	4726
ENSG00000152192	POU4F1	4.3888	4727
ENSG00000162065	TBC1D24	4.3888	4728
ENSG00000075336	TIMM21	4.3887	4729
ENSG00000111845	PAK1IP1	4.3886	4730
ENSG00000176658	MYO1D	4.3882	4731
ENSG00000126216	TUBGCP3	4.3879	4732
ENSG00000122643	NT5C3A	4.3869	4733
ENSG00000168273	UQCC5	4.3866	4734
ENSG00000120334	CENPL	4.386	4735
ENSG00000100580	TMED8	4.386	4736
ENSG00000197323	TRIM33	4.386	4737
ENSG00000170100	ZNF778	4.386	4738
ENSG00000096717	SIRT1	4.386	4739
ENSG00000141076	UTP4	4.386	4740
ENSG00000106785	TRIM14	4.386	4741
ENSG00000165304	MELK	4.386	4742
ENSG00000116473	RAP1A	4.386	4743
ENSG00000110871	COQ5	4.3857	4744
ENSG00000187239	FNBP1	4.3856	4745
ENSG00000205730	ITPRIPL2	4.3855	4746
ENSG00000204103	MAFB	4.385	4747
ENSG00000177732	SOX12	4.3846	4748
ENSG00000213853	EMP2	4.383	4749
ENSG00000072310	SREBF1	4.3829	4750
ENSG00000103319	EEF2K	4.3828	4751
ENSG00000023041	ZDHHC6	4.3814	4752
ENSG00000174989	FBXW8	4.3807	4753
ENSG00000067334	DNTTIP2	4.3798	4754
ENSG00000127125	PPCS	4.3794	4755
ENSG00000119979	DENND10	4.3794	4756
ENSG00000180891	CUEDC1	4.3791	4757
ENSG00000168763	CNNM3	4.3781	4758
ENSG00000018510	AGPS	4.3777	4759
ENSG00000130559	CAMSAP1	4.3773	4760
ENSG00000171159	BBLN	4.3772	4761
ENSG00000164164	OTUD4	4.3771	4762
ENSG00000143258	USP21	4.3761	4763
ENSG00000134313	KIDINS220	4.3755	4764
ENSG00000102858	MGRN1	4.3755	4765
ENSG00000167685	ZNF444	4.375	4766
ENSG00000197535	MYO5A	4.3743	4767
ENSG00000104728	ARHGEF10	4.3737	4768
ENSG00000140836	ZFHX3	4.3729	4769
ENSG00000114770	ABCC5	4.3708	4770
ENSG00000182208	MOB2	4.3703	4771
ENSG00000103932	RPAP1	4.3697	4772
ENSG00000104973	MED25	4.3674	4773
ENSG00000164068	RNF123	4.3672	4774
ENSG00000132376	INPP5K	4.3672	4775
ENSG00000109854	HTATIP2	4.3665	4776
ENSG00000171700	RGS19	4.3656	4777
ENSG00000111276	CDKN1B	4.3653	4778
ENSG00000125755	SYMPK	4.365	4779
ENSG00000148153	INIP	4.365	4780
ENSG00000197417	SHPK	4.3646	4781
ENSG00000011454	RABGAP1	4.3636	4782
ENSG00000196655	TRAPPC4	4.3636	4783
ENSG00000114026	OGG1	4.3636	4784
ENSG00000188312	CENPP	4.3636	4785
ENSG00000148688	RPP30	4.3636	4786
ENSG00000009830	POMT2	4.3629	4787
ENSG00000091732	ZC3HC1	4.3628	4788
ENSG00000090006	LTBP4	4.3611	4789
ENSG00000075043	KCNQ2	4.3579	4790
ENSG00000162384	CZIB	4.3566	4791
ENSG00000169016	E2F6	4.3566	4792
ENSG00000107745	MICU1	4.3566	4793
ENSG00000074054	CLASP1	4.3566	4794
ENSG00000176407	KCMF1	4.3566	4795
ENSG00000028203	VEZT	4.3566	4796
ENSG00000129515	SNX6	4.3566	4797
ENSG00000118217	ATF6	4.3566	4798
ENSG00000085231	AK6	4.3566	4799
ENSG00000100234	TIMP3	4.3563	4800
ENSG00000072274	TFRC	4.3562	4801
ENSG00000160062	ZBTB8A	4.3561	4802
ENSG00000162413	KLHL21	4.356	4803
ENSG00000152056	AP1S3	4.3548	4804
ENSG00000270170	NCBP2AS2	4.3547	4805
ENSG00000152253	SPC25	4.3531	4806
ENSG00000145335	SNCA	4.3531	4807
ENSG00000160908	ZNF394	4.353	4808
ENSG00000114395	CYB561D2	4.3528	4809
ENSG00000131873	CHSY1	4.3527	4810
ENSG00000138660	AP1AR	4.3527	4811
ENSG00000174799	CEP135	4.3527	4812
ENSG00000060688	SNRNP40	4.3522	4813
ENSG00000163069	SGCB	4.3522	4814
ENSG00000242802	AP5Z1	4.3509	4815
ENSG00000173264	GPR137	4.3503	4816
ENSG00000219481	NBPF1	4.3487	4817
ENSG00000087206	UIMC1	4.348	4818
ENSG00000176986	SEC24C	4.348	4819
ENSG00000070961	ATP2B1	4.3473	4820
ENSG00000113583	C5orf15	4.347	4821
ENSG00000171503	ETFDH	4.3462	4822
ENSG00000101473	ACOT8	4.3462	4823
ENSG00000257093	DENND11	4.346	4824
ENSG00000102606	ARHGEF7	4.3453	4825
ENSG00000278535	DHRS11	4.3452	4826
ENSG00000071051	NCK2	4.3437	4827
ENSG00000121680	PEX16	4.3409	4828
ENSG00000183943	PRKX	4.3406	4829
ENSG00000116209	TMEM59	4.3406	4830
ENSG00000169679	BUB1	4.3406	4831
ENSG00000119396	RAB14	4.3406	4832
ENSG00000164742	ADCY1	4.3405	4833
ENSG00000068697	LAPTM4A	4.3405	4834
ENSG00000070669	ASNS	4.3405	4835
ENSG00000152942	RAD17	4.3405	4836
ENSG00000165480	SKA3	4.3405	4837
ENSG00000095002	MSH2	4.3405	4838
ENSG00000153130	SCOC	4.3405	4839
ENSG00000204954	UQCC6	4.3405	4840
ENSG00000220205	VAMP2	4.3402	4841
ENSG00000165525	NEMF	4.3391	4842
ENSG00000170260	ZNF212	4.339	4843
ENSG00000165572	KBTBD6	4.339	4844
ENSG00000111540	RAB5B	4.3379	4845
ENSG00000023909	GCLM	4.3374	4846
ENSG00000023608	SNAPC1	4.3355	4847
ENSG00000254726	MEX3A	4.3353	4848
ENSG00000173915	ATP5MK	4.335	4849
ENSG00000014641	MDH1	4.335	4850
ENSG00000165406	MARCHF8	4.335	4851
ENSG00000144401	METTL21A	4.335	4852
ENSG00000147162	OGT	4.335	4853
ENSG00000132467	UTP3	4.334	4854
ENSG00000030066	NUP160	4.3315	4855
ENSG00000138814	PPP3CA	4.3315	4856
ENSG00000123600	METTL8	4.3315	4857
ENSG00000166710	B2M	4.3315	4858
ENSG00000186532	SMYD4	4.3315	4859
ENSG00000109686	SH3D19	4.3315	4860
ENSG00000165209	STRBP	4.3315	4861
ENSG00000108799	EZH1	4.3315	4862
ENSG00000132432	SEC61G	4.3315	4863
ENSG00000077721	UBE2A	4.3315	4864
ENSG00000188725	SMIM15	4.3314	4865
ENSG00000079974	RABL2B	4.3312	4866
ENSG00000232838	PET117	4.3305	4867
ENSG00000139998	RAB15	4.3287	4868
ENSG00000103145	HCFC1R1	4.3281	4869
ENSG00000148908	RGS10	4.3265	4870
ENSG00000007968	E2F2	4.3261	4871
ENSG00000100889	PCK2	4.326	4872
ENSG00000160094	ZNF362	4.3254	4873
ENSG00000100147	CCDC134	4.3253	4874
ENSG00000086062	B4GALT1	4.324	4875
ENSG00000166949	SMAD3	4.3236	4876
ENSG00000135392	DNAJC14	4.3225	4877
ENSG00000011451	WIZ	4.3198	4878
ENSG00000100908	EMC9	4.3188	4879
ENSG00000119682	AREL1	4.3177	4880
ENSG00000129084	PSMA1	4.3157	4881
ENSG00000160972	PPP1R16A	4.3137	4882
ENSG00000159164	SV2A	4.3135	4883
ENSG00000160877	NACC1	4.313	4884
ENSG00000139718	SETD1B	4.3129	4885
ENSG00000120725	SIL1	4.3127	4886
ENSG00000254470	AP5B1	4.3122	4887
ENSG00000112079	STK38	4.3115	4888
ENSG00000130733	YIPF2	4.3112	4889
ENSG00000131351	HAUS8	4.3103	4890
ENSG00000115844	DLX2	4.3099	4891
ENSG00000140743	CDR2	4.3089	4892
ENSG00000196411	EPHB4	4.3082	4893
ENSG00000149179	CSTPP1	4.3062	4894
ENSG00000167635	ZNF146	4.3055	4895
ENSG00000102038	SMARCA1	4.3039	4896
ENSG00000118495	PLAGL1	4.3032	4897
ENSG00000139800	ZIC5	4.3032	4898
ENSG00000175595	ERCC4	4.3023	4899
ENSG00000125447	GGA3	4.3023	4900
ENSG00000165943	MOAP1	4.302	4901
ENSG00000052126	PLEKHA5	4.302	4902
ENSG00000173230	GOLGB1	4.302	4903
ENSG00000164096	C4orf3	4.302	4904
ENSG00000136813	ECPAS	4.302	4905
ENSG00000108256	NUFIP2	4.302	4906
ENSG00000101255	TRIB3	4.302	4907
ENSG00000178974	FBXO34	4.302	4908
ENSG00000134762	DSC3	4.301	4909
ENSG00000126522	ASL	4.2994	4910
ENSG00000149948	HMGA2	4.2967	4911
ENSG00000087448	KLHL42	4.2967	4912
ENSG00000143514	TP53BP2	4.2967	4913
ENSG00000168096	ANKS3	4.2954	4914
ENSG00000131669	NINJ1	4.2953	4915
ENSG00000074935	TUBE1	4.2945	4916
ENSG00000108509	CAMTA2	4.2945	4917
ENSG00000168434	COG7	4.2937	4918
ENSG00000271254		4.2936	4919
ENSG00000138101	DTNB	4.2934	4920
ENSG00000179912	R3HDM2	4.2934	4921
ENSG00000169627	BOLA2B	4.2929	4922
ENSG00000138002	IFT172	4.2922	4923
ENSG00000116793	PHTF1	4.2917	4924
ENSG00000107863	ARHGAP21	4.2917	4925
ENSG00000155755	TMEM237	4.2917	4926
ENSG00000083720	OXCT1	4.2917	4927
ENSG00000112304	ACOT13	4.2917	4928
ENSG00000175643	RMI2	4.2917	4929
ENSG00000104164	BLOC1S6	4.2913	4930
ENSG00000204438	GPANK1	4.2906	4931
ENSG00000165175	MID1IP1	4.2894	4932
ENSG00000138433	CIR1	4.2886	4933
ENSG00000003402	CFLAR	4.2884	4934
ENSG00000079432	CIC	4.2878	4935
ENSG00000269556	TMEM185A	4.2873	4936
ENSG00000182224	CYB5D1	4.2873	4937
ENSG00000025039	RRAGD	4.286	4938
ENSG00000172331	BPGM	4.286	4939
ENSG00000064703	DDX20	4.286	4940
ENSG00000114450	GNB4	4.286	4941
ENSG00000147471	PLPBP	4.286	4942
ENSG00000154920	EME1	4.286	4943
ENSG00000177042	TMEM80	4.286	4944
ENSG00000166855	CLPX	4.286	4945
ENSG00000112031	MTRF1L	4.286	4946
ENSG00000183576	SETD3	4.2856	4947
ENSG00000015153	YAF2	4.2853	4948
ENSG00000130827	PLXNA3	4.2851	4949
ENSG00000110660	SLC35F2	4.2851	4950
ENSG00000113272	THG1L	4.2832	4951
ENSG00000196187	TMEM63A	4.2825	4952
ENSG00000158793	NIT1	4.2824	4953
ENSG00000037637	FBXO42	4.2821	4954
ENSG00000134283	PPHLN1	4.2821	4955
ENSG00000108039	XPNPEP1	4.2821	4956
ENSG00000290318		4.2821	4957
ENSG00000137992	DBT	4.2821	4958
ENSG00000124201	ZNFX1	4.282	4959
ENSG00000122591	HYCC1	4.2802	4960
ENSG00000213445	SIPA1	4.28	4961
ENSG00000111684	LPCAT3	4.2791	4962
ENSG00000198399	ITSN2	4.2791	4963
ENSG00000147533	GOLGA7	4.2791	4964
ENSG00000147316	MCPH1	4.2791	4965
ENSG00000153721	CNKSR3	4.2791	4966
ENSG00000119397	CNTRL	4.2791	4967
ENSG00000174276	ZNHIT2	4.2782	4968
ENSG00000167543	TP53I13	4.2775	4969
ENSG00000105520	PLPPR2	4.2771	4970
ENSG00000138030	KHK	4.2769	4971
ENSG00000161638	ITGA5	4.2764	4972
ENSG00000140948	ZCCHC14	4.2751	4973
ENSG00000131470	PSMC3IP	4.2747	4974
ENSG00000176155	CCDC57	4.2744	4975
ENSG00000106266	SNX8	4.2744	4976
ENSG00000147439	BIN3	4.274	4977
ENSG00000040487	SLC66A1	4.2722	4978
ENSG00000173085	COQ2	4.2718	4979
ENSG00000136940	PDCL	4.2711	4980
ENSG00000083812	ZNF324	4.2709	4981
ENSG00000138050	THUMPD2	4.2699	4982
ENSG00000135002	RFK	4.2699	4983
ENSG00000153250	RBMS1	4.2699	4984
ENSG00000091483	FH	4.2699	4985
ENSG00000103540	CCP110	4.2699	4986
ENSG00000156299	TIAM1	4.2699	4987
ENSG00000177842	ZNF620	4.2699	4988
ENSG00000148187	MRRF	4.2699	4989
ENSG00000186222	BLOC1S4	4.2699	4990
ENSG00000040531	CTNS	4.2699	4991
ENSG00000120616	EPC1	4.2699	4992
ENSG00000213066	CEP43	4.2699	4993
ENSG00000170234	PWWP2A	4.2699	4994
ENSG00000038274	MAT2B	4.2699	4995
ENSG00000131437	KIF3A	4.2699	4996
ENSG00000006652	IFRD1	4.2699	4997
ENSG00000165650	PDZD8	4.2699	4998
ENSG00000185219	ZNF445	4.2699	4999
ENSG00000134744	TUT4	4.2699	5000
ENSG00000099246	RAB18	4.2699	5001
ENSG00000261740	BOLA2-SMG1P6	4.2699	5002
ENSG00000103449	SALL1	4.2695	5003
ENSG00000163738	MTHFD2L	4.2693	5004
ENSG00000084092	NOA1	4.2684	5005
ENSG00000113161	HMGCR	4.2681	5006
ENSG00000014919	COX15	4.2676	5007
ENSG00000175287	PHYHD1	4.2661	5008
ENSG00000100330	MTMR3	4.2655	5009
ENSG00000172530	BANP	4.2648	5010
ENSG00000197136	PCNX3	4.2641	5011
ENSG00000168938	PPIC	4.2637	5012
ENSG00000138794	CASP6	4.2635	5013
ENSG00000120896	SORBS3	4.263	5014
ENSG00000053501	USE1	4.2623	5015
ENSG00000198783	ZNF830	4.2623	5016
ENSG00000147475	ERLIN2	4.2621	5017
ENSG00000137221	TJAP1	4.2619	5018
ENSG00000175220	ARHGAP1	4.2619	5019
ENSG00000103852	TTC23	4.2611	5020
ENSG00000149016	TUT1	4.2597	5021
ENSG00000070444	MNT	4.258	5022
ENSG00000171163	ZNF692	4.257	5023
ENSG00000112715	VEGFA	4.2561	5024
ENSG00000177951	BET1L	4.2561	5025
ENSG00000101421	CHMP4B	4.2553	5026
ENSG00000033011	ALG1	4.2541	5027
ENSG00000160404	TOR2A	4.2537	5028
ENSG00000066322	ELOVL1	4.2533	5029
ENSG00000160785	SLC25A44	4.253	5030
ENSG00000187772	LIN28B	4.253	5031
ENSG00000126903	SLC10A3	4.2523	5032
ENSG00000111912	NCOA7	4.2522	5033
ENSG00000130638	ATXN10	4.2522	5034
ENSG00000067365	METTL22	4.2522	5035
ENSG00000170502	NUDT9	4.2499	5036
ENSG00000146476	ARMT1	4.2487	5037
ENSG00000174013	FBXO45	4.2487	5038
ENSG00000140259	MFAP1	4.2487	5039
ENSG00000146676	PURB	4.2487	5040
ENSG00000117054	ACADM	4.2487	5041
ENSG00000092531	SNAP23	4.2487	5042
ENSG00000175575	PAAF1	4.2487	5043
ENSG00000119685	TTLL5	4.2487	5044
ENSG00000255112	CHMP1B	4.2487	5045
ENSG00000128581	IFT22	4.2487	5046
ENSG00000007047	MARK4	4.2476	5047
ENSG00000145439	CBR4	4.2473	5048
ENSG00000166167	BTRC	4.2468	5049
ENSG00000137275	RIPK1	4.2465	5050
ENSG00000082781	ITGB5	4.2461	5051
ENSG00000167977	KCTD5	4.2431	5052
ENSG00000144827	ABHD10	4.2431	5053
ENSG00000039523	RIPOR1	4.2429	5054
ENSG00000013561	RNF14	4.2425	5055
ENSG00000167123	CERCAM	4.2421	5056
ENSG00000164114	MAP9	4.2417	5057
ENSG00000166887	VPS39	4.2414	5058
ENSG00000160703	NLRX1	4.2414	5059
ENSG00000087299	L2HGDH	4.2405	5060
ENSG00000124789	NUP153	4.2405	5061
ENSG00000107290	SETX	4.2405	5062
ENSG00000143797	MBOAT2	4.2405	5063
ENSG00000123066	MED13L	4.2403	5064
ENSG00000198722	UNC13B	4.239	5065
ENSG00000131591	C1orf159	4.2385	5066
ENSG00000118420	UBE3D	4.238	5067
ENSG00000117481	NSUN4	4.2371	5068
ENSG00000138795	LEF1	4.2371	5069
ENSG00000140688	RUSF1	4.237	5070
ENSG00000169439	SDC2	4.237	5071
ENSG00000162066	AMDHD2	4.2356	5072
ENSG00000141013	GAS8	4.2353	5073
ENSG00000105723	GSK3A	4.2353	5074
ENSG00000160446	ZDHHC12	4.2347	5075
ENSG00000179833	SERTAD2	4.2346	5076
ENSG00000077463	SIRT6	4.2325	5077
ENSG00000135272	MDFIC	4.2322	5078
ENSG00000196923	PDLIM7	4.232	5079
ENSG00000116489	CAPZA1	4.2314	5080
ENSG00000100852	ARHGAP5	4.2314	5081
ENSG00000136874	STX17	4.2314	5082
ENSG00000087157	PGS1	4.2314	5083
ENSG00000110048	OSBP	4.2314	5084
ENSG00000167081	PBX3	4.2314	5085
ENSG00000158169	FANCC	4.2314	5086
ENSG00000123545	NDUFAF4	4.2314	5087
ENSG00000136710	CCDC115	4.2314	5088
ENSG00000049759	NEDD4L	4.2314	5089
ENSG00000134910	STT3A	4.2301	5090
ENSG00000109320	NFKB1	4.2301	5091
ENSG00000064115	TM7SF3	4.2301	5092
ENSG00000159200	RCAN1	4.2301	5093
ENSG00000173226	IQCB1	4.2301	5094
ENSG00000139618	BRCA2	4.2297	5095
ENSG00000080819	CPOX	4.2292	5096
ENSG00000166452	AKIP1	4.2288	5097
ENSG00000172732	MUS81	4.2286	5098
ENSG00000006015	REX1BD	4.2284	5099
ENSG00000119866	BCL11A	4.2262	5100
ENSG00000183137	CEP57L1	4.226	5101
ENSG00000134247	PTGFRN	4.226	5102
ENSG00000153395	LPCAT1	4.2248	5103
ENSG00000197312	DDI2	4.2244	5104
ENSG00000119004	CYP20A1	4.2235	5105
ENSG00000139180	NDUFA9	4.2232	5106
ENSG00000130702	LAMA5	4.2229	5107
ENSG00000163913	IFT122	4.2225	5108
ENSG00000141295	SCRN2	4.2225	5109
ENSG00000171953	ATPAF2	4.2219	5110
ENSG00000164048	ZNF589	4.2215	5111
ENSG00000166889	PATL1	4.22	5112
ENSG00000177000	MTHFR	4.2198	5113
ENSG00000167202	TBC1D2B	4.2198	5114
ENSG00000123106	CCDC91	4.219	5115
ENSG00000172493	AFF1	4.2189	5116
ENSG00000173653	RCE1	4.2179	5117
ENSG00000154639	CXADR	4.2165	5118
ENSG00000078902	TOLLIP	4.2165	5119
ENSG00000172725	CORO1B	4.2165	5120
ENSG00000177613	CSTF2T	4.2162	5121
ENSG00000174282	ZBTB4	4.2145	5122
ENSG00000266173	STRADA	4.2136	5123
ENSG00000054282	SDCCAG8	4.2134	5124
ENSG00000198818	SFT2D1	4.2131	5125
ENSG00000002919	SNX11	4.2131	5126
ENSG00000176386	CDC26	4.211	5127
ENSG00000187522	HSPA14	4.2109	5128
ENSG00000165912	PACSIN3	4.2104	5129
ENSG00000130175	PRKCSH	4.2096	5130
ENSG00000179456	ZBTB18	4.2089	5131
ENSG00000103042	SLC38A7	4.2088	5132
ENSG00000154310	TNIK	4.2085	5133
ENSG00000284770	TBCE	4.2085	5134
ENSG00000155957	TMBIM4	4.2085	5135
ENSG00000094880	CDC23	4.2085	5136
ENSG00000147044	CASK	4.2085	5137
ENSG00000044090	CUL7	4.2057	5138
ENSG00000158156	XKR8	4.2044	5139
ENSG00000157978	LDLRAP1	4.2043	5140
ENSG00000108469	RECQL5	4.2042	5141
ENSG00000115935	WIPF1	4.2042	5142
ENSG00000197622	CDC42SE1	4.2039	5143
ENSG00000154001	PPP2R5E	4.2035	5144
ENSG00000206562	METTL6	4.2032	5145
ENSG00000197265	GTF2E2	4.2032	5146
ENSG00000159658	EFCAB14	4.2032	5147
ENSG00000203668	CHML	4.2032	5148
ENSG00000101464	PIGU	4.2032	5149
ENSG00000140931	CMTM3	4.2032	5150
ENSG00000102003	SYP	4.2021	5151
ENSG00000215612	HMX1	4.2018	5152
ENSG00000164305	CASP3	4.1998	5153
ENSG00000167523	SPATA33	4.1998	5154
ENSG00000101132	PFDN4	4.1993	5155
ENSG00000132970	WASF3	4.1993	5156
ENSG00000198960	ARMCX6	4.1993	5157
ENSG00000143155	TIPRL	4.1993	5158
ENSG00000183291	SELENOF	4.1993	5159
ENSG00000104177	MYEF2	4.1993	5160
ENSG00000204149	AGAP6	4.1976	5161
ENSG00000142327	RNPEPL1	4.1975	5162
ENSG00000197702	PARVA	4.1972	5163
ENSG00000162144	CYB561A3	4.1966	5164
ENSG00000186185	KIF18B	4.1954	5165
ENSG00000171466	ZNF562	4.195	5166
ENSG00000169515	CCDC8	4.1947	5167
ENSG00000205138	SDHAF1	4.1942	5168
ENSG00000169660	HEXD	4.1939	5169
ENSG00000148411	NACC2	4.1937	5170
ENSG00000102967	DHODH	4.1928	5171
ENSG00000137145	DENND4C	4.1922	5172
ENSG00000174165	ZDHHC24	4.1911	5173
ENSG00000150687	PRSS23	4.1903	5174
ENSG00000116199	FAM20B	4.1903	5175
ENSG00000131238	PPT1	4.1897	5176
ENSG00000103335	PIEZO1	4.189	5177
ENSG00000083642	PDS5B	4.1878	5178
ENSG00000144785		4.1875	5179
ENSG00000137200	CMTR1	4.1872	5180
ENSG00000177565	TBL1XR1	4.1872	5181
ENSG00000214063	TSPAN4	4.1872	5182
ENSG00000165868	HSPA12A	4.1872	5183
ENSG00000105939	ZC3HAV1	4.1872	5184
ENSG00000213366	GSTM2	4.1872	5185
ENSG00000005483	KMT2E	4.1872	5186
ENSG00000067992	PDK3	4.1865	5187
ENSG00000005073	HOXA11	4.1854	5188
ENSG00000183597	TANGO2	4.1851	5189
ENSG00000110881	ASIC1	4.1837	5190
ENSG00000120149	MSX2	4.182	5191
ENSG00000163626	COX18	4.1815	5192
ENSG00000248098	BCKDHA	4.1787	5193
ENSG00000188070	ZFTA	4.1784	5194
ENSG00000156970	BUB1B	4.1774	5195
ENSG00000131013	PPIL4	4.1767	5196
ENSG00000257365	FNTB	4.1756	5197
ENSG00000071243	ING3	4.1756	5198
ENSG00000119547	ONECUT2	4.1756	5199
ENSG00000181938	GINS3	4.1756	5200
ENSG00000103160	HSDL1	4.1749	5201
ENSG00000176788	BASP1	4.1746	5202
ENSG00000143228	NUF2	4.1745	5203
ENSG00000175213	ZNF408	4.1744	5204
ENSG00000184785	SMIM10	4.1744	5205
ENSG00000166822	TMEM170A	4.1742	5206
ENSG00000016391	CHDH	4.1733	5207
ENSG00000130066	SAT1	4.1731	5208
ENSG00000013503	POLR3B	4.1702	5209
ENSG00000198625	MDM4	4.1702	5210
ENSG00000169019	COMMD8	4.17	5211
ENSG00000119899	SLC17A5	4.17	5212
ENSG00000177189	RPS6KA3	4.1699	5213
ENSG00000130935	NOL11	4.1699	5214
ENSG00000104205	SGK3	4.1699	5215
ENSG00000214113	LYRM4	4.1699	5216
ENSG00000141646	SMAD4	4.1699	5217
ENSG00000100814	CCNB1IP1	4.1699	5218
ENSG00000111247	RAD51AP1	4.1699	5219
ENSG00000148200	NR6A1	4.1699	5220
ENSG00000215251	FASTKD5	4.1699	5221
ENSG00000102098	SCML2	4.1699	5222
ENSG00000123415	SMUG1	4.1699	5223
ENSG00000138594	TMOD3	4.1699	5224
ENSG00000137274	BPHL	4.1699	5225
ENSG00000168246	UBTD2	4.1699	5226
ENSG00000204315	FKBPL	4.1693	5227
ENSG00000160691	SHC1	4.1681	5228
ENSG00000178719	GRINA	4.167	5229
ENSG00000115107	STEAP3	4.1666	5230
ENSG00000105186	ANKRD27	4.1657	5231
ENSG00000121039	RDH10	4.165	5232
ENSG00000177051	FBXO46	4.163	5233
ENSG00000163516	ANKZF1	4.1629	5234
ENSG00000139651	ZNF740	4.1625	5235
ENSG00000066654	THUMPD1	4.1624	5236
ENSG00000130768	SMPDL3B	4.1622	5237
ENSG00000127334	DYRK2	4.162	5238
ENSG00000081307	UBA5	4.1606	5239
ENSG00000134899	ERCC5	4.1595	5240
ENSG00000177917	ARL6IP6	4.1595	5241
ENSG00000163349	HIPK1	4.1595	5242
ENSG00000000419	DPM1	4.1595	5243
ENSG00000052841	TTC17	4.1595	5244
ENSG00000164610	RP9	4.1582	5245
ENSG00000165644	COMTD1	4.1575	5246
ENSG00000115459	ELMOD3	4.156	5247
ENSG00000136280	CCM2	4.1557	5248
ENSG00000184979	USP18	4.1551	5249
ENSG00000158411	MITD1	4.1545	5250
ENSG00000095794	CREM	4.1544	5251
ENSG00000243943	ZNF512	4.1543	5252
ENSG00000165097	KDM1B	4.1541	5253
ENSG00000080503	SMARCA2	4.1539	5254
ENSG00000100417	PMM1	4.1535	5255
ENSG00000197724	PHF2	4.1532	5256
ENSG00000172037	LAMB2	4.1502	5257
ENSG00000182541	LIMK2	4.15	5258
ENSG00000118007	STAG1	4.1487	5259
ENSG00000136504	KAT7	4.1487	5260
ENSG00000068912	ERLEC1	4.1487	5261
ENSG00000085982	USP40	4.1487	5262
ENSG00000114745	GORASP1	4.1487	5263
ENSG00000005020	SKAP2	4.1487	5264
ENSG00000155275	TRMT44	4.1485	5265
ENSG00000109171	SLAIN2	4.1481	5266
ENSG00000227051	C14orf132	4.1474	5267
ENSG00000181104	F2R	4.1466	5268
ENSG00000071242	RPS6KA2	4.1451	5269
ENSG00000139722	VPS37B	4.1435	5270
ENSG00000169519	METTL15	4.1435	5271
ENSG00000185115	NSMCE3	4.1424	5272
ENSG00000162972	MAIP1	4.1424	5273
ENSG00000163527	STT3B	4.1423	5274
ENSG00000088298	EDEM2	4.1422	5275
ENSG00000177200	CHD9	4.1417	5276
ENSG00000125652	ALKBH7	4.1409	5277
ENSG00000147457	CHMP7	4.1404	5278
ENSG00000144355	DLX1	4.14	5279
ENSG00000119772	DNMT3A	4.1399	5280
ENSG00000214530	STARD10	4.1399	5281
ENSG00000001167	NFYA	4.1399	5282
ENSG00000196652	ZKSCAN5	4.1393	5283
ENSG00000189114	BLOC1S3	4.1393	5284
ENSG00000151413	NUBPL	4.1391	5285
ENSG00000115109	EPB41L5	4.139	5286
ENSG00000138111	MFSD13A	4.1387	5287
ENSG00000109472	CPE	4.1386	5288
ENSG00000136717	BIN1	4.1383	5289
ENSG00000065485	PDIA5	4.138	5290
ENSG00000135677	GNS	4.1372	5291
ENSG00000198408	OGA	4.1359	5292
ENSG00000112972	HMGCS1	4.1354	5293
ENSG00000139636	LMBR1L	4.1337	5294
ENSG00000166477	LEO1	4.133	5295
ENSG00000109689	STIM2	4.132	5296
ENSG00000131408	NR1H2	4.1315	5297
ENSG00000122550	KLHL7	4.131	5298
ENSG00000198742	SMURF1	4.1292	5299
ENSG00000121068	TBX2	4.1279	5300
ENSG00000106077	ABHD11	4.1274	5301
ENSG00000197548	ATG7	4.1258	5302
ENSG00000124120	TTPAL	4.1258	5303
ENSG00000167257	RNF214	4.1258	5304
ENSG00000112787	FBRSL1	4.1248	5305
ENSG00000151208	DLG5	4.1231	5306
ENSG00000135185	TMEM243	4.1231	5307
ENSG00000149679	CABLES2	4.1208	5308
ENSG00000154930	ACSS1	4.1207	5309
ENSG00000071205	ARHGAP10	4.1198	5310
ENSG00000142794	NBPF3	4.1196	5311
ENSG00000196839	ADA	4.1196	5312
ENSG00000111652	COPS7A	4.1187	5313
ENSG00000271303	SRXN1	4.1186	5314
ENSG00000084676	NCOA1	4.1166	5315
ENSG00000109016	DHRS7B	4.1166	5316
ENSG00000116001	TIA1	4.1166	5317
ENSG00000149311	ATM	4.1166	5318
ENSG00000151835	SACS	4.1166	5319
ENSG00000196072	BLOC1S2	4.1166	5320
ENSG00000175309	PHYKPL	4.1166	5321
ENSG00000109083	IFT20	4.1166	5322
ENSG00000111670	GNPTAB	4.1166	5323
ENSG00000292338	DHRSX	4.1166	5324
ENSG00000134324	LPIN1	4.1166	5325
ENSG00000177728	TMEM94	4.1154	5326
ENSG00000171148	TADA3	4.1146	5327
ENSG00000101868	POLA1	4.114	5328
ENSG00000105887	MTPN	4.114	5329
ENSG00000085511	MAP3K4	4.114	5330
ENSG00000072571	HMMR	4.114	5331
ENSG00000131269	ABCB7	4.114	5332
ENSG00000204439	C6orf47	4.1134	5333
ENSG00000149809	TM7SF2	4.1131	5334
ENSG00000196961	AP2A1	4.1127	5335
ENSG00000167394	ZNF668	4.1126	5336
ENSG00000167186	COQ7	4.1115	5337
ENSG00000176903	PNMA1	4.1113	5338
ENSG00000111325	OGFOD2	4.1107	5339
ENSG00000168612	ZSWIM1	4.1095	5340
ENSG00000137486	ARRB1	4.1092	5341
ENSG00000121064	SCPEP1	4.1086	5342
ENSG00000106078	COBL	4.108	5343
ENSG00000088305	DNMT3B	4.1077	5344
ENSG00000153094	BCL2L11	4.1072	5345
ENSG00000122958	VPS26A	4.1067	5346
ENSG00000010803	SCMH1	4.1057	5347
ENSG00000138413	IDH1	4.105	5348
ENSG00000134046	MBD2	4.105	5349
ENSG00000173218	VANGL1	4.105	5350
ENSG00000129562	DAD1	4.105	5351
ENSG00000136371	MTHFS	4.105	5352
ENSG00000148218	ALAD	4.105	5353
ENSG00000090013	BLVRB	4.1033	5354
ENSG00000093217	XYLB	4.1032	5355
ENSG00000004897	CDC27	4.1032	5356
ENSG00000104853	CLPTM1	4.1025	5357
ENSG00000107890	ANKRD26	4.1006	5358
ENSG00000100979	PLTP	4.0995	5359
ENSG00000144451	SPAG16	4.0993	5360
ENSG00000175573	C11orf68	4.0993	5361
ENSG00000286140	DERPC	4.0993	5362
ENSG00000168438	CDC40	4.0993	5363
ENSG00000113456	RAD1	4.0993	5364
ENSG00000169814	BTD	4.0993	5365
ENSG00000198160	MIER1	4.0993	5366
ENSG00000186815	TPCN1	4.0979	5367
ENSG00000168734	PKIG	4.0978	5368
ENSG00000076351	SLC46A1	4.0974	5369
ENSG00000126351	THRA	4.0959	5370
ENSG00000184677	ZBTB40	4.0937	5371
ENSG00000120868	APAF1	4.0924	5372
ENSG00000139112	GABARAPL1	4.0921	5373
ENSG00000173898	SPTBN2	4.0921	5374
ENSG00000148290	SURF1	4.0908	5375
ENSG00000066855	MTFR1	4.0899	5376
ENSG00000108774	RAB5C	4.0895	5377
ENSG00000103254	ANTKMT	4.0886	5378
ENSG00000175662	TOM1L2	4.0885	5379
ENSG00000181481	RNF135	4.0872	5380
ENSG00000178425	NT5DC1	4.0871	5381
ENSG00000133641	RLIG1	4.0871	5382
ENSG00000013583	HEBP1	4.0871	5383
ENSG00000176105	YES1	4.0871	5384
ENSG00000122484	RPAP2	4.0871	5385
ENSG00000147400	CETN2	4.0871	5386
ENSG00000162599	NFIA	4.0871	5387
ENSG00000112378	PERP	4.0871	5388
ENSG00000072364	AFF4	4.0871	5389
ENSG00000141030	COPS3	4.0871	5390
ENSG00000112249	ASCC3	4.0871	5391
ENSG00000114030	KPNA1	4.0871	5392
ENSG00000188559	RALGAPA2	4.0871	5393
ENSG00000136451	VEZF1	4.0871	5394
ENSG00000176422	SPRYD4	4.0871	5395
ENSG00000005889	ZFX	4.0871	5396
ENSG00000136783	NIPSNAP3A	4.0871	5397
ENSG00000180488	MIGA1	4.0871	5398
ENSG00000183309	ZNF623	4.0871	5399
ENSG00000048707	VPS13D	4.086	5400
ENSG00000243449	NICOL1	4.0855	5401
ENSG00000119042	SATB2	4.0849	5402
ENSG00000164808	SPIDR	4.0836	5403
ENSG00000153976	HS3ST3A1	4.0809	5404
ENSG00000143164	DCAF6	4.0803	5405
ENSG00000186470	BTN3A2	4.08	5406
ENSG00000173065	FAM222B	4.0795	5407
ENSG00000077147	TM9SF3	4.0775	5408
ENSG00000158747	NBL1	4.0772	5409
ENSG00000275835	TUBGCP5	4.0768	5410
ENSG00000172340	SUCLG2	4.0768	5411
ENSG00000154640	BTG3	4.0768	5412
ENSG00000144566	RAB5A	4.0768	5413
ENSG00000156232	WHAMM	4.0768	5414
ENSG00000173020	GRK2	4.0766	5415
ENSG00000205903	ZNF316	4.0761	5416
ENSG00000100519	PSMC6	4.0758	5417
ENSG00000092330	TINF2	4.073	5418
ENSG00000154803	FLCN	4.072	5419
ENSG00000169684	CHRNA5	4.0703	5420
ENSG00000162430	SELENON	4.0703	5421
ENSG00000131966	ACTR10	4.0702	5422
ENSG00000144741	SLC25A26	4.0702	5423
ENSG00000171109	MFN1	4.067	5424
ENSG00000204344	STK19	4.0668	5425
ENSG00000162714	ZNF496	4.0652	5426
ENSG00000109929	SC5D	4.0651	5427
ENSG00000145979	TBC1D7	4.0651	5428
ENSG00000089177	KIF16B	4.0649	5429
ENSG00000188878	FBF1	4.0648	5430
ENSG00000116260	QSOX1	4.0637	5431
ENSG00000117616	RSRP1	4.0631	5432
ENSG00000215252	GOLGA8B	4.0628	5433
ENSG00000167740	CYB5D2	4.0623	5434
ENSG00000144749	LRIG1	4.0614	5435
ENSG00000128918	ALDH1A2	4.061	5436
ENSG00000124574	ABCC10	4.0605	5437
ENSG00000156642	NPTN	4.0584	5438
ENSG00000129187	DCTD	4.0567	5439
ENSG00000169857	AVEN	4.0561	5440
ENSG00000164978	NUDT2	4.054	5441
ENSG00000156603	MED19	4.0537	5442
ENSG00000187713	TMEM203	4.0537	5443
ENSG00000196428	TSC22D2	4.0522	5444
ENSG00000162736	NCSTN	4.0509	5445
ENSG00000180818	HOXC10	4.0505	5446
ENSG00000255529	POLR2M	4.049	5447
ENSG00000135945	REV1	4.0486	5448
ENSG00000178149	DALRD3	4.0486	5449
ENSG00000198833	UBE2J1	4.0486	5450
ENSG00000198301	SDAD1	4.0486	5451
ENSG00000085063	CD59	4.0486	5452
ENSG00000186187	ZNRF1	4.0479	5453
ENSG00000157557	ETS2	4.0471	5454
ENSG00000162702	ZNF281	4.0434	5455
ENSG00000143942	CHAC2	4.0434	5456
ENSG00000108666	C17orf75	4.0434	5457
ENSG00000091140	DLD	4.0434	5458
ENSG00000186814	ZSCAN30	4.0434	5459
ENSG00000174749	FAM241A	4.0434	5460
ENSG00000122779	TRIM24	4.0434	5461
ENSG00000122417	ODF2L	4.0434	5462
ENSG00000174099	MSRB3	4.0434	5463
ENSG00000162512	SDC3	4.0404	5464
ENSG00000018408	WWTR1	4.0399	5465
ENSG00000108389	MTMR4	4.0381	5466
ENSG00000167642	SPINT2	4.0376	5467
ENSG00000151176	PLBD2	4.0343	5468
ENSG00000152904	GGPS1	4.0338	5469
ENSG00000120656	TAF12	4.0338	5470
ENSG00000158796	DEDD	4.0338	5471
ENSG00000107485	GATA3	4.0332	5472
ENSG00000151491	EPS8	4.032	5473
ENSG00000073350	LLGL2	4.0289	5474
ENSG00000224051	CPTP	4.0289	5475
ENSG00000258429	PDF	4.0265	5476
ENSG00000007545	CRAMP1	4.0261	5477
ENSG00000198265	HELZ	4.0222	5478
ENSG00000101596	SMCHD1	4.0222	5479
ENSG00000198740	ZNF652	4.0222	5480
ENSG00000062598	ELMO2	4.0222	5481
ENSG00000024048	UBR2	4.0222	5482
ENSG00000180354	MTURN	4.0222	5483
ENSG00000102100	SLC35A2	4.0222	5484
ENSG00000197930	ERO1A	4.0222	5485
ENSG00000152818	UTRN	4.0222	5486
ENSG00000138614	INTS14	4.0222	5487
ENSG00000119048	UBE2B	4.0222	5488
ENSG00000151893	CACUL1	4.0222	5489
ENSG00000171843	MLLT3	4.0222	5490
ENSG00000142544	CTU1	4.0222	5491
ENSG00000076650	GPATCH1	4.022	5492
ENSG00000168827	GFM1	4.0219	5493
ENSG00000165282	PIGO	4.018	5494
ENSG00000101247	NDUFAF5	4.0171	5495
ENSG00000181061	HIGD1A	4.0165	5496
ENSG00000111231	GPN3	4.0165	5497
ENSG00000132640	BTBD3	4.0165	5498
ENSG00000187164	SHTN1	4.0165	5499
ENSG00000116729	WLS	4.0165	5500
ENSG00000004700	RECQL	4.0165	5501
ENSG00000156170	NDUFAF6	4.0165	5502
ENSG00000047056	WDR37	4.0165	5503
ENSG00000163945	UVSSA	4.0165	5504
ENSG00000108474	PIGL	4.0165	5505
ENSG00000138750	NUP54	4.0165	5506
ENSG00000100564	PIGH	4.0165	5507
ENSG00000078246	TULP3	4.0165	5508
ENSG00000168461	RAB31	4.0165	5509
ENSG00000131732	ZCCHC9	4.0165	5510
ENSG00000159579	RSPRY1	4.0165	5511
ENSG00000058056	USP13	4.0165	5512
ENSG00000162139	NEU3	4.0165	5513
ENSG00000169992	NLGN2	4.016	5514
ENSG00000271425	NBPF10	4.0156	5515
ENSG00000115652	UXS1	4.015	5516
ENSG00000140950	MEAK7	4.0146	5517
ENSG00000100749	VRK1	4.0129	5518
ENSG00000177663	IL17RA	4.0124	5519
ENSG00000172889	EGFL7	4.0119	5520
ENSG00000198720	ANKRD13B	4.0118	5521
ENSG00000197969	VPS13A	4.011	5522
ENSG00000126767	ELK1	4.0095	5523
ENSG00000171703	TCEA2	4.0093	5524
ENSG00000099326	MZF1	4.0079	5525
ENSG00000213064	SFT2D2	4.0078	5526
ENSG00000110090	CPT1A	4.0062	5527
ENSG00000103199	ZNF500	4.0055	5528
ENSG00000119509	INVS	4.0052	5529
ENSG00000132170	PPARG	4.0051	5530
ENSG00000185127	C6orf120	4.0035	5531
ENSG00000180011	PTGR3	4.0035	5532
ENSG00000197343	ZNF655	4.0035	5533
ENSG00000112237	CCNC	4.0035	5534
ENSG00000100575	TIMM9	4.0035	5535
ENSG00000123154	WDR83	4.0033	5536
ENSG00000153487	ING1	4.0031	5537
ENSG00000036672	USP2	4.0019	5538
ENSG00000175414	ARL10	3.9988	5539
ENSG00000112855	HARS2	3.9982	5540
ENSG00000266338	NBPF15	3.9982	5541
ENSG00000112685	EXOC2	3.9982	5542
ENSG00000158552	ZFAND2B	3.9978	5543
ENSG00000137177	KIF13A	3.996	5544
ENSG00000035862	TIMP2	3.9956	5545
ENSG00000158435	CNOT11	3.9941	5546
ENSG00000107960	STN1	3.9937	5547
ENSG00000135587	SMPD2	3.9936	5548
ENSG00000008394	MGST1	3.9936	5549
ENSG00000292339	ASMTL	3.9934	5550
ENSG00000125611	CHCHD5	3.9933	5551
ENSG00000179598	PLD6	3.9926	5552
ENSG00000132635	PCED1A	3.9886	5553
ENSG00000215712	TMEM242	3.9886	5554
ENSG00000163482	STK36	3.988	5555
ENSG00000165487	MICU2	3.988	5556
ENSG00000003509	NDUFAF7	3.9875	5557
ENSG00000122482	ZNF644	3.9875	5558
ENSG00000133104	SPART	3.9871	5559
ENSG00000170946	DNAJC24	3.9871	5560
ENSG00000082212	ME2	3.9871	5561
ENSG00000154743	TSEN2	3.9871	5562
ENSG00000134108	ARL8B	3.9871	5563
ENSG00000090487	SPG21	3.9871	5564
ENSG00000129534	MIS18BP1	3.9871	5565
ENSG00000102699	PARP4	3.9871	5566
ENSG00000140830	TXNL4B	3.9871	5567
ENSG00000123983	ACSL3	3.9868	5568
ENSG00000182712	CMC4	3.9861	5569
ENSG00000008382	MPND	3.9861	5570
ENSG00000090565	RAB11FIP3	3.9854	5571
ENSG00000169855	ROBO1	3.9852	5572
ENSG00000160796	NBEAL2	3.9835	5573
ENSG00000214941	ZSWIM7	3.9796	5574
ENSG00000276234	TADA2A	3.9789	5575
ENSG00000152332	UHMK1	3.978	5576
ENSG00000138386	NAB1	3.978	5577
ENSG00000198198	SZT2	3.9768	5578
ENSG00000082146	STRADB	3.9767	5579
ENSG00000122644	ARL4A	3.9767	5580
ENSG00000105053	VRK3	3.9767	5581
ENSG00000112379	ARFGEF3	3.9767	5582
ENSG00000159147	DONSON	3.9767	5583
ENSG00000115970	THADA	3.9767	5584
ENSG00000204520	MICA	3.9767	5585
ENSG00000198732	SMOC1	3.9767	5586
ENSG00000141298	SSH2	3.9762	5587
ENSG00000185187	SIGIRR	3.9754	5588
ENSG00000213903	LTB4R	3.9739	5589
ENSG00000184160	ADRA2C	3.9733	5590
ENSG00000115084	SLC35F5	3.9731	5591
ENSG00000187954	ZFTRAF1	3.9729	5592
ENSG00000172795	DCP2	3.9729	5593
ENSG00000197822	OCLN	3.9729	5594
ENSG00000186141	POLR3C	3.9729	5595
ENSG00000142188	TMEM50B	3.9729	5596
ENSG00000104221	BRF2	3.9723	5597
ENSG00000134138	MEIS2	3.9715	5598
ENSG00000173621	LRFN4	3.9702	5599
ENSG00000141458	NPC1	3.9702	5600
ENSG00000089327	FXYD5	3.9692	5601
ENSG00000136807	CDK9	3.9686	5602
ENSG00000198356	GET3	3.9671	5603
ENSG00000167536	DHRS13	3.9641	5604
ENSG00000141577	CEP131	3.9636	5605
ENSG00000167323	STIM1	3.9634	5606
ENSG00000107829	FBXW4	3.9634	5607
ENSG00000127080	IPPK	3.9634	5608
ENSG00000105048	TNNT1	3.9627	5609
ENSG00000204381	LAYN	3.9626	5610
ENSG00000271601	LIX1L	3.9625	5611
ENSG00000154229	PRKCA	3.9621	5612
ENSG00000162769	FLVCR1	3.9621	5613
ENSG00000151694	ADAM17	3.9616	5614
ENSG00000049167	ERCC8	3.9607	5615
ENSG00000152193	OBI1	3.9607	5616
ENSG00000151466	SCLT1	3.9607	5617
ENSG00000065809	FAM107B	3.9607	5618
ENSG00000005436	GCFC2	3.9607	5619
ENSG00000163785	RYK	3.9607	5620
ENSG00000156504	PABIR2	3.9607	5621
ENSG00000124217	MOCS3	3.9607	5622
ENSG00000055917	PUM2	3.9598	5623
ENSG00000119599	DCAF4	3.9581	5624
ENSG00000005206	SPPL2B	3.9581	5625
ENSG00000182095	TNRC18	3.9559	5626
ENSG00000167565	SERTAD3	3.9556	5627
ENSG00000152457	DCLRE1C	3.955	5628
ENSG00000078747	ITCH	3.9549	5629
ENSG00000135148	TRAFD1	3.9546	5630
ENSG00000080823	MOK	3.9545	5631
ENSG00000128915	ICE2	3.9537	5632
ENSG00000151498	ACAD8	3.9537	5633
ENSG00000024862	CCDC28A	3.9534	5634
ENSG00000112769	LAMA4	3.9502	5635
ENSG00000143079	CTTNBP2NL	3.9501	5636
ENSG00000184743	ATL3	3.9492	5637
ENSG00000166685	COG1	3.9489	5638
ENSG00000140471	LINS1	3.948	5639
ENSG00000087502	ERGIC2	3.9474	5640
ENSG00000101210	EEF1A2	3.9469	5641
ENSG00000186868	MAPT	3.9439	5642
ENSG00000011405	PIK3C2A	3.9427	5643
ENSG00000163623	NKX6-1	3.9423	5644
ENSG00000159086	PAXBP1	3.942	5645
ENSG00000143889	HNRNPLL	3.9419	5646
ENSG00000170421	KRT8	3.9415	5647
ENSG00000184465	WDR27	3.9394	5648
ENSG00000004961	HCCS	3.9389	5649
ENSG00000197530	MIB2	3.9382	5650
ENSG00000114520	SNX4	3.9378	5651
ENSG00000107537	PHYH	3.9377	5652
ENSG00000063176	SPHK2	3.935	5653
ENSG00000129484	PARP2	3.9338	5654
ENSG00000110851	PRDM4	3.9338	5655
ENSG00000047634	SCML1	3.9338	5656
ENSG00000005302	MSL3	3.9338	5657
ENSG00000113384	GOLPH3	3.9338	5658
ENSG00000123091	RNF11	3.9338	5659
ENSG00000111962	UST	3.9338	5660
ENSG00000114021	NIT2	3.9338	5661
ENSG00000105879	CBLL1	3.9338	5662
ENSG00000067177	PHKA1	3.9338	5663
ENSG00000114742	WDR48	3.9338	5664
ENSG00000119471	HSDL2	3.9338	5665
ENSG00000276644	DACH1	3.9338	5666
ENSG00000156802	ATAD2	3.9338	5667
ENSG00000128609	NDUFA5	3.9338	5668
ENSG00000143653	SCCPDH	3.9338	5669
ENSG00000157800	SLC37A3	3.9338	5670
ENSG00000136631	VPS45	3.9338	5671
ENSG00000162378	ZYG11B	3.9329	5672
ENSG00000158161	EYA3	3.9329	5673
ENSG00000117461	PIK3R3	3.9329	5674
ENSG00000120686	UFM1	3.9329	5675
ENSG00000165152	PGAP4	3.9329	5676
ENSG00000112365	ZBTB24	3.9329	5677
ENSG00000092421	SEMA6A	3.9316	5678
ENSG00000171105	INSR	3.9307	5679
ENSG00000213533	STIMATE	3.9281	5680
ENSG00000108557	RAI1	3.9261	5681
ENSG00000165795	NDRG2	3.9249	5682
ENSG00000160284	SPATC1L	3.923	5683
ENSG00000117155	SSX2IP	3.9222	5684
ENSG00000160563	MED27	3.9222	5685
ENSG00000140463	BBS4	3.9222	5686
ENSG00000156531	PHF6	3.9222	5687
ENSG00000198589	LRBA	3.9222	5688
ENSG00000066629	EML1	3.9222	5689
ENSG00000148943	LIN7C	3.9222	5690
ENSG00000121653	MAPK8IP1	3.921	5691
ENSG00000119661	DNAL1	3.9183	5692
ENSG00000160051	IQCC	3.9179	5693
ENSG00000174705	SH3PXD2B	3.9177	5694
ENSG00000116005	PCYOX1	3.9169	5695
ENSG00000204498	NFKBIL1	3.9169	5696
ENSG00000168000	BSCL2	3.9168	5697
ENSG00000112992	NNT	3.9165	5698
ENSG00000132963	POMP	3.9165	5699
ENSG00000136715	SAP130	3.9165	5700
ENSG00000143479	DYRK3	3.9165	5701
ENSG00000139436	GIT2	3.9165	5702
ENSG00000163558	PRKCI	3.9165	5703
ENSG00000012983	MAP4K5	3.9165	5704
ENSG00000188010	MORN2	3.9165	5705
ENSG00000147202	DIAPH2	3.9165	5706
ENSG00000184226	PCDH9	3.9165	5707
ENSG00000056050	HPF1	3.9165	5708
ENSG00000147853	AK3	3.9165	5709
ENSG00000196937	FAM3C	3.9165	5710
ENSG00000135776	ABCB10	3.9164	5711
ENSG00000109501	WFS1	3.916	5712
ENSG00000173992	CCS	3.916	5713
ENSG00000092208	GEMIN2	3.9158	5714
ENSG00000137171	KLC4	3.9152	5715
ENSG00000026559	KCNG1	3.915	5716
ENSG00000100982	PCIF1	3.915	5717
ENSG00000178764	ZHX2	3.915	5718
ENSG00000130675	MNX1	3.9143	5719
ENSG00000160226	CFAP410	3.9125	5720
ENSG00000148356	LRSAM1	3.9117	5721
ENSG00000115548	KDM3A	3.9105	5722
ENSG00000162825	NBPF20	3.9101	5723
ENSG00000107104	KANK1	3.9097	5724
ENSG00000136153	LMO7	3.9085	5725
ENSG00000186635	ARAP1	3.9075	5726
ENSG00000163703	CRELD1	3.9069	5727
ENSG00000128641	MYO1B	3.9047	5728
ENSG00000126773	PCNX4	3.9047	5729
ENSG00000126070	AGO3	3.9047	5730
ENSG00000148516	ZEB1	3.904	5731
ENSG00000167302	TEPSIN	3.9039	5732
ENSG00000108784	NAGLU	3.9032	5733
ENSG00000111911	HINT3	3.9021	5734
ENSG00000149577	SIDT2	3.9019	5735
ENSG00000172819	RARG	3.9016	5736
ENSG00000069966	GNB5	3.9015	5737
ENSG00000114853	ZBTB47	3.9006	5738
ENSG00000176623	RMDN1	3.8993	5739
ENSG00000162104	ADCY9	3.8992	5740
ENSG00000135617	PRADC1	3.8987	5741
ENSG00000134248	LAMTOR5	3.8982	5742
ENSG00000182810	DDX28	3.8982	5743
ENSG00000135452	TSPAN31	3.8982	5744
ENSG00000156639	ZFAND3	3.8975	5745
ENSG00000165752	STK32C	3.8965	5746
ENSG00000171206	TRIM8	3.8965	5747
ENSG00000119650	IFT43	3.8961	5748
ENSG00000134755	DSC2	3.8959	5749
ENSG00000213930	GALT	3.8956	5750
ENSG00000054965	FAM168A	3.8951	5751
ENSG00000198517	MAFK	3.8941	5752
ENSG00000177868	SVBP	3.8936	5753
ENSG00000131069	ACSS2	3.8935	5754
ENSG00000105619	TFPT	3.8931	5755
ENSG00000065600	PACC1	3.8916	5756
ENSG00000143458	GABPB2	3.8913	5757
ENSG00000092964	DPYSL2	3.8912	5758
ENSG00000165886	UBTD1	3.8909	5759
ENSG00000165233	CARD19	3.8908	5760
ENSG00000130508	PXDN	3.8903	5761
ENSG00000160392	C19orf47	3.8902	5762
ENSG00000178202	POGLUT3	3.8901	5763
ENSG00000163026	WDCP	3.8901	5764
ENSG00000103061	SLC7A6OS	3.8901	5765
ENSG00000119906	SLF2	3.8901	5766
ENSG00000143162	CREG1	3.8901	5767
ENSG00000163660	CCNL1	3.8901	5768
ENSG00000155096	AZIN1	3.8901	5769
ENSG00000029364	SLC39A9	3.8901	5770
ENSG00000101752	MIB1	3.8901	5771
ENSG00000144677	CTDSPL	3.8901	5772
ENSG00000186951	PPARA	3.8901	5773
ENSG00000111725	PRKAB1	3.8901	5774
ENSG00000050426	LETMD1	3.8901	5775
ENSG00000182117	NOP10	3.8901	5776
ENSG00000110768	GTF2H1	3.8901	5777
ENSG00000197860	SGTB	3.8899	5778
ENSG00000136319	TTC5	3.8888	5779
ENSG00000139154	AEBP2	3.8886	5780
ENSG00000159556	ISL2	3.8858	5781
ENSG00000148803	FUOM	3.8835	5782
ENSG00000140848	CPNE2	3.8835	5783
ENSG00000147804	SLC39A4	3.8829	5784
ENSG00000116574	RHOU	3.8826	5785
ENSG00000188786	MTF1	3.8811	5786
ENSG00000074181	NOTCH3	3.8811	5787
ENSG00000001084	GCLC	3.8801	5788
ENSG00000183856	IQGAP3	3.8792	5789
ENSG00000113504	SLC12A7	3.8791	5790
ENSG00000120159	CAAP1	3.8787	5791
ENSG00000081059	TCF7	3.8785	5792
ENSG00000166352	IFTAP	3.8775	5793
ENSG00000183060	LYSMD4	3.8764	5794
ENSG00000142669	SH3BGRL3	3.876	5795
ENSG00000124374	PAIP2B	3.8746	5796
ENSG00000153201	RANBP2	3.8731	5797
ENSG00000135525	MAP7	3.8726	5798
ENSG00000159399	HK2	3.8722	5799
ENSG00000101310	SEC23B	3.8714	5800
ENSG00000171960	PPIH	3.8714	5801
ENSG00000068878	PSME4	3.8714	5802
ENSG00000185379	RAD51D	3.8714	5803
ENSG00000147416	ATP6V1B2	3.8714	5804
ENSG00000126814	TRMT5	3.8714	5805
ENSG00000108406	DHX40	3.8714	5806
ENSG00000141232	TOB1	3.8714	5807
ENSG00000157741	UBN2	3.8714	5808
ENSG00000119537	KDSR	3.8714	5809
ENSG00000096433	ITPR3	3.8712	5810
ENSG00000165506	DNAAF2	3.8696	5811
ENSG00000136295	TTYH3	3.8695	5812
ENSG00000128805	ARHGAP22	3.8687	5813
ENSG00000124787	RPP40	3.8673	5814
ENSG00000189077	TMEM120A	3.8672	5815
ENSG00000144535	DIS3L2	3.8667	5816
ENSG00000115756	HPCAL1	3.8666	5817
ENSG00000144199	FAHD2B	3.8665	5818
ENSG00000054967	RELT	3.8665	5819
ENSG00000133302	SLF1	3.8663	5820
ENSG00000186111	PIP5K1C	3.8662	5821
ENSG00000198682	PAPSS2	3.8662	5822
ENSG00000188322	SBK1	3.8653	5823
ENSG00000147133	TAF1	3.8651	5824
ENSG00000133243	BTBD2	3.864	5825
ENSG00000125846	ZNF133	3.8625	5826
ENSG00000150977	RILPL2	3.8622	5827
ENSG00000117620	SLC35A3	3.8611	5828
ENSG00000218336	TENM3	3.8609	5829
ENSG00000177150	FAM210A	3.8607	5830
ENSG00000115520	COQ10B	3.8607	5831
ENSG00000204852	TCTN1	3.8607	5832
ENSG00000049860	HEXB	3.8607	5833
ENSG00000166946	CCNDBP1	3.8607	5834
ENSG00000177981	ASB8	3.8607	5835
ENSG00000157538	VPS26C	3.8607	5836
ENSG00000143315	PIGM	3.8599	5837
ENSG00000164011	ZNF691	3.8586	5838
ENSG00000226479	TMEM185B	3.8577	5839
ENSG00000138650	PCDH10	3.8571	5840
ENSG00000167280	ENGASE	3.8565	5841
ENSG00000196814	MVB12B	3.8565	5842
ENSG00000090776	EFNB1	3.8562	5843
ENSG00000154917	RAB6B	3.8562	5844
ENSG00000182022	CHST15	3.856	5845
ENSG00000196663	TECPR2	3.8542	5846
ENSG00000063761	ADCK1	3.854	5847
ENSG00000004864	SLC25A13	3.8537	5848
ENSG00000154845	PPP4R1	3.8537	5849
ENSG00000076706	MCAM	3.8531	5850
ENSG00000172985	SH3RF3	3.8524	5851
ENSG00000130803	ZNF317	3.8521	5852
ENSG00000132359	RAP1GAP2	3.8517	5853
ENSG00000171914	TLN2	3.8517	5854
ENSG00000083857	FAT1	3.8516	5855
ENSG00000184916	JAG2	3.851	5856
ENSG00000158863	FHIP2B	3.8505	5857
ENSG00000165355	FBXO33	3.8503	5858
ENSG00000117859	OSBPL9	3.8502	5859
ENSG00000101654	RNMT	3.8502	5860
ENSG00000116752	BCAS2	3.8502	5861
ENSG00000172262	ZNF131	3.8502	5862
ENSG00000184203	PPP1R2	3.8502	5863
ENSG00000170310	STX8	3.8502	5864
ENSG00000148426	PROSER2	3.8495	5865
ENSG00000109220	CHIC2	3.8491	5866
ENSG00000137273	FOXF2	3.8476	5867
ENSG00000171552	BCL2L1	3.8464	5868
ENSG00000130684	ZNF337	3.8461	5869
ENSG00000167972	ABCA3	3.844	5870
ENSG00000068028	RASSF1	3.8435	5871
ENSG00000141503	MINK1	3.8435	5872
ENSG00000118600	RXYLT1	3.8427	5873
ENSG00000090020	SLC9A1	3.8422	5874
ENSG00000063660	GPC1	3.8416	5875
ENSG00000061938	TNK2	3.8415	5876
ENSG00000087088	BAX	3.8411	5877
ENSG00000148158	SNX30	3.84	5878
ENSG00000115687	PASK	3.84	5879
ENSG00000008256	CYTH3	3.8394	5880
ENSG00000163507	CIP2A	3.8382	5881
ENSG00000112941	TENT4A	3.8371	5882
ENSG00000156958	GALK2	3.8358	5883
ENSG00000154710	RABGEF1	3.8338	5884
ENSG00000093144	ECHDC1	3.8338	5885
ENSG00000171681	ATF7IP	3.8338	5886
ENSG00000163171	CDC42EP3	3.8338	5887
ENSG00000134265	NAPG	3.8338	5888
ENSG00000114744	COMMD2	3.8338	5889
ENSG00000163214	DHX57	3.8338	5890
ENSG00000107669	ATE1	3.8338	5891
ENSG00000111696	NT5DC3	3.8338	5892
ENSG00000173273	TNKS	3.8338	5893
ENSG00000122674	CCZ1	3.8338	5894
ENSG00000292366	VAMP7	3.8338	5895
ENSG00000106459	NRF1	3.8337	5896
ENSG00000105072	C19orf44	3.8327	5897
ENSG00000164366	CCDC127	3.8325	5898
ENSG00000148343	MIGA2	3.8296	5899
ENSG00000113621	TXNDC15	3.8281	5900
ENSG00000101935	AMMECR1	3.828	5901
ENSG00000212747	RTL8B	3.8274	5902
ENSG00000230453	ANKRD18B	3.8271	5903
ENSG00000120832	MTERF2	3.8271	5904
ENSG00000092098	RNF31	3.826	5905
ENSG00000243646	IL10RB	3.8245	5906
ENSG00000158270	COLEC12	3.8236	5907
ENSG00000151806	GUF1	3.8231	5908
ENSG00000198690	FAN1	3.8197	5909
ENSG00000116128	BCL9	3.8191	5910
ENSG00000125967	NECAB3	3.8184	5911
ENSG00000102543	CDADC1	3.8181	5912
ENSG00000017260	ATP2C1	3.817	5913
ENSG00000073670	ADAM11	3.8166	5914
ENSG00000213995	NAXD	3.8165	5915
ENSG00000149761	NUDT22	3.8154	5916
ENSG00000134574	DDB2	3.814	5917
ENSG00000132819	RBM38	3.8135	5918
ENSG00000171169	NAIF1	3.8125	5919
ENSG00000081721	DUSP12	3.8116	5920
ENSG00000106976	DNM1	3.811	5921
ENSG00000196550	FAM72A	3.8098	5922
ENSG00000154217	PITPNC1	3.809	5923
ENSG00000105173	CCNE1	3.8089	5924
ENSG00000128708	HAT1	3.8086	5925
ENSG00000157654	PALM2AKAP2	3.8082	5926
ENSG00000164983	TMEM65	3.8081	5927
ENSG00000156925	ZIC3	3.8073	5928
ENSG00000144034	TPRKB	3.8073	5929
ENSG00000227345	PARG	3.8073	5930
ENSG00000125843	AP5S1	3.8073	5931
ENSG00000139684	ESD	3.8073	5932
ENSG00000148985	PGAP2	3.8073	5933
ENSG00000106080	FKBP14	3.8073	5934
ENSG00000151640	DPYSL4	3.8073	5935
ENSG00000124688	MAD2L1BP	3.8073	5936
ENSG00000106006	HOXA6	3.8073	5937
ENSG00000151726	ACSL1	3.8073	5938
ENSG00000171202	TMEM126A	3.8073	5939
ENSG00000151532	VTI1A	3.8073	5940
ENSG00000081019	RSBN1	3.8073	5941
ENSG00000166454	ATMIN	3.8073	5942
ENSG00000198612	COPS8	3.8073	5943
ENSG00000077157	PPP1R12B	3.8073	5944
ENSG00000134278	SPIRE1	3.8073	5945
ENSG00000089916	GPATCH2L	3.8073	5946
ENSG00000134490	TMEM241	3.8073	5947
ENSG00000185420	SMYD3	3.8073	5948
ENSG00000213390	ARHGAP19	3.8073	5949
ENSG00000196459	TRAPPC2	3.8073	5950
ENSG00000166189	HPS6	3.8072	5951
ENSG00000198680	TUSC1	3.8055	5952
ENSG00000088038	CNOT3	3.805	5953
ENSG00000151276	MAGI1	3.8048	5954
ENSG00000108219	TSPAN14	3.8047	5955
ENSG00000134318	ROCK2	3.8047	5956
ENSG00000083844	ZNF264	3.8037	5957
ENSG00000105793	GTPBP10	3.8031	5958
ENSG00000198879	SFMBT2	3.8027	5959
ENSG00000086200	IPO11	3.8008	5960
ENSG00000085377	PREP	3.8008	5961
ENSG00000105137	SYDE1	3.799	5962
ENSG00000159788	RGS12	3.7989	5963
ENSG00000143224	PPOX	3.7989	5964
ENSG00000137414	FAM8A1	3.7987	5965
ENSG00000178585	CTNNBIP1	3.7987	5966
ENSG00000116604	MEF2D	3.7985	5967
ENSG00000205084	TMEM231	3.797	5968
ENSG00000196705	ZNF431	3.7966	5969
ENSG00000187605	TET3	3.7964	5970
ENSG00000162227	TAF6L	3.796	5971
ENSG00000125457	MIF4GD	3.7958	5972
ENSG00000061676	NCKAP1	3.7958	5973
ENSG00000011295	TTC19	3.7958	5974
ENSG00000180182	MED14	3.7958	5975
ENSG00000163320	CGGBP1	3.7958	5976
ENSG00000119314	PTBP3	3.7958	5977
ENSG00000163539	CLASP2	3.7947	5978
ENSG00000162885	B3GALNT2	3.7947	5979
ENSG00000196123	MATCAP1	3.7938	5980
ENSG00000115468	EFHD1	3.7921	5981
ENSG00000198836	OPA1	3.792	5982
ENSG00000154553	PDLIM3	3.7914	5983
ENSG00000173163	COMMD1	3.7903	5984
ENSG00000168297	PXK	3.7901	5985
ENSG00000135469	COQ10A	3.7901	5986
ENSG00000135093	USP30	3.7901	5987
ENSG00000164934	DCAF13	3.7901	5988
ENSG00000197056	ZMYM1	3.7901	5989
ENSG00000105810	CDK6	3.7901	5990
ENSG00000115760	BIRC6	3.7901	5991
ENSG00000071794	HLTF	3.7901	5992
ENSG00000145414	NAF1	3.7901	5993
ENSG00000008324	SS18L2	3.7901	5994
ENSG00000011198	ABHD5	3.7901	5995
ENSG00000155189	AGPAT5	3.7901	5996
ENSG00000135974	C2orf49	3.7901	5997
ENSG00000148572	NRBF2	3.7901	5998
ENSG00000168116	KIAA1586	3.7901	5999
ENSG00000149262	INTS4	3.7901	6000
ENSG00000080802	CNOT4	3.7901	6001
ENSG00000173890	GPR160	3.7901	6002
ENSG00000116717	GADD45A	3.7901	6003
ENSG00000106723	SPIN1	3.7901	6004
ENSG00000073921	PICALM	3.7901	6005
ENSG00000136273	HUS1	3.7901	6006
ENSG00000107560	RAB11FIP2	3.7901	6007
ENSG00000107566	ERLIN1	3.7901	6008
ENSG00000089902	RCOR1	3.7901	6009
ENSG00000115020	PIKFYVE	3.7901	6010
ENSG00000170921	TANC2	3.7901	6011
ENSG00000154889	MPPE1	3.7901	6012
ENSG00000143337	TOR1AIP1	3.7901	6013
ENSG00000155090	KLF10	3.7901	6014
ENSG00000010278	CD9	3.7901	6015
ENSG00000099282	TSPAN15	3.7896	6016
ENSG00000187243	MAGED4B	3.7895	6017
ENSG00000166747	AP1G1	3.7886	6018
ENSG00000146425	DYNLT1	3.7886	6019
ENSG00000176371	ZSCAN2	3.7886	6020
ENSG00000163006	CCDC138	3.7886	6021
ENSG00000099864	PALM	3.7883	6022
ENSG00000138375	SMARCAL1	3.7881	6023
ENSG00000188883	KLRG2	3.788	6024
ENSG00000102096	PIM2	3.7877	6025
ENSG00000089057	SLC23A2	3.7873	6026
ENSG00000029153	BMAL2	3.7865	6027
ENSG00000155256	ZFYVE27	3.7865	6028
ENSG00000078900	TP73	3.7858	6029
ENSG00000138834	MAPK8IP3	3.7842	6030
ENSG00000115289	PCGF1	3.7821	6031
ENSG00000197381	ADARB1	3.7819	6032
ENSG00000181830	SLC35C1	3.7819	6033
ENSG00000269335	IKBKG	3.7811	6034
ENSG00000147180	ZNF711	3.7811	6035
ENSG00000151348	EXT2	3.7806	6036
ENSG00000166529	ZSCAN21	3.7806	6037
ENSG00000067141	NEO1	3.7801	6038
ENSG00000105357	MYH14	3.7785	6039
ENSG00000146083	RNF44	3.7776	6040
ENSG00000275740		3.7769	6041
ENSG00000115255	REEP6	3.7767	6042
ENSG00000112320	SOBP	3.7763	6043
ENSG00000116141	MARK1	3.7756	6044
ENSG00000178971	CTC1	3.7756	6045
ENSG00000166348	USP54	3.7749	6046
ENSG00000181218	H2AC25	3.7729	6047
ENSG00000150712	MTMR12	3.7717	6048
ENSG00000172046	USP19	3.7713	6049
ENSG00000111271	ACAD10	3.7701	6050
ENSG00000134575	ACP2	3.7696	6051
ENSG00000166888	STAT6	3.7691	6052
ENSG00000137478	FCHSD2	3.7686	6053
ENSG00000167625	ZNF526	3.7667	6054
ENSG00000057252	SOAT1	3.7651	6055
ENSG00000197217	ENTPD4	3.7648	6056
ENSG00000134871	COL4A2	3.763	6057
ENSG00000137764	MAP2K5	3.7616	6058
ENSG00000145388	METTL14	3.7615	6059
ENSG00000070367	EXOC5	3.7609	6060
ENSG00000007255	TRAPPC6A	3.7606	6061
ENSG00000005175	RPAP3	3.7585	6062
ENSG00000167548	KMT2D	3.7576	6063
ENSG00000109436	TBC1D9	3.7576	6064
ENSG00000157870	PRXL2B	3.7551	6065
ENSG00000139197	PEX5	3.7547	6066
ENSG00000180071	ANKRD18A	3.7546	6067
ENSG00000101695	RNF125	3.7536	6068
ENSG00000088876	ZNF343	3.7532	6069
ENSG00000204220	PFDN6	3.7522	6070
ENSG00000277161	PIGW	3.7506	6071
ENSG00000198885	ITPRIPL1	3.7502	6072
ENSG00000116514	RNF19B	3.7502	6073
ENSG00000144712	CAND2	3.7502	6074
ENSG00000091317	CMTM6	3.7502	6075
ENSG00000170653	ATF7	3.7502	6076
ENSG00000056586	RC3H2	3.7502	6077
ENSG00000176871	WSB2	3.7468	6078
ENSG00000183808	RBM12B	3.7452	6079
ENSG00000174227	PIGG	3.7446	6080
ENSG00000131653	TRAF7	3.7444	6081
ENSG00000136944	LMX1B	3.7444	6082
ENSG00000177542	SLC25A22	3.7424	6083
ENSG00000136636	KCTD3	3.7413	6084
ENSG00000008441	NFIX	3.7405	6085
ENSG00000130164	LDLR	3.7401	6086
ENSG00000198954	KIFBP	3.7385	6087
ENSG00000128335	APOL2	3.7368	6088
ENSG00000265808	SEC22B	3.7347	6089
ENSG00000080608	PUM3	3.7346	6090
ENSG00000052802	MSMO1	3.7342	6091
ENSG00000170522	ELOVL6	3.7342	6092
ENSG00000176396	EID2	3.7342	6093
ENSG00000076067	RBMS2	3.7342	6094
ENSG00000061455	PRDM6	3.7342	6095
ENSG00000107897	ACBD5	3.7342	6096
ENSG00000134897	BIVM	3.7342	6097
ENSG00000173145	NOC3L	3.7342	6098
ENSG00000171135	JAGN1	3.7342	6099
ENSG00000172932	ANKRD13D	3.7342	6100
ENSG00000178502	KLHL11	3.7339	6101
ENSG00000015171	ZMYND11	3.7339	6102
ENSG00000146463	ZMYM4	3.7337	6103
ENSG00000023318	ERP44	3.7337	6104
ENSG00000146267	FAXC	3.7337	6105
ENSG00000198464	ZNF480	3.7337	6106
ENSG00000165813	CCDC186	3.7337	6107
ENSG00000092931	MFSD11	3.7337	6108
ENSG00000081913	PHLPP1	3.7337	6109
ENSG00000156110	ADK	3.7337	6110
ENSG00000120539	MASTL	3.7337	6111
ENSG00000182372	CLN8	3.7337	6112
ENSG00000164086	DUSP7	3.7333	6113
ENSG00000154222	CC2D1B	3.7321	6114
ENSG00000162775	RBM15	3.7307	6115
ENSG00000010219	DYRK4	3.7298	6116
ENSG00000168556	ING2	3.729	6117
ENSG00000130748	TMEM160	3.7283	6118
ENSG00000183354	BRD10	3.728	6119
ENSG00000164093	PITX2	3.728	6120
ENSG00000174469	CNTNAP2	3.7276	6121
ENSG00000168288	MMADHC	3.7273	6122
ENSG00000168566	SNRNP48	3.7273	6123
ENSG00000185917	SETD4	3.7273	6124
ENSG00000169871	TRIM56	3.7249	6125
ENSG00000140691	ARMC5	3.7244	6126
ENSG00000182544	MFSD5	3.7226	6127
ENSG00000270231	NBPF8	3.7223	6128
ENSG00000183386	FHL3	3.7209	6129
ENSG00000149798	CDC42EP2	3.7209	6130
ENSG00000137817	PARP6	3.7201	6131
ENSG00000285053		3.7197	6132
ENSG00000169764	UGP2	3.719	6133
ENSG00000142494	SLC47A1	3.7187	6134
ENSG00000119729	RHOQ	3.7181	6135
ENSG00000011132	APBA3	3.7181	6136
ENSG00000065833	ME1	3.7181	6137
ENSG00000157693	TMEM268	3.7181	6138
ENSG00000145016	RUBCN	3.7181	6139
ENSG00000106617	PRKAG2	3.7181	6140
ENSG00000123104	ITPR2	3.7181	6141
ENSG00000156735	BAG4	3.7181	6142
ENSG00000129083	COPB1	3.7181	6143
ENSG00000130348	QRSL1	3.7171	6144
ENSG00000112245	PTP4A1	3.7171	6145
ENSG00000174606	ANGEL2	3.7171	6146
ENSG00000066084	DIP2B	3.7171	6147
ENSG00000183696	UPP1	3.7164	6148
ENSG00000171723	GPHN	3.7153	6149
ENSG00000242612	DECR2	3.7127	6150
ENSG00000096070	BRPF3	3.7127	6151
ENSG00000095066	HOOK2	3.7119	6152
ENSG00000042088	TDP1	3.7116	6153
ENSG00000124788	ATXN1	3.7107	6154
ENSG00000122678	POLM	3.7106	6155
ENSG00000184602	SNN	3.7102	6156
ENSG00000110429	FBXO3	3.7095	6157
ENSG00000064726	BTBD1	3.7089	6158
ENSG00000169951	ZNF764	3.708	6159
ENSG00000125812	GZF1	3.7076	6160
ENSG00000182118	FAM89A	3.7073	6161
ENSG00000156973	PDE6D	3.7073	6162
ENSG00000187079	TEAD1	3.7073	6163
ENSG00000119431	HDHD3	3.7073	6164
ENSG00000163788	SNRK	3.7073	6165
ENSG00000170264	FAM161A	3.7073	6166
ENSG00000141034	GID4	3.7073	6167
ENSG00000154309	DISP1	3.7073	6168
ENSG00000237765	FAM200B	3.7073	6169
ENSG00000114956	DGUOK	3.7073	6170
ENSG00000120029	ARMH3	3.7073	6171
ENSG00000187240	DYNC2H1	3.7073	6172
ENSG00000147257	GPC3	3.7073	6173
ENSG00000013375	PGM3	3.7073	6174
ENSG00000012174	MBTPS2	3.7073	6175
ENSG00000105483	CARD8	3.7073	6176
ENSG00000134769	DTNA	3.7073	6177
ENSG00000114331	ACAP2	3.7073	6178
ENSG00000151332	MBIP	3.7073	6179
ENSG00000149600	COMMD7	3.7073	6180
ENSG00000186625	KATNA1	3.7073	6181
ENSG00000119041	GTF3C3	3.7073	6182
ENSG00000140598	EFL1	3.7073	6183
ENSG00000105778	AVL9	3.7073	6184
ENSG00000101138	CSTF1	3.7073	6185
ENSG00000134152	KATNBL1	3.7073	6186
ENSG00000184060	ADAP2	3.707	6187
ENSG00000116903	EXOC8	3.7045	6188
ENSG00000170293	CMTM8	3.7045	6189
ENSG00000169598	DFFB	3.7037	6190
ENSG00000172081	MOB3A	3.7032	6191
ENSG00000123728	RAP2C	3.7028	6192
ENSG00000154839	SKA1	3.7025	6193
ENSG00000169249	ZRSR2	3.7025	6194
ENSG00000074219	TEAD2	3.7016	6195
ENSG00000109118	PHF12	3.697	6196
ENSG00000130363	RSPH3	3.6961	6197
ENSG00000185818	NAT8L	3.695	6198
ENSG00000091073	DTX2	3.6945	6199
ENSG00000121900	TMEM54	3.6941	6200
ENSG00000166783	MARF1	3.6931	6201
ENSG00000117305	HMGCL	3.6916	6202
ENSG00000154118	JPH3	3.6906	6203
ENSG00000187736	NHEJ1	3.6886	6204
ENSG00000153904	DDAH1	3.6886	6205
ENSG00000106031	HOXA13	3.6886	6206
ENSG00000083457	ITGAE	3.6886	6207
ENSG00000155287	SLC25A28	3.6886	6208
ENSG00000117114	ADGRL2	3.6886	6209
ENSG00000140386	SCAPER	3.6886	6210
ENSG00000151135	TMEM263	3.6886	6211
ENSG00000123595	RAB9A	3.6886	6212
ENSG00000171241	SHCBP1	3.6886	6213
ENSG00000086827	ZW10	3.6862	6214
ENSG00000196422	PPP1R26	3.6861	6215
ENSG00000162729	IGSF8	3.6851	6216
ENSG00000187961	KLHL17	3.6847	6217
ENSG00000169851	PCDH7	3.6843	6218
ENSG00000165105	RASEF	3.6826	6219
ENSG00000122694	GLIPR2	3.6825	6220
ENSG00000132005	RFX1	3.6815	6221
ENSG00000183475	ASB7	3.6812	6222
ENSG00000138801	PAPSS1	3.6806	6223
ENSG00000204991	SPIRE2	3.6806	6224
ENSG00000048740	CELF2	3.6805	6225
ENSG00000112511	PHF1	3.6802	6226
ENSG00000152409	JMY	3.6801	6227
ENSG00000131196	NFATC1	3.6786	6228
ENSG00000166024	R3HCC1L	3.6783	6229
ENSG00000072121	ZFYVE26	3.6783	6230
ENSG00000240857	RDH14	3.6783	6231
ENSG00000116954	RRAGC	3.6783	6232
ENSG00000169155	ZBTB43	3.6783	6233
ENSG00000243989	ACY1	3.6756	6234
ENSG00000287856		3.675	6235
ENSG00000140043	PTGR2	3.6746	6236
ENSG00000066739	ATG2B	3.6716	6237
ENSG00000113356	POLR3G	3.6716	6238
ENSG00000117682	DHDDS	3.6705	6239
ENSG00000103222	ABCC1	3.6705	6240
ENSG00000162341	TPCN2	3.6702	6241
ENSG00000188026	RILPL1	3.6696	6242
ENSG00000130856	ZNF236	3.6695	6243
ENSG00000145214	DGKQ	3.6682	6244
ENSG00000171813	PWWP2B	3.6681	6245
ENSG00000139291	TMEM19	3.6676	6246
ENSG00000173950	XXYLT1	3.667	6247
ENSG00000175283	DOLK	3.6653	6248
ENSG00000114019	AMOTL2	3.6636	6249
ENSG00000091039	OSBPL8	3.6636	6250
ENSG00000149474	KAT14	3.6636	6251
ENSG00000183323	CCDC125	3.6636	6252
ENSG00000124209	RAB22A	3.6636	6253
ENSG00000115993	TRAK2	3.6636	6254
ENSG00000124802	EEF1E1	3.6636	6255
ENSG00000170464	DNAJC18	3.6636	6256
ENSG00000181788	SIAH2	3.6636	6257
ENSG00000266412	NCOA4	3.6636	6258
ENSG00000120053	GOT1	3.6626	6259
ENSG00000138279	ANXA7	3.6626	6260
ENSG00000183647	ZNF530	3.6626	6261
ENSG00000139131	YARS2	3.6626	6262
ENSG00000064012	CASP8	3.6618	6263
ENSG00000104946	TBC1D17	3.6615	6264
ENSG00000131941	RHPN2	3.6612	6265
ENSG00000115282	TTC31	3.6593	6266
ENSG00000178445	GLDC	3.6572	6267
ENSG00000259330	INAFM2	3.6569	6268
ENSG00000168056	LTBP3	3.6557	6269
ENSG00000172663	TMEM134	3.6554	6270
ENSG00000181625	SLX1B	3.6546	6271
ENSG00000078967	UBE2D4	3.6545	6272
ENSG00000160606	TLCD1	3.6541	6273
ENSG00000044459	CNTLN	3.6531	6274
ENSG00000115461	IGFBP5	3.6525	6275
ENSG00000221829	FANCG	3.6507	6276
ENSG00000141384	TAF4B	3.6496	6277
ENSG00000198874	TYW1	3.6488	6278
ENSG00000115661	STK16	3.6486	6279
ENSG00000149782	PLCB3	3.6482	6280
ENSG00000260027	HOXB7	3.6477	6281
ENSG00000100890	PRORP	3.6474	6282
ENSG00000182704	TSKU	3.6471	6283
ENSG00000174460	ZCCHC12	3.6471	6284
ENSG00000106771	TMEM245	3.6467	6285
ENSG00000105290	APLP1	3.6451	6286
ENSG00000132004	FBXW9	3.6429	6287
ENSG00000164291	ARSK	3.6417	6288
ENSG00000179085	DPM3	3.6413	6289
ENSG00000148384	INPP5E	3.6411	6290
ENSG00000134775	FHOD3	3.6406	6291
ENSG00000238083	LRRC37A2	3.6405	6292
ENSG00000165275	TRMT10B	3.6404	6293
ENSG00000116266	STXBP3	3.6394	6294
ENSG00000129932	DOHH	3.6383	6295
ENSG00000157927	RADIL	3.6373	6296
ENSG00000114988	LMAN2L	3.6371	6297
ENSG00000087152	ATXN7L3	3.6371	6298
ENSG00000173517	PEAK1	3.6371	6299
ENSG00000131944	FAAP24	3.6367	6300
ENSG00000170525	PFKFB3	3.6362	6301
ENSG00000086544	ITPKC	3.6361	6302
ENSG00000109814	UGDH	3.6357	6303
ENSG00000100883	SRP54	3.6353	6304
ENSG00000164168	TMEM184C	3.6353	6305
ENSG00000155906	RMND1	3.6353	6306
ENSG00000197601	FAR1	3.6353	6307
ENSG00000156787	TBC1D31	3.6353	6308
ENSG00000182923	CEP63	3.6353	6309
ENSG00000135655	USP15	3.6353	6310
ENSG00000084710	EFR3B	3.6353	6311
ENSG00000147364	FBXO25	3.6352	6312
ENSG00000198056	PRIM1	3.6343	6313
ENSG00000106799	TGFBR1	3.6343	6314
ENSG00000198252	STYX	3.6343	6315
ENSG00000186166	CENATAC	3.6343	6316
ENSG00000157540	DYRK1A	3.6328	6317
ENSG00000278129	ZNF8	3.6278	6318
ENSG00000165288	BRWD3	3.6237	6319
ENSG00000139737	SLAIN1	3.6237	6320
ENSG00000120685	PROSER1	3.6237	6321
ENSG00000140600	SH3GL3	3.6237	6322
ENSG00000164933	SLC25A32	3.6237	6323
ENSG00000136816	TOR1B	3.6216	6324
ENSG00000128591	FLNC	3.6207	6325
ENSG00000204084	INPP5B	3.6207	6326
ENSG00000160271	RALGDS	3.6206	6327
ENSG00000177485	ZBTB33	3.6206	6328
ENSG00000178381	ZFAND2A	3.6202	6329
ENSG00000184056	VPS33B	3.6184	6330
ENSG00000090857	PDPR	3.618	6331
ENSG00000151233	GXYLT1	3.618	6332
ENSG00000144895	EIF2A	3.618	6333
ENSG00000120697	ALG5	3.618	6334
ENSG00000198860	TSEN15	3.618	6335
ENSG00000117758	STX12	3.618	6336
ENSG00000118162	KPTN	3.618	6337
ENSG00000104375	STK3	3.618	6338
ENSG00000164347	GFM2	3.618	6339
ENSG00000175279	CENPS	3.618	6340
ENSG00000125304	TM9SF2	3.618	6341
ENSG00000151500	THYN1	3.618	6342
ENSG00000102554	KLF5	3.618	6343
ENSG00000104695	PPP2CB	3.618	6344
ENSG00000144026	ZNF514	3.6166	6345
ENSG00000167264	DUS2	3.6166	6346
ENSG00000106683	LIMK1	3.6162	6347
ENSG00000184185	KCNJ12	3.6155	6348
ENSG00000041988	THAP3	3.6148	6349
ENSG00000103174	NAGPA	3.6135	6350
ENSG00000110697	PITPNM1	3.6117	6351
ENSG00000148180	GSN	3.6117	6352
ENSG00000006282	SPATA20	3.6101	6353
ENSG00000164221	CCDC112	3.6073	6354
ENSG00000087053	MTMR2	3.6073	6355
ENSG00000136603	SKIL	3.6073	6356
ENSG00000153207	AHCTF1	3.6073	6357
ENSG00000111269	CREBL2	3.6073	6358
ENSG00000100614	PPM1A	3.6073	6359
ENSG00000120509	PDZD11	3.6073	6360
ENSG00000142082	SIRT3	3.6073	6361
ENSG00000163162	RNF149	3.6073	6362
ENSG00000172239	PAIP1	3.6073	6363
ENSG00000164332	UBLCP1	3.6073	6364
ENSG00000083799	CYLD	3.6073	6365
ENSG00000144736	SHQ1	3.6073	6366
ENSG00000137463	MGARP	3.6067	6367
ENSG00000138439	FAM117B	3.6066	6368
ENSG00000115183	TANC1	3.6055	6369
ENSG00000122642	FKBP9	3.6048	6370
ENSG00000147862	NFIB	3.6042	6371
ENSG00000006118	TMEM132A	3.6023	6372
ENSG00000100731	PCNX1	3.6018	6373
ENSG00000122882	ECD	3.601	6374
ENSG00000213079	SCAF8	3.601	6375
ENSG00000115419	GLS	3.601	6376
ENSG00000063438	AHRR	3.601	6377
ENSG00000116906	GNPAT	3.601	6378
ENSG00000101546	RBFA	3.5957	6379
ENSG00000213347	MXD3	3.5955	6380
ENSG00000130449	ZSWIM6	3.5933	6381
ENSG00000136932	TRMO	3.5917	6382
ENSG00000158158	CNNM4	3.5907	6383
ENSG00000105556	MIER2	3.5891	6384
ENSG00000104957	YJU2B	3.5866	6385
ENSG00000150403	TMCO3	3.5856	6386
ENSG00000204427	ABHD16A	3.5856	6387
ENSG00000101974	ATP11C	3.5856	6388
ENSG00000250317	SMIM20	3.5852	6389
ENSG00000164741	DLC1	3.5852	6390
ENSG00000162928	PEX13	3.5847	6391
ENSG00000135040	NAA35	3.5833	6392
ENSG00000177683	THAP5	3.5833	6393
ENSG00000167106	EEIG1	3.5829	6394
ENSG00000103343	ZNF174	3.5821	6395
ENSG00000141452	RMC1	3.5814	6396
ENSG00000132781	MUTYH	3.5812	6397
ENSG00000133119	RFC3	3.5809	6398
ENSG00000173588	CEP83	3.5809	6399
ENSG00000104442	ARMC1	3.5809	6400
ENSG00000148175	STOM	3.5809	6401
ENSG00000112029	FBXO5	3.5809	6402
ENSG00000132912	DCTN4	3.5809	6403
ENSG00000100104	SRRD	3.5809	6404
ENSG00000009413	REV3L	3.5809	6405
ENSG00000164284	GRPEL2	3.5809	6406
ENSG00000169607	CKAP2L	3.5809	6407
ENSG00000184831	APOO	3.5809	6408
ENSG00000166439	RNF169	3.5809	6409
ENSG00000169018	FEM1B	3.5809	6410
ENSG00000057663	ATG5	3.5809	6411
ENSG00000188994	ZNF292	3.5809	6412
ENSG00000107140	TESK1	3.5807	6413
ENSG00000154447	SH3RF1	3.5798	6414
ENSG00000075131	TIPIN	3.5795	6415
ENSG00000013016	EHD3	3.5765	6416
ENSG00000069188	SDK2	3.5762	6417
ENSG00000136830	NIBAN2	3.5753	6418
ENSG00000198841	KTI12	3.5752	6419
ENSG00000266074	BAHCC1	3.5747	6420
ENSG00000240230	COX19	3.5725	6421
ENSG00000158470	B4GALT5	3.5722	6422
ENSG00000105516	DBP	3.5698	6423
ENSG00000105325	FZR1	3.5696	6424
ENSG00000158769	F11R	3.5688	6425
ENSG00000182985	CADM1	3.5685	6426
ENSG00000159263	SIM2	3.5669	6427
ENSG00000099814	CEP170B	3.5668	6428
ENSG00000165102	HGSNAT	3.5667	6429
ENSG00000124593		3.5656	6430
ENSG00000159596	TMEM69	3.5647	6431
ENSG00000171867	PRNP	3.5627	6432
ENSG00000240694	PNMA2	3.5622	6433
ENSG00000100528	CNIH1	3.5622	6434
ENSG00000179344	HLA-DQB1	3.5622	6435
ENSG00000075391	RASAL2	3.5622	6436
ENSG00000204576	PRR3	3.5622	6437
ENSG00000068796	KIF2A	3.5622	6438
ENSG00000123444	KBTBD4	3.5622	6439
ENSG00000172059	KLF11	3.5622	6440
ENSG00000204370	SDHD	3.5622	6441
ENSG00000102931	ARL2BP	3.5622	6442
ENSG00000198898	CAPZA2	3.5622	6443
ENSG00000102921	N4BP1	3.5622	6444
ENSG00000189067	LITAF	3.5622	6445
ENSG00000172888	ZNF621	3.5622	6446
ENSG00000196865	NHLRC2	3.5622	6447
ENSG00000008311	AASS	3.5621	6448
ENSG00000100288	CHKB	3.5586	6449
ENSG00000154727	GABPA	3.5582	6450
ENSG00000151304	SRFBP1	3.5581	6451
ENSG00000124275	MTRR	3.5556	6452
ENSG00000101004	NINL	3.5542	6453
ENSG00000177666	PNPLA2	3.5522	6454
ENSG00000197951	ZNF71	3.552	6455
ENSG00000114993	RTKN	3.5516	6456
ENSG00000198353	HOXC4	3.5512	6457
ENSG00000174080	CTSF	3.5512	6458
ENSG00000103066	PLA2G15	3.5481	6459
ENSG00000130669	PAK4	3.5479	6460
ENSG00000133111	RFXAP	3.5478	6461
ENSG00000185920	PTCH1	3.5471	6462
ENSG00000166140	ZFYVE19	3.5462	6463
ENSG00000142655	PEX14	3.5462	6464
ENSG00000142330	CAPN10	3.5457	6465
ENSG00000187764	SEMA4D	3.5452	6466
ENSG00000110057	UNC93B1	3.5451	6467
ENSG00000160050	CCDC28B	3.545	6468
ENSG00000182568	SATB1	3.5436	6469
ENSG00000221838	AP4M1	3.5431	6470
ENSG00000095321	CRAT	3.5422	6471
ENSG00000076662	ICAM3	3.5422	6472
ENSG00000113734	BNIP1	3.5421	6473
ENSG00000103479	RBL2	3.542	6474
ENSG00000068078	FGFR3	3.5382	6475
ENSG00000169504	CLIC4	3.5378	6476
ENSG00000139354	GAS2L3	3.5377	6477
ENSG00000137338	PGBD1	3.5373	6478
ENSG00000124074	ENKD1	3.5355	6479
ENSG00000106537	TSPAN13	3.5353	6480
ENSG00000102753	KPNA3	3.5353	6481
ENSG00000168785	TSPAN5	3.5353	6482
ENSG00000111877	MCM9	3.5353	6483
ENSG00000114120	SLC25A36	3.5353	6484
ENSG00000221944	TIGD1	3.5353	6485
ENSG00000120063	GNA13	3.5353	6486
ENSG00000135999	EPC2	3.5353	6487
ENSG00000152061	RABGAP1L	3.5353	6488
ENSG00000006459	KDM7A	3.5353	6489
ENSG00000135297	MTO1	3.5353	6490
ENSG00000102034	ELF4	3.5353	6491
ENSG00000089050	RBBP9	3.5353	6492
ENSG00000180376	CCDC66	3.5353	6493
ENSG00000048028	USP28	3.5353	6494
ENSG00000107938	EDRF1	3.5353	6495
ENSG00000155329	ZCCHC10	3.5353	6496
ENSG00000073417	PDE8A	3.5353	6497
ENSG00000101577	LPIN2	3.5353	6498
ENSG00000021574	SPAST	3.5353	6499
ENSG00000120699	EXOSC8	3.5353	6500
ENSG00000114790	ARHGEF26	3.5353	6501
ENSG00000067208	EVI5	3.5353	6502
ENSG00000010017	RANBP9	3.5353	6503
ENSG00000079387	SENP1	3.5353	6504
ENSG00000109381	ELF2	3.5353	6505
ENSG00000121957	GPSM2	3.5353	6506
ENSG00000171160	MORN4	3.5343	6507
ENSG00000136854	STXBP1	3.5311	6508
ENSG00000151849	CENPJ	3.5304	6509
ENSG00000183665	TRMT12	3.5286	6510
ENSG00000127452	FBXL12	3.5276	6511
ENSG00000139163	ETNK1	3.5269	6512
ENSG00000162695	SLC30A7	3.5267	6513
ENSG00000054793	ATP9A	3.5232	6514
ENSG00000100629	CEP128	3.5231	6515
ENSG00000088367	EPB41L1	3.5217	6516
ENSG00000204160	ZDHHC18	3.5211	6517
ENSG00000169136	ATF5	3.5211	6518
ENSG00000177595	PIDD1	3.5211	6519
ENSG00000110011	DNAJC4	3.521	6520
ENSG00000133678	TMEM254	3.5207	6521
ENSG00000029639	TFB1M	3.5183	6522
ENSG00000268043	NBPF12	3.5183	6523
ENSG00000107651	SEC23IP	3.5183	6524
ENSG00000108423	TUBD1	3.5183	6525
ENSG00000073969	NSF	3.5183	6526
ENSG00000120093	HOXB3	3.5183	6527
ENSG00000069956	MAPK6	3.5183	6528
ENSG00000157181	ODR4	3.5168	6529
ENSG00000183474	GTF2H2C	3.5157	6530
ENSG00000162929	SANBR	3.5147	6531
ENSG00000189227	C15orf61	3.5122	6532
ENSG00000100246	DNAL4	3.5106	6533
ENSG00000103150	MLYCD	3.5087	6534
ENSG00000157483	MYO1E	3.5081	6535
ENSG00000079102	RUNX1T1	3.5072	6536
ENSG00000177469	CAVIN1	3.5069	6537
ENSG00000068615	REEP1	3.5062	6538
ENSG00000169964	TMEM42	3.5062	6539
ENSG00000168795	ZBTB5	3.5055	6540
ENSG00000067836	ROGDI	3.5034	6541
ENSG00000215784	FAM72D	3.5032	6542
ENSG00000115414	FN1	3.5017	6543
ENSG00000196177	ACADSB	3.5	6544
ENSG00000182362	YBEY	3.4983	6545
ENSG00000087884	AAMDC	3.4981	6546
ENSG00000133056	PIK3C2B	3.4972	6547
ENSG00000160191	PDE9A	3.4953	6548
ENSG00000155850	SLC26A2	3.4936	6549
ENSG00000138182	KIF20B	3.493	6550
ENSG00000140455	USP3	3.4916	6551
ENSG00000232119	MCTS1	3.4916	6552
ENSG00000102893	PHKB	3.4916	6553
ENSG00000181472	ZBTB2	3.4916	6554
ENSG00000136982	DSCC1	3.4916	6555
ENSG00000141378	PTRH2	3.4916	6556
ENSG00000175868	CALCB	3.4916	6557
ENSG00000152700	SAR1B	3.4916	6558
ENSG00000203778	FAM229B	3.4916	6559
ENSG00000158186	MRAS	3.4916	6560
ENSG00000171566	PLRG1	3.4916	6561
ENSG00000185009	AP3M1	3.4916	6562
ENSG00000110841	PPFIBP1	3.4916	6563
ENSG00000198522	GPN1	3.4916	6564
ENSG00000055208	TAB2	3.4916	6565
ENSG00000164684	ZNF704	3.4916	6566
ENSG00000102471	NDFIP2	3.4916	6567
ENSG00000110066	KMT5B	3.4916	6568
ENSG00000272772		3.4916	6569
ENSG00000104723	TUSC3	3.4916	6570
ENSG00000168615	ADAM9	3.4907	6571
ENSG00000063180	CA11	3.4906	6572
ENSG00000112877	CEP72	3.4901	6573
ENSG00000165300	SLITRK5	3.4874	6574
ENSG00000065989	PDE4A	3.4869	6575
ENSG00000284753	EEF1AKMT4	3.4857	6576
ENSG00000152952	PLOD2	3.4857	6577
ENSG00000205220	PSMB10	3.4847	6578
ENSG00000132694	ARHGEF11	3.4834	6579
ENSG00000134109	EDEM1	3.4833	6580
ENSG00000162032	SPSB3	3.4832	6581
ENSG00000157570	TSPAN18	3.4813	6582
ENSG00000147789	ZNF7	3.4812	6583
ENSG00000178096	BOLA1	3.4809	6584
ENSG00000123352	SPATS2	3.4808	6585
ENSG00000116095	PLEKHA3	3.4808	6586
ENSG00000107758	PPP3CB	3.4808	6587
ENSG00000119912	IDE	3.4808	6588
ENSG00000100167	SEPTIN3	3.4808	6589
ENSG00000046647	GEMIN8	3.4808	6590
ENSG00000121931	LRIF1	3.4808	6591
ENSG00000074603	DPP8	3.4808	6592
ENSG00000163743	RCHY1	3.4808	6593
ENSG00000170185	USP38	3.4808	6594
ENSG00000100644	HIF1A	3.4808	6595
ENSG00000004866	ST7	3.4808	6596
ENSG00000166881	NEMP1	3.4808	6597
ENSG00000147905	ZCCHC7	3.4808	6598
ENSG00000136738	STAM	3.4808	6599
ENSG00000125753	VASP	3.4802	6600
ENSG00000062194	GPBP1	3.4798	6601
ENSG00000146414	SHPRH	3.4798	6602
ENSG00000101911	PRPS2	3.4798	6603
ENSG00000103248	MTHFSD	3.4793	6604
ENSG00000134461	ANKRD16	3.479	6605
ENSG00000172375	C2CD2L	3.4782	6606
ENSG00000225830	ERCC6	3.4776	6607
ENSG00000058453	CROCC	3.4771	6608
ENSG00000198466	ZNF587	3.4758	6609
ENSG00000166398	GARRE1	3.4742	6610
ENSG00000130158	DOCK6	3.4737	6611
ENSG00000011426	ANLN	3.4737	6612
ENSG00000167395	ZNF646	3.4736	6613
ENSG00000135482	ZC3H10	3.4736	6614
ENSG00000177380	PPFIA3	3.4733	6615
ENSG00000113196	HAND1	3.4731	6616
ENSG00000136630	HLX	3.4731	6617
ENSG00000213516	RBMXL1	3.473	6618
ENSG00000169359	SLC33A1	3.4719	6619
ENSG00000278817		3.4717	6620
ENSG00000132570	PCBD2	3.4709	6621
ENSG00000101442	ACTR5	3.4696	6622
ENSG00000088808	PPP1R13B	3.4671	6623
ENSG00000171444	MCC	3.4667	6624
ENSG00000130699	TAF4	3.4663	6625
ENSG00000197696	NMB	3.4657	6626
ENSG00000133169	BEX1	3.4652	6627
ENSG00000196453	ZNF777	3.4631	6628
ENSG00000061273	HDAC7	3.4627	6629
ENSG00000092036	HAUS4	3.4627	6630
ENSG00000129911	KLF16	3.4626	6631
ENSG00000087008	ACOX3	3.4612	6632
ENSG00000140398	NEIL1	3.461	6633
ENSG00000101000	PROCR	3.4609	6634
ENSG00000136840	ST6GALNAC4	3.4607	6635
ENSG00000104870	FCGRT	3.4607	6636
ENSG00000204673	AKT1S1	3.4593	6637
ENSG00000161558	TMEM143	3.4583	6638
ENSG00000179021	C3orf38	3.4569	6639
ENSG00000169490	TM2D2	3.4569	6640
ENSG00000175376	EIF1AD	3.4569	6641
ENSG00000173214	MFSD4B	3.4546	6642
ENSG00000117477	CCDC181	3.4525	6643
ENSG00000186522	SEPTIN10	3.4517	6644
ENSG00000033030	ZCCHC8	3.4517	6645
ENSG00000183655	KLHL25	3.4517	6646
ENSG00000164543	STK17A	3.4507	6647
ENSG00000101104	PABPC1L	3.4504	6648
ENSG00000144118	RALB	3.4501	6649
ENSG00000145982	FARS2	3.4478	6650
ENSG00000095739	BAMBI	3.4477	6651
ENSG00000076641	PAG1	3.4477	6652
ENSG00000113658	SMAD5	3.4477	6653
ENSG00000145354	CISD2	3.4477	6654
ENSG00000120798	NR2C1	3.4477	6655
ENSG00000285589		3.4462	6656
ENSG00000149743	TRPT1	3.4462	6657
ENSG00000145390	USP53	3.4458	6658
ENSG00000169258	GPRIN1	3.4455	6659
ENSG00000128791	TWSG1	3.4455	6660
ENSG00000216490	IFI30	3.4455	6661
ENSG00000157869	RAB28	3.4437	6662
ENSG00000122691	TWIST1	3.4426	6663
ENSG00000143126	CELSR2	3.4426	6664
ENSG00000156136	DCK	3.4401	6665
ENSG00000164494	PDSS2	3.4401	6666
ENSG00000133216	EPHB2	3.4397	6667
ENSG00000244165	P2RY11	3.4392	6668
ENSG00000175764	TTLL11	3.4372	6669
ENSG00000198324	PHETA1	3.4363	6670
ENSG00000178752	ERFE	3.4362	6671
ENSG00000143303	METTL25B	3.4361	6672
ENSG00000163510	CWC22	3.4356	6673
ENSG00000126705	AHDC1	3.4353	6674
ENSG00000103642	LACTB	3.4353	6675
ENSG00000165417	GTF2A1	3.4353	6676
ENSG00000165389	SPTSSA	3.4353	6677
ENSG00000107443	CCNJ	3.4353	6678
ENSG00000111817	DSE	3.4353	6679
ENSG00000215114	UBXN2B	3.4353	6680
ENSG00000109670	FBXW7	3.4353	6681
ENSG00000154429	CCSAP	3.4353	6682
ENSG00000119787	ATL2	3.4353	6683
ENSG00000143363	PRUNE1	3.4353	6684
ENSG00000083544	TDRD3	3.4353	6685
ENSG00000178409	BEND3	3.4353	6686
ENSG00000113163	CERT1	3.4353	6687
ENSG00000101901	ALG13	3.4353	6688
ENSG00000119977	TCTN3	3.4353	6689
ENSG00000118985	ELL2	3.4353	6690
ENSG00000021776	AQR	3.4353	6691
ENSG00000146282	RARS2	3.4353	6692
ENSG00000140396	NCOA2	3.4353	6693
ENSG00000181315	ZNF322	3.4353	6694
ENSG00000185808	PIGP	3.4353	6695
ENSG00000145860	RNF145	3.4353	6696
ENSG00000102805	CLN5	3.4353	6697
ENSG00000129518	EAPP	3.4353	6698
ENSG00000101343	CRNKL1	3.4351	6699
ENSG00000198799	LRIG2	3.4338	6700
ENSG00000205189	ZBTB10	3.4302	6701
ENSG00000186318	BACE1	3.4296	6702
ENSG00000105245	NUMBL	3.4237	6703
ENSG00000165495	PKNOX2	3.423	6704
ENSG00000115226	FNDC4	3.4225	6705
ENSG00000146112	PPP1R18	3.4218	6706
ENSG00000171224	FAM241B	3.4218	6707
ENSG00000115425	PECR	3.4215	6708
ENSG00000185900	POMK	3.4197	6709
ENSG00000174197	MGA	3.4182	6710
ENSG00000151240	DIP2C	3.4182	6711
ENSG00000196636	SDHAF3	3.4182	6712
ENSG00000100372	SLC25A17	3.4182	6713
ENSG00000055147	FAM114A2	3.4182	6714
ENSG00000171517	LPAR3	3.4171	6715
ENSG00000141179	PCTP	3.4153	6716
ENSG00000132849	PATJ	3.415	6717
ENSG00000204564	C6orf136	3.415	6718
ENSG00000141564	RPTOR	3.4133	6719
ENSG00000176390	CRLF3	3.4127	6720
ENSG00000105662	CRTC1	3.4108	6721
ENSG00000115750	TAF1B	3.4108	6722
ENSG00000150455	TIRAP	3.4095	6723
ENSG00000164638	SLC29A4	3.4095	6724
ENSG00000169914	OTUD3	3.4092	6725
ENSG00000102189	EEA1	3.4088	6726
ENSG00000122126	OCRL	3.4088	6727
ENSG00000118260	CREB1	3.4088	6728
ENSG00000110422	HIPK3	3.4088	6729
ENSG00000174442	ZWILCH	3.4088	6730
ENSG00000007341	ST7L	3.4088	6731
ENSG00000179152	TCAIM	3.4088	6732
ENSG00000153339	TRAPPC8	3.4088	6733
ENSG00000167315	ACAA2	3.4088	6734
ENSG00000151239	TWF1	3.4088	6735
ENSG00000106588	PSMA2	3.4088	6736
ENSG00000133703	KRAS	3.4088	6737
ENSG00000060749	QSER1	3.4088	6738
ENSG00000104133	SPG11	3.4088	6739
ENSG00000131374	TBC1D5	3.4088	6740
ENSG00000134900	TPP2	3.4088	6741
ENSG00000116991	SIPA1L2	3.4088	6742
ENSG00000155330	C16orf87	3.4088	6743
ENSG00000003393	ALS2	3.4088	6744
ENSG00000158019	BABAM2	3.4088	6745
ENSG00000152601	MBNL1	3.4088	6746
ENSG00000139531	SUOX	3.4088	6747
ENSG00000149269	PAK1	3.4088	6748
ENSG00000123219	CENPK	3.4088	6749
ENSG00000111300	NAA25	3.4088	6750
ENSG00000213281	NRAS	3.4088	6751
ENSG00000171988	JMJD1C	3.4088	6752
ENSG00000159063	ALG8	3.4088	6753
ENSG00000213625	LEPROT	3.4088	6754
ENSG00000137806	NDUFAF1	3.4088	6755
ENSG00000124762	CDKN1A	3.4088	6756
ENSG00000088826	SMOX	3.4063	6757
ENSG00000258947	TUBB3	3.4062	6758
ENSG00000157827	FMNL2	3.4058	6759
ENSG00000140265	ZSCAN29	3.4058	6760
ENSG00000143622	RIT1	3.4048	6761
ENSG00000141401	IMPA2	3.4043	6762
ENSG00000130589	HELZ2	3.4031	6763
ENSG00000085276	MECOM	3.4001	6764
ENSG00000088899	LZTS3	3.3993	6765
ENSG00000166925	TSC22D4	3.3987	6766
ENSG00000166987	MBD6	3.3983	6767
ENSG00000108960	MMD	3.3982	6768
ENSG00000121897	LIAS	3.3981	6769
ENSG00000174516	PELI3	3.3948	6770
ENSG00000163686	ABHD6	3.3937	6771
ENSG00000144857	BOC	3.393	6772
ENSG00000173334	TRIB1	3.3927	6773
ENSG00000181666	ZNF875	3.3927	6774
ENSG00000151116	UEVLD	3.3909	6775
ENSG00000136152	COG3	3.3909	6776
ENSG00000136848	DAB2IP	3.3906	6777
ENSG00000128654	MTX2	3.3901	6778
ENSG00000184661	CDCA2	3.3901	6779
ENSG00000132581	SDF2	3.3901	6780
ENSG00000109654	TRIM2	3.3901	6781
ENSG00000158636	EMSY	3.3901	6782
ENSG00000109911	ELP4	3.3901	6783
ENSG00000163607	GTPBP8	3.3901	6784
ENSG00000196323	ZBTB44	3.3901	6785
ENSG00000158457	TSPAN33	3.3888	6786
ENSG00000198276	UCKL1	3.3887	6787
ENSG00000115325	DOK1	3.3887	6788
ENSG00000177548	RABEP2	3.3887	6789
ENSG00000159184	HOXB13	3.3886	6790
ENSG00000183889	NPIPA6	3.3883	6791
ENSG00000006740	ARHGAP44	3.3883	6792
ENSG00000138829	FBN2	3.3883	6793
ENSG00000196118	CFAP119	3.3846	6794
ENSG00000198746	GPATCH3	3.3838	6795
ENSG00000165832	TRUB1	3.3824	6796
ENSG00000022976	ZNF839	3.3822	6797
ENSG00000135953	MFSD9	3.3817	6798
ENSG00000176834	VSIG10	3.3798	6799
ENSG00000159753	CARMIL2	3.3795	6800
ENSG00000213221	DNLZ	3.3788	6801
ENSG00000181045	SLC26A11	3.3781	6802
ENSG00000106049	HIBADH	3.3757	6803
ENSG00000130544	ZNF557	3.3751	6804
ENSG00000111653	ING4	3.3746	6805
ENSG00000164535	DAGLB	3.3733	6806
ENSG00000111252	SH2B3	3.3723	6807
ENSG00000064932	SBNO2	3.3723	6808
ENSG00000181027	FKRP	3.3701	6809
ENSG00000139725	RHOF	3.3682	6810
ENSG00000090924	PLEKHG2	3.3678	6811
ENSG00000106066	CPVL	3.3653	6812
ENSG00000011021	CLCN6	3.3651	6813
ENSG00000101187	SLCO4A1	3.3649	6814
ENSG00000144747	TMF1	3.3649	6815
ENSG00000113732	ATP6V0E1	3.3649	6816
ENSG00000136231	IGF2BP3	3.3649	6817
ENSG00000135837	CEP350	3.3649	6818
ENSG00000153767	GTF2E1	3.3649	6819
ENSG00000144161	ZC3H8	3.3649	6820
ENSG00000155975	VPS37A	3.3649	6821
ENSG00000166340	TPP1	3.3649	6822
ENSG00000130054	NALF2	3.3623	6823
ENSG00000133250	ZNF414	3.3617	6824
ENSG00000224470	ATXN1L	3.3583	6825
ENSG00000162614	NEXN	3.3583	6826
ENSG00000056998	GYG2	3.3577	6827
ENSG00000158792	SPATA2L	3.3558	6828
ENSG00000147118	ZNF182	3.3558	6829
ENSG00000166532	RIMKLB	3.3557	6830
ENSG00000196843	ARID5A	3.3556	6831
ENSG00000166444	DENND2B	3.3552	6832
ENSG00000151612	ZNF827	3.3552	6833
ENSG00000196535	MYO18A	3.3549	6834
ENSG00000171862	PTEN	3.3544	6835
ENSG00000087842	PIR	3.3544	6836
ENSG00000112367	FIG4	3.3544	6837
ENSG00000132326	PER2	3.3512	6838
ENSG00000197375	SLC22A5	3.3507	6839
ENSG00000111961	SASH1	3.3507	6840
ENSG00000160326	SLC2A6	3.3499	6841
ENSG00000109255	NMU	3.3498	6842
ENSG00000221823	PPP3R1	3.3488	6843
ENSG00000129480	DTD2	3.3481	6844
ENSG00000165948	IFI27L1	3.3477	6845
ENSG00000101052	IFT52	3.3476	6846
ENSG00000137812	KNL1	3.3476	6847
ENSG00000065060	BLTP3A	3.3476	6848
ENSG00000103351	CLUAP1	3.3476	6849
ENSG00000138663	COPS4	3.3476	6850
ENSG00000111581	NUP107	3.3476	6851
ENSG00000162458	FBLIM1	3.3476	6852
ENSG00000165996	HACD1	3.3476	6853
ENSG00000072849	DERL2	3.3476	6854
ENSG00000135749	PCNX2	3.3476	6855
ENSG00000124596	OARD1	3.3476	6856
ENSG00000124225	PMEPA1	3.3467	6857
ENSG00000120129	DUSP1	3.3464	6858
ENSG00000197774	EME2	3.3462	6859
ENSG00000163877	SNIP1	3.3453	6860
ENSG00000114646	CSPG5	3.3453	6861
ENSG00000163040	CCDC74A	3.3447	6862
ENSG00000170017	ALCAM	3.3447	6863
ENSG00000112406	HECA	3.3447	6864
ENSG00000124104	SNX21	3.3441	6865
ENSG00000205643	CDPF1	3.3434	6866
ENSG00000261052	SULT1A3	3.3431	6867
ENSG00000163710	PCOLCE2	3.3419	6868
ENSG00000197037	ZSCAN25	3.3412	6869
ENSG00000109536	FRG1	3.3407	6870
ENSG00000048342	CC2D2A	3.3406	6871
ENSG00000101216	GMEB2	3.3406	6872
ENSG00000122592	HOXA7	3.3383	6873
ENSG00000165626	BEND7	3.3369	6874
ENSG00000168005	SPINDOC	3.3342	6875
ENSG00000148400	NOTCH1	3.3342	6876
ENSG00000139629	GALNT6	3.3342	6877
ENSG00000115145	STAM2	3.3341	6878
ENSG00000174132	FAM174A	3.3336	6879
ENSG00000003989	SLC7A2	3.3336	6880
ENSG00000186197	EDARADD	3.3325	6881
ENSG00000196352	CD55	3.3307	6882
ENSG00000183722	LHFPL6	3.3299	6883
ENSG00000072682	P4HA2	3.3293	6884
ENSG00000085978	ATG16L1	3.3284	6885
ENSG00000136044	APPL2	3.3282	6886
ENSG00000185513	L3MBTL1	3.3258	6887
ENSG00000128266	GNAZ	3.3245	6888
ENSG00000149499	EML3	3.3241	6889
ENSG00000196562	SULF2	3.3241	6890
ENSG00000151746	BICD1	3.3238	6891
ENSG00000149639	MTCL2	3.3238	6892
ENSG00000168806	LCMT2	3.3217	6893
ENSG00000153982	GDPD1	3.3217	6894
ENSG00000184349	EFNA5	3.3196	6895
ENSG00000126787	DLGAP5	3.3196	6896
ENSG00000137876	RSL24D1	3.3196	6897
ENSG00000144036	EXOC6B	3.3196	6898
ENSG00000171574	ZNF584	3.3196	6899
ENSG00000106355	LSM5	3.3196	6900
ENSG00000148634	HERC4	3.3196	6901
ENSG00000133858	ZFC3H1	3.3196	6902
ENSG00000185658	BRWD1	3.3196	6903
ENSG00000038210	PI4K2B	3.3178	6904
ENSG00000159884	CCDC107	3.3171	6905
ENSG00000215041	NEURL4	3.3142	6906
ENSG00000104899	AMH	3.3136	6907
ENSG00000165434	PGM2L1	3.3134	6908
ENSG00000127870	RNF6	3.3123	6909
ENSG00000110400	NECTIN1	3.3113	6910
ENSG00000139910	NOVA1	3.3088	6911
ENSG00000136754	ABI1	3.3088	6912
ENSG00000114933	INO80D	3.3088	6913
ENSG00000143970	ASXL2	3.3088	6914
ENSG00000139620	KANSL2	3.3088	6915
ENSG00000145725	PPIP5K2	3.3088	6916
ENSG00000197594	ENPP1	3.3088	6917
ENSG00000070159	PTPN3	3.3088	6918
ENSG00000172339	ALG14	3.3088	6919
ENSG00000143153	ATP1B1	3.3088	6920
ENSG00000164961	WASHC5	3.3088	6921
ENSG00000196712	NF1	3.3088	6922
ENSG00000158402	CDC25C	3.3088	6923
ENSG00000184445	KNTC1	3.3088	6924
ENSG00000171606	ZNF274	3.3088	6925
ENSG00000116679	IVNS1ABP	3.3088	6926
ENSG00000106086	PLEKHA8	3.3088	6927
ENSG00000107362	ABHD17B	3.3088	6928
ENSG00000157045	NTAN1	3.3088	6929
ENSG00000102897	LYRM1	3.3088	6930
ENSG00000163625	WDFY3	3.3088	6931
ENSG00000115947	ORC4	3.3088	6932
ENSG00000121211	MND1	3.3088	6933
ENSG00000181038	METTL23	3.3088	6934
ENSG00000106477	CEP41	3.3088	6935
ENSG00000196792	STRN3	3.3088	6936
ENSG00000125962	ARMCX5	3.3088	6937
ENSG00000108094	CUL2	3.3088	6938
ENSG00000134056	KGD4	3.3088	6939
ENSG00000162971	TYW5	3.3088	6940
ENSG00000139687	RB1	3.3088	6941
ENSG00000163935	SFMBT1	3.3088	6942
ENSG00000130147	SH3BP4	3.3088	6943
ENSG00000137509	PRCP	3.3088	6944
ENSG00000089876	DHX32	3.3088	6945
ENSG00000187866	PABIR1	3.3088	6946
ENSG00000109189	USP46	3.3088	6947
ENSG00000137103	TMEM8B	3.3088	6948
ENSG00000138336	TET1	3.3088	6949
ENSG00000147144	CCDC120	3.3088	6950
ENSG00000144320	LNPK	3.3088	6951
ENSG00000144893	MED12L	3.3088	6952
ENSG00000129173	E2F8	3.3088	6953
ENSG00000198794	SCAMP5	3.3078	6954
ENSG00000197355	UAP1L1	3.3078	6955
ENSG00000172828	CES3	3.3071	6956
ENSG00000169554	ZEB2	3.3071	6957
ENSG00000008853	RHOBTB2	3.3043	6958
ENSG00000099308	MAST3	3.3037	6959
ENSG00000145375	AFG2A	3.3037	6960
ENSG00000064651	SLC12A2	3.3033	6961
ENSG00000214367	HAUS3	3.3033	6962
ENSG00000178904	DPY19L3	3.3031	6963
ENSG00000203867	RBM20	3.3027	6964
ENSG00000176842	IRX5	3.3002	6965
ENSG00000134250	NOTCH2	3.3	6966
ENSG00000028116	VRK2	3.2983	6967
ENSG00000167778	SPRYD3	3.2967	6968
ENSG00000149150	SLC43A1	3.2967	6969
ENSG00000138032	PPM1B	3.2932	6970
ENSG00000197122	SRC	3.2932	6971
ENSG00000197119	SLC25A29	3.293	6972
ENSG00000108679	LGALS3BP	3.2928	6973
ENSG00000151065	DCP1B	3.2918	6974
ENSG00000180773	SLC36A4	3.2918	6975
ENSG00000131023	LATS1	3.2918	6976
ENSG00000253352	TUG1	3.2918	6977
ENSG00000133114	GPALPP1	3.2918	6978
ENSG00000112394	SLC16A10	3.2918	6979
ENSG00000155592	ZKSCAN2	3.2918	6980
ENSG00000196455	PIK3R4	3.2918	6981
ENSG00000119013	NDUFB3	3.2918	6982
ENSG00000143702	CEP170	3.2918	6983
ENSG00000105701	FKBP8	3.2891	6984
ENSG00000198208	RPS6KL1	3.2879	6985
ENSG00000203995	ZYG11A	3.2874	6986
ENSG00000156875	MFSD14A	3.2874	6987
ENSG00000080986	NDC80	3.2869	6988
ENSG00000160293	VAV2	3.2866	6989
ENSG00000090674	MCOLN1	3.2866	6990
ENSG00000158122	PRXL2C	3.2864	6991
ENSG00000198912	C1orf174	3.2853	6992
ENSG00000137726	FXYD6	3.2851	6993
ENSG00000104976	SNAPC2	3.2835	6994
ENSG00000158163	DZIP1L	3.2833	6995
ENSG00000175906	ARL4D	3.2832	6996
ENSG00000213722	DDAH2	3.282	6997
ENSG00000143333	RGS16	3.2809	6998
ENSG00000182325	FBXL6	3.2767	6999
ENSG00000185730	ZNF696	3.2761	7000
ENSG00000118200	CAMSAP2	3.2757	7001
ENSG00000196968	FUT11	3.2728	7002
ENSG00000152229	PSTPIP2	3.2728	7003
ENSG00000064687	ABCA7	3.272	7004
ENSG00000127419	TMEM175	3.2712	7005
ENSG00000173548	SNX33	3.2703	7006
ENSG00000066468	FGFR2	3.2703	7007
ENSG00000018699	TTC27	3.2703	7008
ENSG00000081014	AP4E1	3.2683	7009
ENSG00000196739	COL27A1	3.2676	7010
ENSG00000039123	MTREX	3.2672	7011
ENSG00000185236	RAB11B	3.2658	7012
ENSG00000144134	RABL2A	3.2656	7013
ENSG00000123240	OPTN	3.2654	7014
ENSG00000189308	LIN54	3.2649	7015
ENSG00000163608	NEPRO	3.2649	7016
ENSG00000151292	CSNK1G3	3.2649	7017
ENSG00000181915	ADO	3.2649	7018
ENSG00000198843	SELENOT	3.2649	7019
ENSG00000021355	SERPINB1	3.2649	7020
ENSG00000138777	PPA2	3.2649	7021
ENSG00000117625	RCOR3	3.2649	7022
ENSG00000139370	SLC15A4	3.2649	7023
ENSG00000024526	DEPDC1	3.2649	7024
ENSG00000144746	ARL6IP5	3.2649	7025
ENSG00000169967	MAP3K2	3.2649	7026
ENSG00000153933	DGKE	3.2649	7027
ENSG00000040341	STAU2	3.2649	7028
ENSG00000134996	OSTF1	3.2649	7029
ENSG00000135473	PAN2	3.2649	7030
ENSG00000105829	BET1	3.2649	7031
ENSG00000164323	CFAP97	3.2649	7032
ENSG00000104691	UBXN8	3.2649	7033
ENSG00000103707	MTFMT	3.2649	7034
ENSG00000169446	MMGT1	3.2649	7035
ENSG00000112144	CILK1	3.2649	7036
ENSG00000172380	GNG12	3.2649	7037
ENSG00000104147	OIP5	3.2649	7038
ENSG00000138180	CEP55	3.2649	7039
ENSG00000165630	PRPF18	3.2639	7040
ENSG00000132846	ZBED3	3.2624	7041
ENSG00000175344	CHRNA7	3.2619	7042
ENSG00000158062	UBXN11	3.2613	7043
ENSG00000099860	GADD45B	3.2611	7044
ENSG00000169604	ANTXR1	3.2603	7045
ENSG00000161956	SENP3	3.2596	7046
ENSG00000116396	KCNC4	3.2573	7047
ENSG00000101745	ANKRD12	3.2572	7048
ENSG00000070614	NDST1	3.2563	7049
ENSG00000128973	CLN6	3.2563	7050
ENSG00000187535	IFT140	3.2557	7051
ENSG00000162522	NHSL3	3.2553	7052
ENSG00000099785	MARCHF2	3.2543	7053
ENSG00000104936	DMPK	3.2533	7054
ENSG00000118640	VAMP8	3.2503	7055
ENSG00000160055	TMEM234	3.2498	7056
ENSG00000198435	NRARP	3.2493	7057
ENSG00000135124	P2RX4	3.247	7058
ENSG00000099889	ARVCF	3.2467	7059
ENSG00000180340	FZD2	3.2451	7060
ENSG00000188917	TRMT2B	3.2438	7061
ENSG00000127418	FGFRL1	3.2433	7062
ENSG00000146232	NFKBIE	3.2429	7063
ENSG00000198624	CCDC69	3.2427	7064
ENSG00000137494	ANKRD42	3.2398	7065
ENSG00000148842	CNNM2	3.2392	7066
ENSG00000118257	NRP2	3.2392	7067
ENSG00000135736	CCDC102A	3.2392	7068
ENSG00000115884	SDC1	3.2391	7069
ENSG00000123388	HOXC11	3.2383	7070
ENSG00000136490	LIMD2	3.2369	7071
ENSG00000168280	KIF5C	3.2368	7072
ENSG00000168803	ADAL	3.2368	7073
ENSG00000154814	OXNAD1	3.2368	7074
ENSG00000164074	ABHD18	3.2368	7075
ENSG00000156671	SAMD8	3.2368	7076
ENSG00000085491	SLC25A24	3.2368	7077
ENSG00000134986	NREP	3.2368	7078
ENSG00000127952	STYXL1	3.2368	7079
ENSG00000213186	TRIM59	3.2368	7080
ENSG00000155744	HYCC2	3.2368	7081
ENSG00000138646	HERC5	3.2368	7082
ENSG00000152642	GPD1L	3.2368	7083
ENSG00000198824	CHAMP1	3.2368	7084
ENSG00000185238	PRMT3	3.2368	7085
ENSG00000140025	EFCAB11	3.2368	7086
ENSG00000177427	MIEF2	3.2368	7087
ENSG00000062716	VMP1	3.2368	7088
ENSG00000140022	STON2	3.2368	7089
ENSG00000180776	ZDHHC20	3.2368	7090
ENSG00000180979	LRRC57	3.2368	7091
ENSG00000155111	CDK19	3.2368	7092
ENSG00000159921	GNE	3.2368	7093
ENSG00000106789	CORO2A	3.2364	7094
ENSG00000133818	RRAS2	3.2358	7095
ENSG00000131089	ARHGEF9	3.2358	7096
ENSG00000123684	LPGAT1	3.2358	7097
ENSG00000123191	ATP7B	3.2339	7098
ENSG00000110080	ST3GAL4	3.2328	7099
ENSG00000074266	EED	3.2324	7100
ENSG00000095397	WHRN	3.2322	7101
ENSG00000141068	KSR1	3.2293	7102
ENSG00000163624	CDS1	3.2293	7103
ENSG00000174233	ADCY6	3.2287	7104
ENSG00000267796	LIN37	3.2282	7105
ENSG00000139835	GRTP1	3.227	7106
ENSG00000167799	NUDT8	3.224	7107
ENSG00000167182	SP2	3.224	7108
ENSG00000171492	LRRC8D	3.2228	7109
ENSG00000032219	ARID4A	3.2228	7110
ENSG00000196456	ZNF775	3.2228	7111
ENSG00000100916	BRMS1L	3.2219	7112
ENSG00000198380	GFPT1	3.2212	7113
ENSG00000128872	TMOD2	3.2212	7114
ENSG00000128699	ORMDL1	3.2212	7115
ENSG00000152256	PDK1	3.2212	7116
ENSG00000171956	FOXB1	3.2212	7117
ENSG00000162869	PPP1R21	3.2212	7118
ENSG00000119900	OGFRL1	3.2212	7119
ENSG00000005059	MCUB	3.2212	7120
ENSG00000027697	IFNGR1	3.2212	7121
ENSG00000168916	ZNF608	3.2212	7122
ENSG00000141446	ESCO1	3.2212	7123
ENSG00000118246	FASTKD2	3.2212	7124
ENSG00000253276	CCDC71L	3.2205	7125
ENSG00000157353	FCSK	3.2198	7126
ENSG00000088812	ATRN	3.2172	7127
ENSG00000175093	SPSB4	3.2168	7128
ENSG00000118197	DDX59	3.2159	7129
ENSG00000123146	ADGRE5	3.2157	7130
ENSG00000152284	TCF7L1	3.2144	7131
ENSG00000157833	GAREM2	3.2137	7132
ENSG00000188211	NCR3LG1	3.2123	7133
ENSG00000099992	TBC1D10A	3.2122	7134
ENSG00000126858	RHOT1	3.2119	7135
ENSG00000105738	SIPA1L3	3.2116	7136
ENSG00000126091	ST3GAL3	3.2106	7137
ENSG00000065923	SLC9A7	3.2083	7138
ENSG00000148120	AOPEP	3.2079	7139
ENSG00000164465	DCBLD1	3.2064	7140
ENSG00000100478	AP4S1	3.2058	7141
ENSG00000025434	NR1H3	3.2055	7142
ENSG00000141012	GALNS	3.205	7143
ENSG00000097046	CDC7	3.2047	7144
ENSG00000128596	CCDC136	3.2033	7145
ENSG00000130751	NPAS1	3.2032	7146
ENSG00000074047	GLI2	3.2032	7147
ENSG00000139977	NAA30	3.2017	7148
ENSG00000145545	SRD5A1	3.1968	7149
ENSG00000150551	LYPD1	3.1927	7150
ENSG00000105643	ARRDC2	3.1914	7151
ENSG00000179820	MYADM	3.191	7152
ENSG00000175137	SH3BP5L	3.19	7153
ENSG00000105997	HOXA3	3.186	7154
ENSG00000063169	BICRA	3.1854	7155
ENSG00000104369	JPH1	3.1824	7156
ENSG00000168876	ANKRD49	3.1824	7157
ENSG00000083097	DOP1A	3.1824	7158
ENSG00000085788	DDHD2	3.1824	7159
ENSG00000065559	MAP2K4	3.1824	7160
ENSG00000115415	STAT1	3.1824	7161
ENSG00000152455	SUV39H2	3.1824	7162
ENSG00000187049	TMEM216	3.1824	7163
ENSG00000100784	RPS6KA5	3.1824	7164
ENSG00000088387	DOCK9	3.1824	7165
ENSG00000151092	NGLY1	3.1824	7166
ENSG00000137492	THAP12	3.1824	7167
ENSG00000143416	SELENBP1	3.1824	7168
ENSG00000134982	APC	3.1824	7169
ENSG00000110315	RNF141	3.1824	7170
ENSG00000150527	MIA2	3.1824	7171
ENSG00000150764	DIXDC1	3.1824	7172
ENSG00000183828	NUDT14	3.1813	7173
ENSG00000141428	C18orf21	3.1813	7174
ENSG00000129317	PUS7L	3.1813	7175
ENSG00000133639	BTG1	3.1813	7176
ENSG00000117153	KLHL12	3.1813	7177
ENSG00000076604	TRAF4	3.1813	7178
ENSG00000078269	SYNJ2	3.1809	7179
ENSG00000197045	GMFB	3.1784	7180
ENSG00000169783	LINGO1	3.1758	7181
ENSG00000013288	MAN2B2	3.1754	7182
ENSG00000125319	HROB	3.1753	7183
ENSG00000104626	ERI1	3.1747	7184
ENSG00000165810	BTNL9	3.1747	7185
ENSG00000196950	SLC39A10	3.1747	7186
ENSG00000183853	KIRREL1	3.1747	7187
ENSG00000177508	IRX3	3.1725	7188
ENSG00000116809	ZBTB17	3.1725	7189
ENSG00000185246	PRPF39	3.1714	7190
ENSG00000143320	CRABP2	3.1707	7191
ENSG00000130244	FAM98C	3.1686	7192
ENSG00000070214	SLC44A1	3.1677	7193
ENSG00000159388	BTG2	3.1655	7194
ENSG00000164076	CAMKV	3.1649	7195
ENSG00000161813	LARP4	3.1649	7196
ENSG00000016864	GLT8D1	3.1649	7197
ENSG00000143476	DTL	3.1649	7198
ENSG00000197713	RPE	3.1649	7199
ENSG00000138771	SHROOM3	3.1649	7200
ENSG00000151247	EIF4E	3.1649	7201
ENSG00000127993	RBM48	3.1649	7202
ENSG00000137193	PIM1	3.1648	7203
ENSG00000137404	NRM	3.1628	7204
ENSG00000151468	CCDC3	3.1619	7205
ENSG00000213337	ANKRD39	3.1596	7206
ENSG00000167840	ZNF232	3.1564	7207
ENSG00000185909	KLHDC8B	3.1564	7208
ENSG00000145012	LPP	3.1519	7209
ENSG00000181896	ZNF101	3.1498	7210
ENSG00000121104	FAM117A	3.1495	7211
ENSG00000164941	INTS8	3.1494	7212
ENSG00000173599	PC	3.1479	7213
ENSG00000100429	HDAC10	3.1479	7214
ENSG00000177119	ANO6	3.1425	7215
ENSG00000293268		3.1412	7216
ENSG00000179403	VWA1	3.1412	7217
ENSG00000135454	B4GALNT1	3.1393	7218
ENSG00000162409	PRKAA2	3.1384	7219
ENSG00000102710	SUPT20H	3.1384	7220
ENSG00000172845	SP3	3.1384	7221
ENSG00000180628	PCGF5	3.1384	7222
ENSG00000130177	CDC16	3.1384	7223
ENSG00000131171	SH3BGRL	3.1384	7224
ENSG00000122435	TRMT13	3.1384	7225
ENSG00000070718	AP3M2	3.1384	7226
ENSG00000132664	POLR3F	3.1384	7227
ENSG00000100567	PSMA3	3.1384	7228
ENSG00000088970	KIZ	3.1384	7229
ENSG00000148798	INA	3.1384	7230
ENSG00000090989	EXOC1	3.1384	7231
ENSG00000198945	L3MBTL3	3.1384	7232
ENSG00000146242	TPBG	3.1384	7233
ENSG00000138821	SLC39A8	3.1384	7234
ENSG00000038427	VCAN	3.1384	7235
ENSG00000106571	GLI3	3.1384	7236
ENSG00000196776	CD47	3.1384	7237
ENSG00000134294	SLC38A2	3.1384	7238
ENSG00000203705	TATDN3	3.1384	7239
ENSG00000136878	USP20	3.1378	7240
ENSG00000015133	CCDC88C	3.1378	7241
ENSG00000143756	FBXO28	3.1368	7242
ENSG00000128789	PSMG2	3.1368	7243
ENSG00000196290	NIF3L1	3.1368	7244
ENSG00000136536	MARCHF7	3.1368	7245
ENSG00000112319	EYA4	3.1368	7246
ENSG00000171792	RHNO1	3.1368	7247
ENSG00000147324	MFHAS1	3.1368	7248
ENSG00000103494	RPGRIP1L	3.1368	7249
ENSG00000213782	DDX47	3.1368	7250
ENSG00000123975	CKS2	3.1368	7251
ENSG00000115446	UNC50	3.1368	7252
ENSG00000165185	KIAA1958	3.1368	7253
ENSG00000145730	PAM	3.1368	7254
ENSG00000177125	ZBTB34	3.1368	7255
ENSG00000138780	GSTCD	3.1368	7256
ENSG00000137942	FNBP1L	3.1368	7257
ENSG00000170456	DENND5B	3.1368	7258
ENSG00000144426	NBEAL1	3.1368	7259
ENSG00000182621	PLCB1	3.1368	7260
ENSG00000069509	FUNDC1	3.1368	7261
ENSG00000119878	CRIPT	3.1368	7262
ENSG00000142856	ITGB3BP	3.1368	7263
ENSG00000163635	ATXN7	3.1368	7264
ENSG00000145868	FBXO38	3.1355	7265
ENSG00000257524		3.1346	7266
ENSG00000256525	POLG2	3.1308	7267
ENSG00000174498	IGDCC3	3.1298	7268
ENSG00000169762	TAPT1	3.1273	7269
ENSG00000068366	ACSL4	3.1273	7270
ENSG00000176182	MYPOP	3.1273	7271
ENSG00000196911	KPNA5	3.1273	7272
ENSG00000197070	ARRDC1	3.1273	7273
ENSG00000089775	ZBTB25	3.1272	7274
ENSG00000274847	MAFIP	3.1263	7275
ENSG00000163808	KIF15	3.1254	7276
ENSG00000166004	CEP295	3.1254	7277
ENSG00000197483	ZNF628	3.1226	7278
ENSG00000197766	CFD	3.1226	7279
ENSG00000084731	KIF3C	3.1224	7280
ENSG00000221968	FADS3	3.1214	7281
ENSG00000124641	MED20	3.1209	7282
ENSG00000049239	H6PD	3.1207	7283
ENSG00000119782	FKBP1B	3.1205	7284
ENSG00000164338	UTP15	3.1198	7285
ENSG00000182400	TRAPPC6B	3.1198	7286
ENSG00000123124	WWP1	3.1198	7287
ENSG00000117335	CD46	3.1198	7288
ENSG00000168528	SERINC2	3.1174	7289
ENSG00000183873	SCN5A	3.116	7290
ENSG00000142102	PGGHG	3.116	7291
ENSG00000143375	CGN	3.1149	7292
ENSG00000172216	CEBPB	3.1145	7293
ENSG00000127955	GNAI1	3.1145	7294
ENSG00000253368	TRNP1	3.1127	7295
ENSG00000105971	CAV2	3.1123	7296
ENSG00000118454	ANKRD13C	3.1119	7297
ENSG00000130540	SULT4A1	3.1108	7298
ENSG00000169251	NMD3	3.1065	7299
ENSG00000154328	NEIL2	3.1064	7300
ENSG00000104998	IL27RA	3.105	7301
ENSG00000102384	CENPI	3.1018	7302
ENSG00000005189	REXO5	3.1014	7303
ENSG00000174842	GLMN	3.1003	7304
ENSG00000083838	ZNF446	3.0984	7305
ENSG00000158301	GPRASP2	3.0974	7306
ENSG00000137656	BUD13	3.0959	7307
ENSG00000100505	TRIM9	3.0959	7308
ENSG00000130208	APOC1	3.0956	7309
ENSG00000125148	MT2A	3.0953	7310
ENSG00000162738	VANGL2	3.0944	7311
ENSG00000240445	FOXO3B	3.0938	7312
ENSG00000175387	SMAD2	3.0914	7313
ENSG00000198873	GRK5	3.0912	7314
ENSG00000141449	GREB1L	3.0904	7315
ENSG00000058063	ATP11B	3.0904	7316
ENSG00000204217	BMPR2	3.0904	7317
ENSG00000135378	PRRG4	3.0898	7318
ENSG00000132793	LPIN3	3.0898	7319
ENSG00000165714	BORCS5	3.0828	7320
ENSG00000124942	AHNAK	3.081	7321
ENSG00000167107	ACSF2	3.0799	7322
ENSG00000139044	B4GALNT3	3.0799	7323
ENSG00000173928	SWSAP1	3.0793	7324
ENSG00000211456	SACM1L	3.0743	7325
ENSG00000154134	ROBO3	3.0728	7326
ENSG00000187837	H1-2	3.0726	7327
ENSG00000133069	TMCC2	3.0718	7328
ENSG00000156804	FBXO32	3.0688	7329
ENSG00000135547	HEY2	3.0656	7330
ENSG00000091136	LAMB1	3.0634	7331
ENSG00000204267	TAP2	3.0634	7332
ENSG00000101452	DHX35	3.0628	7333
ENSG00000143862	ARL8A	3.0628	7334
ENSG00000090447	TFAP4	3.0628	7335
ENSG00000155980	KIF5A	3.0628	7336
ENSG00000185561	TLCD2	3.0624	7337
ENSG00000141314	RHBDL3	3.0603	7338
ENSG00000103260	METRN	3.0601	7339
ENSG00000166002	SMCO4	3.0591	7340
ENSG00000160223	ICOSLG	3.0591	7341
ENSG00000070018	LRP6	3.0591	7342
ENSG00000286070		3.0589	7343
ENSG00000119725	ZNF410	3.0589	7344
ENSG00000100379	KCTD17	3.0569	7345
ENSG00000129003	VPS13C	3.0569	7346
ENSG00000170500	LONRF2	3.0569	7347
ENSG00000072195	SPEG	3.0569	7348
ENSG00000186665	C17orf58	3.0568	7349
ENSG00000124151	NCOA3	3.0544	7350
ENSG00000176853	FAM91A1	3.054	7351
ENSG00000100626	GALNT16	3.0529	7352
ENSG00000064655	EYA2	3.0503	7353
ENSG00000138303	ASCC1	3.0492	7354
ENSG00000162688	AGL	3.0492	7355
ENSG00000139624	CERS5	3.0492	7356
ENSG00000138138	ATAD1	3.0492	7357
ENSG00000112200	ZNF451	3.0492	7358
ENSG00000171103	TRMT61B	3.0492	7359
ENSG00000136935	GOLGA1	3.0492	7360
ENSG00000048471	SNX29	3.0492	7361
ENSG00000161647	MPP3	3.0485	7362
ENSG00000164715	LMTK2	3.0474	7363
ENSG00000043039	BARX2	3.0445	7364
ENSG00000053747	LAMA3	3.044	7365
ENSG00000178922	HYI	3.0428	7366
ENSG00000135540	NHSL1	3.0424	7367
ENSG00000173706	HEG1	3.0424	7368
ENSG00000153936	HS2ST1	3.0424	7369
ENSG00000213920	MDP1	3.0417	7370
ENSG00000121864	ZNF639	3.0414	7371
ENSG00000148450	MSRB2	3.0412	7372
ENSG00000155760	FZD7	3.0398	7373
ENSG00000114405	CEP15	3.0384	7374
ENSG00000119138	KLF9	3.0384	7375
ENSG00000088854	DNAAF9	3.0384	7376
ENSG00000111875	ASF1A	3.0384	7377
ENSG00000117143	UAP1	3.0384	7378
ENSG00000160336	ZNF761	3.0384	7379
ENSG00000158711	ELK4	3.0384	7380
ENSG00000241127	YAE1	3.0384	7381
ENSG00000167524	RSKR	3.0384	7382
ENSG00000235194	PPP1R3E	3.0384	7383
ENSG00000143409	MINDY1	3.0384	7384
ENSG00000170631	ZNF16	3.0384	7385
ENSG00000118508	RAB32	3.0384	7386
ENSG00000085365	SCAMP1	3.0384	7387
ENSG00000111850	SMIM8	3.0384	7388
ENSG00000104290	FZD3	3.0384	7389
ENSG00000186638	KIF24	3.0384	7390
ENSG00000217236	SP9	3.0384	7391
ENSG00000154059	IMPACT	3.0384	7392
ENSG00000100934	SEC23A	3.0384	7393
ENSG00000134480	CCNH	3.0384	7394
ENSG00000120658	ENOX1	3.0384	7395
ENSG00000122042	UBL3	3.0384	7396
ENSG00000005469	CROT	3.0384	7397
ENSG00000158985	CDC42SE2	3.0384	7398
ENSG00000100526	CDKN3	3.0384	7399
ENSG00000119414	PPP6C	3.0384	7400
ENSG00000154548	SRSF12	3.0384	7401
ENSG00000198677	SKIC3	3.0384	7402
ENSG00000112210	RAB23	3.0379	7403
ENSG00000126970	ZC4H2	3.0364	7404
ENSG00000145569	OTULINL	3.0364	7405
ENSG00000167702	KIFC2	3.0364	7406
ENSG00000204172	AGAP9	3.036	7407
ENSG00000140548	ZNF710	3.0358	7408
ENSG00000103671	TRIP4	3.034	7409
ENSG00000179922	ZNF784	3.0329	7410
ENSG00000133739	LRRCC1	3.0318	7411
ENSG00000135299	ANKRD6	3.0314	7412
ENSG00000163155	LYSMD1	3.0314	7413
ENSG00000135164	DMTF1	3.0274	7414
ENSG00000108370	RGS9	3.0265	7415
ENSG00000176531	PHLDB3	3.0263	7416
ENSG00000176485	PLAAT3	3.0263	7417
ENSG00000179943	FIZ1	3.0253	7418
ENSG00000137343	ATAT1	3.0246	7419
ENSG00000249992	TMEM158	3.0212	7420
ENSG00000101493	ZNF516	3.0175	7421
ENSG00000052795	FNIP2	3.0169	7422
ENSG00000204580	DDR1	3.0165	7423
ENSG00000125347	IRF1	3.0164	7424
ENSG00000115963	RND3	3.0154	7425
ENSG00000211584	SLC48A1	3.0132	7426
ENSG00000117543	DPH5	3.0103	7427
ENSG00000144840	RABL3	3.0103	7428
ENSG00000104299	INTS9	3.0103	7429
ENSG00000123268	ATF1	3.0103	7430
ENSG00000164066	INTU	3.0103	7431
ENSG00000131375	CAPN7	3.0103	7432
ENSG00000196670	ZFP62	3.0103	7433
ENSG00000164209	SLC25A46	3.0103	7434
ENSG00000079950	STX7	3.0103	7435
ENSG00000122376	SHLD2	3.0103	7436
ENSG00000079156	OSBPL6	3.0103	7437
ENSG00000152219	ARL14EP	3.0103	7438
ENSG00000143669	LYST	3.0103	7439
ENSG00000119523	ALG2	3.0103	7440
ENSG00000138604	GLCE	3.0103	7441
ENSG00000115392	FANCL	3.0103	7442
ENSG00000120837	NFYB	3.0103	7443
ENSG00000107186	MPDZ	3.0103	7444
ENSG00000109756	RAPGEF2	3.0103	7445
ENSG00000258890	CEP95	3.0103	7446
ENSG00000143207	COP1	3.0103	7447
ENSG00000165512	ZNF22	3.0103	7448
ENSG00000156831	NSMCE2	3.0103	7449
ENSG00000036549	ZZZ3	3.0103	7450
ENSG00000116641	DOCK7	3.0103	7451
ENSG00000116117	PARD3B	3.0103	7452
ENSG00000008405	CRY1	3.0103	7453
ENSG00000145675	PIK3R1	3.0103	7454
ENSG00000143995	MEIS1	3.0103	7455
ENSG00000135049	AGTPBP1	3.0103	7456
ENSG00000066651	TRMT11	3.0103	7457
ENSG00000175455	CCDC14	3.0103	7458
ENSG00000088451	TGDS	3.0103	7459
ENSG00000101126	ADNP	3.0103	7460
ENSG00000183098	GPC6	3.0103	7461
ENSG00000197362	ZNF786	3.0095	7462
ENSG00000079215	SLC1A3	3.0094	7463
ENSG00000132510	KDM6B	3.0088	7464
ENSG00000163517	HDAC11	3.0079	7465
ENSG00000197579	TOPORS	3.0065	7466
ENSG00000139324	TMTC3	3.0051	7467
ENSG00000196526	AFAP1	3.0029	7468
ENSG00000213780	GTF2H4	3.0025	7469
ENSG00000185728	YTHDF3	3.0024	7470
ENSG00000187189	TSPYL4	2.9985	7471
ENSG00000166435	XRRA1	2.9983	7472
ENSG00000150967	ABCB9	2.9964	7473
ENSG00000168067	MAP4K2	2.9945	7474
ENSG00000177181	RIMKLA	2.9924	7475
ENSG00000153443	UBALD1	2.992	7476
ENSG00000100625	SIX4	2.9905	7477
ENSG00000109265	CRACD	2.9899	7478
ENSG00000131116	ZNF428	2.9899	7479
ENSG00000203880	PCMTD2	2.9899	7480
ENSG00000111860	CEP85L	2.9884	7481
ENSG00000158773	USF1	2.9884	7482
ENSG00000196208	GREB1	2.9858	7483
ENSG00000149292	TTC12	2.9858	7484
ENSG00000065970	FOXJ2	2.9858	7485
ENSG00000204599	TRIM39	2.9858	7486
ENSG00000184178	SCFD2	2.9858	7487
ENSG00000149328	GLB1L2	2.9855	7488
ENSG00000258643	BCL2L2-PABPN1	2.983	7489
ENSG00000130772	MED18	2.982	7490
ENSG00000170113	NIPA1	2.9819	7491
ENSG00000256463	SALL3	2.9818	7492
ENSG00000135637	CCDC142	2.98	7493
ENSG00000040199	PHLPP2	2.979	7494
ENSG00000037965	HOXC8	2.9784	7495
ENSG00000173818	ENDOV	2.9779	7496
ENSG00000163795	ZNF513	2.9779	7497
ENSG00000084073	ZMPSTE24	2.9779	7498
ENSG00000134030	CTIF	2.9779	7499
ENSG00000067221	STOML1	2.9764	7500
