rank	gene_id	symbol	mean_expr	var_log2expr
1	ENSG00000197061	H4C3	1069.573	20.4542
2	ENSG00000281348		261.575	15.2583
3	ENSG00000161939	RNASEK-C17orf49	258.001	14.0372
4	ENSG00000259316		69.76	12.0298
5	ENSG00000289565		67.238	11.9872
6	ENSG00000106328	FSCN3	112.114	11.4226
7	ENSG00000205609	EIF3CL	369.327	10.625
8	ENSG00000168298	H1-4	158.279	10.576
9	ENSG00000269955	FMC1-LUC7L2	41.305	10.407
10	ENSG00000183336	BOLA2	443.73	10.2484
11	ENSG00000169750	RAC3	254.919	10.1666
12	ENSG00000262664	OVCA2	83.725	10.1282
13	ENSG00000280893		56.187	9.7434
14	ENSG00000174501	ANKRD36C	73.094	8.9902
15	ENSG00000268173		42.494	8.7813
16	ENSG00000285292	ABCF2-H2BK1	28.642	8.769
17	ENSG00000144908	ALDH1L1	33.882	8.7221
18	ENSG00000259112	NDUFC2-KCTD14	236.77	8.4121
19	ENSG00000267059		28.476	8.3459
20	ENSG00000254732		33.054	8.2805
21	ENSG00000253626	EIF5AL1	117.221	8.0883
22	ENSG00000288825	H2AC18	45.571	7.989
23	ENSG00000198925	ATG9A	40.287	7.9698
24	ENSG00000167774		48.405	7.9686
25	ENSG00000122025	FLT3	22.032	7.6768
26	ENSG00000186416	NKRF	35.521	7.5774
27	ENSG00000255073	ZFP91-CNTF	43.399	7.5432
28	ENSG00000285629		20.736	7.4977
29	ENSG00000280571		23.464	7.2885
30	ENSG00000233954	UQCRHL	52.942	7.2639
31	ENSG00000242616	GNG10	156.245	7.2316
32	ENSG00000280987	MATR3	44.683	7.1074
33	ENSG00000234857	HNRNPUL2-BSCL2	27.33	7.0895
34	ENSG00000284776		23.596	7.0817
35	ENSG00000289694		92.336	6.9745
36	ENSG00000197172	MAGEA6	53.988	6.9255
37	ENSG00000290146		49.232	6.8683
38	ENSG00000267303		58.946	6.8462
39	ENSG00000135976	ANKRD36	66.84	6.8374
40	ENSG00000260342		96.859	6.8104
41	ENSG00000204677	FAM153CP	25.241	6.8036
42	ENSG00000221867	MAGEA3	29.461	6.7861
43	ENSG00000255508		43.755	6.6435
44	ENSG00000184260	H2AC20	34.605	6.6265
45	ENSG00000100101		20.046	6.624
46	ENSG00000284820		28.424	6.5479
47	ENSG00000214967	NPIPA7	21.292	6.5252
48	ENSG00000172058	SERF1A	17.289	6.5164
49	ENSG00000205639	MFSD2B	16.26	6.4987
50	ENSG00000288258		23.616	6.4973
51	ENSG00000105427	CNFN	25.437	6.4411
52	ENSG00000290230		28.413	6.4393
53	ENSG00000113558	SKP1	198.187	6.4275
54	ENSG00000260914		14.564	6.3992
55	ENSG00000261832		24.397	6.3561
56	ENSG00000290315		59.276	6.3286
57	ENSG00000293600		17.396	6.3259
58	ENSG00000258674		51.912	6.2754
59	ENSG00000284969		18.961	6.269
60	ENSG00000075089	ACTR6	54.023	6.1481
61	ENSG00000257411		29.334	6.1333
62	ENSG00000105722	ERF	44.489	6.1284
63	ENSG00000267001		14.905	6.123
64	ENSG00000177943	MAMDC4	25.761	6.1048
65	ENSG00000124593		129.771	6.0929
66	ENSG00000285827		26.513	6.079
67	ENSG00000269242		17.186	5.9761
68	ENSG00000198218	QRICH1	44.724	5.924
69	ENSG00000104897	SF3A2	108.29	5.9134
70	ENSG00000187479	C11orf96	24.297	5.8741
71	ENSG00000091592	NLRP1	21.249	5.826
72	ENSG00000263620		11.816	5.7629
73	ENSG00000285043		13.154	5.7559
74	ENSG00000183305	MAGEA2B	18.203	5.6952
75	ENSG00000258643	BCL2L2-PABPN1	91.931	5.6755
76	ENSG00000162599	NFIA	87.077	5.6692
77	ENSG00000253797	UTP14C	12.728	5.6588
78	ENSG00000240771	ARHGEF25	14.252	5.6563
79	ENSG00000197114	ZGPAT	20.246	5.6369
80	ENSG00000041357	PSMA4	908.033	5.6303
81	ENSG00000101898	MCTS2	17.633	5.6187
82	ENSG00000177733	HNRNPA0	139.102	5.6183
83	ENSG00000204366	ZBTB12	14.53	5.5575
84	ENSG00000181350	LRRC75A	46.669	5.5382
85	ENSG00000105701	FKBP8	253.945	5.5043
86	ENSG00000196912	ANKRD36B	39.349	5.4616
87	ENSG00000169021	UQCRFS1	252.805	5.4562
88	ENSG00000196507	TCEAL3	19.218	5.4391
89	ENSG00000285625		12.37	5.4294
90	ENSG00000267228		19.04	5.4094
91	ENSG00000159251	ACTC1	15.017	5.3996
92	ENSG00000213648	SULT1A4	11.726	5.353
93	ENSG00000115274	INO80B	53.679	5.3155
94	ENSG00000119547	ONECUT2	59.275	5.3109
95	ENSG00000124575	H1-3	15.27	5.2926
96	ENSG00000154146	NRGN	61.59	5.2439
97	ENSG00000203814	H2BC18	16.017	5.1762
98	ENSG00000131668	BARX1	21.913	5.1692
99	ENSG00000257921		14.532	5.0736
100	ENSG00000197238	H4C11	11.183	5.0718
101	ENSG00000256591		14.646	5.0648
102	ENSG00000105617	LENG1	34.129	5.0646
103	ENSG00000176731	RBIS	131.033	5.0618
104	ENSG00000175701	MTLN	67.7	5.0407
105	ENSG00000268606	MAGEA2	12.374	5.0342
106	ENSG00000260007		71.329	5.0251
107	ENSG00000274049	INO80B-WBP1	12.587	5.0164
108	ENSG00000205571	SMN2	74.957	5.0014
109	ENSG00000179673	RPRML	17.738	4.9872
110	ENSG00000243716	NPIPB5	28.11	4.9816
111	ENSG00000164776	PHKG1	13.311	4.9547
112	ENSG00000285000		12.747	4.95
113	ENSG00000262526		13.088	4.9452
114	ENSG00000104774	MAN2B1	40.744	4.9402
115	ENSG00000184351	KRTAP19-1	9.585	4.929
116	ENSG00000130203	APOE	22.19	4.901
117	ENSG00000198743	SLC5A3	25.16	4.8882
118	ENSG00000233024	NPIPA9	12.633	4.8696
119	ENSG00000111321	LTBR	12.975	4.8568
120	ENSG00000285077	ARHGAP11B	18.693	4.8486
121	ENSG00000196275	GTF2IRD2	14.523	4.8467
122	ENSG00000131711	MAP1B	152.392	4.8226
123	ENSG00000287908		16.312	4.809
124	ENSG00000169246	NPIPB3	30.101	4.7803
125	ENSG00000274997	H2AC12	16.457	4.7717
126	ENSG00000256349		11.243	4.7479
127	ENSG00000088035	ALG6	38.782	4.7437
128	ENSG00000166200	COPS2	67.261	4.7376
129	ENSG00000132207	SLX1A	34.041	4.7226
130	ENSG00000249590		14.318	4.7196
131	ENSG00000203852	H3C15	12.676	4.669
132	ENSG00000112742	TTK	31.18	4.6676
133	ENSG00000286053	ASDURF	10.784	4.6585
134	ENSG00000255154	HTD2	35.783	4.6245
135	ENSG00000134294	SLC38A2	83.141	4.6218
136	ENSG00000187837	H1-2	162.513	4.6131
137	ENSG00000254536		33.446	4.6047
138	ENSG00000104859	CLASRP	68.01	4.5934
139	ENSG00000180667	YOD1	31.389	4.5876
140	ENSG00000015568	RGPD5	16.588	4.5866
141	ENSG00000177058	SLC38A9	21.935	4.5845
142	ENSG00000167995	BEST1	11.2	4.579
143	ENSG00000011478	QPCTL	12.277	4.5645
144	ENSG00000271503	CCL5	9.007	4.5439
145	ENSG00000243056	EIF4EBP3	12.654	4.5313
146	ENSG00000086506	HBQ1	27.825	4.5247
147	ENSG00000123689	G0S2	18.638	4.5169
148	ENSG00000125817	CENPB	89.929	4.5078
149	ENSG00000187713	TMEM203	88.891	4.5034
150	ENSG00000102007	PLP2	11.05	4.5033
151	ENSG00000244115	DNAJC25-GNG10	19.568	4.4962
152	ENSG00000011052	NME1-NME2	15.643	4.4887
153	ENSG00000176248	ANAPC2	28.894	4.4884
154	ENSG00000058804	NDC1	76.737	4.4706
155	ENSG00000182389	CACNB4	21.502	4.458
156	ENSG00000250021	ARPIN-AP3S2	12.11	4.4529
157	ENSG00000131188	PRR7	25.712	4.4487
158	ENSG00000076924	XAB2	29.583	4.4385
159	ENSG00000143819	EPHX1	34.803	4.4339
160	ENSG00000186193	SAPCD2	101.64	4.4255
161	ENSG00000161677	JOSD2	44.154	4.4136
162	ENSG00000127914	AKAP9	106.86	4.4047
163	ENSG00000248643	RBM14-RBM4	18.609	4.3934
164	ENSG00000152661	GJA1	29.97	4.3837
165	ENSG00000226742	HSBP1L1	7.707	4.3824
166	ENSG00000235453	SMIM27	26.784	4.369
167	ENSG00000080345	RIF1	124.833	4.3654
168	ENSG00000263513	FAM72C	14.324	4.3615
169	ENSG00000167641	PPP1R14A	52.705	4.3458
170	ENSG00000114209	PDCD10	65.381	4.345
171	ENSG00000162733	DDR2	18.28	4.3444
172	ENSG00000184226	PCDH9	98.438	4.333
173	ENSG00000168802	CHTF8	30.625	4.3317
174	ENSG00000138336	TET1	49.497	4.3177
175	ENSG00000198064	NPIPB13	23.735	4.3042
176	ENSG00000206172	HBA1	7.839	4.303
177	ENSG00000273542	H4C12	11.813	4.3014
178	ENSG00000265590	CFAP298-TCP10L	50.137	4.2994
179	ENSG00000270136	MICOS10-NBL1	7.138	4.2952
180	ENSG00000169629	RGPD8	12.067	4.2811
181	ENSG00000125534	PPDPF	327.926	4.2778
182	ENSG00000290318		387.618	4.2729
183	ENSG00000288725		9.855	4.2554
184	ENSG00000087088	BAX	250.011	4.2533
185	ENSG00000131116	ZNF428	117.777	4.2442
186	ENSG00000188223		7.389	4.2415
187	ENSG00000278677	H2AC17	8.906	4.2399
188	ENSG00000137876	RSL24D1	145.187	4.2368
189	ENSG00000105329	TGFB1	25.236	4.2253
190	ENSG00000255639		19.59	4.2192
191	ENSG00000198625	MDM4	57.723	4.2147
192	ENSG00000284526		24.652	4.2009
193	ENSG00000125954	CHURC1-FNTB	24.761	4.1922
194	ENSG00000204220	PFDN6	215.742	4.1913
195	ENSG00000147548	NSD3	201.886	4.1765
196	ENSG00000163002	NUP35	24.064	4.1695
197	ENSG00000136732	GYPC	33.615	4.1645
198	ENSG00000178531	CTXN1	52.565	4.1614
199	ENSG00000268916	CSAG3	9.017	4.1542
200	ENSG00000180596	H2BC4	13.418	4.1474
201	ENSG00000123143	PKN1	105.786	4.1394
202	ENSG00000248919	ATP5MF-PTCD1	8.197	4.1076
203	ENSG00000121749	TBC1D15	31.541	4.1061
204	ENSG00000114115	RBP1	26.168	4.1048
205	ENSG00000258429	PDF	68.757	4.1013
206	ENSG00000286185		9.491	4.1012
207	ENSG00000248592	STIMATE-MUSTN1	15.076	4.099
208	ENSG00000183479	TREX2	17.773	4.0834
209	ENSG00000263715	LINC02210-CRHR1	7.947	4.071
210	ENSG00000135837	CEP350	79.873	4.059
211	ENSG00000154545	MAGED4	11.919	4.0572
212	ENSG00000272617		40.251	4.045
213	ENSG00000285641		6.746	4.0409
214	ENSG00000137040	RANBP6	15.657	4.0393
215	ENSG00000107798	LIPA	53.924	4.0291
216	ENSG00000090932	DLL3	30.958	4.0265
217	ENSG00000076944	STXBP2	39.749	4.0208
218	ENSG00000288681		7.015	4.0169
219	ENSG00000286075	SMIM10L3	8.563	4.0168
220	ENSG00000132017	DCAF15	36.311	4.0166
221	ENSG00000162825	NBPF20	27.197	4.016
222	ENSG00000187838	PLSCR3	16.699	4.0143
223	ENSG00000163273	NPPC	10.222	4.0086
224	ENSG00000106367	AP1S1	68.056	4.0085
225	ENSG00000120738	EGR1	17.374	4.003
226	ENSG00000170627	GTSF1	7.157	4.0027
227	ENSG00000259040	BLOC1S5-TXNDC5	9.863	3.995
228	ENSG00000129455	KLK8	8.637	3.9888
229	ENSG00000117122	MFAP2	21.647	3.9885
230	ENSG00000167733	HSD11B1L	23.456	3.9806
231	ENSG00000157224	CLDN12	16.159	3.9656
232	ENSG00000181544	FANCB	27.843	3.9522
233	ENSG00000136518	ACTL6A	78.234	3.9379
234	ENSG00000008952	SEC62	513.928	3.9361
235	ENSG00000031691	CENPQ	15.67	3.9307
236	ENSG00000271383	NBPF19	11.677	3.9264
237	ENSG00000221821	C6orf226	9.569	3.9264
238	ENSG00000187193	MT1X	52.744	3.9211
239	ENSG00000145734	BDP1	136.653	3.9129
240	ENSG00000185864	NPIPB4	8.503	3.9119
241	ENSG00000120696	KBTBD7	13.151	3.9038
242	ENSG00000185483	ROR1	14.775	3.9036
243	ENSG00000162878	PKDCC	24.454	3.8912
244	ENSG00000100097	LGALS1	19.037	3.8712
245	ENSG00000174607	UGT8	15.297	3.8639
246	ENSG00000171155	C1GALT1C1	28.838	3.8612
247	ENSG00000205704	SMIM45	9.494	3.8586
248	ENSG00000204389	HSPA1A	8.216	3.8487
249	ENSG00000023516	AKAP11	23.1	3.8477
250	ENSG00000248710	TRIM59-IFT80	6.87	3.8419
251	ENSG00000255526	NEDD8-MDP1	6.763	3.8389
252	ENSG00000102760	RGCC	10.447	3.8376
253	ENSG00000183978	COA3	267.22	3.8362
254	ENSG00000147231	RADX	65.555	3.8333
255	ENSG00000119689	DLST	81.597	3.8285
256	ENSG00000262633		6.077	3.8268
257	ENSG00000010361	FUZ	89.024	3.8197
258	ENSG00000164758	MED30	26.549	3.8182
259	ENSG00000166206	GABRB3	6.145	3.8158
260	ENSG00000283228		21.572	3.8147
261	ENSG00000183054	RGPD6	9.48	3.8062
262	ENSG00000228049	POLR2J2	8.466	3.8047
263	ENSG00000177352	CCDC71	36.199	3.8022
264	ENSG00000244754	N4BP2L2	95.855	3.7954
265	ENSG00000108819	PPP1R9B	39.24	3.7922
266	ENSG00000175054	ATR	22.223	3.7882
267	ENSG00000124279	FASTKD3	12.05	3.7843
268	ENSG00000168303	MPLKIP	105.086	3.7831
269	ENSG00000223496	EXOSC6	64.888	3.7828
270	ENSG00000183628	DGCR6	40.215	3.7787
271	ENSG00000182263	FIGN	15.72	3.7777
272	ENSG00000170345	FOS	10.812	3.7757
273	ENSG00000186472	PCLO	23.905	3.7722
274	ENSG00000151247	EIF4E	146.548	3.7689
275	ENSG00000250479	CHCHD10	869.183	3.7677
276	ENSG00000142694	EVA1B	14.723	3.7664
277	ENSG00000212747	RTL8B	60.097	3.7648
278	ENSG00000150907	FOXO1	25.991	3.7572
279	ENSG00000136051	WASHC4	20.034	3.7557
280	ENSG00000258366	RTEL1	14.905	3.7463
281	ENSG00000251503	CENPS-CORT	9.186	3.7448
282	ENSG00000104129	DNAJC17	47.028	3.7433
283	ENSG00000149308	NPAT	30.355	3.7417
284	ENSG00000091656	ZFHX4	47.5	3.7394
285	ENSG00000255439		6.77	3.7348
286	ENSG00000174428	GTF2IRD2B	11.582	3.7301
287	ENSG00000125726	CD70	9.172	3.727
288	ENSG00000285991		6.056	3.7161
289	ENSG00000274641	H2BC17	6.692	3.714
290	ENSG00000162520	SYNC	15.579	3.7109
291	ENSG00000128513	POT1	12.825	3.7079
292	ENSG00000220201	ZGLP1	7.838	3.7067
293	ENSG00000138376	BARD1	54.435	3.6937
294	ENSG00000100354	TNRC6B	90.962	3.6894
295	ENSG00000170160	CCDC144A	5.929	3.6884
296	ENSG00000140836	ZFHX3	25.683	3.6862
297	ENSG00000183474	GTF2H2C	47.182	3.6811
298	ENSG00000189227	C15orf61	60.62	3.6775
299	ENSG00000160124	MIX23	86.357	3.6765
300	ENSG00000187186		26.012	3.6751
301	ENSG00000120885	CLU	25.008	3.6727
302	ENSG00000173230	GOLGB1	122.701	3.6714
303	ENSG00000176396	EID2	51.704	3.6667
304	ENSG00000162409	PRKAA2	52.08	3.6663
305	ENSG00000008282	SYPL1	52.929	3.6652
306	ENSG00000177853	ZNF518A	46.104	3.6609
307	ENSG00000187608	ISG15	23.279	3.6545
308	ENSG00000174483	BBS1	11.919	3.6541
309	ENSG00000134852	CLOCK	20.317	3.6514
310	ENSG00000215126	ZNG1F	13.365	3.6478
311	ENSG00000188603	CLN3	30.953	3.6456
312	ENSG00000130748	TMEM160	202.317	3.6446
313	ENSG00000129315	CCNT1	42.064	3.6442
314	ENSG00000130643	CALY	5.487	3.6411
315	ENSG00000181722	ZBTB20	7.282	3.6346
316	ENSG00000184702	SEPTIN5	6.207	3.6335
317	ENSG00000187240	DYNC2H1	64.83	3.626
318	ENSG00000111581	NUP107	77.744	3.6222
319	ENSG00000177707	NECTIN3	27.474	3.6216
320	ENSG00000125148	MT2A	86.935	3.611
321	ENSG00000048392	RRM2B	14.153	3.6098
322	ENSG00000156052	GNAQ	41.801	3.6067
323	ENSG00000129007	CALML4	13.251	3.5956
324	ENSG00000183155	RABIF	32.041	3.5949
325	ENSG00000136197	C7orf25	7.068	3.5948
326	ENSG00000162444	RBP7	6.358	3.5932
327	ENSG00000246705	H2AJ	41.635	3.5931
328	ENSG00000188994	ZNF292	44.04	3.5813
329	ENSG00000278558	TMEM191B	7.675	3.5785
330	ENSG00000273154		21.643	3.5731
331	ENSG00000203724	C1orf53	28.482	3.5723
332	ENSG00000110344	UBE4A	28.156	3.568
333	ENSG00000253352	TUG1	80.831	3.5665
334	ENSG00000234289	H2BC12L	7.683	3.563
335	ENSG00000130175	PRKCSH	231.479	3.5591
336	ENSG00000121621	KIF18A	13.52	3.5575
337	ENSG00000234719	NPIPB2	7.782	3.5547
338	ENSG00000277957	SENP3-EIF4A1	6.499	3.552
339	ENSG00000273748		5.117	3.5512
340	ENSG00000066279	ASPM	143.141	3.5413
341	ENSG00000161847	RAVER1	40.643	3.5403
342	ENSG00000124140	SLC12A5	12.223	3.5399
343	ENSG00000286522	H3C2	7.161	3.538
344	ENSG00000131477	RAMP2	10.295	3.5356
345	ENSG00000188290	HES4	241.304	3.5336
346	ENSG00000286192		7.974	3.5307
347	ENSG00000196950	SLC39A10	54.609	3.5281
348	ENSG00000107789	MINPP1	19.73	3.5178
349	ENSG00000174307	PHLDA3	35.312	3.5165
350	ENSG00000092758	COL9A3	12.221	3.5146
351	ENSG00000261408	TEN1-CDK3	15.322	3.5115
352	ENSG00000185885	IFITM1	12.651	3.5084
353	ENSG00000286219	NOTCH2NLC	16.071	3.5075
354	ENSG00000115368	WDR75	47.179	3.5041
355	ENSG00000221869	CEBPD	11.437	3.5019
356	ENSG00000196747	H2AC13	9.283	3.4993
357	ENSG00000152192	POU4F1	52.607	3.4957
358	ENSG00000089048	ESF1	60.672	3.4944
359	ENSG00000169203	NPIPB12	9.234	3.4932
360	ENSG00000137055	PLAA	32.385	3.4835
361	ENSG00000276966	H4C5	7.717	3.4793
362	ENSG00000204839	MROH6	9.116	3.4716
363	ENSG00000155545	MIER3	12.78	3.4672
364	ENSG00000138658	ZGRF1	12.774	3.4667
365	ENSG00000174939	ASPHD1	6.98	3.4649
366	ENSG00000132846	ZBED3	26.708	3.4635
367	ENSG00000235034	C19orf81	25.772	3.4622
368	ENSG00000169515	CCDC8	54.974	3.4615
369	ENSG00000270882	H4C14	13.247	3.4544
370	ENSG00000065534	MYLK	7.976	3.4527
371	ENSG00000166575	TMEM135	13.121	3.4525
372	ENSG00000244355	LY6G6D	6.992	3.4489
373	ENSG00000276345		5.744	3.4463
374	ENSG00000153140	CETN3	30.747	3.4411
375	ENSG00000164414	SLC35A1	12.213	3.4409
376	ENSG00000251349	MSANTD3-TMEFF1	6.795	3.4402
377	ENSG00000161914	ZNF653	8.947	3.4401
378	ENSG00000176046	NUPR1	11.644	3.4291
379	ENSG00000135315	CEP162	14.308	3.427
380	ENSG00000116977	LGALS8	5.16	3.4225
381	ENSG00000203618	GP1BB	15.897	3.4198
382	ENSG00000131094	C1QL1	11.707	3.4188
383	ENSG00000158373	H2BC5	21.401	3.4177
384	ENSG00000197275	RAD54B	14.444	3.4167
385	ENSG00000286231		5.216	3.4161
386	ENSG00000164241	C5orf63	9.889	3.4146
387	ENSG00000162694	EXTL2	18.429	3.4097
388	ENSG00000256646		12.267	3.4072
389	ENSG00000146648	EGFR	10.497	3.4057
390	ENSG00000205220	PSMB10	73.469	3.4006
391	ENSG00000257949	TEN1	22.079	3.3994
392	ENSG00000135116	HRK	25.201	3.3978
393	ENSG00000135045	C9orf40	53.916	3.3919
394	ENSG00000203896	LIME1	8.497	3.3918
395	ENSG00000182220	ATP6AP2	63.823	3.3909
396	ENSG00000145781	COMMD10	12.828	3.3866
397	ENSG00000143248	RGS5	9.041	3.3841
398	ENSG00000161204	ABCF3	29.368	3.384
399	ENSG00000139618	BRCA2	42.224	3.3825
400	ENSG00000134352	IL6ST	18.117	3.3797
401	ENSG00000108774	RAB5C	196.454	3.3792
402	ENSG00000113594	LIFR	9.558	3.3772
403	ENSG00000142892	PIGK	45.727	3.3749
404	ENSG00000171823	FBXL14	6.513	3.3747
405	ENSG00000286190		9.539	3.3714
406	ENSG00000180096	SEPTIN1	8.46	3.3654
407	ENSG00000010404	IDS	45.298	3.362
408	ENSG00000137955	RABGGTB	114.626	3.3609
409	ENSG00000133863	TEX15	14.945	3.3554
410	ENSG00000147421	HMBOX1	21.721	3.3547
411	ENSG00000116406	EDEM3	21.693	3.3538
412	ENSG00000102780	DGKH	26.093	3.3532
413	ENSG00000160113	NR2F6	155.209	3.3529
414	ENSG00000150347	ARID5B	18.957	3.3471
415	ENSG00000101745	ANKRD12	45.08	3.3423
416	ENSG00000270276	H4C15	20.43	3.3357
417	ENSG00000115464	USP34	64.694	3.3315
418	ENSG00000272410		5.463	3.3233
419	ENSG00000171928	TVP23B	20.285	3.3209
420	ENSG00000116791	CRYZ	24.366	3.3203
421	ENSG00000138182	KIF20B	75.49	3.3198
422	ENSG00000146409	SLC18B1	29.227	3.3196
423	ENSG00000081019	RSBN1	58.327	3.3191
424	ENSG00000099364	FBXL19	54.504	3.3186
425	ENSG00000270757	HSPE1-MOB4	4.64	3.3149
426	ENSG00000179387	ELMOD2	21.162	3.3139
427	ENSG00000286264		5.735	3.3101
428	ENSG00000257390		5.331	3.3081
429	ENSG00000168216	LMBRD1	15.857	3.3072
430	ENSG00000186132	C2orf76	16.421	3.3056
431	ENSG00000164219	PGGT1B	32.391	3.3025
432	ENSG00000203883	SOX18	6.106	3.3025
433	ENSG00000173917	HOXB2	19.71	3.3023
434	ENSG00000135211	TMEM60	23.394	3.3011
435	ENSG00000284874		8.196	3.301
436	ENSG00000084764	MAPRE3	12.073	3.2971
437	ENSG00000092140	G2E3	27.559	3.2971
438	ENSG00000100567	PSMA3	209.309	3.2944
439	ENSG00000180834	MAP6D1	5.41	3.2889
440	ENSG00000179111	HES7	5.006	3.2868
441	ENSG00000172380	GNG12	48.118	3.2837
442	ENSG00000046653	GPM6B	25.843	3.2803
443	ENSG00000258790		7.496	3.2778
444	ENSG00000204922	UQCC3	136.404	3.2734
445	ENSG00000179528	LBX2	9.696	3.2705
446	ENSG00000165997	ARL5B	25.622	3.27
447	ENSG00000105810	CDK6	65.277	3.2676
448	ENSG00000132613	MTSS2	42.955	3.2653
449	ENSG00000137198	GMPR	7.437	3.2617
450	ENSG00000278828	H3C10	6.467	3.2615
451	ENSG00000137944	KYAT3	29.643	3.2597
452	ENSG00000253276	CCDC71L	20.227	3.2533
453	ENSG00000153443	UBALD1	71.608	3.2506
454	ENSG00000111300	NAA25	78.957	3.2494
455	ENSG00000143443	C1orf56	26.307	3.2411
456	ENSG00000149346	SLX4IP	12.941	3.2381
457	ENSG00000135870	RC3H1	17.732	3.2359
458	ENSG00000228594	FNDC10	35.34	3.2344
459	ENSG00000174197	MGA	48.426	3.234
460	ENSG00000170043	TRAPPC1	291.97	3.2314
461	ENSG00000133657	ATP13A3	26.146	3.2293
462	ENSG00000176490	DIRAS1	19.344	3.227
463	ENSG00000178821	TMEM52	18.794	3.2256
464	ENSG00000175283	DOLK	27.481	3.2231
465	ENSG00000173349	SFT2D3	10.514	3.2231
466	ENSG00000147669	POLR2K	101.946	3.2149
467	ENSG00000142409	ZNF787	56.636	3.2128
468	ENSG00000283765		8.529	3.211
469	ENSG00000138399	FASTKD1	23.38	3.2005
470	ENSG00000104427	ZC2HC1A	15.713	3.1993
471	ENSG00000213931	HBE1	7.796	3.199
472	ENSG00000134255	CEPT1	24.892	3.1969
473	ENSG00000196935	SRGAP1	14.215	3.196
474	ENSG00000196233	LCOR	75.231	3.1943
475	ENSG00000184709	LRRC26	4.933	3.1941
476	ENSG00000118402	ELOVL4	24.727	3.1873
477	ENSG00000204334	ERICH2	12.584	3.1823
478	ENSG00000198265	HELZ	57.748	3.1817
479	ENSG00000160229	ZNF66	5.052	3.1793
480	ENSG00000165240	ATP7A	13.318	3.1788
481	ENSG00000184207	PGP	250.06	3.1776
482	ENSG00000198467	TPM2	18.34	3.1762
483	ENSG00000161956	SENP3	69.933	3.172
484	ENSG00000272886	DCP1A	105.561	3.1658
485	ENSG00000171476	HOPX	6.563	3.1654
486	ENSG00000169213	RAB3B	11.098	3.164
487	ENSG00000147813	NAPRT	25.767	3.1632
488	ENSG00000108582	CPD	24.725	3.1631
489	ENSG00000108510	MED13	58.169	3.1612
490	ENSG00000261582		4.477	3.1593
491	ENSG00000175787	ZNF169	10.352	3.1578
492	ENSG00000165572	KBTBD6	33.211	3.156
493	ENSG00000105649	RAB3A	8.682	3.1546
494	ENSG00000204710	SPDYC	8.706	3.1546
495	ENSG00000178522	AMBN	4.832	3.1542
496	ENSG00000026036	RTEL1-TNFRSF6B	15.89	3.1509
497	ENSG00000186352	ANKRD37	5.276	3.1505
498	ENSG00000119632	IFI27L2	42.864	3.1501
499	ENSG00000059758	CDK17	12.65	3.1498
500	ENSG00000224420	ADM5	10.117	3.149
501	ENSG00000129355	CDKN2D	23.673	3.145
502	ENSG00000128585	MKLN1	28.73	3.1427
503	ENSG00000103067	ESRP2	8.067	3.1419
504	ENSG00000291313		4.73	3.139
505	ENSG00000102870	ZNF629	49.425	3.136
506	ENSG00000116741	RGS2	10.329	3.1342
507	ENSG00000172216	CEBPB	47.769	3.1315
508	ENSG00000288722	F8A1	21.963	3.1252
509	ENSG00000173581	CCDC106	35.987	3.125
510	ENSG00000147894	C9orf72	6.983	3.1242
511	ENSG00000130349	MTRES1	13.538	3.1238
512	ENSG00000286070		235.36	3.1233
513	ENSG00000058729	RIOK2	23.324	3.1219
514	ENSG00000143190	POU2F1	52.736	3.1208
515	ENSG00000198862	LTN1	23.249	3.119
516	ENSG00000072041	SLC6A15	50.679	3.1189
517	ENSG00000138778	CENPE	86.935	3.1181
518	ENSG00000146859	TMEM140	4.807	3.1162
519	ENSG00000184227	ACOT1	5.219	3.1157
520	ENSG00000105767	CADM4	9.641	3.1155
521	ENSG00000107890	ANKRD26	43.599	3.1135
522	ENSG00000250151	ARPC4-TTLL3	4.629	3.1118
523	ENSG00000291316	TMEM276-ZFTRAF1	6.386	3.1079
524	ENSG00000135447	PPP1R1A	11.867	3.1076
525	ENSG00000225528	TMA7B	6.298	3.104
526	ENSG00000125746	EML2	25.479	3.1023
527	ENSG00000260691	ANKRD20A1	4.766	3.1016
528	ENSG00000166004	CEP295	31.818	3.0997
529	ENSG00000241697	TMEFF1	5.858	3.0987
530	ENSG00000198417	MT1F	5.884	3.0967
531	ENSG00000146757	ZNF92	11.384	3.0943
532	ENSG00000135317	SNX14	11.709	3.0913
533	ENSG00000136167	LCP1	9.019	3.091
534	ENSG00000077147	TM9SF3	83.115	3.0905
535	ENSG00000126457	PRMT1	411.017	3.0886
536	ENSG00000125744	RTN2	13.712	3.0878
537	ENSG00000197467	COL13A1	8.416	3.0868
538	ENSG00000118855	MFSD1	31.84	3.0841
539	ENSG00000260456	C16orf95	27.953	3.083
540	ENSG00000198681	MAGEA1	4.883	3.0766
541	ENSG00000100479	POLE2	24.311	3.0763
542	ENSG00000097046	CDC7	50.265	3.075
543	ENSG00000198930	CSAG1	4.258	3.075
544	ENSG00000132881	CPLANE2	7.379	3.0746
545	ENSG00000038427	VCAN	39.14	3.0742
546	ENSG00000146215	CRIP3	5.148	3.0733
547	ENSG00000143156	NME7	25.815	3.073
548	ENSG00000196748	CLPSL2	4.455	3.0723
549	ENSG00000134982	APC	39.43	3.0723
550	ENSG00000185875	THNSL1	8.481	3.0715
551	ENSG00000177519	RPRM	7.418	3.0683
552	ENSG00000198680	TUSC1	43.377	3.059
553	ENSG00000182810	DDX28	33.282	3.0577
554	ENSG00000221916	C19orf73	8.07	3.0577
555	ENSG00000189369	GSPT2	6.99	3.056
556	ENSG00000009413	REV3L	38.254	3.0537
557	ENSG00000137845	ADAM10	32.104	3.0502
558	ENSG00000007923	DNAJC11	85.235	3.0468
559	ENSG00000146676	PURB	21.725	3.0459
560	ENSG00000277400		6.456	3.0455
561	ENSG00000069702	TGFBR3	17.209	3.0358
562	ENSG00000189064	GAGE2A	4.784	3.0357
563	ENSG00000240204	SMKR1	5.686	3.0356
564	ENSG00000128040	SPINK2	6.157	3.0346
565	ENSG00000145348	TBCK	9.75	3.0345
566	ENSG00000154511	DIPK1A	9.021	3.0317
567	ENSG00000102189	EEA1	38.917	3.0312
568	ENSG00000113643	RARS1	165.217	3.0291
569	ENSG00000183023	SLC8A1	8.988	3.0288
570	ENSG00000260916	CCPG1	17.936	3.024
571	ENSG00000175868	CALCB	118.784	3.0209
572	ENSG00000115657	ABCB6	10.476	3.0186
573	ENSG00000142089	IFITM3	8.868	3.0151
574	ENSG00000068971	PPP2R5B	11.429	3.0122
575	ENSG00000175130	MARCKSL1	587.216	3.0099
576	ENSG00000247595	MISFA	4.741	3.0068
577	ENSG00000056277	ZNF280C	27.552	3.0057
578	ENSG00000228570	NUTM2E	10.879	3.0054
579	ENSG00000249141		4.482	3.0046
580	ENSG00000125845	BMP2	12.492	3.0013
581	ENSG00000141431	ASXL3	10.502	3.0008
582	ENSG00000096401	CDC5L	160.646	2.9991
583	ENSG00000242173	ARHGDIG	23.624	2.9969
584	ENSG00000062716	VMP1	63.215	2.9958
585	ENSG00000283128		15.758	2.9953
586	ENSG00000143256	PFDN2	369.064	2.9938
587	ENSG00000105327	BBC3	26.188	2.9936
588	ENSG00000205363	INSYN1	9.067	2.9929
589	ENSG00000269897	COMMD3-BMI1	4.279	2.9916
590	ENSG00000137216	TMEM63B	15.438	2.9908
591	ENSG00000157741	UBN2	38.511	2.9905
592	ENSG00000134001	EIF2S1	195.375	2.9898
593	ENSG00000132879	FBXO44	19.248	2.9876
594	ENSG00000189042	ZNF567	9.525	2.9864
595	ENSG00000175550	DRAP1	349.054	2.984
596	ENSG00000101843	PSMD10	141.351	2.9831
597	ENSG00000282034		53.67	2.9829
598	ENSG00000132423	COQ3	40.603	2.9824
599	ENSG00000085224	ATRX	133.583	2.9809
600	ENSG00000128973	CLN6	97.453	2.9793
601	ENSG00000114857	NKTR	128.116	2.978
602	ENSG00000172780	RAB43	9.228	2.9767
603	ENSG00000132481	TRIM47	8.705	2.9743
604	ENSG00000284976		19.954	2.9742
605	ENSG00000230453	ANKRD18B	52.932	2.9726
606	ENSG00000196565	HBG2	6.102	2.9691
607	ENSG00000204304	PBX2	64.445	2.9685
608	ENSG00000196296	ATP2A1	5.282	2.9683
609	ENSG00000179862	CITED4	7.027	2.9648
610	ENSG00000269891	ARHGAP19-SLIT1	5.546	2.9641
611	ENSG00000179271	GADD45GIP1	444.631	2.9637
612	ENSG00000198189	HSD17B11	23.694	2.9627
613	ENSG00000118292	C1orf54	6.99	2.9624
614	ENSG00000293268		19.075	2.957
615	ENSG00000100092	SH3BP1	18.295	2.9569
616	ENSG00000126461	SCAF1	71.773	2.9563
617	ENSG00000173531	MST1	5.187	2.9532
618	ENSG00000149548	CCDC15	12.856	2.9526
619	ENSG00000165698	SPACA9	18.997	2.9513
620	ENSG00000181649	PHLDA2	19.382	2.947
621	ENSG00000134250	NOTCH2	52.114	2.9468
622	ENSG00000285901		4.842	2.9464
623	ENSG00000186908	ZDHHC17	17.227	2.9463
624	ENSG00000153201	RANBP2	79.652	2.9462
625	ENSG00000066933	MYO9A	46.072	2.9461
626	ENSG00000104412	EMC2	40.612	2.9449
627	ENSG00000178397	FAM220A	8.822	2.9448
628	ENSG00000131981	LGALS3	11.527	2.9438
629	ENSG00000139684	ESD	154.568	2.9431
630	ENSG00000211445	GPX3	34.57	2.9422
631	ENSG00000171806	METTL18	10.594	2.9405
632	ENSG00000164080	RAD54L2	70.573	2.9403
633	ENSG00000125434	SLC25A35	10.617	2.939
634	ENSG00000009694	TENM1	8.715	2.9383
635	ENSG00000100749	VRK1	98.268	2.9381
636	ENSG00000170439	TMT1B	16.835	2.936
637	ENSG00000011332	DPF1	21.657	2.9357
638	ENSG00000055732	MCOLN3	13.995	2.9357
639	ENSG00000128965	CHAC1	15.642	2.9356
640	ENSG00000149294	NCAM1	27.395	2.935
641	ENSG00000119640	ACYP1	34.749	2.9336
642	ENSG00000176422	SPRYD4	23.884	2.9326
643	ENSG00000104408	EIF3E	412.04	2.9322
644	ENSG00000215252	GOLGA8B	56.953	2.9321
645	ENSG00000110723	EXPH5	9.833	2.9319
646	ENSG00000165533	TTC8	22.94	2.9305
647	ENSG00000142227	EMP3	36.362	2.9291
648	ENSG00000025708	TYMP	9.724	2.9254
649	ENSG00000072415	PALS1	26.15	2.9249
650	ENSG00000148700	ADD3	47.188	2.9246
651	ENSG00000037749	MFAP3	21.874	2.9219
652	ENSG00000128271	ADORA2A	5.793	2.9208
653	ENSG00000145012	LPP	15.915	2.9189
654	ENSG00000144182	LIPT1	8.881	2.9186
655	ENSG00000118508	RAB32	40.789	2.9186
656	ENSG00000176208	ATAD5	55.683	2.9169
657	ENSG00000274933	TBC1D3I	6.216	2.9167
658	ENSG00000198740	ZNF652	38.271	2.9123
659	ENSG00000130363	RSPH3	18.722	2.9099
660	ENSG00000121005	CRISPLD1	11.182	2.909
661	ENSG00000144744	UBA3	49.503	2.9081
662	ENSG00000101333	PLCB4	10.4	2.9051
663	ENSG00000118200	CAMSAP2	40.008	2.905
664	ENSG00000170965	PLAC1	7.85	2.9029
665	ENSG00000162702	ZNF281	65.803	2.9025
666	ENSG00000100815	TRIP11	36.41	2.9025
667	ENSG00000155304	HSPA13	23.903	2.9013
668	ENSG00000164953	TMEM67	9.438	2.9003
669	ENSG00000179085	DPM3	181.182	2.899
670	ENSG00000131238	PPT1	129.646	2.8976
671	ENSG00000136158	SPRY2	14.608	2.8965
672	ENSG00000069020	MAST4	18.765	2.8956
673	ENSG00000114439	BBX	147.208	2.8952
674	ENSG00000146802	TMEM168	12.025	2.8951
675	ENSG00000131080	EDA2R	4.999	2.8939
676	ENSG00000128708	HAT1	101.562	2.8919
677	ENSG00000268902	CSAG2	4.517	2.8908
678	ENSG00000165259	HDX	5.3	2.8879
679	ENSG00000180573	H2AC6	9.723	2.8871
680	ENSG00000198551	ZNF627	6.833	2.8838
681	ENSG00000161551	ZNF577	6.743	2.8819
682	ENSG00000134910	STT3A	142.237	2.8802
683	ENSG00000159231	CBR3	13.724	2.8801
684	ENSG00000115825	PRKD3	54.288	2.8751
685	ENSG00000181274	FRAT2	52.472	2.8712
686	ENSG00000197921	HES5	4.292	2.865
687	ENSG00000139220	PPFIA2	5.305	2.8612
688	ENSG00000100519	PSMC6	100.393	2.861
689	ENSG00000158528	PPP1R9A	10.748	2.8587
690	ENSG00000138346	DNA2	16.943	2.8576
691	ENSG00000150456	EEF1AKMT1	20.275	2.8559
692	ENSG00000185883	ATP6V0C	326.742	2.853
693	ENSG00000184481	FOXO4	12.968	2.8509
694	ENSG00000180071	ANKRD18A	49.767	2.8499
695	ENSG00000229637	PRAC2	5.193	2.8453
696	ENSG00000112972	HMGCS1	95.648	2.8434
697	ENSG00000173068	BNC2	7.604	2.8419
698	ENSG00000174996	KLC2	48.58	2.8415
699	ENSG00000135249	RINT1	28.077	2.8388
700	ENSG00000117475	BLZF1	15.627	2.8382
701	ENSG00000214226	C17orf67	8.416	2.8382
702	ENSG00000159459	UBR1	17.669	2.8347
703	ENSG00000163467	TSACC	6.744	2.8326
704	ENSG00000072274	TFRC	131.564	2.8325
705	ENSG00000259305	ZHX1-C8orf76	5.725	2.8311
706	ENSG00000082153	BZW1	225.1	2.8307
707	ENSG00000151553	FHIP2A	8.059	2.8286
708	ENSG00000185201	IFITM2	52.045	2.8286
709	ENSG00000157426	AASDH	17.136	2.8274
710	ENSG00000182742	HOXB4	6.459	2.8243
711	ENSG00000050130	JKAMP	28.179	2.823
712	ENSG00000152240	HAUS1	66.716	2.8226
713	ENSG00000254685	FPGT	15.27	2.8226
714	ENSG00000182379	NXPH4	11.114	2.82
715	ENSG00000109270	LAMTOR3	37.154	2.8199
716	ENSG00000172469	MANEA	10.321	2.8196
717	ENSG00000188573	FBLL1	4.251	2.8189
718	ENSG00000120068	HOXB8	16.544	2.8185
719	ENSG00000120129	DUSP1	36.634	2.818
720	ENSG00000235169	SMIM1	8.484	2.8159
721	ENSG00000146054	TRIM7	22.014	2.8159
722	ENSG00000241489		6.251	2.8148
723	ENSG00000206418	RAB12	17.297	2.8143
724	ENSG00000166664	CHRFAM7A	5.952	2.8103
725	ENSG00000179588	ZFPM1	9.642	2.8061
726	ENSG00000105472	CLEC11A	38.157	2.806
727	ENSG00000283149		3.613	2.8059
728	ENSG00000163281	GNPDA2	7.121	2.8049
729	ENSG00000197603	CPLANE1	22.52	2.8046
730	ENSG00000198898	CAPZA2	74.444	2.803
731	ENSG00000214029	ZNF891	9.365	2.8029
732	ENSG00000092439	TRPM7	21.966	2.8011
733	ENSG00000205560	CPT1B	13.611	2.7978
734	ENSG00000074317	SNCB	5.185	2.797
735	ENSG00000183793	NPIPA5	3.991	2.7967
736	ENSG00000039123	MTREX	66.969	2.7956
737	ENSG00000156531	PHF6	98.009	2.7954
738	ENSG00000031003	FAM13B	17.451	2.7948
739	ENSG00000143315	PIGM	24.172	2.7947
740	ENSG00000039319	ZFYVE16	24.068	2.7909
741	ENSG00000189144	ZNF573	4.247	2.7902
742	ENSG00000203965	EFCAB7	10.073	2.7899
743	ENSG00000087303	NID2	12.408	2.789
744	ENSG00000070961	ATP2B1	79.759	2.7878
745	ENSG00000135409	AMHR2	5.926	2.7857
746	ENSG00000169251	NMD3	50.344	2.7837
747	ENSG00000059377	TBXAS1	5.456	2.7837
748	ENSG00000164647	STEAP1	12.744	2.7824
749	ENSG00000122592	HOXA7	57.816	2.7822
750	ENSG00000164134	NAA15	151.358	2.7821
751	ENSG00000063244	U2AF2	315.5	2.7813
752	ENSG00000114480	GBE1	11.649	2.7807
753	ENSG00000163376	KBTBD8	7.633	2.7782
754	ENSG00000196712	NF1	56.086	2.7776
755	ENSG00000151093	OXSM	21.004	2.7774
756	ENSG00000197461	PDGFA	7.812	2.7768
757	ENSG00000214338	MTCL3	19.514	2.7747
758	ENSG00000178502	KLHL11	17.795	2.7745
759	ENSG00000001561	ENPP4	6.849	2.7736
760	ENSG00000213047	DENND1B	11.537	2.7729
761	ENSG00000107872	FBXL15	48.948	2.7714
762	ENSG00000139324	TMTC3	27.616	2.7695
763	ENSG00000182533	CAV3	8.225	2.7687
764	ENSG00000152413	HOMER1	36.744	2.7676
765	ENSG00000137575	SDCBP	81.676	2.7671
766	ENSG00000146247	PHIP	109.714	2.7661
767	ENSG00000120075	HOXB5	13.335	2.7639
768	ENSG00000174684	B4GAT1	69.78	2.7609
769	ENSG00000277150	F8A3	24.428	2.7604
770	ENSG00000135333	EPHA7	14.596	2.7602
771	ENSG00000258644	SYNJ2BP-COX16	5.961	2.7599
772	ENSG00000255152	MSH5-SAPCD1	9.738	2.7584
773	ENSG00000170417	TMEM182	6.147	2.7539
774	ENSG00000197905	TEAD4	41.535	2.7536
775	ENSG00000140543	DET1	11.338	2.7496
776	ENSG00000174498	IGDCC3	26.173	2.7496
777	ENSG00000184515	BEX5	18.049	2.7491
778	ENSG00000111432	FZD10	4.937	2.7431
779	ENSG00000123983	ACSL3	60.409	2.7423
780	ENSG00000165915	SLC39A13	23.777	2.742
781	ENSG00000164073	MFSD8	17.906	2.7413
782	ENSG00000085117	CD82	9.033	2.7401
783	ENSG00000151876	FBXO4	10.539	2.7396
784	ENSG00000164023	SGMS2	12.597	2.7382
785	ENSG00000267740		4.355	2.7371
786	ENSG00000185477	GPRIN3	11.323	2.7363
787	ENSG00000129991	TNNI3	37.166	2.7361
788	ENSG00000069943	PIGB	9.318	2.7355
789	ENSG00000152683	SLC30A6	20.249	2.7343
790	ENSG00000187630	DHRS4L2	7.804	2.7315
791	ENSG00000105939	ZC3HAV1	80.945	2.7302
792	ENSG00000111676	ATN1	42.86	2.7302
793	ENSG00000075399	VPS9D1	6.164	2.7276
794	ENSG00000148143	ZNF462	6.737	2.7271
795	ENSG00000158089	GALNT14	4.347	2.7269
796	ENSG00000075188	NUP37	58.92	2.7264
797	ENSG00000144724	PTPRG	12.011	2.7252
798	ENSG00000143333	RGS16	37.339	2.7235
799	ENSG00000185950	IRS2	11.931	2.7228
800	ENSG00000134444	RELCH	11.931	2.7196
801	ENSG00000118971	CCND2	82.042	2.7195
802	ENSG00000170667	RASA4B	8.17	2.7188
803	ENSG00000186395	KRT10	129.048	2.7179
804	ENSG00000095564	BTAF1	34.18	2.7167
805	ENSG00000164209	SLC25A46	38.33	2.7144
806	ENSG00000198912	C1orf174	47.796	2.7142
807	ENSG00000198563	DDX39B	539.277	2.7142
808	ENSG00000166860	ZBTB39	15.996	2.7136
809	ENSG00000172432	GTPBP2	24.092	2.7122
810	ENSG00000165476	REEP3	28.624	2.7116
811	ENSG00000196632	WNK3	16.01	2.7116
812	ENSG00000188732	FAM221A	6.658	2.7115
813	ENSG00000123104	ITPR2	23.676	2.7114
814	ENSG00000213638	ADAT3	9.347	2.7111
815	ENSG00000182685	BRICD5	4.396	2.7105
816	ENSG00000141570	CBX8	17.634	2.7102
817	ENSG00000113657	DPYSL3	8.527	2.7094
818	ENSG00000142408	CACNG8	9.295	2.7083
819	ENSG00000023287	RB1CC1	103.369	2.708
820	ENSG00000099330	OCEL1	24.238	2.7072
821	ENSG00000116678	LEPR	8.51	2.7069
822	ENSG00000101986	ABCD1	15.143	2.7055
823	ENSG00000067334	DNTTIP2	124.53	2.7048
824	ENSG00000102981	PARD6A	4.904	2.7038
825	ENSG00000186523	FAM86B1	3.825	2.7034
826	ENSG00000285283		3.902	2.7023
827	ENSG00000203877	RIPPLY2	3.584	2.7012
828	ENSG00000134058	CDK7	35.052	2.7009
829	ENSG00000144674	GOLGA4	98.796	2.6999
830	ENSG00000124635	H2BC11	17.494	2.6998
831	ENSG00000107651	SEC23IP	47.813	2.6983
832	ENSG00000111879	FAM184A	26.391	2.6981
833	ENSG00000171223	JUNB	19.015	2.6978
834	ENSG00000131015	ULBP2	6.892	2.697
835	ENSG00000139350	NEDD1	13.775	2.6962
836	ENSG00000214756	CSKMT	6.996	2.696
837	ENSG00000164244	PRRC1	50.24	2.6949
838	ENSG00000270316	BORCS7-ASMT	3.462	2.6948
839	ENSG00000218891	ZNF579	22.72	2.6947
840	ENSG00000259399	TGIF2-RAB5IF	3.8	2.6939
841	ENSG00000113140	SPARC	33.184	2.6932
842	ENSG00000135722	FBXL8	8.826	2.6931
843	ENSG00000184206	GOLGA6L4	6.053	2.6912
844	ENSG00000136928	GABBR2	6.517	2.6903
845	ENSG00000133135	RNF128	6.211	2.6898
846	ENSG00000008394	MGST1	107.748	2.689
847	ENSG00000214435	AS3MT	10.25	2.6872
848	ENSG00000146842	TMEM209	34.606	2.6872
849	ENSG00000167615	LENG8	51.206	2.6854
850	ENSG00000061656	SPAG4	5.203	2.684
851	ENSG00000126246	IGFLR1	13.538	2.684
852	ENSG00000228623	ZNF883	4.653	2.6839
853	ENSG00000198003	ODAD3	6.812	2.6814
854	ENSG00000275740		45.762	2.6798
855	ENSG00000188611	ASAH2	4.569	2.6765
856	ENSG00000138688	BLTP1	15.237	2.6746
857	ENSG00000140682	TGFB1I1	4.822	2.6743
858	ENSG00000088727	KIF9	22.904	2.6714
859	ENSG00000158164	TMSB15A	19.75	2.6702
860	ENSG00000167705	RILP	8.807	2.6701
861	ENSG00000070018	LRP6	31.712	2.6671
862	ENSG00000170469	SPATA24	15.171	2.6667
863	ENSG00000068079	IFI35	5.661	2.6667
864	ENSG00000162600	OMA1	28.01	2.6656
865	ENSG00000164366	CCDC127	24.428	2.6644
866	ENSG00000102024	PLS3	409.833	2.6643
867	ENSG00000173889	PHC3	14.619	2.6615
868	ENSG00000152932	RAB3C	5.553	2.6608
869	ENSG00000135241	PNPLA8	13.312	2.6604
870	ENSG00000158195	WASF2	152.062	2.6576
871	ENSG00000027869	SH2D2A	15.763	2.6576
872	ENSG00000104064	GABPB1	21.061	2.6575
873	ENSG00000197579	TOPORS	29.83	2.6571
874	ENSG00000085831	TTC39A	9.637	2.6567
875	ENSG00000198677	SKIC3	78.508	2.6566
876	ENSG00000112773	TENT5A	18.609	2.6565
877	ENSG00000181513	ACBD4	8.351	2.6555
878	ENSG00000156011	PSD3	19.348	2.6554
879	ENSG00000005381	MPO	3.796	2.6545
880	ENSG00000259024	TVP23C-CDRT4	4.201	2.6534
881	ENSG00000164941	INTS8	44.832	2.6527
882	ENSG00000267140		4.117	2.6524
883	ENSG00000163848	ZNF148	41.236	2.6517
884	ENSG00000079134	THOC1	33.011	2.6512
885	ENSG00000155099	PIP4P2	7.193	2.6506
886	ENSG00000181588	MEX3D	17.171	2.6502
887	ENSG00000064393	HIPK2	80.045	2.65
888	ENSG00000165195	PIGA	15.142	2.6492
889	ENSG00000106333	PCOLCE	14.714	2.6471
890	ENSG00000151414	NEK7	15.297	2.6448
891	ENSG00000178440	TIMM23B-AGAP6	4.144	2.6438
892	ENSG00000129932	DOHH	58.422	2.6414
893	ENSG00000146414	SHPRH	43.084	2.6413
894	ENSG00000051523	CYBA	240.067	2.6411
895	ENSG00000147509	RGS20	7.694	2.6385
896	ENSG00000181284	TMEM102	6.639	2.6373
897	ENSG00000180530	NRIP1	17.696	2.6355
898	ENSG00000140386	SCAPER	31.392	2.6337
899	ENSG00000272980		3.743	2.6313
900	ENSG00000149489	ROM1	4.38	2.63
901	ENSG00000268643		6.018	2.6284
902	ENSG00000084073	ZMPSTE24	56.583	2.6279
903	ENSG00000122386	ZNF205	33.054	2.6268
904	ENSG00000083807	SLC27A5	53.197	2.6266
905	ENSG00000111371	SLC38A1	124.888	2.6261
906	ENSG00000149599	DUSP15	4.409	2.6247
907	ENSG00000177283	FZD8	8.331	2.6238
908	ENSG00000198841	KTI12	24.857	2.6224
909	ENSG00000157911	PEX10	29.489	2.6218
910	ENSG00000164934	DCAF13	71.033	2.6198
911	ENSG00000262481	TMEM256-PLSCR3	3.308	2.6187
912	ENSG00000231389	HLA-DPA1	15.461	2.6184
913	ENSG00000115159	GPD2	14.154	2.6176
914	ENSG00000257594	GALNT4	5.206	2.6166
915	ENSG00000170425	ADORA2B	38.862	2.6154
916	ENSG00000171462	DLK2	5.972	2.615
917	ENSG00000164327	RICTOR	11.023	2.6147
918	ENSG00000198780	FAM169A	16.931	2.6136
919	ENSG00000278463	H2AC4	3.728	2.6135
920	ENSG00000064726	BTBD1	50.841	2.613
921	ENSG00000075539	FRYL	13.895	2.6106
922	ENSG00000268750		3.494	2.609
923	ENSG00000106588	PSMA2	289.804	2.6084
924	ENSG00000171794	UTF1	3.696	2.6079
925	ENSG00000107796	ACTA2	4.66	2.6079
926	ENSG00000103978	TMEM87A	21.302	2.6063
927	ENSG00000182463	TSHZ2	9.729	2.6058
928	ENSG00000165863	SPMIP5	4.994	2.6037
929	ENSG00000205542	TMSB4X	92.597	2.6028
930	ENSG00000094841	UPRT	13.127	2.6023
931	ENSG00000258677		3.309	2.6023
932	ENSG00000136367	ZFHX2	8.955	2.6012
933	ENSG00000011422	PLAUR	12.928	2.6012
934	ENSG00000122484	RPAP2	48.47	2.6003
935	ENSG00000288859	H2AC19	3.217	2.6002
936	ENSG00000197978	GOLGA6L9	13.834	2.6001
937	ENSG00000168038	ULK4	4.902	2.5995
938	ENSG00000196544	BORCS6	18.717	2.5995
939	ENSG00000034693	PEX3	24.096	2.5992
940	ENSG00000162194	LBHD1	9.434	2.599
941	ENSG00000180448	ARHGAP45	8.726	2.597
942	ENSG00000123684	LPGAT1	52.849	2.5964
943	ENSG00000064651	SLC12A2	33.804	2.5962
944	ENSG00000169139	UBE2V2	141.045	2.5958
945	ENSG00000189367	KIAA0408	10.461	2.5936
946	ENSG00000171714	ANO5	10.145	2.5935
947	ENSG00000091844	RGS17	11.116	2.5931
948	ENSG00000113580	NR3C1	34.7	2.5927
949	ENSG00000118496	FBXO30	12.628	2.5927
950	ENSG00000187266	EPOR	8.997	2.5919
951	ENSG00000115194	SLC30A3	7.365	2.5918
952	ENSG00000243749	TMEM35B	12.967	2.5913
953	ENSG00000180616	SSTR2	9.573	2.5912
954	ENSG00000127928	GNGT1	4.958	2.5904
955	ENSG00000258102	MAP1LC3B2	4.337	2.5904
956	ENSG00000117724	CENPF	314.918	2.5898
957	ENSG00000167476	JSRP1	4.785	2.5896
958	ENSG00000099219	ERMP1	9.092	2.5893
959	ENSG00000227124	ZNF717	11.831	2.5891
960	ENSG00000197045	GMFB	34.564	2.589
961	ENSG00000116711	PLA2G4A	5.352	2.5883
962	ENSG00000112893	MAN2A1	17.688	2.5881
963	ENSG00000141854	MISP3	3.917	2.5877
964	ENSG00000204673	AKT1S1	87.04	2.5868
965	ENSG00000102678	FGF9	7.573	2.5857
966	ENSG00000038219	BOD1L1	70.978	2.5851
967	ENSG00000162437	RAVER2	29.78	2.585
968	ENSG00000171988	JMJD1C	37.595	2.5812
969	ENSG00000135253	KCP	4.113	2.5806
970	ENSG00000078177	N4BP2	17.977	2.5802
971	ENSG00000188372	ZP3	4.117	2.5783
972	ENSG00000183814	LIN9	20.881	2.5783
973	ENSG00000213064	SFT2D2	41.634	2.5783
974	ENSG00000183354	BRD10	26.303	2.5765
975	ENSG00000159713	TPPP3	7.35	2.5758
976	ENSG00000115392	FANCL	42.788	2.5758
977	ENSG00000172667	ZMAT3	19.541	2.5757
978	ENSG00000164163	ABCE1	140.816	2.575
979	ENSG00000157500	APPL1	132.901	2.5741
980	ENSG00000091129	NRCAM	6.928	2.5728
981	ENSG00000183889	NPIPA6	56.479	2.5724
982	ENSG00000125863	MKKS	21.167	2.5716
983	ENSG00000160781	PAQR6	4.714	2.5713
984	ENSG00000127220	ABHD8	8.457	2.5711
985	ENSG00000013441	CLK1	28.174	2.5711
986	ENSG00000103995	CEP152	26.659	2.5705
987	ENSG00000197261	C6orf141	3.642	2.5697
988	ENSG00000164190	NIPBL	62.968	2.5682
989	ENSG00000162576	MXRA8	4.887	2.5682
990	ENSG00000278619	MRM1	13.556	2.5666
991	ENSG00000131037	EPS8L1	9.24	2.566
992	ENSG00000134318	ROCK2	55.961	2.5656
993	ENSG00000197969	VPS13A	49.074	2.5639
994	ENSG00000135541	AHI1	47.759	2.5634
995	ENSG00000133247	KMT5C	23.789	2.5632
996	ENSG00000137185	ZSCAN9	9.863	2.5631
997	ENSG00000179454	KLHL28	8.522	2.5607
998	ENSG00000243789	JMJD7	3.795	2.5592
999	ENSG00000204186	ZDBF2	19.295	2.5572
1000	ENSG00000158773	USF1	54.818	2.5571
1001	ENSG00000156467	UQCRB	332.607	2.5571
1002	ENSG00000168917	SLC35G2	12.179	2.5566
1003	ENSG00000053900	ANAPC4	20.672	2.5565
1004	ENSG00000071282	LMCD1	5.868	2.5552
1005	ENSG00000244219	TMEM225B	3.782	2.5547
1006	ENSG00000104140	RHOV	11.013	2.5528
1007	ENSG00000035499	DEPDC1B	20.445	2.5515
1008	ENSG00000068885	IFT80	13.004	2.5507
1009	ENSG00000166455	C16orf46	3.751	2.5493
1010	ENSG00000117262	GPR89A	32.472	2.5486
1011	ENSG00000104325	DECR1	20.274	2.548
1012	ENSG00000249222	ATP5MGL	3.797	2.5477
1013	ENSG00000179933	C14orf119	85.018	2.5473
1014	ENSG00000121454	LHX4	13.984	2.5471
1015	ENSG00000276903	H2AC16	3.576	2.5461
1016	ENSG00000126870	DYNC2I1	110.452	2.5458
1017	ENSG00000183145	RIPPLY3	5.704	2.5455
1018	ENSG00000167964	RAB26	3.965	2.5453
1019	ENSG00000138081	FBXO11	25.859	2.5442
1020	ENSG00000106714	CNTNAP3	6.011	2.5441
1021	ENSG00000119927	GPAM	15.549	2.5437
1022	ENSG00000085871	MGST2	31.69	2.5419
1023	ENSG00000142347	MYO1F	4.717	2.5417
1024	ENSG00000152422	XRCC4	9.594	2.5417
1025	ENSG00000196550	FAM72A	27.329	2.54
1026	ENSG00000158623	COPG2	36.948	2.5395
1027	ENSG00000257704	INAFM1	13.481	2.5386
1028	ENSG00000154065	ANKRD29	15.339	2.5358
1029	ENSG00000077458	FAM76B	21.324	2.5355
1030	ENSG00000151229	SLC2A13	6.613	2.5355
1031	ENSG00000257520	SFTA3	5.196	2.5354
1032	ENSG00000184949	FAM227A	5.658	2.5351
1033	ENSG00000152404	CWF19L2	31.828	2.535
1034	ENSG00000169258	GPRIN1	22.256	2.5342
1035	ENSG00000111215	PRR4	16.771	2.5324
1036	ENSG00000130208	APOC1	138.73	2.5306
1037	ENSG00000029363	BCLAF1	414.976	2.5293
1038	ENSG00000014123	UFL1	22.99	2.5281
1039	ENSG00000091986	CCDC80	11.016	2.528
1040	ENSG00000165490	DDIAS	17.593	2.5279
1041	ENSG00000090554	FLT3LG	4.208	2.5263
1042	ENSG00000162994	CLHC1	5.638	2.5261
1043	ENSG00000092978	GPATCH2	26.749	2.5257
1044	ENSG00000131187	F12	38.083	2.5254
1045	ENSG00000168795	ZBTB5	18.814	2.5254
1046	ENSG00000164684	ZNF704	23.2	2.5245
1047	ENSG00000111671	SPSB2	7.201	2.5243
1048	ENSG00000283189		4.102	2.5211
1049	ENSG00000172244	C5orf34	8.719	2.5209
1050	ENSG00000102531	FNDC3A	40.225	2.5205
1051	ENSG00000060749	QSER1	52.149	2.5203
1052	ENSG00000130283	GDF1	10.955	2.5201
1053	ENSG00000139697	SBNO1	64.624	2.5198
1054	ENSG00000196787	H2AC11	7.522	2.5192
1055	ENSG00000125124	BBS2	20.157	2.5186
1056	ENSG00000128000	ZNF780B	5.115	2.5178
1057	ENSG00000236362	GAGE12F	3.992	2.5178
1058	ENSG00000185829	ARL17A	104.952	2.5151
1059	ENSG00000272968	RBAK-RBAKDN	4.448	2.5151
1060	ENSG00000258388	PPT2-EGFL8	4.138	2.5148
1061	ENSG00000178074	C2orf69	19.092	2.5144
1062	ENSG00000163884	KLF15	14.318	2.5144
1063	ENSG00000198576	ARC	5.985	2.514
1064	ENSG00000127561	SYNGR3	11.088	2.5138
1065	ENSG00000163389	POGLUT1	22.293	2.5135
1066	ENSG00000258881		9.41	2.5131
1067	ENSG00000197050	ZNF420	5.796	2.5116
1068	ENSG00000267645	POLR2J2-UPK3BL1	3.169	2.5105
1069	ENSG00000111711	GOLT1B	25.661	2.5101
1070	ENSG00000069667	RORA	8.344	2.5097
1071	ENSG00000170166	HOXD4	5.52	2.5094
1072	ENSG00000062725	APPBP2	36.255	2.5092
1073	ENSG00000116035	VAX2	11.528	2.5089
1074	ENSG00000172458	IL17D	6.662	2.5069
1075	ENSG00000010626	LRRC23	17.11	2.5066
1076	ENSG00000166289	PLEKHF1	8.354	2.5065
1077	ENSG00000105887	MTPN	195.263	2.5062
1078	ENSG00000118946	PCDH17	7.136	2.5062
1079	ENSG00000124406	ATP8A1	5.499	2.506
1080	ENSG00000159184	HOXB13	20.043	2.5039
1081	ENSG00000163704	PRRT3	15.743	2.5032
1082	ENSG00000103994	ZNF106	77.241	2.5028
1083	ENSG00000113658	SMAD5	77.576	2.5003
1084	ENSG00000137880	GCHFR	43.754	2.5001
1085	ENSG00000163864	NMNAT3	5.685	2.4998
1086	ENSG00000161813	LARP4	49.717	2.4989
1087	ENSG00000197808	ZNF461	3.843	2.4982
1088	ENSG00000213020	ZNF611	7.622	2.4962
1089	ENSG00000134107	BHLHE40	24.465	2.4957
1090	ENSG00000025800	KPNA6	114.72	2.4948
1091	ENSG00000158716	DUSP23	3.156	2.4948
1092	ENSG00000108515	ENO3	7.329	2.4908
1093	ENSG00000163527	STT3B	77.796	2.4903
1094	ENSG00000147862	NFIB	21.681	2.49
1095	ENSG00000178498	DTX3	11.936	2.4893
1096	ENSG00000105613	MAST1	15.02	2.4887
1097	ENSG00000169967	MAP3K2	28.775	2.4881
1098	ENSG00000214274	ANG	5.192	2.4878
1099	ENSG00000186364	NUDT17	7.905	2.4874
1100	ENSG00000168811	IL12A	3.525	2.4872
1101	ENSG00000224578	HNRNPA1L3	49.104	2.4843
1102	ENSG00000178809	TRIM73	7.169	2.4832
1103	ENSG00000145642	SHISAL2B	6.826	2.4824
1104	ENSG00000138802	SEC24B	17.356	2.4819
1105	ENSG00000008086	CDKL5	7.827	2.4806
1106	ENSG00000161277	THAP8	5.574	2.4803
1107	ENSG00000108590	MED31	26.538	2.4801
1108	ENSG00000175832	ETV4	3.832	2.4799
1109	ENSG00000169155	ZBTB43	27.049	2.4793
1110	ENSG00000292327	PPP2R3B	3.643	2.4758
1111	ENSG00000049130	KITLG	5.627	2.4756
1112	ENSG00000139323	POC1B	11.338	2.4753
1113	ENSG00000184986	TMEM121	17.965	2.4752
1114	ENSG00000265303		3.288	2.4752
1115	ENSG00000129951	PLPPR3	5.035	2.4748
1116	ENSG00000267261		3.627	2.4747
1117	ENSG00000077713	SLC25A43	6.162	2.4737
1118	ENSG00000171044	XKR6	6.117	2.4735
1119	ENSG00000234965	SHISA8	7.686	2.4733
1120	ENSG00000165949	IFI27	4.049	2.4733
1121	ENSG00000115271	GCA	16.114	2.4725
1122	ENSG00000138459	SLC35A5	19.631	2.4712
1123	ENSG00000074410	CA12	8.356	2.4707
1124	ENSG00000134369	NAV1	25.419	2.4706
1125	ENSG00000133640	LRRIQ1	4.813	2.4692
1126	ENSG00000163536	SERPINI1	3.492	2.4675
1127	ENSG00000087076	HSD17B14	7.112	2.4671
1128	ENSG00000204444	APOM	3.844	2.4658
1129	ENSG00000143457	GOLPH3L	34.311	2.4655
1130	ENSG00000044574	HSPA5	299.214	2.4651
1131	ENSG00000196074	SYCP2	3.428	2.4631
1132	ENSG00000100902	PSMA6	417.269	2.4607
1133	ENSG00000140284	SLC27A2	7.642	2.4605
1134	ENSG00000104290	FZD3	20.483	2.4592
1135	ENSG00000143498	TAF1A	14.091	2.4578
1136	ENSG00000036549	ZZZ3	58.746	2.4564
1137	ENSG00000128886	ELL3	6.94	2.4558
1138	ENSG00000143322	ABL2	52.279	2.4558
1139	ENSG00000120055	C10orf95	4.662	2.454
1140	ENSG00000141837	CACNA1A	3.113	2.4539
1141	ENSG00000139574	NPFF	3.396	2.4537
1142	ENSG00000095209	TMEM38B	45.322	2.4528
1143	ENSG00000214954	LRRC69	7.796	2.4504
1144	ENSG00000254470	AP5B1	23.204	2.4499
1145	ENSG00000188636	RTL6	27.947	2.4481
1146	ENSG00000181523	SGSH	21.603	2.4477
1147	ENSG00000196890	H2BC26	4.613	2.447
1148	ENSG00000118246	FASTKD2	29.142	2.445
1149	ENSG00000166833	NAV2	6.604	2.4442
1150	ENSG00000196873	ZNG1C	78.005	2.4441
1151	ENSG00000198924	DCLRE1A	12.277	2.4436
1152	ENSG00000140280	LYSMD2	8.724	2.4432
1153	ENSG00000157514	TSC22D3	331.63	2.441
1154	ENSG00000229809	ZNF688	25.248	2.4403
1155	ENSG00000179941	BBS10	7.588	2.44
1156	ENSG00000088179	PTPN4	14.936	2.4379
1157	ENSG00000058404	CAMK2B	8.501	2.4374
1158	ENSG00000102580	DNAJC3	37.203	2.4369
1159	ENSG00000183401	CCDC159	5.034	2.4366
1160	ENSG00000255423	EBLN2	3.229	2.4357
1161	ENSG00000100968	NFATC4	16.244	2.4336
1162	ENSG00000151743	AMN1	7.206	2.4333
1163	ENSG00000132109	TRIM21	5.953	2.4331
1164	ENSG00000089818	NECAP1	28.053	2.4327
1165	ENSG00000173145	NOC3L	73.561	2.4319
1166	ENSG00000256061	DNAAF4	4.912	2.4315
1167	ENSG00000204314	PRRT1	5.552	2.4305
1168	ENSG00000143032	BARHL2	7.999	2.4303
1169	ENSG00000137941	TTLL7	20.821	2.4294
1170	ENSG00000152382	TADA1	26.739	2.4294
1171	ENSG00000138134	STAMBPL1	9.678	2.4282
1172	ENSG00000151470	C4orf33	10.536	2.4266
1173	ENSG00000176845	METRNL	24.806	2.4263
1174	ENSG00000171159	BBLN	120.115	2.4257
1175	ENSG00000124766	SOX4	229.271	2.4252
1176	ENSG00000285816		5.246	2.424
1177	ENSG00000147050	KDM6A	21.716	2.4236
1178	ENSG00000211456	SACM1L	37.217	2.4235
1179	ENSG00000205078	SYCE1L	3.725	2.4232
1180	ENSG00000145715	RASA1	10.563	2.4223
1181	ENSG00000187140	FOXD3	9.806	2.4218
1182	ENSG00000105784	RUNDC3B	8.079	2.4218
1183	ENSG00000129514	FOXA1	6.439	2.4216
1184	ENSG00000260537		2.922	2.4202
1185	ENSG00000165632	TAF3	69.095	2.4199
1186	ENSG00000164338	UTP15	30.819	2.4198
1187	ENSG00000211450	SELENOH	522.68	2.4173
1188	ENSG00000168172	HOOK3	49.074	2.4162
1189	ENSG00000160408	ST6GALNAC6	33.69	2.4158
1190	ENSG00000145832	SLC25A48	8.33	2.4157
1191	ENSG00000137434	C6orf52	3.651	2.4147
1192	ENSG00000135838	NPL	10.033	2.4142
1193	ENSG00000118689	FOXO3	78.977	2.4141
1194	ENSG00000155380	SLC16A1	222.435	2.4116
1195	ENSG00000196154	S100A4	4.008	2.4115
1196	ENSG00000224712	NPIPA3	3.175	2.4105
1197	ENSG00000115239	ASB3	30.982	2.4105
1198	ENSG00000188321	ZNF559	9.444	2.4095
1199	ENSG00000239704	CDRT4	8.262	2.4094
1200	ENSG00000131899	LLGL1	25.086	2.4082
1201	ENSG00000285130		5.749	2.4062
1202	ENSG00000112282	MED23	17.882	2.4047
1203	ENSG00000083828	ZNF586	5.355	2.4027
1204	ENSG00000101210	EEF1A2	96.594	2.4009
1205	ENSG00000104852	SNRNP70	542.328	2.4003
1206	ENSG00000187189	TSPYL4	16.96	2.3999
1207	ENSG00000112343	TRIM38	8.48	2.3988
1208	ENSG00000113595	TRIM23	11.516	2.397
1209	ENSG00000158806	NPM2	3.13	2.3969
1210	ENSG00000171680	PLEKHG5	5.394	2.3967
1211	ENSG00000091262	ABCC6	11.426	2.3967
1212	ENSG00000152104	PTPN14	44.47	2.3967
1213	ENSG00000185236	RAB11B	65.971	2.3963
1214	ENSG00000242574	HLA-DMB	6.043	2.3958
1215	ENSG00000120594	PLXDC2	10.16	2.395
1216	ENSG00000226479	TMEM185B	18.731	2.3948
1217	ENSG00000116151	MORN1	14.491	2.3946
1218	ENSG00000145780	FEM1C	5.674	2.394
1219	ENSG00000102763	VWA8	11.881	2.3935
1220	ENSG00000119669	IRF2BPL	16.047	2.3933
1221	ENSG00000148832	PAOX	3.958	2.3924
1222	ENSG00000132329	RAMP1	40.497	2.3923
1223	ENSG00000198088	NUP62CL	21.54	2.3922
1224	ENSG00000239282	CASTOR1	5.965	2.3912
1225	ENSG00000124171	PARD6B	11.623	2.3906
1226	ENSG00000173041	ZNF680	5.291	2.3906
1227	ENSG00000113196	HAND1	33.449	2.39
1228	ENSG00000068831	RASGRP2	5.295	2.3899
1229	ENSG00000077063	CTTNBP2	6.107	2.3898
1230	ENSG00000119844	AFTPH	21.268	2.3897
1231	ENSG00000145241	CENPC	25.601	2.3896
1232	ENSG00000188659	SAXO2	4.735	2.389
1233	ENSG00000205423	CNEP1R1	8.428	2.3883
1234	ENSG00000176853	FAM91A1	26.041	2.3876
1235	ENSG00000101974	ATP11C	41.605	2.3871
1236	ENSG00000148450	MSRB2	38.944	2.3863
1237	ENSG00000100883	SRP54	52.292	2.386
1238	ENSG00000177613	CSTF2T	27.903	2.3859
1239	ENSG00000119917	IFIT3	3.285	2.3854
1240	ENSG00000137825	ITPKA	8.547	2.3851
1241	ENSG00000051382	PIK3CB	11.569	2.3846
1242	ENSG00000166479	TMX3	14.839	2.3842
1243	ENSG00000197417	SHPK	27.883	2.3828
1244	ENSG00000075420	FNDC3B	16.456	2.3822
1245	ENSG00000157625	TAB3	10.789	2.3821
1246	ENSG00000127720	METTL25	8.743	2.382
1247	ENSG00000104983	CCDC61	7.416	2.3819
1248	ENSG00000174628	IQCK	6.476	2.3808
1249	ENSG00000154265	ABCA5	13.834	2.3794
1250	ENSG00000087502	ERGIC2	67.769	2.3783
1251	ENSG00000164463	CREBRF	9.247	2.378
1252	ENSG00000176049	JAKMIP2	4.333	2.3771
1253	ENSG00000116981	NT5C1A	4.974	2.3768
1254	ENSG00000160469	BRSK1	8.481	2.3759
1255	ENSG00000149591	TAGLN	4.047	2.3749
1256	ENSG00000141933	TPGS1	30.214	2.3743
1257	ENSG00000283782		3.641	2.3735
1258	ENSG00000070269	TMEM260	10.422	2.3727
1259	ENSG00000155744	HYCC2	20.716	2.3726
1260	ENSG00000111596	CNOT2	63.093	2.3725
1261	ENSG00000204370	SDHD	97.694	2.3715
1262	ENSG00000176978	DPP7	10.425	2.371
1263	ENSG00000196323	ZBTB44	43.697	2.3698
1264	ENSG00000233276	GPX1	343.782	2.3684
1265	ENSG00000117707	PROX1	5.526	2.3683
1266	ENSG00000176170	SPHK1	16.887	2.3675
1267	ENSG00000146856	AGBL3	8.213	2.3674
1268	ENSG00000172650	AGAP5	15.831	2.3667
1269	ENSG00000244405	ETV5	3.88	2.3666
1270	ENSG00000167861	HID1	13.086	2.3661
1271	ENSG00000111696	NT5DC3	23.538	2.366
1272	ENSG00000120699	EXOSC8	124.186	2.3657
1273	ENSG00000164211	STARD4	11.779	2.3653
1274	ENSG00000183530	PRR14L	67.963	2.3618
1275	ENSG00000176597	B3GNT5	6.476	2.3607
1276	ENSG00000103260	METRN	42.996	2.3605
1277	ENSG00000162385	MAGOH	189.665	2.3601
1278	ENSG00000163714	U2SURP	442.447	2.3599
1279	ENSG00000114346	ECT2	46.869	2.3597
1280	ENSG00000133937	GSC	8.881	2.3593
1281	ENSG00000143450	OAZ3	4.405	2.358
1282	ENSG00000110318	CEP126	7.989	2.3578
1283	ENSG00000162004	CCDC78	3.508	2.3577
1284	ENSG00000169432	SCN9A	6.281	2.3563
1285	ENSG00000109184	DCUN1D4	26.193	2.3561
1286	ENSG00000146587	RBAK	12.161	2.3553
1287	ENSG00000115457	IGFBP2	141.105	2.3551
1288	ENSG00000181061	HIGD1A	207.945	2.3551
1289	ENSG00000171097	KYAT1	13.457	2.3549
1290	ENSG00000160050	CCDC28B	98.18	2.3538
1291	ENSG00000170381	SEMA3E	4.427	2.3534
1292	ENSG00000182670	TTC3	211.552	2.3531
1293	ENSG00000170385	SLC30A1	6.202	2.3529
1294	ENSG00000181619	GPR135	3.478	2.3518
1295	ENSG00000188315	C3orf62	11.431	2.3516
1296	ENSG00000151778	SERP2	8.913	2.3515
1297	ENSG00000152348	ATG10	17.362	2.3497
1298	ENSG00000131791	PRKAB2	22.53	2.348
1299	ENSG00000102753	KPNA3	47.895	2.347
1300	ENSG00000112419	PHACTR2	54.349	2.3463
1301	ENSG00000184857	TMEM186	22.093	2.3454
1302	ENSG00000166669	ATF7IP2	11.922	2.3448
1303	ENSG00000108239	TBC1D12	15.758	2.3444
1304	ENSG00000055609	KMT2C	137.308	2.3433
1305	ENSG00000139173	TMEM117	4.391	2.343
1306	ENSG00000162924	REL	25.55	2.3418
1307	ENSG00000154102	C16orf74	21.532	2.3412
1308	ENSG00000100528	CNIH1	155.351	2.3409
1309	ENSG00000184619	KRBA2	4.14	2.3399
1310	ENSG00000204977	TRIM13	17.961	2.3396
1311	ENSG00000196711	ALKAL1	22.461	2.3395
1312	ENSG00000167447	SMG8	20.29	2.3389
1313	ENSG00000269713	NBPF9	170.765	2.3382
1314	ENSG00000104883	PEX11G	4.355	2.3377
1315	ENSG00000182150	ERCC6L2	46.373	2.3376
1316	ENSG00000151338	MIPOL1	19.123	2.3373
1317	ENSG00000183049	CAMK1D	11.679	2.337
1318	ENSG00000125848	FLRT3	5.555	2.3368
1319	ENSG00000047188	YTHDC2	30.635	2.3366
1320	ENSG00000112379	ARFGEF3	14.65	2.3356
1321	ENSG00000157107	FCHO2	14.813	2.3356
1322	ENSG00000066557	LRRC40	24.674	2.3355
1323	ENSG00000213462	ERV3-1	6.759	2.3355
1324	ENSG00000123200	ZC3H13	173.328	2.335
1325	ENSG00000113593	PPWD1	32.953	2.3347
1326	ENSG00000133731	IMPA1	24.795	2.3336
1327	ENSG00000119986	AVPI1	20.902	2.3335
1328	ENSG00000042493	CAPG	8.248	2.3332
1329	ENSG00000168672	LRATD2	26.248	2.3326
1330	ENSG00000076641	PAG1	20.447	2.3326
1331	ENSG00000198689	SLC9A6	17.254	2.3311
1332	ENSG00000109929	SC5D	71.634	2.3291
1333	ENSG00000121410	A1BG	53.978	2.3288
1334	ENSG00000138185	ENTPD1	2.934	2.3284
1335	ENSG00000135314	KHDC1	3.218	2.3276
1336	ENSG00000082996	RNF13	29.121	2.3275
1337	ENSG00000205133	TRIQK	9.356	2.3273
1338	ENSG00000153707	PTPRD	7.864	2.3264
1339	ENSG00000144278	GALNT13	12.6	2.326
1340	ENSG00000053770	AP5M1	31.196	2.3257
1341	ENSG00000139734	DIAPH3	50.635	2.3256
1342	ENSG00000081138	CDH7	3.395	2.3254
1343	ENSG00000152749	GPR180	34.212	2.3252
1344	ENSG00000123609	NMI	3.378	2.325
1345	ENSG00000109906	ZBTB16	6.585	2.3246
1346	ENSG00000132205	EMILIN2	13.712	2.3239
1347	ENSG00000119446	RBM18	41.491	2.3237
1348	ENSG00000121350	PYROXD1	10.298	2.3236
1349	ENSG00000106069	CHN2	7.013	2.3216
1350	ENSG00000156876	SASS6	47.154	2.3213
1351	ENSG00000184381	PLA2G6	8.235	2.321
1352	ENSG00000158106	RHPN1	12.075	2.3207
1353	ENSG00000123636	BAZ2B	23.967	2.3205
1354	ENSG00000185519	FAM131C	4.329	2.3204
1355	ENSG00000167311	ART5	9.577	2.3197
1356	ENSG00000186409	CCDC30	7.003	2.3194
1357	ENSG00000134330	IAH1	59.834	2.3183
1358	ENSG00000254995	STX16-NPEPL1	2.686	2.3181
1359	ENSG00000274180	NATD1	11.988	2.3179
1360	ENSG00000175105	ZNF654	7.02	2.3176
1361	ENSG00000052795	FNIP2	25.369	2.3161
1362	ENSG00000154162	CDH12	3.989	2.3157
1363	ENSG00000196502	SULT1A1	9.46	2.3153
1364	ENSG00000134470	IL15RA	4.692	2.3153
1365	ENSG00000137968	SLC44A5	7.695	2.3145
1366	ENSG00000042286	AIFM2	6.466	2.3144
1367	ENSG00000155542	SETD9	12.819	2.3139
1368	ENSG00000142765	SYTL1	3.733	2.3138
1369	ENSG00000240344	PPIL3	30.334	2.3137
1370	ENSG00000164900	GBX1	4.325	2.3136
1371	ENSG00000102908	NFAT5	23.425	2.3135
1372	ENSG00000213658	LAT	3.557	2.3133
1373	ENSG00000176531	PHLDB3	19.03	2.3128
1374	ENSG00000006016	CRLF1	5.594	2.3127
1375	ENSG00000197841	ZNF181	10.156	2.3125
1376	ENSG00000163655	GMPS	114.656	2.3122
1377	ENSG00000271092	TLCD4-RWDD3	3.009	2.3118
1378	ENSG00000111224	PARP11	7.821	2.3106
1379	ENSG00000240184	PCDHGC3	7.391	2.31
1380	ENSG00000106261	ZKSCAN1	67.919	2.3096
1381	ENSG00000168993	CPLX1	15.71	2.3086
1382	ENSG00000110330	BIRC2	18.734	2.3082
1383	ENSG00000178078	STAP2	3.084	2.3079
1384	ENSG00000145703	IQGAP2	26.857	2.3074
1385	ENSG00000156875	MFSD14A	27.995	2.3072
1386	ENSG00000142733	MAP3K6	14.634	2.3072
1387	ENSG00000126458	RRAS	11.185	2.3063
1388	ENSG00000147027	TMEM47	8.101	2.3061
1389	ENSG00000118412	CASP8AP2	49.341	2.306
1390	ENSG00000256500		3.126	2.3059
1391	ENSG00000090238	YPEL3	27.995	2.3056
1392	ENSG00000175073	VCPIP1	10.907	2.3052
1393	ENSG00000100867	DHRS2	8.829	2.3051
1394	ENSG00000134970	TMED7	26.017	2.3022
1395	ENSG00000214309	MBLAC1	3.766	2.3018
1396	ENSG00000136636	KCTD3	48.493	2.3
1397	ENSG00000197429	IPP	8.337	2.2993
1398	ENSG00000196436	NPIPB15	5.55	2.2991
1399	ENSG00000185615	PDIA2	3.641	2.2991
1400	ENSG00000272325	NUDT3	76.17	2.2985
1401	ENSG00000182310	SPACA6	4.268	2.2974
1402	ENSG00000135437	RDH5	5.093	2.2973
1403	ENSG00000213949	ITGA1	5.88	2.2973
1404	ENSG00000142669	SH3BGRL3	116.097	2.2969
1405	ENSG00000214050	FBXO16	8.378	2.2968
1406	ENSG00000179886	TIGD5	36.845	2.2961
1407	ENSG00000103316	CRYM	4.007	2.2959
1408	ENSG00000109586	GALNT7	16.627	2.2957
1409	ENSG00000140006	WDR89	13.021	2.295
1410	ENSG00000099399	MAGEB2	4.516	2.295
1411	ENSG00000152193	OBI1	47.521	2.2936
1412	ENSG00000171119	NRTN	12.124	2.2934
1413	ENSG00000145088	EAF2	7.031	2.2928
1414	ENSG00000173867		3.029	2.2923
1415	ENSG00000168913	ENHO	29.619	2.2919
1416	ENSG00000137812	KNL1	28.03	2.2917
1417	ENSG00000121542	SEC22A	19.971	2.2912
1418	ENSG00000185442	FAM174B	4.243	2.2904
1419	ENSG00000104863	LIN7B	14.991	2.29
1420	ENSG00000126464	PRR12	9.747	2.2898
1421	ENSG00000127989	MTERF1	10.947	2.2896
1422	ENSG00000156469	MTERF3	21.754	2.2896
1423	ENSG00000228696	ARL17B	49.478	2.2882
1424	ENSG00000134716	CYP2J2	4.97	2.2866
1425	ENSG00000179240	GVQW3	8.738	2.2866
1426	ENSG00000261609	GAN	20.8	2.2864
1427	ENSG00000196126	HLA-DRB1	6.302	2.2858
1428	ENSG00000085365	SCAMP1	39.048	2.2842
1429	ENSG00000065054	NHERF2	122.432	2.2834
1430	ENSG00000165323	FAT3	8.469	2.2834
1431	ENSG00000175305	CCNE2	15.817	2.2832
1432	ENSG00000198554	WDHD1	25.945	2.2823
1433	ENSG00000146094	DOK3	7.605	2.2821
1434	ENSG00000123810	B9D2	8.309	2.2819
1435	ENSG00000259132		2.788	2.2817
1436	ENSG00000148541	FAM13C	7.91	2.2812
1437	ENSG00000151967	SCHIP1	17.754	2.2809
1438	ENSG00000188747	NOXA1	4.22	2.2792
1439	ENSG00000102796	DHRS12	8.09	2.2785
1440	ENSG00000166501	PRKCB	5.436	2.2778
1441	ENSG00000141391	PRELID3A	8.266	2.2775
1442	ENSG00000183248	PRR36	4.177	2.2771
1443	ENSG00000065621	GSTO2	6.715	2.2771
1444	ENSG00000121966	CXCR4	6.706	2.2759
1445	ENSG00000119707	RBM25	374.938	2.2758
1446	ENSG00000163126	ANKRD23	3.893	2.2755
1447	ENSG00000167720	SRR	18.593	2.2748
1448	ENSG00000221823	PPP3R1	34.681	2.2739
1449	ENSG00000051341	POLQ	18.261	2.2737
1450	ENSG00000130338	TULP4	36.835	2.2735
1451	ENSG00000149131	SERPING1	3.707	2.2724
1452	ENSG00000181449	SOX2	12.942	2.2719
1453	ENSG00000121989	ACVR2A	8.202	2.2717
1454	ENSG00000142530	GARIN5A	15.581	2.2714
1455	ENSG00000134901	POGLUT2	11.854	2.2706
1456	ENSG00000161958	FGF11	9.676	2.2706
1457	ENSG00000281039		3.354	2.2704
1458	ENSG00000130508	PXDN	30.858	2.2679
1459	ENSG00000165525	NEMF	96.454	2.2676
1460	ENSG00000128609	NDUFA5	88.771	2.2659
1461	ENSG00000135164	DMTF1	32.015	2.2649
1462	ENSG00000125731	SH2D3A	5.386	2.2638
1463	ENSG00000181444	ZNF467	4.83	2.2634
1464	ENSG00000119922	IFIT2	2.807	2.2632
1465	ENSG00000067208	EVI5	51.058	2.2614
1466	ENSG00000198642	KLHL9	38.319	2.2601
1467	ENSG00000125304	TM9SF2	59.473	2.2601
1468	ENSG00000137642	SORL1	9.303	2.2599
1469	ENSG00000203811	H3C14	3.631	2.259
1470	ENSG00000061918	GUCY1B1	11.193	2.2587
1471	ENSG00000213190	MLLT11	21.321	2.2562
1472	ENSG00000185453	ZSWIM9	10.016	2.2553
1473	ENSG00000076242	MLH1	3.222	2.2551
1474	ENSG00000160741	CRTC2	38.344	2.2549
1475	ENSG00000176771	NCKAP5	3.255	2.254
1476	ENSG00000105371	ICAM4	5.048	2.2539
1477	ENSG00000085741	WNT11	3.542	2.2538
1478	ENSG00000150773	PIH1D2	4.197	2.2525
1479	ENSG00000283761		4.275	2.2524
1480	ENSG00000145354	CISD2	96.61	2.2521
1481	ENSG00000169018	FEM1B	44.384	2.2513
1482	ENSG00000117335	CD46	40.254	2.2499
1483	ENSG00000104093	DMXL2	13.584	2.2499
1484	ENSG00000203666	EFCAB2	12.201	2.2492
1485	ENSG00000168078	PBK	28.252	2.2488
1486	ENSG00000021645	NRXN3	15.623	2.2481
1487	ENSG00000066248	NGEF	10.127	2.2474
1488	ENSG00000174010	KLHL15	12.961	2.2474
1489	ENSG00000114473	IQCG	5.447	2.2462
1490	ENSG00000168671	UGT3A2	4.426	2.246
1491	ENSG00000173926	MARCHF3	7.595	2.2456
1492	ENSG00000130818	ZNF426	12.59	2.2454
1493	ENSG00000197153	H3C12	3.182	2.2445
1494	ENSG00000183281	PLGLB1	2.859	2.2434
1495	ENSG00000117479	SLC19A2	9.483	2.2429
1496	ENSG00000166326	TRIM44	63.315	2.2424
1497	ENSG00000196305	IARS1	305.113	2.2423
1498	ENSG00000133131	MORC4	49.99	2.2401
1499	ENSG00000212864	RNF208	14.278	2.24
1500	ENSG00000125676	THOC2	314.504	2.2385
1501	ENSG00000178026	LRRC75B	12.595	2.2385
1502	ENSG00000166796	LDHC	9.094	2.2381
1503	ENSG00000005700	IBTK	26.506	2.2373
1504	ENSG00000168280	KIF5C	16.401	2.2367
1505	ENSG00000174579	MSL2	17.742	2.2363
1506	ENSG00000177054	ZDHHC13	12.276	2.2358
1507	ENSG00000163104	SMARCAD1	22.888	2.2357
1508	ENSG00000147437	GNRH1	2.972	2.2354
1509	ENSG00000183114	FAM43B	4.681	2.2353
1510	ENSG00000204642	HLA-F	17.745	2.2353
1511	ENSG00000122862	SRGN	2.94	2.2348
1512	ENSG00000056097	ZFR	173.315	2.2345
1513	ENSG00000116815	CD58	14.955	2.2343
1514	ENSG00000171033	PKIA	14.118	2.234
1515	ENSG00000162814	SPATA17	3.815	2.2334
1516	ENSG00000105889	STEAP1B	3.611	2.2322
1517	ENSG00000196104	SPOCK3	3.595	2.2317
1518	ENSG00000255330		4.16	2.2313
1519	ENSG00000055955	ITIH4	4.298	2.2311
1520	ENSG00000121417	ZNF211	5.389	2.2308
1521	ENSG00000171466	ZNF562	29.337	2.2307
1522	ENSG00000133069	TMCC2	15.992	2.2304
1523	ENSG00000066735	KIF26A	11.889	2.2295
1524	ENSG00000078804	TP53INP2	6.177	2.2287
1525	ENSG00000126070	AGO3	33.801	2.2287
1526	ENSG00000112981	NME5	3.015	2.2278
1527	ENSG00000168772	CXXC4	6.456	2.2277
1528	ENSG00000088888	MAVS	73.198	2.2264
1529	ENSG00000106771	TMEM245	36.383	2.2261
1530	ENSG00000128923	MINDY2	27.749	2.2241
1531	ENSG00000213782	DDX47	63.865	2.2228
1532	ENSG00000116747	RO60	143.104	2.2202
1533	ENSG00000153558	FBXL2	10.984	2.2201
1534	ENSG00000161405	IKZF3	4.958	2.2199
1535	ENSG00000196739	COL27A1	20.035	2.2198
1536	ENSG00000250506	CDK3	2.611	2.219
1537	ENSG00000024526	DEPDC1	80.998	2.2183
1538	ENSG00000104343	UBE2W	12.929	2.2179
1539	ENSG00000176909	MAMSTR	7.86	2.2179
1540	ENSG00000100344	PNPLA3	17.917	2.2179
1541	ENSG00000264343	NOTCH2NLA	26.315	2.2174
1542	ENSG00000179859	RNF227	7.541	2.2167
1543	ENSG00000100592	DAAM1	19.733	2.2167
1544	ENSG00000152763	DNAI4	3.226	2.2164
1545	ENSG00000168488	ATXN2L	222.591	2.2161
1546	ENSG00000124486	USP9X	159.993	2.2158
1547	ENSG00000181085	MAPK15	2.88	2.2143
1548	ENSG00000162396	PARS2	15.16	2.2138
1549	ENSG00000094916	CBX5	148.114	2.2135
1550	ENSG00000135406	PRPH	3.131	2.2135
1551	ENSG00000168209	DDIT4	215.24	2.2129
1552	ENSG00000072364	AFF4	62.149	2.2123
1553	ENSG00000144802	NFKBIZ	4.623	2.2108
1554	ENSG00000170689	HOXB9	138.095	2.2105
1555	ENSG00000054654	SYNE2	43.389	2.209
1556	ENSG00000126226	PCID2	40.765	2.2089
1557	ENSG00000162601	MYSM1	42.533	2.2084
1558	ENSG00000095777	MYO3A	6.774	2.2082
1559	ENSG00000102878	HSF4	5.996	2.2075
1560	ENSG00000091140	DLD	91.097	2.2067
1561	ENSG00000167779	IGFBP6	3.064	2.2065
1562	ENSG00000079257	LXN	3.533	2.2062
1563	ENSG00000124145	SDC4	10.671	2.2058
1564	ENSG00000076053	RBM7	22.349	2.205
1565	ENSG00000147650	LRP12	6.725	2.2048
1566	ENSG00000132749	TESMIN	11.467	2.2047
1567	ENSG00000206530	CFAP44	8.813	2.2046
1568	ENSG00000254413	CHKB-CPT1B	9.996	2.2038
1569	ENSG00000112697	TMEM30A	24.61	2.2036
1570	ENSG00000146263	MMS22L	28.706	2.2035
1571	ENSG00000119636	BBOF1	4.933	2.2017
1572	ENSG00000166780	BMERB1	5.838	2.2002
1573	ENSG00000196505	GDAP2	12.688	2.1998
1574	ENSG00000160685	ZBTB7B	9.452	2.1994
1575	ENSG00000183287	CCBE1	5.41	2.1992
1576	ENSG00000275183	LENG9	7.571	2.1989
1577	ENSG00000135336	ORC3	48.448	2.198
1578	ENSG00000122741	DCAF10	29.566	2.1968
1579	ENSG00000093144	ECHDC1	78.78	2.1967
1580	ENSG00000100027	YPEL1	7.719	2.1957
1581	ENSG00000134909	ARHGAP32	16.659	2.1954
1582	ENSG00000189050	RNFT1	22.0	2.1948
1583	ENSG00000117597	UTP25	28.5	2.1946
1584	ENSG00000130592	LSP1	3.256	2.1943
1585	ENSG00000121297	TSHZ3	11.346	2.1936
1586	ENSG00000152409	JMY	23.208	2.1927
1587	ENSG00000170540	ARL6IP1	167.823	2.1922
1588	ENSG00000288636		3.713	2.1921
1589	ENSG00000107562	CXCL12	3.112	2.192
1590	ENSG00000104447	TRPS1	13.905	2.1915
1591	ENSG00000197619	ZNF615	6.68	2.1912
1592	ENSG00000256806	C17orf100	6.649	2.1912
1593	ENSG00000163755	HPS3	16.228	2.1906
1594	ENSG00000138769	CDKL2	4.897	2.1905
1595	ENSG00000111664	GNB3	5.921	2.1905
1596	ENSG00000204410	MSH5	18.999	2.1904
1597	ENSG00000150938	CRIM1	8.363	2.1895
1598	ENSG00000116903	EXOC8	15.307	2.1893
1599	ENSG00000186272	ZNF17	5.186	2.1888
1600	ENSG00000169242	EFNA1	11.701	2.1879
1601	ENSG00000181218	H2AC25	58.482	2.1868
1602	ENSG00000160801	PTH1R	3.233	2.1862
1603	ENSG00000058272	PPP1R12A	102.732	2.1861
1604	ENSG00000129596	CDO1	5.262	2.1847
1605	ENSG00000128346	C22orf23	5.775	2.1842
1606	ENSG00000124459	ZNF45	9.962	2.1839
1607	ENSG00000169372	CRADD	15.383	2.1834
1608	ENSG00000107679	PLEKHA1	36.879	2.1829
1609	ENSG00000130997	POLN	10.119	2.1827
1610	ENSG00000196812	ZSCAN16	5.306	2.1827
1611	ENSG00000117010	ZNF684	5.118	2.1822
1612	ENSG00000173744	AGFG1	63.322	2.1819
1613	ENSG00000152818	UTRN	31.012	2.1814
1614	ENSG00000197191	CYSRT1	2.988	2.1804
1615	ENSG00000065357	DGKA	8.818	2.1788
1616	ENSG00000118564	FBXL5	27.3	2.1787
1617	ENSG00000158711	ELK4	16.332	2.178
1618	ENSG00000172382	PRSS27	5.199	2.1764
1619	ENSG00000080603	SRCAP	28.223	2.1759
1620	ENSG00000143643	TTC13	19.725	2.1751
1621	ENSG00000020633	RUNX3	7.801	2.1745
1622	ENSG00000132256	TRIM5	7.204	2.1739
1623	ENSG00000152944	MED21	31.036	2.1737
1624	ENSG00000069329	VPS35	117.904	2.1734
1625	ENSG00000183891	TTC32	12.979	2.1732
1626	ENSG00000163453	IGFBP7	4.363	2.1726
1627	ENSG00000187243	MAGED4B	37.293	2.1712
1628	ENSG00000170049	KCNAB3	3.938	2.1711
1629	ENSG00000172845	SP3	28.347	2.1707
1630	ENSG00000025423	HSD17B6	7.591	2.1706
1631	ENSG00000106733	NMRK1	12.28	2.1703
1632	ENSG00000165475	CRYL1	8.691	2.1699
1633	ENSG00000169752	NRG4	3.265	2.1694
1634	ENSG00000118004	COLEC11	3.693	2.1693
1635	ENSG00000253251	SHLD3	5.643	2.1687
1636	ENSG00000147912	FBXO10	14.804	2.1687
1637	ENSG00000166845	C18orf54	9.07	2.1679
1638	ENSG00000214753	HNRNPUL2	81.155	2.1677
1639	ENSG00000067606	PRKCZ	20.478	2.1669
1640	ENSG00000272602	ZNF595	5.278	2.1667
1641	ENSG00000107290	SETX	52.505	2.1665
1642	ENSG00000061676	NCKAP1	61.855	2.1659
1643	ENSG00000176406	RIMS2	3.447	2.1657
1644	ENSG00000236287	ZBED5	38.615	2.1656
1645	ENSG00000163590	PPM1L	13.583	2.1646
1646	ENSG00000130935	NOL11	107.782	2.1644
1647	ENSG00000176809	LRRC37A3	6.681	2.1637
1648	ENSG00000168010	ATG16L2	11.727	2.1633
1649	ENSG00000114127	XRN1	18.764	2.163
1650	ENSG00000136010	ALDH1L2	17.532	2.1629
1651	ENSG00000160213	CSTB	514.835	2.1619
1652	ENSG00000172183	ISG20	2.775	2.1616
1653	ENSG00000080298	RFX3	4.443	2.1611
1654	ENSG00000176401	EID2B	11.393	2.161
1655	ENSG00000169760	NLGN1	6.403	2.1609
1656	ENSG00000152359	POC5	13.004	2.1607
1657	ENSG00000177144	NUDT4B	3.585	2.1606
1658	ENSG00000196653	ZNF502	3.224	2.1604
1659	ENSG00000213341	CHUK	31.648	2.1604
1660	ENSG00000134709	HOOK1	35.027	2.1597
1661	ENSG00000139800	ZIC5	25.298	2.158
1662	ENSG00000261221	ZNF865	7.586	2.1578
1663	ENSG00000140939	NOL3	11.202	2.1574
1664	ENSG00000110080	ST3GAL4	42.294	2.1572
1665	ENSG00000132963	POMP	289.032	2.1572
1666	ENSG00000120662	MTRF1	10.599	2.1571
1667	ENSG00000146910	CNPY1	5.531	2.1569
1668	ENSG00000128274	A4GALT	3.938	2.1567
1669	ENSG00000108055	SMC3	197.101	2.1562
1670	ENSG00000137509	PRCP	60.326	2.1561
1671	ENSG00000114200	BCHE	3.425	2.1555
1672	ENSG00000145287	PLAC8	4.242	2.1547
1673	ENSG00000254996	ANKHD1-EIF4EBP3	13.924	2.1546
1674	ENSG00000102786	INTS6	21.441	2.1536
1675	ENSG00000087301	TXNDC16	13.493	2.1534
1676	ENSG00000240445	FOXO3B	15.159	2.1532
1677	ENSG00000167522	ANKRD11	372.601	2.1532
1678	ENSG00000162695	SLC30A7	21.083	2.1529
1679	ENSG00000143933	CALM2	482.227	2.1528
1680	ENSG00000127995	CASD1	5.657	2.1522
1681	ENSG00000164815	ORC5	34.987	2.1519
1682	ENSG00000162545	CAMK2N1	19.364	2.1516
1683	ENSG00000197283	SYNGAP1	5.538	2.1515
1684	ENSG00000096093	EFHC1	14.786	2.1513
1685	ENSG00000283900	TPTEP2-CSNK1E	4.259	2.1512
1686	ENSG00000168505	GBX2	5.638	2.1512
1687	ENSG00000269226	TMSB15C	5.344	2.1507
1688	ENSG00000139133	ALG10	6.384	2.15
1689	ENSG00000239305	RNF103	9.295	2.1496
1690	ENSG00000159885	ZNF222	3.101	2.1496
1691	ENSG00000198933	TBKBP1	27.732	2.1493
1692	ENSG00000115540	MOB4	49.957	2.1487
1693	ENSG00000175482	POLD4	24.263	2.1477
1694	ENSG00000181744	DIPK2A	10.957	2.1468
1695	ENSG00000154556	SORBS2	2.891	2.1468
1696	ENSG00000203727	SAMD5	6.356	2.1463
1697	ENSG00000189283	FHIT	15.745	2.146
1698	ENSG00000115257	PCSK4	2.928	2.1453
1699	ENSG00000130294	KIF1A	51.838	2.1448
1700	ENSG00000110455	ACCS	4.979	2.1448
1701	ENSG00000119778	ATAD2B	12.266	2.1446
1702	ENSG00000120913	PDLIM2	38.25	2.1443
1703	ENSG00000129038	LOXL1	4.61	2.1442
1704	ENSG00000143842	SOX13	7.988	2.1437
1705	ENSG00000078487	ZCWPW1	3.915	2.1437
1706	ENSG00000127980	PEX1	26.217	2.1432
1707	ENSG00000186907	RTN4RL2	17.49	2.143
1708	ENSG00000205309	NT5M	6.574	2.143
1709	ENSG00000171004	HS6ST2	26.807	2.1429
1710	ENSG00000251493	FOXD1	57.548	2.1422
1711	ENSG00000070540	WIPI1	8.444	2.1422
1712	ENSG00000110395	CBL	39.71	2.1419
1713	ENSG00000125650	PSPN	4.133	2.1416
1714	ENSG00000172264	MACROD2	3.417	2.1406
1715	ENSG00000073712	FERMT2	45.784	2.1406
1716	ENSG00000080561	MID2	23.401	2.1399
1717	ENSG00000139219	COL2A1	12.53	2.1398
1718	ENSG00000188033	ZNF490	8.04	2.1398
1719	ENSG00000197933	ZNF823	3.622	2.1391
1720	ENSG00000147251	DOCK11	13.726	2.1388
1721	ENSG00000198597	ZNF536	6.081	2.1384
1722	ENSG00000100276	RASL10A	3.654	2.1384
1723	ENSG00000188763	FZD9	7.951	2.1383
1724	ENSG00000166407	LMO1	3.218	2.1381
1725	ENSG00000142173	COL6A2	14.539	2.138
1726	ENSG00000165995	CACNB2	4.292	2.1377
1727	ENSG00000168970	JMJD7-PLA2G4B	5.787	2.1372
1728	ENSG00000103528	SYT17	3.854	2.1371
1729	ENSG00000280670	CCDC163	5.138	2.1371
1730	ENSG00000265972	TXNIP	16.956	2.1371
1731	ENSG00000115129	TP53I3	8.0	2.1362
1732	ENSG00000102032	RENBP	4.368	2.1362
1733	ENSG00000186462	NAP1L2	4.145	2.1361
1734	ENSG00000110060	PUS3	36.079	2.1354
1735	ENSG00000071794	HLTF	58.495	2.1345
1736	ENSG00000175161	CADM2	5.063	2.1339
1737	ENSG00000146373	RNF217	16.545	2.1329
1738	ENSG00000163521	GLB1L	6.295	2.1317
1739	ENSG00000173258	ZNF483	7.928	2.1308
1740	ENSG00000188266	HYKK	24.463	2.1304
1741	ENSG00000143815	LBR	168.053	2.1302
1742	ENSG00000119912	IDE	36.21	2.13
1743	ENSG00000152778	IFIT5	7.733	2.1298
1744	ENSG00000214413	BBIP1	26.512	2.1294
1745	ENSG00000136014	USP44	9.543	2.1288
1746	ENSG00000170153	RNF150	16.996	2.1285
1747	ENSG00000270011	ZNF559-ZNF177	2.789	2.1284
1748	ENSG00000116580	GON4L	71.184	2.1271
1749	ENSG00000132406	TMEM128	22.466	2.127
1750	ENSG00000166450	PRTG	8.271	2.1268
1751	ENSG00000143373	ZNF687	24.094	2.1264
1752	ENSG00000180917	CMTR2	5.587	2.1262
1753	ENSG00000171365	CLCN5	14.509	2.126
1754	ENSG00000181625	SLX1B	43.025	2.125
1755	ENSG00000197498	RPF2	204.199	2.1247
1756	ENSG00000164008	C1orf50	28.874	2.1246
1757	ENSG00000188428	BLOC1S5	26.445	2.1232
1758	ENSG00000139190	VAMP1	13.051	2.1231
1759	ENSG00000051596	THOC3	260.098	2.1229
1760	ENSG00000198876	DCAF12	60.883	2.1229
1761	ENSG00000067248	DHX29	104.533	2.1224
1762	ENSG00000111679	PTPN6	3.143	2.122
1763	ENSG00000174529	TMEM81	3.594	2.1219
1764	ENSG00000115507	OTX1	5.511	2.1212
1765	ENSG00000067900	ROCK1	74.92	2.1212
1766	ENSG00000120256	LRP11	14.426	2.121
1767	ENSG00000118058	KMT2A	131.102	2.1207
1768	ENSG00000135046	ANXA1	3.417	2.1201
1769	ENSG00000163291	PAQR3	26.173	2.1199
1770	ENSG00000176020	AMIGO3	4.401	2.1197
1771	ENSG00000164989	CCDC171	5.86	2.1196
1772	ENSG00000100697	DICER1	90.761	2.1195
1773	ENSG00000164118	CEP44	20.233	2.1195
1774	ENSG00000100379	KCTD17	51.507	2.1188
1775	ENSG00000079482	OPHN1	7.83	2.1187
1776	ENSG00000181450	ZNF678	18.304	2.1186
1777	ENSG00000179241	LDLRAD3	14.876	2.1182
1778	ENSG00000117069	ST6GALNAC5	3.01	2.1179
1779	ENSG00000165288	BRWD3	23.198	2.1166
1780	ENSG00000198707	CEP290	59.847	2.1166
1781	ENSG00000138663	COPS4	112.639	2.1161
1782	ENSG00000104497	SNX16	5.027	2.115
1783	ENSG00000057019	DCBLD2	22.967	2.1143
1784	ENSG00000187244	BCAM	6.56	2.114
1785	ENSG00000128408	RIBC2	6.166	2.1135
1786	ENSG00000177685	CRACR2B	7.983	2.1134
1787	ENSG00000136048	DRAM1	4.896	2.1129
1788	ENSG00000188177	ZC3H6	7.018	2.1128
1789	ENSG00000176692	FOXC2	4.756	2.1125
1790	ENSG00000198963	RORB	4.268	2.1117
1791	ENSG00000125703	ATG4C	27.995	2.1106
1792	ENSG00000183032	SLC25A21	4.278	2.1102
1793	ENSG00000147799	ARHGAP39	11.464	2.11
1794	ENSG00000163702	IL17RC	3.121	2.1098
1795	ENSG00000112874	NUDT12	12.454	2.1096
1796	ENSG00000116329	OPRD1	3.963	2.1093
1797	ENSG00000155868	MED7	14.441	2.1091
1798	ENSG00000042429	MED17	28.472	2.1061
1799	ENSG00000138772	ANXA3	2.968	2.106
1800	ENSG00000110693	SOX6	5.107	2.1053
1801	ENSG00000197563	PIGN	13.197	2.1052
1802	ENSG00000170860	LSM3	201.652	2.105
1803	ENSG00000260238	PMF1-BGLAP	10.296	2.105
1804	ENSG00000266412	NCOA4	61.05	2.1044
1805	ENSG00000250644		2.439	2.1042
1806	ENSG00000177692	DNAJC28	4.163	2.1042
1807	ENSG00000151849	CENPJ	31.648	2.1039
1808	ENSG00000273136	NBPF26	4.18	2.1032
1809	ENSG00000196387	ZNF140	8.45	2.1028
1810	ENSG00000254788	CKLF-CMTM1	2.635	2.1028
1811	ENSG00000128881	TTBK2	12.72	2.1021
1812	ENSG00000143158	MPC2	218.439	2.1015
1813	ENSG00000164949	GEM	5.313	2.1015
1814	ENSG00000151348	EXT2	35.784	2.1013
1815	ENSG00000177854	TMEM187	7.476	2.1013
1816	ENSG00000286112	KYAT1	2.712	2.1001
1817	ENSG00000145730	PAM	29.229	2.0996
1818	ENSG00000165507	DEPP1	7.681	2.0984
1819	ENSG00000228727	SAPCD1	2.334	2.0983
1820	ENSG00000251247	ZNF345	5.173	2.0979
1821	ENSG00000182185	RAD51B	8.42	2.0966
1822	ENSG00000181704	YIPF6	49.133	2.0966
1823	ENSG00000149743	TRPT1	57.94	2.0963
1824	ENSG00000114786	ABHD14A-ACY1	3.311	2.0963
1825	ENSG00000196466	ZNF799	3.784	2.0953
1826	ENSG00000103404	USP31	15.608	2.0953
1827	ENSG00000164096	C4orf3	98.34	2.0951
1828	ENSG00000109339	MAPK10	3.296	2.0949
1829	ENSG00000033178	UBA6	33.724	2.0942
1830	ENSG00000107014	RLN2	2.939	2.0938
1831	ENSG00000149300	C11orf52	2.979	2.0918
1832	ENSG00000185305	ARL15	12.885	2.0912
1833	ENSG00000116106	EPHA4	11.801	2.0912
1834	ENSG00000100532	CGRRF1	15.427	2.0911
1835	ENSG00000130544	ZNF557	13.732	2.0909
1836	ENSG00000174718	RESF1	13.547	2.0906
1837	ENSG00000157782	CABP1	3.329	2.0896
1838	ENSG00000175155	YPEL2	6.529	2.0895
1839	ENSG00000103599	IQCH	4.531	2.0891
1840	ENSG00000160551	TAOK1	51.668	2.0886
1841	ENSG00000166153	DEPDC4	4.649	2.0884
1842	ENSG00000166484	MAPK7	22.69	2.088
1843	ENSG00000171045	TSNARE1	4.947	2.088
1844	ENSG00000168827	GFM1	58.402	2.0879
1845	ENSG00000139971	ARMH4	12.602	2.0878
1846	ENSG00000108854	SMURF2	29.987	2.0869
1847	ENSG00000166707	ZCCHC18	3.537	2.0868
1848	ENSG00000107551	RASSF4	5.138	2.0868
1849	ENSG00000103657	HERC1	36.678	2.0866
1850	ENSG00000115760	BIRC6	65.842	2.0865
1851	ENSG00000204147	ASAH2B	7.063	2.0862
1852	ENSG00000204305	AGER	3.342	2.0862
1853	ENSG00000163754	GYG1	72.682	2.0862
1854	ENSG00000254469	XNDC1N	8.969	2.0858
1855	ENSG00000186665	C17orf58	44.147	2.0858
1856	ENSG00000138463	SLC49A4	7.227	2.0849
1857	ENSG00000272398	CD24	5.215	2.0849
1858	ENSG00000152520	PAN3	12.003	2.0841
1859	ENSG00000185668	POU3F1	3.941	2.0837
1860	ENSG00000197757	HOXC6	23.54	2.0836
1861	ENSG00000188191	PRKAR1B	21.262	2.083
1862	ENSG00000172348	RCAN2	2.662	2.0823
1863	ENSG00000148200	NR6A1	34.578	2.082
1864	ENSG00000130347	RTN4IP1	8.957	2.0819
1865	ENSG00000100036	SLC35E4	6.684	2.0818
1866	ENSG00000205208	C4orf46	22.371	2.0813
1867	ENSG00000203880	PCMTD2	28.064	2.0812
1868	ENSG00000151612	ZNF827	14.968	2.0811
1869	ENSG00000197323	TRIM33	60.217	2.0808
1870	ENSG00000116704	SLC35D1	13.026	2.0799
1871	ENSG00000175087	PDIK1L	6.315	2.0799
1872	ENSG00000170776	AKAP13	49.052	2.0794
1873	ENSG00000196155	PLEKHG4	16.011	2.0791
1874	ENSG00000123095	BHLHE41	5.514	2.0789
1875	ENSG00000267680	ZNF224	6.91	2.0789
1876	ENSG00000285238		2.654	2.0787
1877	ENSG00000167619	TMEM145	6.159	2.0786
1878	ENSG00000152669	CCNO	7.867	2.0781
1879	ENSG00000113851	CRBN	44.317	2.0778
1880	ENSG00000117266	CDK18	11.475	2.0762
1881	ENSG00000160867	FGFR4	14.233	2.0761
1882	ENSG00000271793		104.293	2.076
1883	ENSG00000187231	SESTD1	20.503	2.0759
1884	ENSG00000168071	CCDC88B	3.704	2.0758
1885	ENSG00000184661	CDCA2	40.661	2.0756
1886	ENSG00000104756	KCTD9	29.615	2.0755
1887	ENSG00000141505	ASGR1	3.49	2.075
1888	ENSG00000145632	PLK2	3.25	2.075
1889	ENSG00000271425	NBPF10	13.574	2.0748
1890	ENSG00000198130	HIBCH	30.342	2.0744
1891	ENSG00000149050	ZNF214	2.787	2.0734
1892	ENSG00000138078	PREPL	45.077	2.0732
1893	ENSG00000136122	BORA	29.188	2.073
1894	ENSG00000100206	DMC1	25.717	2.0722
1895	ENSG00000283683	MYOCOS	2.439	2.0721
1896	ENSG00000173267	SNCG	2.474	2.0719
1897	ENSG00000102886	GDPD3	2.968	2.0713
1898	ENSG00000137947	GTF2B	49.166	2.0708
1899	ENSG00000197019	SERTAD1	12.855	2.0706
1900	ENSG00000167037	SGSM1	4.887	2.0705
1901	ENSG00000241563	CORT	2.276	2.0704
1902	ENSG00000143061	IGSF3	12.913	2.0701
1903	ENSG00000125740	FOSB	5.881	2.0696
1904	ENSG00000158423	RIBC1	3.275	2.0693
1905	ENSG00000160539	PLPP7	4.084	2.0688
1906	ENSG00000149646	CNBD2	11.195	2.0678
1907	ENSG00000169255	B3GALNT1	3.261	2.0676
1908	ENSG00000159917	ZNF235	4.826	2.0674
1909	ENSG00000112378	PERP	96.614	2.0665
1910	ENSG00000174327	SLC16A13	4.424	2.0662
1911	ENSG00000084093	REST	49.528	2.0661
1912	ENSG00000164162	ANAPC10	28.773	2.0658
1913	ENSG00000171469	ZNF561	23.753	2.0654
1914	ENSG00000115232	ITGA4	6.925	2.0646
1915	ENSG00000128394	APOBEC3F	6.23	2.0634
1916	ENSG00000150433	TMEM218	27.917	2.0633
1917	ENSG00000185432	TMT1A	15.328	2.0631
1918	ENSG00000161243	FBXO27	9.081	2.063
1919	ENSG00000173706	HEG1	18.961	2.0625
1920	ENSG00000126821	SGPP1	9.147	2.0609
1921	ENSG00000111817	DSE	34.936	2.0607
1922	ENSG00000169826	CSGALNACT2	8.225	2.0598
1923	ENSG00000124370	MCEE	13.039	2.0595
1924	ENSG00000144746	ARL6IP5	78.574	2.0595
1925	ENSG00000185055	EFCAB10	2.848	2.0593
1926	ENSG00000197121	PGAP1	12.734	2.0593
1927	ENSG00000185272	RBM11	7.023	2.0589
1928	ENSG00000120451	SNX19	3.655	2.0586
1929	ENSG00000198040	ZNF84	9.832	2.0582
1930	ENSG00000164169	PRMT9	7.396	2.0582
1931	ENSG00000075711	DLG1	24.721	2.058
1932	ENSG00000205544	TMEM256	465.594	2.0579
1933	ENSG00000139974	SLC38A6	9.192	2.0579
1934	ENSG00000196975	ANXA4	12.559	2.0575
1935	ENSG00000243364	EFNA4	11.82	2.057
1936	ENSG00000107105	ELAVL2	6.621	2.057
1937	ENSG00000198538	ZNF28	6.646	2.0568
1938	ENSG00000175455	CCDC14	46.14	2.0565
1939	ENSG00000050344	NFE2L3	10.459	2.0564
1940	ENSG00000146090	RASGEF1C	3.339	2.0562
1941	ENSG00000188352	FOCAD	36.883	2.0562
1942	ENSG00000172071	EIF2AK3	9.907	2.0561
1943	ENSG00000100583	SAMD15	3.969	2.0559
1944	ENSG00000169504	CLIC4	47.502	2.0553
1945	ENSG00000008311	AASS	31.179	2.0553
1946	ENSG00000182359	KBTBD3	3.456	2.0553
1947	ENSG00000105321	CCDC9	17.909	2.055
1948	ENSG00000285982		2.464	2.0543
1949	ENSG00000286905		2.938	2.0542
1950	ENSG00000288674		3.157	2.0534
1951	ENSG00000184154	LRRC51	11.352	2.0534
1952	ENSG00000174720	LARP7	127.099	2.0533
1953	ENSG00000094975	SUCO	22.951	2.0531
1954	ENSG00000123576	ESX1	5.455	2.053
1955	ENSG00000188095	MESP2	3.233	2.0527
1956	ENSG00000062524	LTK	4.301	2.0527
1957	ENSG00000178386	ZNF223	3.694	2.0524
1958	ENSG00000126653	NSRP1	103.583	2.0521
1959	ENSG00000112245	PTP4A1	72.978	2.0511
1960	ENSG00000165801	ARHGEF40	10.013	2.0507
1961	ENSG00000163064	EN1	5.837	2.0506
1962	ENSG00000181638	ZFP41	15.202	2.0504
1963	ENSG00000177888	ZBTB41	7.222	2.0499
1964	ENSG00000163932	PRKCD	29.464	2.0492
1965	ENSG00000187601	MAGEH1	2.757	2.0487
1966	ENSG00000273274	ZBTB8B	6.354	2.0483
1967	ENSG00000112561	TFEB	6.419	2.0482
1968	ENSG00000151657	KIN	23.862	2.048
1969	ENSG00000171295	ZNF440	6.424	2.0469
1970	ENSG00000219626	FAM228B	8.403	2.0469
1971	ENSG00000006071	ABCC8	3.71	2.0464
1972	ENSG00000170881	RNF139	14.558	2.0464
1973	ENSG00000180801	ARSJ	3.614	2.046
1974	ENSG00000170545	SMAGP	14.475	2.0452
1975	ENSG00000085274	MYNN	11.851	2.045
1976	ENSG00000069493	CLEC2D	4.349	2.0449
1977	ENSG00000272772		121.176	2.0447
1978	ENSG00000149089	APIP	63.879	2.0446
1979	ENSG00000161682	FAM171A2	17.253	2.0445
1980	ENSG00000259332	ST20-MTHFS	22.779	2.0445
1981	ENSG00000037042	TUBG2	21.049	2.0441
1982	ENSG00000213281	NRAS	53.073	2.0437
1983	ENSG00000136536	MARCHF7	54.416	2.0436
1984	ENSG00000164938	TP53INP1	3.583	2.0428
1985	ENSG00000126603	GLIS2	5.574	2.0416
1986	ENSG00000117139	KDM5B	82.494	2.0405
1987	ENSG00000140876	NUDT7	10.045	2.0398
1988	ENSG00000006576	PHTF2	17.385	2.0396
1989	ENSG00000109787	KLF3	29.707	2.0394
1990	ENSG00000164442	CITED2	24.92	2.0391
1991	ENSG00000125816	NKX2-4	5.982	2.0391
1992	ENSG00000176714	CCDC121	5.311	2.0387
1993	ENSG00000144214	LYG1	4.388	2.0385
1994	ENSG00000172915	NBEA	15.631	2.0378
1995	ENSG00000198948	MFAP3L	5.814	2.0376
1996	ENSG00000115318	LOXL3	11.456	2.0376
1997	ENSG00000181031	RPH3AL	4.321	2.0374
1998	ENSG00000164631	ZNF12	15.663	2.0364
1999	ENSG00000125257	ABCC4	19.708	2.0349
2000	ENSG00000236782	ZNF593OS	3.156	2.0347
2001	ENSG00000198947	DMD	11.322	2.0347
2002	ENSG00000171984	SHLD1	8.835	2.0346
2003	ENSG00000152332	UHMK1	34.04	2.0346
2004	ENSG00000198042	MAK16	26.435	2.0344
2005	ENSG00000167971	CASKIN1	7.897	2.033
2006	ENSG00000197576	HOXA4	12.912	2.0328
2007	ENSG00000138767	CNOT6L	19.673	2.0323
2008	ENSG00000157111	TMEM171	5.585	2.0323
2009	ENSG00000138193	PLCE1	9.944	2.0321
2010	ENSG00000110628	SLC22A18	4.406	2.0317
2011	ENSG00000264058		3.598	2.0313
2012	ENSG00000121741	ZMYM2	17.526	2.0309
2013	ENSG00000164144	ARFIP1	25.949	2.0305
2014	ENSG00000100196	KDELR3	15.927	2.0296
2015	ENSG00000175602	CCDC85B	284.15	2.0288
2016	ENSG00000115355	CCDC88A	85.59	2.0283
2017	ENSG00000073921	PICALM	52.015	2.0278
2018	ENSG00000136327	NKX2-8	3.933	2.0275
2019	ENSG00000188610	FAM72B	23.554	2.0275
2020	ENSG00000198408	OGA	73.616	2.0269
2021	ENSG00000178385	PLEKHM3	10.011	2.0267
2022	ENSG00000258818	RNASE4	4.318	2.0263
2023	ENSG00000188542	DUSP28	14.066	2.0262
2024	ENSG00000049323	LTBP1	15.504	2.0259
2025	ENSG00000168769	TET2	11.891	2.0259
2026	ENSG00000116489	CAPZA1	133.037	2.0258
2027	ENSG00000181827	RFX7	6.785	2.0252
2028	ENSG00000170871	KIAA0232	25.691	2.0248
2029	ENSG00000289346		5.537	2.0247
2030	ENSG00000224940	PRRT4	6.0	2.0244
2031	ENSG00000120526	NUDCD1	21.603	2.0243
2032	ENSG00000154153	RETREG1	11.025	2.0232
2033	ENSG00000101746	NOL4	6.45	2.0229
2034	ENSG00000104856	RELB	3.927	2.0229
2035	ENSG00000153006	SREK1IP1	107.941	2.0228
2036	ENSG00000021762	OSBPL5	4.256	2.0227
2037	ENSG00000163629	PTPN13	35.735	2.0227
2038	ENSG00000137720	CFAP68	26.456	2.0224
2039	ENSG00000275004	ZNF280B	15.238	2.0222
2040	ENSG00000095539	SEMA4G	4.474	2.0221
2041	ENSG00000205268	PDE7A	16.264	2.0216
2042	ENSG00000137841	PLCB2	3.033	2.0215
2043	ENSG00000152503	TRIM36	4.645	2.0209
2044	ENSG00000144642	RBMS3	6.917	2.0207
2045	ENSG00000130413	STK33	13.742	2.0197
2046	ENSG00000269313	MAGIX	7.011	2.0195
2047	ENSG00000162688	AGL	35.28	2.0189
2048	ENSG00000166997	CNPY4	15.445	2.0188
2049	ENSG00000167244	IGF2	5.109	2.0188
2050	ENSG00000266086		27.669	2.0185
2051	ENSG00000071967	CYBRD1	3.179	2.0184
2052	ENSG00000196646	ZNF136	5.703	2.0183
2053	ENSG00000176225	RTTN	8.033	2.0174
2054	ENSG00000021776	AQR	31.807	2.0168
2055	ENSG00000157388	CACNA1D	3.438	2.0161
2056	ENSG00000123358	NR4A1	15.933	2.0159
2057	ENSG00000163818	LZTFL1	20.497	2.0158
2058	ENSG00000120860	WASHC3	30.921	2.0158
2059	ENSG00000176024	ZNF613	3.429	2.0147
2060	ENSG00000113441	LNPEP	11.965	2.0146
2061	ENSG00000145423	SFRP2	2.696	2.014
2062	ENSG00000089775	ZBTB25	12.574	2.0127
2063	ENSG00000152527	PLEKHH2	6.737	2.0127
2064	ENSG00000128536	CDHR3	3.396	2.0125
2065	ENSG00000115808	STRN	21.1	2.0113
2066	ENSG00000105696	TMEM59L	6.917	2.0109
2067	ENSG00000175093	SPSB4	18.558	2.0093
2068	ENSG00000132436	FIGNL1	27.625	2.0092
2069	ENSG00000183291	SELENOF	234.818	2.0089
2070	ENSG00000068796	KIF2A	81.706	2.0088
2071	ENSG00000164066	INTU	24.384	2.0088
2072	ENSG00000213853	EMP2	52.287	2.0087
2073	ENSG00000205189	ZBTB10	29.395	2.0086
2074	ENSG00000164251	F2RL1	11.087	2.0083
2075	ENSG00000158825	CDA	2.797	2.008
2076	ENSG00000174473	GALNTL6	5.217	2.0074
2077	ENSG00000109944	JHY	9.388	2.007
2078	ENSG00000167528	ZNF641	11.313	2.007
2079	ENSG00000137871	ZNF280D	8.877	2.0069
2080	ENSG00000197977	ELOVL2	12.767	2.0059
2081	ENSG00000163888	CAMK2N2	4.723	2.0056
2082	ENSG00000176055	MBLAC2	3.684	2.0053
2083	ENSG00000166908	PIP4K2C	20.53	2.0052
2084	ENSG00000070214	SLC44A1	24.646	2.0052
2085	ENSG00000044524	EPHA3	4.338	2.005
2086	ENSG00000113119	TMCO6	14.935	2.0038
2087	ENSG00000184270	H2AC21	2.371	2.0028
2088	ENSG00000184305	CCSER1	3.959	2.0028
2089	ENSG00000275074	NUDT18	8.101	2.002
2090	ENSG00000261884		45.731	2.0015
2091	ENSG00000113368	LMNB1	115.287	2.001
2092	ENSG00000049769	PPP1R3F	5.594	2.0002
2093	ENSG00000144959	NCEH1	5.017	1.9999
2094	ENSG00000172292	CERS6	28.237	1.9997
2095	ENSG00000074047	GLI2	13.46	1.9995
2096	ENSG00000144655	CSRNP1	8.292	1.999
2097	ENSG00000170485	NPAS2	12.729	1.9985
2098	ENSG00000170917	NUDT6	6.16	1.998
2099	ENSG00000251201	TMED7-TICAM2	3.074	1.9977
2100	ENSG00000284946		3.126	1.9974
2101	ENSG00000159753	CARMIL2	38.758	1.9972
2102	ENSG00000156711	MAPK13	4.374	1.997
2103	ENSG00000169635	HIC2	93.987	1.9969
2104	ENSG00000116661	FBXO2	4.671	1.9968
2105	ENSG00000280165	PCDH20	3.269	1.9967
2106	ENSG00000076928	ARHGEF1	29.41	1.9962
2107	ENSG00000169446	MMGT1	67.74	1.9954
2108	ENSG00000282933	RHOXF1P3	8.099	1.9952
2109	ENSG00000258311		3.549	1.9949
2110	ENSG00000153914	SREK1	141.199	1.9948
2111	ENSG00000148773	MKI67	222.053	1.9947
2112	ENSG00000183098	GPC6	15.242	1.9945
2113	ENSG00000189007	ADAT2	22.91	1.9944
2114	ENSG00000166710	B2M	329.397	1.994
2115	ENSG00000126777	KTN1	287.51	1.994
2116	ENSG00000008300	CELSR3	14.011	1.9934
2117	ENSG00000005893	LAMP2	86.087	1.9932
2118	ENSG00000198855	FICD	4.84	1.993
2119	ENSG00000088038	CNOT3	86.202	1.9929
2120	ENSG00000187867	PALM3	15.341	1.9926
2121	ENSG00000228486	C2orf92	2.391	1.9925
2122	ENSG00000213401	MAGEA12	2.761	1.9913
2123	ENSG00000181291	TMEM132E	4.854	1.991
2124	ENSG00000153029	MR1	10.136	1.9906
2125	ENSG00000180008	SOCS4	27.691	1.9903
2126	ENSG00000118922	KLF12	15.632	1.9902
2127	ENSG00000172345	STARD5	9.249	1.9898
2128	ENSG00000163082	SGPP2	5.015	1.9891
2129	ENSG00000272916		9.493	1.9884
2130	ENSG00000105251	SHD	2.127	1.9882
2131	ENSG00000261732		3.102	1.988
2132	ENSG00000176542	USF3	18.203	1.9871
2133	ENSG00000063245	EPN1	142.953	1.987
2134	ENSG00000115649	CNPPD1	32.03	1.987
2135	ENSG00000171448	ZBTB26	5.343	1.987
2136	ENSG00000124260	MAGEA10	2.886	1.9867
2137	ENSG00000103253	HAGHL	17.31	1.9866
2138	ENSG00000186310	NAP1L3	7.989	1.9854
2139	ENSG00000161921	CXCL16	7.744	1.9854
2140	ENSG00000070950	RAD18	37.059	1.9851
2141	ENSG00000164181	ELOVL7	5.58	1.9848
2142	ENSG00000172789	HOXC5	4.658	1.9844
2143	ENSG00000134533	RERG	2.928	1.9842
2144	ENSG00000242220	TCP10L	2.394	1.9839
2145	ENSG00000102218	RP2	10.725	1.9837
2146	ENSG00000099956	SMARCB1	284.299	1.9833
2147	ENSG00000185250	PPIL6	3.849	1.9831
2148	ENSG00000185745	IFIT1	5.146	1.9826
2149	ENSG00000051108	HERPUD1	79.362	1.9823
2150	ENSG00000171316	CHD7	115.886	1.9813
2151	ENSG00000126746	ZNF384	43.277	1.9813
2152	ENSG00000154114	TBCEL	7.62	1.9805
2153	ENSG00000213626	LBH	6.697	1.9803
2154	ENSG00000129521	EGLN3	7.425	1.9802
2155	ENSG00000120694	HSPH1	206.747	1.9801
2156	ENSG00000152217	SETBP1	3.554	1.9793
2157	ENSG00000123505	AMD1	209.531	1.9793
2158	ENSG00000168994	PXDC1	7.819	1.979
2159	ENSG00000153291	SLC25A27	7.613	1.9788
2160	ENSG00000122257	RBBP6	165.123	1.9786
2161	ENSG00000125870	SNRPB2	120.645	1.9783
2162	ENSG00000142528	ZNF473	16.552	1.9776
2163	ENSG00000163421	PROK2	3.084	1.977
2164	ENSG00000182362	YBEY	34.667	1.9768
2165	ENSG00000153933	DGKE	24.491	1.9761
2166	ENSG00000075213	SEMA3A	2.983	1.9759
2167	ENSG00000152270	PDE3B	12.81	1.9755
2168	ENSG00000160345	PIERCE1	21.067	1.975
2169	ENSG00000161800	RACGAP1	75.899	1.9744
2170	ENSG00000167771	RCOR2	5.36	1.9741
2171	ENSG00000196865	NHLRC2	24.985	1.9741
2172	ENSG00000124172	ATP5F1E	416.236	1.974
2173	ENSG00000169118	CSNK1G1	17.428	1.9738
2174	ENSG00000166483	WEE1	45.792	1.9737
2175	ENSG00000196511	TPK1	4.226	1.9737
2176	ENSG00000102595	UGGT2	15.886	1.9734
2177	ENSG00000146243	IRAK1BP1	10.745	1.9727
2178	ENSG00000132801	ZSWIM3	4.404	1.9725
2179	ENSG00000180423	HARBI1	5.608	1.9724
2180	ENSG00000077157	PPP1R12B	16.673	1.9724
2181	ENSG00000106355	LSM5	172.036	1.9723
2182	ENSG00000119729	RHOQ	79.63	1.9719
2183	ENSG00000173705	SUSD5	17.335	1.9718
2184	ENSG00000204131	NHSL2	3.6	1.9709
2185	ENSG00000101883	RHOXF1	5.839	1.9708
2186	ENSG00000185130	H2BC13	2.33	1.9708
2187	ENSG00000011426	ANLN	40.604	1.97
2188	ENSG00000130962	PRRG1	9.547	1.9699
2189	ENSG00000100523	DDHD1	23.477	1.9695
2190	ENSG00000184497	TMEM255B	2.319	1.9692
2191	ENSG00000076356	PLXNA2	5.306	1.9691
2192	ENSG00000149231	CCDC82	17.653	1.969
2193	ENSG00000164124	TMEM144	6.557	1.969
2194	ENSG00000152380	FAM151B	4.225	1.9688
2195	ENSG00000198331	HYLS1	12.136	1.9687
2196	ENSG00000062194	GPBP1	81.567	1.9682
2197	ENSG00000157429	ZNF19	3.271	1.9681
2198	ENSG00000143786	CNIH3	8.488	1.9681
2199	ENSG00000141744	PNMT	2.937	1.9676
2200	ENSG00000158966	CACHD1	17.436	1.967
2201	ENSG00000196678	ERI2	24.09	1.9664
2202	ENSG00000178719	GRINA	111.66	1.9659
2203	ENSG00000196605	ZNF846	2.652	1.9654
2204	ENSG00000099904	ZDHHC8	35.319	1.9654
2205	ENSG00000176204	LRRTM4	3.087	1.9653
2206	ENSG00000137331	IER3	21.772	1.9652
2207	ENSG00000133103	COG6	14.496	1.9651
2208	ENSG00000126773	PCNX4	40.762	1.965
2209	ENSG00000116539	ASH1L	61.145	1.9647
2210	ENSG00000181409	AATK	5.256	1.9645
2211	ENSG00000089682	RBM41	64.96	1.9644
2212	ENSG00000143376	SNX27	56.059	1.9644
2213	ENSG00000163531	NFASC	4.254	1.9644
2214	ENSG00000165929	TC2N	5.717	1.9642
2215	ENSG00000170412	GPRC5C	13.706	1.9641
2216	ENSG00000169905	TOR1AIP2	83.464	1.9639
2217	ENSG00000134256	CD101	3.098	1.9638
2218	ENSG00000164751	PEX2	27.081	1.9632
2219	ENSG00000185269	NOTUM	2.628	1.9622
2220	ENSG00000088992	TESC	18.366	1.9619
2221	ENSG00000130755	GMFG	2.306	1.9602
2222	ENSG00000135926	TMBIM1	5.08	1.9595
2223	ENSG00000198298	ZNF485	5.64	1.9591
2224	ENSG00000169957	ZNF768	138.556	1.9589
2225	ENSG00000080822	CLDND1	59.294	1.9586
2226	ENSG00000177200	CHD9	39.632	1.9585
2227	ENSG00000115524	SF3B1	219.718	1.9585
2228	ENSG00000198920	KIAA0753	17.18	1.9585
2229	ENSG00000003096	KLHL13	13.572	1.9584
2230	ENSG00000254806	SYS1-DBNDD2	2.206	1.9573
2231	ENSG00000119900	OGFRL1	25.776	1.9567
2232	ENSG00000188283	ZNF383	4.781	1.9567
2233	ENSG00000153936	HS2ST1	32.644	1.9567
2234	ENSG00000156273	BACH1	16.748	1.9566
2235	ENSG00000130638	ATXN10	139.484	1.9563
2236	ENSG00000064199	SPA17	21.379	1.9563
2237	ENSG00000110321	EIF4G2	487.546	1.9563
2238	ENSG00000186106	ANKRD46	30.767	1.9562
2239	ENSG00000142235	LMTK3	4.965	1.9558
2240	ENSG00000147041	SYTL5	2.974	1.9545
2241	ENSG00000130150	MOSPD2	10.227	1.9534
2242	ENSG00000243660	ZNF487	3.055	1.9531
2243	ENSG00000145362	ANK2	13.963	1.9524
2244	ENSG00000186897	C1QL4	3.039	1.9521
2245	ENSG00000154359	LONRF1	9.626	1.9519
2246	ENSG00000204217	BMPR2	18.657	1.9518
2247	ENSG00000142552	RCN3	5.677	1.9514
2248	ENSG00000143028	SYPL2	6.65	1.9513
2249	ENSG00000273045	C2orf15	5.02	1.9513
2250	ENSG00000104833	TUBB4A	22.285	1.9507
2251	ENSG00000184451	CCR10	2.789	1.9505
2252	ENSG00000137962	ARHGAP29	18.422	1.9505
2253	ENSG00000104213	PDGFRL	5.749	1.9502
2254	ENSG00000136052	SLC41A2	5.73	1.9501
2255	ENSG00000168792	ABHD15	10.703	1.9494
2256	ENSG00000106299	WASL	40.431	1.9493
2257	ENSG00000102119	EMD	262.122	1.9491
2258	ENSG00000165948	IFI27L1	47.128	1.949
2259	ENSG00000161860	SYCE2	2.626	1.9486
2260	ENSG00000167994	RAB3IL1	6.341	1.9482
2261	ENSG00000173213	TUBB8B	3.826	1.9482
2262	ENSG00000101126	ADNP	57.338	1.948
2263	ENSG00000109738	GLRB	4.984	1.948
2264	ENSG00000139187	KLRG1	5.078	1.9475
2265	ENSG00000006432	MAP3K9	10.24	1.9474
2266	ENSG00000255339		2.689	1.947
2267	ENSG00000003137	CYP26B1	3.475	1.9461
2268	ENSG00000158296	SLC13A3	5.638	1.9461
2269	ENSG00000117143	UAP1	62.99	1.9455
2270	ENSG00000079102	RUNX1T1	21.241	1.9455
2271	ENSG00000176222	ZNF404	2.971	1.945
2272	ENSG00000176410	DNAJC30	19.242	1.9448
2273	ENSG00000187391	MAGI2	3.244	1.9447
2274	ENSG00000136144	RCBTB1	11.675	1.9446
2275	ENSG00000163378	EOGT	5.221	1.9444
2276	ENSG00000166971	AKTIP	21.041	1.9442
2277	ENSG00000124097	HMGB1P1	3.958	1.9435
2278	ENSG00000137166	FOXP4	25.583	1.9427
2279	ENSG00000243207	PPAN-P2RY11	2.729	1.9422
2280	ENSG00000120693	SMAD9	26.804	1.9418
2281	ENSG00000006757	PNPLA4	16.062	1.9414
2282	ENSG00000138495	COX17	346.065	1.9413
2283	ENSG00000102471	NDFIP2	70.357	1.9406
2284	ENSG00000162676	GFI1	10.949	1.9404
2285	ENSG00000108506	INTS2	21.95	1.9401
2286	ENSG00000103150	MLYCD	14.379	1.9397
2287	ENSG00000261115	TMEM178B	9.902	1.9393
2288	ENSG00000206140	TMEM191C	3.471	1.9391
2289	ENSG00000178184	PARD6G	7.312	1.9387
2290	ENSG00000155970	MICU3	6.857	1.9383
2291	ENSG00000128045	RASL11B	4.567	1.9382
2292	ENSG00000033867	SLC4A7	17.582	1.9381
2293	ENSG00000164695	CHMP4C	8.241	1.9379
2294	ENSG00000205060	SLC35B4	90.178	1.9375
2295	ENSG00000133169	BEX1	60.854	1.9369
2296	ENSG00000144893	MED12L	10.779	1.9368
2297	ENSG00000139117	CPNE8	13.808	1.9367
2298	ENSG00000188483	IER5L	6.228	1.9365
2299	ENSG00000114062	UBE3A	71.193	1.9359
2300	ENSG00000173137	ADCK5	6.293	1.9358
2301	ENSG00000111261	MANSC1	13.123	1.9355
2302	ENSG00000205339	IPO7	109.727	1.9354
2303	ENSG00000118690	ARMC2	2.816	1.9346
2304	ENSG00000149212	SESN3	18.969	1.9345
2305	ENSG00000188566	NDOR1	11.839	1.9338
2306	ENSG00000126243	LRFN3	7.983	1.9338
2307	ENSG00000041988	THAP3	69.155	1.9336
2308	ENSG00000118454	ANKRD13C	24.666	1.9336
2309	ENSG00000113240	CLK4	12.815	1.9332
2310	ENSG00000100003	SEC14L2	7.783	1.9331
2311	ENSG00000005483	KMT2E	49.482	1.9331
2312	ENSG00000118804	STBD1	7.294	1.9329
2313	ENSG00000143776	CDC42BPA	79.895	1.9325
2314	ENSG00000153531	ADPRHL1	5.601	1.9323
2315	ENSG00000132912	DCTN4	59.668	1.9323
2316	ENSG00000105717	PBX4	4.118	1.9322
2317	ENSG00000164306	PRIMPOL	5.476	1.9319
2318	ENSG00000058668	ATP2B4	12.406	1.9318
2319	ENSG00000054267	ARID4B	95.578	1.9317
2320	ENSG00000065613	SLK	64.305	1.9313
2321	ENSG00000153214	TMEM87B	5.773	1.9298
2322	ENSG00000134198	TSPAN2	3.697	1.9294
2323	ENSG00000166822	TMEM170A	43.123	1.929
2324	ENSG00000156261	CCT8	315.611	1.9284
2325	ENSG00000125355	TMEM255A	5.677	1.9272
2326	ENSG00000137992	DBT	32.734	1.9267
2327	ENSG00000106211	HSPB1	308.26	1.9267
2328	ENSG00000075790	BCAP29	30.105	1.9267
2329	ENSG00000136628	EPRS1	314.67	1.9264
2330	ENSG00000274070	CASTOR2	23.576	1.9261
2331	ENSG00000266338	NBPF15	51.519	1.9261
2332	ENSG00000143106	PSMA5	184.103	1.9256
2333	ENSG00000177459	ERICH5	7.628	1.9252
2334	ENSG00000187325	TAF9B	37.242	1.9251
2335	ENSG00000002016	RAD52	10.91	1.9247
2336	ENSG00000082258	CCNT2	23.311	1.9243
2337	ENSG00000144649	GASK1A	9.76	1.9242
2338	ENSG00000179832	MROH1	8.113	1.9241
2339	ENSG00000127920	GNG11	11.644	1.9227
2340	ENSG00000171428	NAT1	4.023	1.9226
2341	ENSG00000142867	BCL10	25.891	1.9223
2342	ENSG00000025796	SEC63	105.406	1.9218
2343	ENSG00000153234	NR4A2	3.624	1.9215
2344	ENSG00000188157	AGRN	15.539	1.9215
2345	ENSG00000110107	PRPF19	338.467	1.9211
2346	ENSG00000162572	SCNN1D	4.772	1.921
2347	ENSG00000128595	CALU	138.513	1.9205
2348	ENSG00000198093	ZNF649	9.783	1.9204
2349	ENSG00000108786	HSD17B1	13.219	1.9203
2350	ENSG00000162624	LHX8	8.046	1.9198
2351	ENSG00000198648	STK39	19.517	1.9192
2352	ENSG00000105278	ZFR2	2.386	1.9188
2353	ENSG00000156345	CDK20	12.822	1.9187
2354	ENSG00000065135	GNAI3	50.917	1.9186
2355	ENSG00000171320	ESCO2	16.767	1.9176
2356	ENSG00000151012	SLC7A11	17.633	1.9175
2357	ENSG00000188760	TMEM198	9.002	1.9169
2358	ENSG00000164574	GALNT10	15.001	1.9168
2359	ENSG00000185670	ZBTB3	5.398	1.9163
2360	ENSG00000123570	RAB9B	4.322	1.9148
2361	ENSG00000228144		2.423	1.9147
2362	ENSG00000249319		2.075	1.9146
2363	ENSG00000198598	MMP17	3.963	1.9139
2364	ENSG00000007384	RHBDF1	6.973	1.9139
2365	ENSG00000131979	GCH1	10.87	1.9133
2366	ENSG00000114268	PFKFB4	8.981	1.9126
2367	ENSG00000135913	USP37	19.005	1.9125
2368	ENSG00000274512	TBC1D3L	6.756	1.9122
2369	ENSG00000254206	NPIPB11	7.666	1.912
2370	ENSG00000172638	EFEMP2	2.212	1.9119
2371	ENSG00000123975	CKS2	389.2	1.9117
2372	ENSG00000138448	ITGAV	14.862	1.9117
2373	ENSG00000106066	CPVL	46.699	1.9113
2374	ENSG00000273238	TMEM271	2.979	1.911
2375	ENSG00000247626	MARS2	16.882	1.9096
2376	ENSG00000137142	IGFBPL1	3.999	1.9093
2377	ENSG00000281991	TMEM265	2.121	1.9093
2378	ENSG00000143951	WDPCP	9.621	1.9092
2379	ENSG00000064489	BORCS8-MEF2B	2.13	1.9088
2380	ENSG00000214456	PLIN5	2.491	1.9084
2381	ENSG00000198756	COLGALT2	6.409	1.9082
2382	ENSG00000168005	SPINDOC	56.898	1.9081
2383	ENSG00000163602	RYBP	42.232	1.9079
2384	ENSG00000117791	MTARC2	15.349	1.9079
2385	ENSG00000157540	DYRK1A	25.661	1.9069
2386	ENSG00000259803	SLC22A31	2.552	1.9067
2387	ENSG00000184500	PROS1	5.083	1.9066
2388	ENSG00000139200	PIANP	4.512	1.9066
2389	ENSG00000184271	POU6F1	3.692	1.9062
2390	ENSG00000160194	NDUFV3	175.642	1.9054
2391	ENSG00000086289	EPDR1	10.323	1.9053
2392	ENSG00000272921		2.111	1.905
2393	ENSG00000122574	WIPF3	5.461	1.9044
2394	ENSG00000163794	UCN	5.055	1.9043
2395	ENSG00000072042	RDH11	110.603	1.904
2396	ENSG00000143469	SYT14	3.317	1.9039
2397	ENSG00000138744	NAAA	10.016	1.9037
2398	ENSG00000131263	RLIM	53.784	1.9035
2399	ENSG00000035115	SH3YL1	8.05	1.9034
2400	ENSG00000256966		2.123	1.9032
2401	ENSG00000188176	SMTNL2	7.133	1.9032
2402	ENSG00000166436	TRIM66	7.545	1.9028
2403	ENSG00000198356	GET3	86.116	1.9026
2404	ENSG00000139832	RAB20	2.963	1.9021
2405	ENSG00000092096	SLC22A17	6.866	1.9021
2406	ENSG00000196967	ZNF585A	13.455	1.9018
2407	ENSG00000141574	SECTM1	2.358	1.9014
2408	ENSG00000169126	ODAD2	4.262	1.9011
2409	ENSG00000111860	CEP85L	16.095	1.9005
2410	ENSG00000175984	DENND2C	9.109	1.9003
2411	ENSG00000176125	UFSP1	8.906	1.9002
2412	ENSG00000008517	IL32	2.3	1.8995
2413	ENSG00000176261	ZBTB8OS	88.198	1.8989
2414	ENSG00000117569	PTBP2	27.423	1.8989
2415	ENSG00000182175	RGMA	16.373	1.8986
2416	ENSG00000115514	TXNDC9	40.375	1.8986
2417	ENSG00000026103	FAS	4.306	1.8984
2418	ENSG00000213934	HBG1	2.917	1.8976
2419	ENSG00000137831	UACA	41.451	1.8973
2420	ENSG00000277149	TYW1B	4.565	1.8972
2421	ENSG00000213999	MEF2B	3.41	1.8966
2422	ENSG00000186767	SPIN4	6.867	1.8965
2423	ENSG00000107954	NEURL1	2.603	1.8962
2424	ENSG00000261787	TCF24	6.038	1.8957
2425	ENSG00000204271	SPIN3	11.95	1.8948
2426	ENSG00000204469	PRRC2A	207.891	1.8947
2427	ENSG00000134146	DPH6	10.568	1.8944
2428	ENSG00000175592	FOSL1	2.85	1.8944
2429	ENSG00000182511	FES	3.654	1.8937
2430	ENSG00000104219	ZDHHC2	14.087	1.8932
2431	ENSG00000099617	EFNA2	3.313	1.8932
2432	ENSG00000197223	C1D	45.258	1.893
2433	ENSG00000152700	SAR1B	64.455	1.893
2434	ENSG00000142632	ARHGEF19	3.007	1.893
2435	ENSG00000174276	ZNHIT2	49.485	1.8929
2436	ENSG00000158458	NRG2	3.13	1.8929
2437	ENSG00000003436	TFPI	5.253	1.8927
2438	ENSG00000159063	ALG8	87.27	1.8927
2439	ENSG00000183091	NEB	2.247	1.8922
2440	ENSG00000219607	PPP1R3G	2.543	1.8915
2441	ENSG00000154518	ATP5MC3	1066.513	1.8915
2442	ENSG00000113319	RASGRF2	4.949	1.8915
2443	ENSG00000169860	P2RY1	11.543	1.8915
2444	ENSG00000177181	RIMKLA	12.632	1.8913
2445	ENSG00000129675	ARHGEF6	8.844	1.8912
2446	ENSG00000115966	ATF2	27.621	1.8903
2447	ENSG00000179627	ZBTB42	4.98	1.8899
2448	ENSG00000072756	TRNT1	16.933	1.8895
2449	ENSG00000105976	MET	20.461	1.8891
2450	ENSG00000146463	ZMYM4	51.849	1.8886
2451	ENSG00000213967	ZNF726	3.154	1.8884
2452	ENSG00000100473	COCH	49.088	1.8883
2453	ENSG00000126803	HSPA2	3.96	1.8882
2454	ENSG00000214827	MTCP1	3.718	1.8873
2455	ENSG00000160460	SPTBN4	4.243	1.8867
2456	ENSG00000185561	TLCD2	14.026	1.8865
2457	ENSG00000196684	HSH2D	2.652	1.8856
2458	ENSG00000166762	CATSPER2	5.397	1.8842
2459	ENSG00000071575	TRIB2	6.508	1.8836
2460	ENSG00000104320	NBN	43.492	1.883
2461	ENSG00000106028	SSBP1	854.453	1.8828
2462	ENSG00000173404	INSM1	5.289	1.8823
2463	ENSG00000047410	TPR	304.16	1.8817
2464	ENSG00000166311	SMPD1	12.698	1.8817
2465	ENSG00000137075	RNF38	13.737	1.8817
2466	ENSG00000160190	SLC37A1	5.426	1.8809
2467	ENSG00000138138	ATAD1	27.434	1.8801
2468	ENSG00000132549	VPS13B	12.563	1.8799
2469	ENSG00000081803	CADPS2	9.986	1.8797
2470	ENSG00000186130	ZBTB6	8.824	1.8796
2471	ENSG00000089597	GANAB	167.858	1.8791
2472	ENSG00000138696	BMPR1B	4.241	1.8787
2473	ENSG00000124257	NEURL2	3.132	1.8776
2474	ENSG00000068697	LAPTM4A	119.079	1.8773
2475	ENSG00000277157	H4C4	2.267	1.8771
2476	ENSG00000133874	RNF122	3.324	1.8766
2477	ENSG00000223865	HLA-DPB1	3.116	1.8762
2478	ENSG00000146707	POMZP3	10.985	1.876
2479	ENSG00000166823	MESP1	32.818	1.876
2480	ENSG00000187987	ZSCAN23	3.087	1.876
2481	ENSG00000132294	EFR3A	19.437	1.8758
2482	ENSG00000175197	DDIT3	32.353	1.8757
2483	ENSG00000197062	ZSCAN26	11.123	1.8756
2484	ENSG00000135119	RNFT2	12.532	1.8754
2485	ENSG00000120519	SLC10A7	6.247	1.8747
2486	ENSG00000178075	GRAMD1C	2.706	1.8746
2487	ENSG00000036054	TBC1D23	22.077	1.8745
2488	ENSG00000100029	PES1	234.4	1.8745
2489	ENSG00000162851	TFB2M	11.78	1.8741
2490	ENSG00000143476	DTL	50.829	1.8741
2491	ENSG00000171017	LRRC8E	4.944	1.8738
2492	ENSG00000197601	FAR1	51.974	1.8736
2493	ENSG00000141424	SLC39A6	79.02	1.8735
2494	ENSG00000164088	PPM1M	9.272	1.8734
2495	ENSG00000174738	NR1D2	21.025	1.8734
2496	ENSG00000066422	ZBTB11	30.264	1.873
2497	ENSG00000213079	SCAF8	35.373	1.873
2498	ENSG00000090857	PDPR	23.281	1.8727
2499	ENSG00000151773	CCDC122	9.611	1.8727
2500	ENSG00000213221	DNLZ	23.454	1.8726
2501	ENSG00000046889	PREX2	4.262	1.8726
2502	ENSG00000125895	TMEM74B	9.384	1.8725
2503	ENSG00000215440	NPEPL1	5.656	1.8725
2504	ENSG00000185532	PRKG1	14.894	1.8723
2505	ENSG00000196735	HLA-DQA1	2.981	1.8723
2506	ENSG00000148798	INA	34.784	1.8722
2507	ENSG00000184007	PTP4A2	328.521	1.8719
2508	ENSG00000085465	OVGP1	3.615	1.8714
2509	ENSG00000136352	NKX2-1	3.856	1.8711
2510	ENSG00000198301	SDAD1	96.382	1.8708
2511	ENSG00000105723	GSK3A	102.239	1.8705
2512	ENSG00000198723	SAXO5	2.235	1.8705
2513	ENSG00000069275	NUCKS1	681.566	1.8701
2514	ENSG00000139625	MAP3K12	8.336	1.8697
2515	ENSG00000164627	KIF6	4.391	1.8695
2516	ENSG00000078114	NEBL	6.144	1.8692
2517	ENSG00000182993	C12orf60	2.595	1.8684
2518	ENSG00000170390	DCLK2	4.009	1.8682
2519	ENSG00000123552	USP45	12.146	1.8678
2520	ENSG00000153956	CACNA2D1	8.755	1.8673
2521	ENSG00000129226	CD68	2.728	1.8672
2522	ENSG00000215784	FAM72D	20.593	1.8671
2523	ENSG00000101752	MIB1	31.971	1.8669
2524	ENSG00000187624	LIAT1	3.661	1.8668
2525	ENSG00000008382	MPND	66.098	1.8667
2526	ENSG00000164849	GPR146	2.73	1.8665
2527	ENSG00000111731	C2CD5	14.572	1.8662
2528	ENSG00000100644	HIF1A	36.41	1.8661
2529	ENSG00000054277	OPN3	2.142	1.8658
2530	ENSG00000261796	ISY1-RAB43	2.529	1.8651
2531	ENSG00000175387	SMAD2	34.541	1.8647
2532	ENSG00000125821	DTD1	76.676	1.8646
2533	ENSG00000135547	HEY2	22.352	1.8639
2534	ENSG00000182518	VCF2	51.619	1.8638
2535	ENSG00000273706	LHX1	10.401	1.8636
2536	ENSG00000177034	MTX3	19.674	1.8635
2537	ENSG00000155085	AK9	5.176	1.8625
2538	ENSG00000130222	GADD45G	2.738	1.8624
2539	ENSG00000148926	ADM	20.909	1.8623
2540	ENSG00000144218	AFF3	12.694	1.8623
2541	ENSG00000147852	VLDLR	6.33	1.8623
2542	ENSG00000172354	GNB2	246.776	1.8621
2543	ENSG00000141446	ESCO1	34.786	1.8619
2544	ENSG00000148943	LIN7C	39.864	1.8618
2545	ENSG00000121690	DEPDC7	8.785	1.8614
2546	ENSG00000136490	LIMD2	38.139	1.8607
2547	ENSG00000101421	CHMP4B	111.086	1.8607
2548	ENSG00000203668	CHML	49.518	1.8607
2549	ENSG00000170325	PRDM10	4.378	1.8602
2550	ENSG00000151474	FRMD4A	12.1	1.8601
2551	ENSG00000059804	SLC2A3	4.7	1.8598
2552	ENSG00000157017	GHRL	2.09	1.859
2553	ENSG00000256683	ZNF350	3.877	1.8589
2554	ENSG00000139508	SLC46A3	3.636	1.8587
2555	ENSG00000095002	MSH2	81.048	1.8584
2556	ENSG00000126790	L3HYPDH	15.191	1.8581
2557	ENSG00000164199	ADGRV1	13.861	1.8579
2558	ENSG00000230873	STMND1	2.881	1.8579
2559	ENSG00000123685	BATF3	35.178	1.8578
2560	ENSG00000188517	COL25A1	7.447	1.8572
2561	ENSG00000158122	PRXL2C	25.058	1.857
2562	ENSG00000107614	TRDMT1	12.73	1.8569
2563	ENSG00000265491	RNF115	38.232	1.8568
2564	ENSG00000004766	VPS50	15.848	1.8561
2565	ENSG00000196693	ZNF33B	28.379	1.856
2566	ENSG00000268790		2.423	1.8557
2567	ENSG00000099910	KLHL22	21.641	1.8552
2568	ENSG00000214013	GANC	9.888	1.8552
2569	ENSG00000250571	GLI4	15.012	1.8547
2570	ENSG00000104267	CA2	300.479	1.8546
2571	ENSG00000221886	FAM200C	3.252	1.8539
2572	ENSG00000166225	FRS2	11.157	1.8536
2573	ENSG00000127328	RAB3IP	32.984	1.8535
2574	ENSG00000135622	SEMA4F	15.043	1.8534
2575	ENSG00000105650	PDE4C	2.597	1.8533
2576	ENSG00000144747	TMF1	33.14	1.8532
2577	ENSG00000266964	FXYD1	2.464	1.8532
2578	ENSG00000100299	ARSA	12.535	1.8532
2579	ENSG00000062650	WAPL	66.38	1.8528
2580	ENSG00000118260	CREB1	31.969	1.8521
2581	ENSG00000173681	BCLAF3	6.196	1.8515
2582	ENSG00000102934	PLLP	5.299	1.8513
2583	ENSG00000134070	IRAK2	4.607	1.8513
2584	ENSG00000188338	SLC38A3	4.71	1.8512
2585	ENSG00000168152	THAP9	4.14	1.851
2586	ENSG00000133639	BTG1	56.711	1.8509
2587	ENSG00000256223	ZNF10	4.28	1.8506
2588	ENSG00000075131	TIPIN	70.007	1.8503
2589	ENSG00000221923	ZNF880	2.278	1.8498
2590	ENSG00000164933	SLC25A32	40.248	1.8497
2591	ENSG00000080608	PUM3	71.072	1.8492
2592	ENSG00000008869	HEATR5B	18.631	1.8491
2593	ENSG00000185480	PARPBP	24.888	1.8489
2594	ENSG00000134824	FADS2	39.103	1.8486
2595	ENSG00000113638	TTC33	9.263	1.8481
2596	ENSG00000033800	PIAS1	43.389	1.8468
2597	ENSG00000144909	OSBPL11	25.659	1.8461
2598	ENSG00000177576	C18orf32	4.744	1.8459
2599	ENSG00000111716	LDHB	1822.098	1.8457
2600	ENSG00000099840	IZUMO4	2.214	1.8455
2601	ENSG00000180758	GPR157	13.76	1.8454
2602	ENSG00000065308	TRAM2	11.819	1.8451
2603	ENSG00000182985	CADM1	62.168	1.8445
2604	ENSG00000049089	COL9A2	3.643	1.8442
2605	ENSG00000044459	CNTLN	31.353	1.8441
2606	ENSG00000168702	LRP1B	2.92	1.844
2607	ENSG00000088002	SULT2B1	2.333	1.8437
2608	ENSG00000083635	NUFIP1	26.362	1.8434
2609	ENSG00000101132	PFDN4	90.237	1.8432
2610	ENSG00000162496	DHRS3	13.097	1.843
2611	ENSG00000261740	BOLA2-SMG1P6	137.578	1.8428
2612	ENSG00000135968	GCC2	49.475	1.8425
2613	ENSG00000121281	ADCY7	4.554	1.8419
2614	ENSG00000141655	TNFRSF11A	7.023	1.8417
2615	ENSG00000115041	KCNIP3	3.269	1.8414
2616	ENSG00000152484	USP12	22.839	1.8406
2617	ENSG00000121413	ZSCAN18	7.213	1.8405
2618	ENSG00000151287	TEX30	20.006	1.8405
2619	ENSG00000150281	CTF1	2.229	1.8402
2620	ENSG00000162976	SLC66A3	5.629	1.84
2621	ENSG00000129003	VPS13C	14.708	1.84
2622	ENSG00000137343	ATAT1	20.939	1.8395
2623	ENSG00000263528	IKBKE	4.171	1.8393
2624	ENSG00000007944	MYLIP	21.259	1.8392
2625	ENSG00000198270	TMEM116	10.273	1.8387
2626	ENSG00000119965	C10orf88	9.237	1.8386
2627	ENSG00000174871	CNIH2	2.688	1.8382
2628	ENSG00000204923	FBXO48	4.828	1.8381
2629	ENSG00000165861	ZFYVE1	7.968	1.8381
2630	ENSG00000123353	ORMDL2	57.187	1.8375
2631	ENSG00000127081	ZNF484	3.493	1.8373
2632	ENSG00000134317	GRHL1	7.108	1.8363
2633	ENSG00000213588	ZBTB9	17.947	1.8363
2634	ENSG00000118276	B4GALT6	14.612	1.8361
2635	ENSG00000177666	PNPLA2	59.415	1.8357
2636	ENSG00000108947	EFNB3	10.279	1.8357
2637	ENSG00000083535	PIBF1	24.707	1.8353
2638	ENSG00000163491	NEK10	2.543	1.8351
2639	ENSG00000115295	CLIP4	10.25	1.8351
2640	ENSG00000170396	ZNF804A	4.826	1.8348
2641	ENSG00000056050	HPF1	70.87	1.8347
2642	ENSG00000143502	SUSD4	3.057	1.8335
2643	ENSG00000182600	SNORC	2.659	1.8328
2644	ENSG00000162415	ZSWIM5	5.639	1.8328
2645	ENSG00000172954	LCLAT1	24.488	1.8328
2646	ENSG00000144895	EIF2A	85.7	1.8324
2647	ENSG00000164707	SLC13A4	11.66	1.8323
2648	ENSG00000213139	CRYGS	2.848	1.8323
2649	ENSG00000149557	FEZ1	12.102	1.8319
2650	ENSG00000180902	D2HGDH	18.684	1.831
2651	ENSG00000168237	GLYCTK	10.301	1.831
2652	ENSG00000183426	NPIPA1	28.087	1.831
2653	ENSG00000204524	ZNF805	6.258	1.831
2654	ENSG00000140022	STON2	11.456	1.8301
2655	ENSG00000151575	TEX9	6.061	1.8296
2656	ENSG00000109794	FAM149A	3.54	1.8296
2657	ENSG00000090382	LYZ	2.755	1.829
2658	ENSG00000176383	B3GNT4	3.672	1.8289
2659	ENSG00000112304	ACOT13	67.889	1.8289
2660	ENSG00000196458	ZNF605	6.973	1.8281
2661	ENSG00000133943	DGLUCY	9.461	1.828
2662	ENSG00000119285	HEATR1	117.412	1.8276
2663	ENSG00000205765	RIMOC1	20.832	1.8273
2664	ENSG00000187556	NANOS3	2.198	1.8272
2665	ENSG00000092853	CLSPN	136.001	1.8266
2666	ENSG00000122481	RWDD3	16.862	1.826
2667	ENSG00000106948	AKNA	7.304	1.826
2668	ENSG00000152137	HSPB8	2.657	1.8254
2669	ENSG00000251192	ZNF674	3.794	1.8244
2670	ENSG00000155158	TTC39B	3.735	1.8242
2671	ENSG00000181458	TMEM45A	11.349	1.8236
2672	ENSG00000167550	RHEBL1	4.274	1.8235
2673	ENSG00000143669	LYST	23.391	1.8231
2674	ENSG00000175893	ZDHHC21	6.831	1.8231
2675	ENSG00000158417	EIF5B	303.546	1.8231
2676	ENSG00000196437	ZNF569	6.096	1.8229
2677	ENSG00000099256	PRTFDC1	21.892	1.8228
2678	ENSG00000119630	PGF	14.275	1.8227
2679	ENSG00000159335	PTMS	379.01	1.8225
2680	ENSG00000055118	KCNH2	3.583	1.8222
2681	ENSG00000141750	STAC2	3.194	1.8208
2682	ENSG00000188786	MTF1	15.03	1.8206
2683	ENSG00000137760	ALKBH8	16.204	1.8206
2684	ENSG00000235109	ZSCAN31	2.644	1.8201
2685	ENSG00000185019	UBOX5	8.36	1.8199
2686	ENSG00000144935	TRPC1	7.778	1.8197
2687	ENSG00000109762	SNX25	10.672	1.8192
2688	ENSG00000183785	TUBA8	3.431	1.8188
2689	ENSG00000101751	POLI	5.095	1.8183
2690	ENSG00000104808	DHDH	2.354	1.8181
2691	ENSG00000104313	EYA1	6.003	1.8179
2692	ENSG00000168661	ZNF30	5.716	1.8172
2693	ENSG00000174652	ZNF266	10.613	1.816
2694	ENSG00000162585	FAAP20	123.067	1.8159
2695	ENSG00000047230	CTPS2	19.003	1.8158
2696	ENSG00000158286	RNF207	6.428	1.8158
2697	ENSG00000109680	TBC1D19	2.813	1.8153
2698	ENSG00000154642	C21orf91	12.351	1.8153
2699	ENSG00000270885	RASL10B	14.143	1.8152
2700	ENSG00000183621	ZNF438	3.156	1.8149
2701	ENSG00000027001	MIPEP	21.853	1.8147
2702	ENSG00000184178	SCFD2	22.627	1.8146
2703	ENSG00000148444	COMMD3	49.868	1.8145
2704	ENSG00000171566	PLRG1	69.1	1.8145
2705	ENSG00000203722	RAET1G	2.366	1.8144
2706	ENSG00000125820	NKX2-2	6.029	1.8143
2707	ENSG00000204149	AGAP6	42.885	1.8142
2708	ENSG00000104643	MTMR9	13.873	1.8141
2709	ENSG00000064042	LIMCH1	10.384	1.814
2710	ENSG00000112851	ERBIN	37.683	1.814
2711	ENSG00000174460	ZCCHC12	50.346	1.8139
2712	ENSG00000175938	ORAI3	5.513	1.8138
2713	ENSG00000076604	TRAF4	50.309	1.8135
2714	ENSG00000105559	PLEKHA4	4.675	1.8133
2715	ENSG00000153147	SMARCA5	117.292	1.813
2716	ENSG00000162616	DNAJB4	12.6	1.813
2717	ENSG00000184005	ST6GALNAC3	4.258	1.813
2718	ENSG00000121310	ECHDC2	3.181	1.8125
2719	ENSG00000110675	ELMOD1	7.512	1.8122
2720	ENSG00000016391	CHDH	24.33	1.8122
2721	ENSG00000142611	PRDM16	9.408	1.8109
2722	ENSG00000142279	WTIP	7.086	1.8109
2723	ENSG00000150625	GPM6A	3.212	1.8108
2724	ENSG00000150510	FAM124A	4.743	1.8107
2725	ENSG00000102078	SLC25A14	34.458	1.8107
2726	ENSG00000146205	ANO7	5.13	1.8106
2727	ENSG00000185361	TNFAIP8L1	8.569	1.8104
2728	ENSG00000105880	DLX5	12.097	1.8103
2729	ENSG00000167608	TMC4	2.209	1.8103
2730	ENSG00000101236	RNF24	14.367	1.8101
2731	ENSG00000196476	C20orf96	8.142	1.8101
2732	ENSG00000057704	TMCC3	4.571	1.8101
2733	ENSG00000100290	BIK	2.478	1.8094
2734	ENSG00000265808	SEC22B	28.292	1.8086
2735	ENSG00000108176	DNAJC12	35.032	1.8086
2736	ENSG00000249209		2.053	1.8086
2737	ENSG00000166963	MAP1A	20.557	1.8085
2738	ENSG00000196470	SIAH1	29.489	1.8082
2739	ENSG00000171105	INSR	16.698	1.8082
2740	ENSG00000175711	B3GNTL1	7.552	1.8082
2741	ENSG00000134285	FKBP11	14.637	1.8082
2742	ENSG00000145491	ROPN1L	2.121	1.8077
2743	ENSG00000130475	FCHO1	9.593	1.8076
2744	ENSG00000167232	ZNF91	4.41	1.8072
2745	ENSG00000181751	MACIR	15.276	1.8056
2746	ENSG00000173214	MFSD4B	18.794	1.8054
2747	ENSG00000105825	TFPI2	2.485	1.8054
2748	ENSG00000118518	RNF146	23.254	1.8042
2749	ENSG00000101596	SMCHD1	43.392	1.8041
2750	ENSG00000169679	BUB1	69.853	1.8034
2751	ENSG00000102195	GPR50	2.353	1.8034
2752	ENSG00000080224	EPHA6	6.269	1.8033
2753	ENSG00000168676	KCTD19	2.994	1.8027
2754	ENSG00000065154	OAT	137.038	1.8024
2755	ENSG00000115461	IGFBP5	17.215	1.8024
2756	ENSG00000099954	CECR2	23.493	1.8024
2757	ENSG00000271810		1.908	1.8023
2758	ENSG00000122779	TRIM24	47.006	1.802
2759	ENSG00000174485	DENND4A	14.847	1.8017
2760	ENSG00000187257	RSBN1L	90.41	1.8014
2761	ENSG00000157379	DHRS1	13.789	1.8011
2762	ENSG00000112992	NNT	40.226	1.8008
2763	ENSG00000082805	ERC1	40.22	1.8007
2764	ENSG00000147804	SLC39A4	93.236	1.8002
2765	ENSG00000112425	EPM2A	3.798	1.8001
2766	ENSG00000197147	LRRC8B	14.092	1.8001
2767	ENSG00000174842	GLMN	31.658	1.7997
2768	ENSG00000129682	FGF13	2.349	1.7995
2769	ENSG00000135678	CPM	6.393	1.7992
2770	ENSG00000114784	EIF1B	127.92	1.7992
2771	ENSG00000049883	PTCD2	13.441	1.7987
2772	ENSG00000153132	CLGN	17.998	1.7985
2773	ENSG00000107854	TNKS2	23.493	1.7981
2774	ENSG00000137502	RAB30	3.502	1.7978
2775	ENSG00000167384	ZNF180	8.889	1.7977
2776	ENSG00000114626	ABTB1	5.023	1.7976
2777	ENSG00000172086	KRCC1	13.336	1.7971
2778	ENSG00000170017	ALCAM	30.259	1.797
2779	ENSG00000085719	CPNE3	123.643	1.7969
2780	ENSG00000152443	ZNF776	9.254	1.7966
2781	ENSG00000197008	ZNF138	15.254	1.7964
2782	ENSG00000160131	VMA21	104.889	1.7962
2783	ENSG00000152939	MARVELD2	3.589	1.7957
2784	ENSG00000143353	LYPLAL1	28.682	1.7956
2785	ENSG00000165730	STOX1	5.174	1.7955
2786	ENSG00000173821	RNF213	34.423	1.7954
2787	ENSG00000050438	SLC4A8	3.235	1.7953
2788	ENSG00000116138	DNAJC16	7.665	1.7951
2789	ENSG00000188419	CHM	15.501	1.795
2790	ENSG00000144426	NBEAL1	18.438	1.7949
2791	ENSG00000213793	ZNF888	3.75	1.7948
2792	ENSG00000055332	EIF2AK2	55.764	1.7946
2793	ENSG00000185798	WDR53	13.335	1.7941
2794	ENSG00000173320	STOX2	17.918	1.7934
2795	ENSG00000147124	ZNF41	4.663	1.7932
2796	ENSG00000153157	SYCP2L	5.954	1.7931
2797	ENSG00000137767	SQOR	2.536	1.7917
2798	ENSG00000078668	VDAC3	266.107	1.7906
2799	ENSG00000042317	SPATA7	6.976	1.7904
2800	ENSG00000119414	PPP6C	50.589	1.7903
2801	ENSG00000136895	GARNL3	6.01	1.7902
2802	ENSG00000077097	TOP2B	138.052	1.7901
2803	ENSG00000167525	PROCA1	5.991	1.7899
2804	ENSG00000161048	NAPEPLD	6.379	1.7897
2805	ENSG00000110844	PRPF40B	8.442	1.7892
2806	ENSG00000176533	GNG7	12.559	1.7889
2807	ENSG00000170634	ACYP2	12.769	1.7885
2808	ENSG00000121691	CAT	26.63	1.7875
2809	ENSG00000134333	LDHA	1315.769	1.7873
2810	ENSG00000239474	KLHL41	2.31	1.7872
2811	ENSG00000180336	MEIOC	2.731	1.7871
2812	ENSG00000206535	LNP1	8.456	1.7869
2813	ENSG00000176428	VPS37D	5.033	1.7865
2814	ENSG00000102984	ZNF821	12.66	1.7864
2815	ENSG00000138385	SSB	431.374	1.7863
2816	ENSG00000163611	SPICE1	8.3	1.7858
2817	ENSG00000160207	HSF2BP	2.212	1.7856
2818	ENSG00000159403	C1R	4.082	1.7856
2819	ENSG00000116679	IVNS1ABP	57.237	1.7856
2820	ENSG00000182901	RGS7	6.372	1.7856
2821	ENSG00000255150	EID3	1.957	1.7855
2822	ENSG00000023318	ERP44	41.064	1.7854
2823	ENSG00000112033	PPARD	11.597	1.785
2824	ENSG00000157404	KIT	5.155	1.784
2825	ENSG00000205002	AARD	2.857	1.7835
2826	ENSG00000073910	FRY	2.582	1.7826
2827	ENSG00000152620	NADK2	31.03	1.7825
2828	ENSG00000105819	PMPCB	98.898	1.7825
2829	ENSG00000147854	UHRF2	20.101	1.7823
2830	ENSG00000170631	ZNF16	14.388	1.7823
2831	ENSG00000147872	PLIN2	40.779	1.7823
2832	ENSG00000151067	CACNA1C	3.062	1.7823
2833	ENSG00000173846	PLK3	4.925	1.782
2834	ENSG00000242252	BGLAP	1.909	1.7818
2835	ENSG00000174586	ZNF497	4.29	1.7814
2836	ENSG00000086666	ZFAND6	74.861	1.7813
2837	ENSG00000156171	DRAM2	29.308	1.7813
2838	ENSG00000137070	IL11RA	7.053	1.7811
2839	ENSG00000197837	H4C16	2.131	1.7799
2840	ENSG00000143149	ALDH9A1	118.973	1.7798
2841	ENSG00000135845	PIGC	42.59	1.7797
2842	ENSG00000137691	CFAP300	2.95	1.7796
2843	ENSG00000076321	KLHL20	18.083	1.7795
2844	ENSG00000129084	PSMA1	283.644	1.7795
2845	ENSG00000140993	TIGD7	3.088	1.7795
2846	ENSG00000293642		2.213	1.7792
2847	ENSG00000140450	ARRDC4	8.552	1.7792
2848	ENSG00000105750	ZNF85	3.158	1.7792
2849	ENSG00000155367	PPM1J	10.554	1.7789
2850	ENSG00000154240	CEP112	14.4	1.7781
2851	ENSG00000188227	ZNF793	2.715	1.778
2852	ENSG00000168538	TRAPPC11	9.532	1.7778
2853	ENSG00000158290	CUL4B	63.877	1.7777
2854	ENSG00000138175	ARL3	56.323	1.7773
2855	ENSG00000107821	KAZALD1	10.072	1.7773
2856	ENSG00000162551	ALPL	4.509	1.7773
2857	ENSG00000227051	C14orf132	17.041	1.7771
2858	ENSG00000113583	C5orf15	61.813	1.7771
2859	ENSG00000188647	PTAR1	22.452	1.7767
2860	ENSG00000137573	SULF1	4.514	1.7766
2861	ENSG00000169599	NFU1	74.805	1.7765
2862	ENSG00000126787	DLGAP5	54.036	1.7764
2863	ENSG00000183260	ABHD16B	1.923	1.7761
2864	ENSG00000198382	UVRAG	29.523	1.776
2865	ENSG00000170604	IRF2BP1	32.765	1.7755
2866	ENSG00000160014	CALM3	596.094	1.7754
2867	ENSG00000143994	ABHD1	3.144	1.7751
2868	ENSG00000141441	GAREM1	13.334	1.775
2869	ENSG00000166920	C15orf48	2.223	1.7746
2870	ENSG00000156642	NPTN	53.76	1.7746
2871	ENSG00000163431	LMOD1	3.8	1.7745
2872	ENSG00000108588	CCDC47	98.544	1.7745
2873	ENSG00000170456	DENND5B	19.563	1.7744
2874	ENSG00000262484	CCER2	2.069	1.7744
2875	ENSG00000114107	CEP70	18.364	1.7741
2876	ENSG00000183018	SPNS2	2.584	1.7741
2877	ENSG00000165879	FRAT1	6.739	1.7737
2878	ENSG00000256087	ZNF432	5.89	1.7736
2879	ENSG00000143882	ATP6V1C2	3.981	1.7732
2880	ENSG00000100271	TTLL1	5.718	1.7727
2881	ENSG00000167766	ZNF83	2.036	1.7722
2882	ENSG00000074695	LMAN1	118.163	1.7719
2883	ENSG00000163328	GPR155	10.14	1.7718
2884	ENSG00000189127	ANKRD34B	2.702	1.7716
2885	ENSG00000004897	CDC27	129.717	1.7713
2886	ENSG00000100802	C14orf93	8.745	1.771
2887	ENSG00000150995	ITPR1	7.282	1.7702
2888	ENSG00000130762	ARHGEF16	4.522	1.7696
2889	ENSG00000285920		24.966	1.7694
2890	ENSG00000289720		2.423	1.7694
2891	ENSG00000171488	LRRC8C	7.07	1.7693
2892	ENSG00000169902	TPST1	10.103	1.7691
2893	ENSG00000188322	SBK1	18.655	1.7689
2894	ENSG00000183691	NOG	4.308	1.7689
2895	ENSG00000178053	MLF1	44.77	1.7687
2896	ENSG00000151914	DST	76.171	1.7685
2897	ENSG00000137693	YAP1	18.146	1.7685
2898	ENSG00000143869	GDF7	7.235	1.7683
2899	ENSG00000160991	ORAI2	37.311	1.7682
2900	ENSG00000157890	MEGF11	4.997	1.7682
2901	ENSG00000181555	SETD2	96.118	1.7681
2902	ENSG00000165084	C8orf34	3.106	1.7674
2903	ENSG00000085449	WDFY1	19.037	1.7673
2904	ENSG00000164823	OSGIN2	15.449	1.7672
2905	ENSG00000235750	KIAA0040	5.197	1.7671
2906	ENSG00000170264	FAM161A	32.678	1.767
2907	ENSG00000198455	ZXDB	4.404	1.767
2908	ENSG00000204267	TAP2	28.015	1.7668
2909	ENSG00000152242	ARK2N	10.796	1.7668
2910	ENSG00000109536	FRG1	49.336	1.7667
2911	ENSG00000271741		1.949	1.7662
2912	ENSG00000145029	NICN1	9.191	1.7657
2913	ENSG00000156500	PABIR3	4.084	1.7645
2914	ENSG00000152128	TMEM163	2.724	1.764
2915	ENSG00000148730	EIF4EBP2	87.75	1.7639
2916	ENSG00000153975	ZUP1	22.203	1.7637
2917	ENSG00000103550	KNOP1	266.687	1.7636
2918	ENSG00000144504	ANKMY1	8.887	1.7633
2919	ENSG00000253710	ALG11	26.372	1.7633
2920	ENSG00000187634	SAMD11	143.052	1.7633
2921	ENSG00000262304		1.892	1.7632
2922	ENSG00000047365	ARAP2	2.953	1.7624
2923	ENSG00000143621	ILF2	626.913	1.7619
2924	ENSG00000112357	PEX7	14.717	1.7615
2925	ENSG00000168517	HEXIM2	11.365	1.7613
2926	ENSG00000169131	ZNF354A	11.811	1.7612
2927	ENSG00000109452	INPP4B	3.223	1.7609
2928	ENSG00000141622	ARK2C	3.915	1.7606
2929	ENSG00000203685	STUM	2.965	1.7606
2930	ENSG00000175322	ZNF519	8.643	1.7605
2931	ENSG00000188997	KCTD21	4.837	1.7605
2932	ENSG00000100483	VCPKMT	8.254	1.7605
2933	ENSG00000182700	IGIP	3.503	1.7603
2934	ENSG00000177679	SRRM3	6.703	1.7603
2935	ENSG00000172765	TMCC1	11.322	1.7601
2936	ENSG00000135363	LMO2	3.406	1.7601
2937	ENSG00000140451	PIF1	27.188	1.76
2938	ENSG00000156802	ATAD2	53.351	1.76
2939	ENSG00000151458	ANKRD50	13.512	1.7595
2940	ENSG00000013392	RWDD2A	6.572	1.7592
2941	ENSG00000149480	MTA2	119.854	1.759
2942	ENSG00000168135	KCNJ4	2.721	1.7588
2943	ENSG00000204130	RUFY2	12.619	1.7587
2944	ENSG00000162670	BRINP3	4.048	1.7583
2945	ENSG00000185008	ROBO2	6.167	1.758
2946	ENSG00000110218	PANX1	8.026	1.7578
2947	ENSG00000146530	VWDE	4.135	1.7577
2948	ENSG00000139344	AMDHD1	1.983	1.7572
2949	ENSG00000173451	THAP2	6.322	1.7568
2950	ENSG00000117151	CTBS	8.372	1.7566
2951	ENSG00000172007	RAB33B	10.247	1.7565
2952	ENSG00000240230	COX19	24.631	1.7562
2953	ENSG00000169499	PLEKHA2	3.091	1.756
2954	ENSG00000078070	MCCC1	12.09	1.7553
2955	ENSG00000181690	PLAG1	12.807	1.755
2956	ENSG00000105982	RNF32	2.332	1.7541
2957	ENSG00000168288	MMADHC	123.82	1.7541
2958	ENSG00000185158	LRRC37B	15.495	1.7536
2959	ENSG00000106686	SPATA6L	2.512	1.7536
2960	ENSG00000186994	KANK3	2.701	1.7535
2961	ENSG00000291312		2.602	1.7525
2962	ENSG00000082512	TRAF5	9.654	1.7524
2963	ENSG00000180233	ZNRF2	7.918	1.752
2964	ENSG00000182504	CEP97	18.964	1.7519
2965	ENSG00000112182	BACH2	7.989	1.7519
2966	ENSG00000172171	TEFM	22.914	1.7518
2967	ENSG00000130844	ZNF331	2.68	1.7516
2968	ENSG00000180730	SHISA2	17.893	1.7513
2969	ENSG00000113369	ARRDC3	3.326	1.7512
2970	ENSG00000178935	ZNF552	8.955	1.7511
2971	ENSG00000124302	CHST8	5.409	1.7511
2972	ENSG00000175806	MSRA	5.945	1.7509
2973	ENSG00000106460	TMEM106B	25.639	1.7508
2974	ENSG00000140323	DISP2	3.916	1.7507
2975	ENSG00000138678	GPAT3	5.751	1.7507
2976	ENSG00000155850	SLC26A2	23.241	1.7506
2977	ENSG00000181163	NPM1	3583.16	1.7502
2978	ENSG00000080200	CRYBG3	13.851	1.7498
2979	ENSG00000155961	RAB39B	11.098	1.7497
2980	ENSG00000119314	PTBP3	32.175	1.7491
2981	ENSG00000100077	GRK3	21.399	1.7487
2982	ENSG00000177125	ZBTB34	15.259	1.7486
2983	ENSG00000125686	MED1	74.874	1.7479
2984	ENSG00000170802	FOXN2	11.145	1.7479
2985	ENSG00000124313	IQSEC2	10.735	1.7477
2986	ENSG00000204388	HSPA1B	776.064	1.7476
2987	ENSG00000106479	ZNF862	4.35	1.7471
2988	ENSG00000176092	CRYBG2	2.223	1.747
2989	ENSG00000166881	NEMP1	29.686	1.7469
2990	ENSG00000256235	SMIM3	9.286	1.7468
2991	ENSG00000189409	MMP23B	2.156	1.7465
2992	ENSG00000213424	KRT222	2.389	1.7464
2993	ENSG00000132688	NES	4.749	1.7461
2994	ENSG00000172733	PURG	2.702	1.746
2995	ENSG00000182134	TDRKH	11.611	1.7453
2996	ENSG00000142556	ZNF614	7.846	1.7447
2997	ENSG00000196776	CD47	39.376	1.7446
2998	ENSG00000136100	VPS36	34.889	1.7445
2999	ENSG00000274349	ZNF658	3.19	1.7443
3000	ENSG00000104312	RIPK2	23.579	1.7443
3001	ENSG00000197329	PELI1	7.921	1.7434
3002	ENSG00000180881	CAPS2	2.435	1.7428
3003	ENSG00000166263	STXBP4	22.224	1.7426
3004	ENSG00000163808	KIF15	28.258	1.7423
3005	ENSG00000188158	NHS	3.128	1.742
3006	ENSG00000146350	TBC1D32	13.932	1.7416
3007	ENSG00000154027	AK5	4.145	1.7415
3008	ENSG00000163507	CIP2A	51.518	1.7413
3009	ENSG00000142731	PLK4	26.101	1.7413
3010	ENSG00000127152	BCL11B	2.375	1.7413
3011	ENSG00000102384	CENPI	26.001	1.7409
3012	ENSG00000277224	H2BC7	2.012	1.7402
3013	ENSG00000171649	ZIK1	2.501	1.7399
3014	ENSG00000248487	ABHD14A	38.413	1.7398
3015	ENSG00000278129	ZNF8	13.622	1.7396
3016	ENSG00000138468	SENP7	5.916	1.7396
3017	ENSG00000155636	RBM45	13.912	1.7393
3018	ENSG00000171551	ECEL1	5.289	1.7393
3019	ENSG00000114670	NEK11	3.591	1.7391
3020	ENSG00000172663	TMEM134	58.492	1.7387
3021	ENSG00000272031	ANKRD34A	4.944	1.7383
3022	ENSG00000196151	WDSUB1	5.918	1.7382
3023	ENSG00000129990	SYT5	2.111	1.7382
3024	ENSG00000128203	ASPHD2	17.298	1.7381
3025	ENSG00000079435	LIPE	2.949	1.738
3026	ENSG00000178343	SHISA3	3.279	1.738
3027	ENSG00000171357	LURAP1	2.279	1.7375
3028	ENSG00000203499	IQANK1	3.246	1.7371
3029	ENSG00000071189	SNX13	19.032	1.737
3030	ENSG00000156587	UBE2L6	6.027	1.7368
3031	ENSG00000110013	SIAE	6.885	1.7367
3032	ENSG00000106346	USP42	39.525	1.7367
3033	ENSG00000167131	CCDC103	7.737	1.7362
3034	ENSG00000162407	PLPP3	14.424	1.7356
3035	ENSG00000157193	LRP8	15.443	1.7352
3036	ENSG00000122696	SLC25A51	15.738	1.7348
3037	ENSG00000103740	ACSBG1	1.883	1.7347
3038	ENSG00000099250	NRP1	11.626	1.7346
3039	ENSG00000250722	SELENOP	17.801	1.7346
3040	ENSG00000057608	GDI2	169.937	1.7345
3041	ENSG00000174165	ZDHHC24	30.83	1.7344
3042	ENSG00000136059	VILL	2.827	1.7343
3043	ENSG00000187559	FOXD4L3	1.909	1.734
3044	ENSG00000149289	ZC3H12C	3.994	1.7338
3045	ENSG00000172175	MALT1	16.196	1.7338
3046	ENSG00000143971	ETAA1	15.443	1.7333
3047	ENSG00000130038	CRACR2A	5.658	1.7328
3048	ENSG00000125285	SOX21	4.401	1.7327
3049	ENSG00000142627	EPHA2	10.847	1.7326
3050	ENSG00000004838	ZMYND10	2.523	1.7325
3051	ENSG00000155903	RASA2	7.125	1.7319
3052	ENSG00000226314	ZKSCAN8P1	2.252	1.7316
3053	ENSG00000129083	COPB1	77.707	1.7316
3054	ENSG00000155561	NUP205	105.575	1.7315
3055	ENSG00000123352	SPATS2	52.152	1.7315
3056	ENSG00000184432	COPB2	128.858	1.7313
3057	ENSG00000130856	ZNF236	14.338	1.7313
3058	ENSG00000178209	PLEC	34.835	1.7312
3059	ENSG00000125730	C3	1.991	1.7309
3060	ENSG00000139410	SDSL	11.479	1.7306
3061	ENSG00000164362	TERT	3.821	1.7305
3062	ENSG00000138600	SPPL2A	25.466	1.7304
3063	ENSG00000186063	AIDA	53.679	1.7295
3064	ENSG00000151881	TMEM267	6.436	1.7293
3065	ENSG00000136867	SLC31A2	4.897	1.729
3066	ENSG00000164161	HHIP	5.98	1.7289
3067	ENSG00000134109	EDEM1	25.661	1.7288
3068	ENSG00000127124	HIVEP3	4.967	1.7285
3069	ENSG00000141867	BRD4	227.01	1.7283
3070	ENSG00000197714	ZNF460	4.786	1.728
3071	ENSG00000136141	LRCH1	9.825	1.7278
3072	ENSG00000167281	RBFOX3	6.573	1.7265
3073	ENSG00000267127		1.91	1.7264
3074	ENSG00000185100	ADSS1	2.498	1.7264
3075	ENSG00000100154	TTC28	26.423	1.7263
3076	ENSG00000213096	ZNF254	5.311	1.7263
3077	ENSG00000258555	SPECC1L-ADORA2A	2.108	1.7262
3078	ENSG00000213889	PPM1N	20.204	1.7262
3079	ENSG00000160961	ZNF333	4.633	1.726
3080	ENSG00000139182	CLSTN3	9.434	1.726
3081	ENSG00000119514	GALNT12	7.504	1.7257
3082	ENSG00000134207	SYT6	2.788	1.7257
3083	ENSG00000101017	CD40	3.051	1.7257
3084	ENSG00000112812	PRSS16	10.238	1.7252
3085	ENSG00000198131	ZNF544	2.14	1.7252
3086	ENSG00000123146	ADGRE5	13.054	1.7252
3087	ENSG00000106100	NOD1	3.795	1.7248
3088	ENSG00000141449	GREB1L	21.579	1.7247
3089	ENSG00000180346	TIGD2	6.295	1.7247
3090	ENSG00000083817	ZNF416	2.76	1.7246
3091	ENSG00000139746	RBM26	202.971	1.724
3092	ENSG00000169020	ATP5ME	1327.075	1.7238
3093	ENSG00000099958	DERL3	17.423	1.7236
3094	ENSG00000006118	TMEM132A	46.177	1.7233
3095	ENSG00000143630	HCN3	7.954	1.7233
3096	ENSG00000215788	TNFRSF25	5.724	1.723
3097	ENSG00000050165	DKK3	4.091	1.7229
3098	ENSG00000108602	ALDH3A1	2.836	1.7229
3099	ENSG00000113522	RAD50	104.002	1.7226
3100	ENSG00000197530	MIB2	32.435	1.7221
3101	ENSG00000132164	SLC6A11	5.946	1.722
3102	ENSG00000145506	NKD2	13.655	1.7217
3103	ENSG00000148344	PTGES	2.138	1.7216
3104	ENSG00000099625	CBARP	5.381	1.7209
3105	ENSG00000196981	WDR5B	4.223	1.7208
3106	ENSG00000138594	TMOD3	34.073	1.7205
3107	ENSG00000108963	DPH1	94.472	1.7202
3108	ENSG00000095261	PSMD5	2.752	1.719
3109	ENSG00000116191	RALGPS2	18.875	1.7189
3110	ENSG00000168826	ZBTB49	4.32	1.7186
3111	ENSG00000155974	GRIP1	11.356	1.7184
3112	ENSG00000198157	HMGN5	140.396	1.7182
3113	ENSG00000105877	DNAH11	4.493	1.7179
3114	ENSG00000130119	GNL3L	105.958	1.7163
3115	ENSG00000186567	CEACAM19	3.277	1.7159
3116	ENSG00000170471	RALGAPB	22.702	1.7158
3117	ENSG00000159761	C16orf86	2.029	1.7157
3118	ENSG00000104765	BNIP3L	41.45	1.7157
3119	ENSG00000137571	SLCO5A1	7.715	1.7154
3120	ENSG00000186020	ZNF529	14.459	1.7151
3121	ENSG00000132669	RIN2	3.134	1.7148
3122	ENSG00000185187	SIGIRR	72.123	1.7147
3123	ENSG00000129152	MYOD1	2.011	1.7144
3124	ENSG00000137094	DNAJB5	6.175	1.7144
3125	ENSG00000151422	FER	12.44	1.7139
3126	ENSG00000166507	NDST2	15.815	1.7136
3127	ENSG00000105835	NAMPT	90.36	1.7134
3128	ENSG00000116039	ATP6V1B1	2.486	1.7132
3129	ENSG00000116205	TCEANC2	32.652	1.7129
3130	ENSG00000104218	CSPP1	51.667	1.7128
3131	ENSG00000129422	MTUS1	12.886	1.7128
3132	ENSG00000113296	THBS4	2.519	1.7125
3133	ENSG00000164171	ITGA2	3.988	1.7124
3134	ENSG00000134717	BTF3L4	68.682	1.7122
3135	ENSG00000167635	ZNF146	74.348	1.7122
3136	ENSG00000227057	WDR46	267.564	1.7121
3137	ENSG00000018236	CNTN1	4.057	1.7116
3138	ENSG00000196220	SRGAP3	6.146	1.7115
3139	ENSG00000160999	SH2B2	5.838	1.7115
3140	ENSG00000026950	BTN3A1	4.972	1.711
3141	ENSG00000122483	CCDC18	53.59	1.7109
3142	ENSG00000003147	ICA1	6.898	1.7107
3143	ENSG00000078043	PIAS2	24.687	1.7106
3144	ENSG00000102043	MTMR8	2.089	1.7104
3145	ENSG00000144824	PHLDB2	7.872	1.7096
3146	ENSG00000083520	DIS3	142.879	1.709
3147	ENSG00000139269	INHBE	1.948	1.7088
3148	ENSG00000203805	PLPP4	4.899	1.7088
3149	ENSG00000129636	ITFG1	24.118	1.7085
3150	ENSG00000120549	KIAA1217	3.912	1.7084
3151	ENSG00000115977	AAK1	28.163	1.7084
3152	ENSG00000147162	OGT	72.614	1.7073
3153	ENSG00000155666	KDM8	8.947	1.7072
3154	ENSG00000205643	CDPF1	24.448	1.7071
3155	ENSG00000115365	LANCL1	26.815	1.7068
3156	ENSG00000157110	RBPMS	13.882	1.7068
3157	ENSG00000114423	CBLB	10.253	1.7068
3158	ENSG00000117525	F3	2.626	1.7066
3159	ENSG00000183837	PNMA3	2.295	1.706
3160	ENSG00000254402	LRRC24	3.56	1.7058
3161	ENSG00000187815	ZFP69	5.281	1.7057
3162	ENSG00000188368	PRR19	3.556	1.7056
3163	ENSG00000182580	EPHB3	3.693	1.7056
3164	ENSG00000123191	ATP7B	17.698	1.7055
3165	ENSG00000167363	FN3K	2.459	1.7052
3166	ENSG00000177485	ZBTB33	30.025	1.705
3167	ENSG00000133114	GPALPP1	38.584	1.705
3168	ENSG00000141968	VAV1	6.776	1.7047
3169	ENSG00000119574	ZBTB45	12.769	1.7046
3170	ENSG00000120875	DUSP4	3.785	1.7039
3171	ENSG00000196267	ZNF836	3.427	1.7038
3172	ENSG00000166900	STX3	29.984	1.7035
3173	ENSG00000175600	SUGCT	7.648	1.7035
3174	ENSG00000122008	POLK	19.417	1.7032
3175	ENSG00000169231	THBS3	3.262	1.7029
3176	ENSG00000113615	SEC24A	12.064	1.7025
3177	ENSG00000204947	ZNF425	4.06	1.7025
3178	ENSG00000166025	AMOTL1	51.309	1.7024
3179	ENSG00000145990	GFOD1	19.431	1.7023
3180	ENSG00000204946	ZNF783	17.633	1.7022
3181	ENSG00000137821	LRRC49	8.86	1.7021
3182	ENSG00000165194	PCDH19	2.569	1.7016
3183	ENSG00000198870	STKLD1	1.996	1.7011
3184	ENSG00000095596	CYP26A1	4.315	1.7006
3185	ENSG00000117480	FAAH	1.878	1.7004
3186	ENSG00000169379	ARL13B	57.613	1.7002
3187	ENSG00000100784	RPS6KA5	21.184	1.7001
3188	ENSG00000053108	FSTL4	2.218	1.7
3189	ENSG00000061987	MON2	17.667	1.6994
3190	ENSG00000105996	HOXA2	2.462	1.6993
3191	ENSG00000255837	TAS2R20	2.652	1.6992
3192	ENSG00000080824	HSP90AA1	2336.771	1.6992
3193	ENSG00000186300	ZNF555	4.034	1.699
3194	ENSG00000283201		2.219	1.6987
3195	ENSG00000185507	IRF7	2.103	1.6984
3196	ENSG00000168116	KIAA1586	37.348	1.6984
3197	ENSG00000117000	RLF	15.906	1.6983
3198	ENSG00000185658	BRWD1	37.094	1.6982
3199	ENSG00000213337	ANKRD39	48.528	1.698
3200	ENSG00000141524	TMC6	16.888	1.6977
3201	ENSG00000099860	GADD45B	23.785	1.6973
3202	ENSG00000143155	TIPRL	118.369	1.6971
3203	ENSG00000197296	FITM2	8.795	1.697
3204	ENSG00000164506	STXBP5	14.572	1.6969
3205	ENSG00000164176	EDIL3	3.247	1.6969
3206	ENSG00000134215	VAV3	4.696	1.6969
3207	ENSG00000142046	TMEM91	2.031	1.6967
3208	ENSG00000183569	SERHL2	4.204	1.6965
3209	ENSG00000114541	FRMD4B	11.823	1.6959
3210	ENSG00000095203	EPB41L4B	6.521	1.6959
3211	ENSG00000091622	PITPNM3	3.061	1.6959
3212	ENSG00000110031	LPXN	2.2	1.6947
3213	ENSG00000145743	FBXL17	5.949	1.6947
3214	ENSG00000088448	ANKRD10	34.911	1.6946
3215	ENSG00000106689	LHX2	8.463	1.6946
3216	ENSG00000131831	RAI2	2.8	1.6943
3217	ENSG00000198887	SMC5	54.232	1.6942
3218	ENSG00000169946	ZFPM2	4.599	1.6941
3219	ENSG00000244607	CCDC13	1.96	1.6936
3220	ENSG00000116750	UCHL5	160.303	1.6933
3221	ENSG00000047578	KATNIP	10.707	1.6933
3222	ENSG00000184545	DUSP8	9.809	1.6932
3223	ENSG00000063438	AHRR	21.221	1.6929
3224	ENSG00000186867	QRFPR	5.796	1.6928
3225	ENSG00000206557	TRIM71	10.565	1.6926
3226	ENSG00000175216	CKAP5	155.04	1.6924
3227	ENSG00000105136	ZNF419	6.336	1.6924
3228	ENSG00000163510	CWC22	33.628	1.6921
3229	ENSG00000142784	WDTC1	19.097	1.6919
3230	ENSG00000162378	ZYG11B	28.564	1.6918
3231	ENSG00000151150	ANK3	18.621	1.6918
3232	ENSG00000123066	MED13L	34.748	1.6916
3233	ENSG00000115904	SOS1	30.306	1.6916
3234	ENSG00000132541	RIDA	64.355	1.6914
3235	ENSG00000104059	ENTREP2	4.294	1.6914
3236	ENSG00000186314	PRELID2	11.745	1.6913
3237	ENSG00000114933	INO80D	13.453	1.6911
3238	ENSG00000224877	NDUFAF8	687.76	1.6909
3239	ENSG00000157152	SYN2	4.055	1.6903
3240	ENSG00000114270	COL7A1	5.465	1.6901
3241	ENSG00000198162	MAN1A2	53.551	1.69
3242	ENSG00000123892	RAB38	2.311	1.6898
3243	ENSG00000165244	ZNF367	7.39	1.6898
3244	ENSG00000138061	CYP1B1	7.411	1.6895
3245	ENSG00000126460	PRRG2	2.132	1.6894
3246	ENSG00000091483	FH	75.168	1.6893
3247	ENSG00000180694	TMEM64	9.566	1.6892
3248	ENSG00000118513	MYB	2.889	1.6888
3249	ENSG00000249471	ZNF324B	6.828	1.6886
3250	ENSG00000065361	ERBB3	3.645	1.6878
3251	ENSG00000151893	CACUL1	47.027	1.6877
3252	ENSG00000204252	HLA-DOA	4.218	1.6876
3253	ENSG00000105708	ZNF14	4.74	1.6875
3254	ENSG00000203546		2.172	1.6873
3255	ENSG00000230797	YY2	5.906	1.6871
3256	ENSG00000123739	PLA2G12A	111.215	1.687
3257	ENSG00000197959	DNM3	3.974	1.6869
3258	ENSG00000120820	GLT8D2	7.787	1.6865
3259	ENSG00000113070	HBEGF	5.096	1.6863
3260	ENSG00000186017	ZNF566	9.902	1.6862
3261	ENSG00000158715	SLC45A3	3.829	1.6862
3262	ENSG00000121879	PIK3CA	6.531	1.6862
3263	ENSG00000144395	CCDC150	20.158	1.6861
3264	ENSG00000151117	TMEM86A	3.608	1.6861
3265	ENSG00000112787	FBRSL1	89.79	1.686
3266	ENSG00000119013	NDUFB3	176.884	1.6859
3267	ENSG00000108387	SEPTIN4	4.859	1.6857
3268	ENSG00000128218	VPREB3	1.916	1.6856
3269	ENSG00000105088	OLFM2	2.304	1.6854
3270	ENSG00000141198	TOM1L1	37.721	1.6849
3271	ENSG00000075303	SLC25A40	9.301	1.6848
3272	ENSG00000058091	CDK14	9.397	1.6844
3273	ENSG00000076770	MBNL3	11.441	1.6836
3274	ENSG00000249709	ZNF564	2.868	1.6836
3275	ENSG00000180376	CCDC66	36.817	1.6835
3276	ENSG00000135127	BICDL1	4.957	1.6834
3277	ENSG00000105865	DUS4L	9.881	1.6833
3278	ENSG00000085433	WDR47	9.239	1.6833
3279	ENSG00000183340	JRKL	4.525	1.6832
3280	ENSG00000099953	MMP11	3.804	1.6831
3281	ENSG00000181135	ZNF707	12.919	1.6829
3282	ENSG00000260230	FRRS1L	2.735	1.6828
3283	ENSG00000100429	HDAC10	14.098	1.6827
3284	ENSG00000150556	LYPD6B	3.858	1.6827
3285	ENSG00000106804	C5	2.968	1.6824
3286	ENSG00000179455	MKRN3	2.96	1.6823
3287	ENSG00000143702	CEP170	91.648	1.6822
3288	ENSG00000196081	ZNF724	5.216	1.6821
3289	ENSG00000174943	KCTD13	19.52	1.682
3290	ENSG00000162746	FCRLB	4.599	1.6819
3291	ENSG00000170364	SETMAR	11.118	1.6817
3292	ENSG00000113810	SMC4	491.861	1.6816
3293	ENSG00000141429	GALNT1	109.777	1.6816
3294	ENSG00000213213	CCDC183	2.207	1.6813
3295	ENSG00000166439	RNF169	20.539	1.6806
3296	ENSG00000148057	IDNK	2.063	1.6801
3297	ENSG00000129646	QRICH2	3.566	1.68
3298	ENSG00000145911	N4BP3	5.516	1.6796
3299	ENSG00000198700	IPO9	134.623	1.6793
3300	ENSG00000092068	SLC7A8	8.088	1.6792
3301	ENSG00000132341	RAN	1788.556	1.6789
3302	ENSG00000090612	ZNF268	18.036	1.6788
3303	ENSG00000203867	RBM20	18.975	1.6788
3304	ENSG00000101888	NXT2	15.783	1.6787
3305	ENSG00000163666	HESX1	1.971	1.678
3306	ENSG00000155008	APOOL	21.747	1.6779
3307	ENSG00000197372	ZNF675	6.413	1.6778
3308	ENSG00000155096	AZIN1	71.449	1.6777
3309	ENSG00000187730	GABRD	2.446	1.6776
3310	ENSG00000197852	INKA2	4.962	1.6773
3311	ENSG00000279170	TSTD3	9.896	1.6773
3312	ENSG00000107242	PIP5K1B	2.661	1.6772
3313	ENSG00000138639	ARHGAP24	4.765	1.6768
3314	ENSG00000109458	GAB1	6.743	1.6766
3315	ENSG00000009780	FAM76A	23.511	1.6763
3316	ENSG00000159082	SYNJ1	7.022	1.6763
3317	ENSG00000101846	STS	4.761	1.6762
3318	ENSG00000184613	NELL2	20.037	1.6761
3319	ENSG00000152582	SPEF2	2.737	1.676
3320	ENSG00000185219	ZNF445	22.614	1.6758
3321	ENSG00000015479	MATR3	277.184	1.6758
3322	ENSG00000112365	ZBTB24	35.606	1.6758
3323	ENSG00000145908	ZNF300	7.31	1.6751
3324	ENSG00000151090	THRB	10.719	1.674
3325	ENSG00000029534	ANK1	4.608	1.6739
3326	ENSG00000113108	APBB3	11.648	1.6734
3327	ENSG00000124177	CHD6	48.793	1.6726
3328	ENSG00000204152	TIMM23B	10.698	1.6722
3329	ENSG00000023228	NDUFS1	81.383	1.672
3330	ENSG00000278705	H4C2	2.275	1.6716
3331	ENSG00000198561	CTNND1	46.417	1.6716
3332	ENSG00000243477	NAA80	12.8	1.6706
3333	ENSG00000270149		2.136	1.6702
3334	ENSG00000169925	BRD3	110.545	1.6699
3335	ENSG00000145476	CYP4V2	11.599	1.6694
3336	ENSG00000140057	AK7	2.401	1.6692
3337	ENSG00000147416	ATP6V1B2	42.024	1.6692
3338	ENSG00000123096	SSPN	3.207	1.6692
3339	ENSG00000005513	SOX8	8.037	1.669
3340	ENSG00000183741	CBX6	293.539	1.6689
3341	ENSG00000284308	C2orf81	3.497	1.6684
3342	ENSG00000198961	PJA2	26.724	1.6677
3343	ENSG00000138759	FRAS1	8.37	1.6675
3344	ENSG00000240053	LY6G5B	8.731	1.6674
3345	ENSG00000175874	CREG2	2.14	1.6673
3346	ENSG00000185988	PLK5	2.295	1.6671
3347	ENSG00000187792	ZNF70	6.893	1.6669
3348	ENSG00000111481	COPZ1	244.585	1.666
3349	ENSG00000128607	KLHDC10	35.987	1.6659
3350	ENSG00000134183	GNAT2	1.794	1.6649
3351	ENSG00000130772	MED18	33.724	1.6647
3352	ENSG00000178401	DNAJC22	4.84	1.6646
3353	ENSG00000095370	SH2D3C	2.138	1.664
3354	ENSG00000173442	EHBP1L1	3.37	1.6634
3355	ENSG00000164329	TENT2	20.252	1.6633
3356	ENSG00000143514	TP53BP2	78.288	1.6631
3357	ENSG00000059769	DNAJC25	23.731	1.6628
3358	ENSG00000198315	ZKSCAN8	15.492	1.6626
3359	ENSG00000008513	ST3GAL1	14.616	1.6626
3360	ENSG00000178662	CSRNP3	3.763	1.6625
3361	ENSG00000196358	NTNG2	2.333	1.6623
3362	ENSG00000171174	RBKS	2.027	1.6622
3363	ENSG00000120800	UTP20	51.299	1.6621
3364	ENSG00000151693	ASAP2	13.166	1.6621
3365	ENSG00000168273	UQCC5	181.701	1.662
3366	ENSG00000189184	PCDH18	3.0	1.6618
3367	ENSG00000219200	RNASEK	336.769	1.6616
3368	ENSG00000169851	PCDH7	33.736	1.6615
3369	ENSG00000248712	DRC12	2.26	1.6607
3370	ENSG00000106688	SLC1A1	3.718	1.6603
3371	ENSG00000139668	WDFY2	12.422	1.6602
3372	ENSG00000198795	ZNF521	9.012	1.6601
3373	ENSG00000115310	RTN4	117.251	1.6598
3374	ENSG00000143494	VASH2	6.457	1.6597
3375	ENSG00000104953	TLE6	1.735	1.6596
3376	ENSG00000132470	ITGB4	1.992	1.6595
3377	ENSG00000128683	GAD1	16.254	1.6592
3378	ENSG00000140465	CYP1A1	3.097	1.659
3379	ENSG00000100852	ARHGAP5	52.179	1.6588
3380	ENSG00000189164	ZNF527	4.347	1.6587
3381	ENSG00000173275	ZNF449	6.264	1.6586
3382	ENSG00000174749	FAM241A	20.454	1.6586
3383	ENSG00000196659	IFT70B	2.668	1.6584
3384	ENSG00000176681	LRRC37A	3.258	1.6582
3385	ENSG00000122042	UBL3	15.321	1.6582
3386	ENSG00000161082	CELF5	3.13	1.6581
3387	ENSG00000111615	KRR1	121.19	1.6576
3388	ENSG00000233822	H2BC15	7.902	1.6575
3389	ENSG00000164120	HPGD	3.433	1.657
3390	ENSG00000100934	SEC23A	60.724	1.657
3391	ENSG00000149716	LTO1	31.077	1.6563
3392	ENSG00000165905	LARGE2	11.202	1.6562
3393	ENSG00000069812	HES2	2.015	1.6562
3394	ENSG00000204764	RANBP17	15.54	1.6561
3395	ENSG00000257184		1.761	1.656
3396	ENSG00000196150	ZNF250	10.077	1.6559
3397	ENSG00000163781	TOPBP1	86.475	1.6555
3398	ENSG00000169871	TRIM56	11.852	1.6555
3399	ENSG00000213398	LCAT	2.155	1.6553
3400	ENSG00000186889	TMEM17	2.707	1.6552
3401	ENSG00000080986	NDC80	29.689	1.6549
3402	ENSG00000108733	PEX12	4.507	1.6548
3403	ENSG00000196689	TRPV1	4.912	1.6545
3404	ENSG00000135040	NAA35	33.71	1.6539
3405	ENSG00000013588	GPRC5A	3.332	1.6537
3406	ENSG00000151835	SACS	39.911	1.6537
3407	ENSG00000077150	NFKB2	18.058	1.6537
3408	ENSG00000241852	C8orf58	5.542	1.6534
3409	ENSG00000025156	HSF2	31.631	1.6534
3410	ENSG00000114861	FOXP1	54.946	1.6532
3411	ENSG00000206560	ANKRD28	32.704	1.6531
3412	ENSG00000197442	MAP3K5	8.426	1.6526
3413	ENSG00000165752	STK32C	60.462	1.6526
3414	ENSG00000133059	DSTYK	30.501	1.6525
3415	ENSG00000106089	STX1A	14.049	1.6523
3416	ENSG00000109618	SEPSECS	3.129	1.6522
3417	ENSG00000115091	ACTR3	123.131	1.652
3418	ENSG00000139970	RTN1	3.239	1.652
3419	ENSG00000005801	ZNF195	37.026	1.6519
3420	ENSG00000188295	ZNF669	5.333	1.6514
3421	ENSG00000129028	THAP10	8.341	1.6512
3422	ENSG00000118515	SGK1	3.807	1.6509
3423	ENSG00000099800	TIMM13	814.887	1.6501
3424	ENSG00000130590	SAMD10	7.812	1.6497
3425	ENSG00000186862	PDZD7	4.359	1.6489
3426	ENSG00000177455	CD19	4.767	1.6489
3427	ENSG00000006837	CDKL3	1.892	1.6488
3428	ENSG00000115421	PAPOLG	16.226	1.6486
3429	ENSG00000101955	SRPX	4.257	1.6484
3430	ENSG00000197128	ZNF772	4.098	1.6483
3431	ENSG00000150756	ATPSCKMT	15.485	1.6482
3432	ENSG00000159882	ZNF230	4.223	1.6481
3433	ENSG00000173480	ZNF417	4.355	1.6479
3434	ENSG00000166262	FAM227B	2.253	1.6473
3435	ENSG00000148459	PDSS1	29.96	1.6469
3436	ENSG00000032219	ARID4A	24.446	1.6467
3437	ENSG00000120162	MOB3B	6.117	1.6466
3438	ENSG00000154080	CHST9	2.853	1.6465
3439	ENSG00000143924	EML4	78.291	1.6464
3440	ENSG00000124067	SLC12A4	10.627	1.6462
3441	ENSG00000184371	CSF1	4.493	1.6458
3442	ENSG00000020181	ADGRA2	9.445	1.6454
3443	ENSG00000104814	MAP4K1	3.705	1.6453
3444	ENSG00000156976	EIF4A2	121.318	1.6449
3445	ENSG00000024048	UBR2	27.074	1.6445
3446	ENSG00000158435	CNOT11	56.282	1.6444
3447	ENSG00000065717	TLE2	7.234	1.6442
3448	ENSG00000143147	GPR161	33.001	1.6441
3449	ENSG00000131013	PPIL4	60.707	1.6439
3450	ENSG00000197587	DMBX1	5.321	1.6436
3451	ENSG00000184445	KNTC1	25.654	1.6432
3452	ENSG00000012660	ELOVL5	85.309	1.6431
3453	ENSG00000129317	PUS7L	29.968	1.643
3454	ENSG00000117013	KCNQ4	2.419	1.6429
3455	ENSG00000089820	ARHGAP4	2.408	1.6427
3456	ENSG00000154328	NEIL2	13.732	1.6427
3457	ENSG00000120685	PROSER1	47.207	1.6426
3458	ENSG00000145014	TMEM44	6.314	1.6423
3459	ENSG00000121104	FAM117A	24.268	1.642
3460	ENSG00000088881	EBF4	6.042	1.6417
3461	ENSG00000143847	PPFIA4	4.194	1.6416
3462	ENSG00000078124	ACER3	19.848	1.6412
3463	ENSG00000112414	ADGRG6	3.248	1.641
3464	ENSG00000035681	NSMAF	17.45	1.6408
3465	ENSG00000198807	PAX9	5.02	1.6408
3466	ENSG00000196110	ZNF699	1.954	1.6408
3467	ENSG00000188811	NHLRC3	12.03	1.6408
3468	ENSG00000198056	PRIM1	45.93	1.6405
3469	ENSG00000161642	ZNF385A	12.011	1.64
3470	ENSG00000127666	TICAM1	3.381	1.6398
3471	ENSG00000067191	CACNB1	3.134	1.6396
3472	ENSG00000125898	FAM110A	5.299	1.6394
3473	ENSG00000172602	RND1	4.147	1.6388
3474	ENSG00000072401	UBE2D1	26.89	1.6383
3475	ENSG00000010318	PHF7	12.053	1.6379
3476	ENSG00000117461	PIK3R3	44.072	1.6379
3477	ENSG00000090661	CERS4	11.59	1.6377
3478	ENSG00000132823	OSER1	52.631	1.6375
3479	ENSG00000105538	RASIP1	2.633	1.6374
3480	ENSG00000110719	TCIRG1	7.324	1.6373
3481	ENSG00000198520	ARMH1	1.72	1.6372
3482	ENSG00000151623	NR3C2	5.4	1.6367
3483	ENSG00000101160	CTSZ	10.45	1.6367
3484	ENSG00000105849	POLR1F	102.822	1.6366
3485	ENSG00000066382	MPPED2	5.239	1.6366
3486	ENSG00000185728	YTHDF3	37.186	1.6364
3487	ENSG00000175198	PCCA	11.13	1.6364
3488	ENSG00000124587	PEX6	6.505	1.6357
3489	ENSG00000168874	ATOH8	2.864	1.6357
3490	ENSG00000043514	TRIT1	20.452	1.6357
3491	ENSG00000196976	LAGE3	316.862	1.6356
3492	ENSG00000293137	MSL3B	2.49	1.6354
3493	ENSG00000119411	BSPRY	3.363	1.6354
3494	ENSG00000197635	DPP4	2.477	1.6349
3495	ENSG00000198142	SOWAHC	7.962	1.6348
3496	ENSG00000138593	SECISBP2L	14.641	1.6343
3497	ENSG00000165650	PDZD8	41.013	1.634
3498	ENSG00000111859	NEDD9	1.974	1.6338
3499	ENSG00000178665	ZNF713	3.778	1.6333
3500	ENSG00000165349	SLC7A3	3.093	1.6325
3501	ENSG00000074855	ANO8	5.134	1.6325
3502	ENSG00000166886	NAB2	20.57	1.6324
3503	ENSG00000152784	PRDM8	2.655	1.6322
3504	ENSG00000247746	USP51	4.901	1.6322
3505	ENSG00000160062	ZBTB8A	21.527	1.6313
3506	ENSG00000177508	IRX3	18.034	1.6312
3507	ENSG00000091428	RAPGEF4	2.847	1.6309
3508	ENSG00000149100	EIF3M	353.105	1.6305
3509	ENSG00000137872	SEMA6D	3.879	1.6305
3510	ENSG00000139675	HNRNPA1L2	12.721	1.6304
3511	ENSG00000157106	SMG1	52.643	1.6301
3512	ENSG00000134057	CCNB1	240.946	1.6299
3513	ENSG00000288558	DUS4L-BCAP29	9.014	1.6297
3514	ENSG00000001617	SEMA3F	5.584	1.6296
3515	ENSG00000237441	RGL2	12.08	1.6292
3516	ENSG00000204257	HLA-DMA	1.997	1.6287
3517	ENSG00000055208	TAB2	27.86	1.6287
3518	ENSG00000288534		2.079	1.6287
3519	ENSG00000142303	ADAMTS10	2.663	1.6284
3520	ENSG00000108821	COL1A1	12.805	1.6283
3521	ENSG00000072571	HMMR	50.316	1.6283
3522	ENSG00000170801	HTRA3	3.742	1.6279
3523	ENSG00000122482	ZNF644	76.266	1.6275
3524	ENSG00000179029	TMEM107	20.277	1.6273
3525	ENSG00000155034	FBXL18	28.958	1.6271
3526	ENSG00000187672	ERC2	6.628	1.6268
3527	ENSG00000162959	MEMO1	40.547	1.6264
3528	ENSG00000258839	MC1R	7.412	1.6263
3529	ENSG00000000460	FIRRM	26.872	1.6259
3530	ENSG00000124788	ATXN1	15.839	1.6256
3531	ENSG00000134987	WDR36	24.082	1.625
3532	ENSG00000087495	PHACTR3	4.56	1.625
3533	ENSG00000127585	FBXL16	4.568	1.6248
3534	ENSG00000152558	TMEM123	101.963	1.6245
3535	ENSG00000157796	WDR19	12.351	1.6245
3536	ENSG00000145248	SLC10A4	2.208	1.6244
3537	ENSG00000166323	C11orf65	1.846	1.6244
3538	ENSG00000013619	MAMLD1	5.232	1.6243
3539	ENSG00000068784	SRBD1	18.33	1.624
3540	ENSG00000171940	ZNF217	11.853	1.6237
3541	ENSG00000175691	ZNF77	6.231	1.6235
3542	ENSG00000171056	SOX7	5.128	1.6234
3543	ENSG00000274847	MAFIP	15.894	1.6233
3544	ENSG00000121481	RNF2	40.33	1.6231
3545	ENSG00000112309	B3GAT2	5.084	1.6226
3546	ENSG00000114796	KLHL24	11.218	1.6222
3547	ENSG00000188785	ZNF548	6.737	1.6218
3548	ENSG00000107771	CCSER2	14.139	1.6218
3549	ENSG00000176209	SMIM19	41.567	1.6217
3550	ENSG00000171204	TMEM126B	100.162	1.6213
3551	ENSG00000006327	TNFRSF12A	35.813	1.6213
3552	ENSG00000140511	HAPLN3	8.9	1.6212
3553	ENSG00000213420	GPC2	3.65	1.621
3554	ENSG00000115290	GRB14	10.286	1.6207
3555	ENSG00000043093	DCUN1D1	16.65	1.6204
3556	ENSG00000112218	GPR63	7.538	1.6203
3557	ENSG00000170571	EMB	21.823	1.62
3558	ENSG00000169359	SLC33A1	24.796	1.6199
3559	ENSG00000072133	RPS6KA6	8.69	1.6195
3560	ENSG00000105204	DYRK1B	13.08	1.619
3561	ENSG00000102805	CLN5	44.279	1.6187
3562	ENSG00000134532	SOX5	3.966	1.6186
3563	ENSG00000118369	USP35	5.813	1.6185
3564	ENSG00000213471	TTLL13	2.072	1.6185
3565	ENSG00000185900	POMK	29.964	1.6181
3566	ENSG00000091409	ITGA6	11.209	1.6181
3567	ENSG00000148814	LRRC27	5.33	1.618
3568	ENSG00000138190	EXOC6	22.658	1.618
3569	ENSG00000140350	ANP32A	477.015	1.6179
3570	ENSG00000081026	MAGI3	37.074	1.6176
3571	ENSG00000173530	TNFRSF10D	8.41	1.6175
3572	ENSG00000163909	HEYL	5.407	1.6175
3573	ENSG00000171634	BPTF	176.748	1.6175
3574	ENSG00000104899	AMH	34.792	1.6173
3575	ENSG00000185567	AHNAK2	4.661	1.6171
3576	ENSG00000163743	RCHY1	48.975	1.617
3577	ENSG00000101935	AMMECR1	33.478	1.6165
3578	ENSG00000136021	SCYL2	22.545	1.6162
3579	ENSG00000120915	EPHX2	9.305	1.6162
3580	ENSG00000170340	B3GNT2	7.921	1.6162
3581	ENSG00000172046	USP19	54.573	1.6161
3582	ENSG00000115947	ORC4	47.819	1.6154
3583	ENSG00000162757	C1orf74	7.151	1.6153
3584	ENSG00000168056	LTBP3	18.233	1.6151
3585	ENSG00000164056	SPRY1	14.207	1.6151
3586	ENSG00000133243	BTBD2	66.973	1.6148
3587	ENSG00000110427	KIAA1549L	3.23	1.6143
3588	ENSG00000104332	SFRP1	2.855	1.6142
3589	ENSG00000131023	LATS1	30.255	1.614
3590	ENSG00000204604	ZNF468	7.049	1.6135
3591	ENSG00000116809	ZBTB17	21.153	1.6135
3592	ENSG00000206561	COLQ	3.617	1.6131
3593	ENSG00000205307	SAP25	1.657	1.6128
3594	ENSG00000186446	ZNF501	2.629	1.6127
3595	ENSG00000153339	TRAPPC8	33.631	1.6126
3596	ENSG00000148339	SLC25A25	22.409	1.6116
3597	ENSG00000149428	HYOU1	94.995	1.6115
3598	ENSG00000146233	CYP39A1	3.329	1.6111
3599	ENSG00000165185	KIAA1958	15.737	1.6108
3600	ENSG00000135338	LCA5	4.11	1.6106
3601	ENSG00000160161	CILP2	3.564	1.6105
3602	ENSG00000205572	SERF1B	141.531	1.6105
3603	ENSG00000154134	ROBO3	26.758	1.6103
3604	ENSG00000110429	FBXO3	35.835	1.61
3605	ENSG00000107581	EIF3A	621.412	1.61
3606	ENSG00000168350	DEGS2	1.74	1.6099
3607	ENSG00000119862	LGALSL	30.817	1.6095
3608	ENSG00000164323	CFAP97	33.662	1.6094
3609	ENSG00000103021	CFAP263	7.12	1.6092
3610	ENSG00000112394	SLC16A10	25.011	1.6092
3611	ENSG00000000003	TSPAN6	90.286	1.6089
3612	ENSG00000067715	SYT1	11.408	1.6086
3613	ENSG00000135638	EMX1	9.428	1.6084
3614	ENSG00000198626	RYR2	3.171	1.6082
3615	ENSG00000170921	TANC2	18.139	1.6081
3616	ENSG00000197961	ZNF121	31.298	1.6077
3617	ENSG00000213859	KCTD11	8.431	1.6075
3618	ENSG00000092850	TEKT2	1.812	1.6074
3619	ENSG00000175449	RFESD	4.617	1.6073
3620	ENSG00000163293	NIPAL1	4.833	1.607
3621	ENSG00000178700	DHFR2	6.431	1.6069
3622	ENSG00000277972	CISD3	153.757	1.6067
3623	ENSG00000214575	CPEB1	5.648	1.6066
3624	ENSG00000278817		32.857	1.6061
3625	ENSG00000130758	MAP3K10	13.626	1.6057
3626	ENSG00000131174	COX7B	342.716	1.6056
3627	ENSG00000187676	B3GLCT	8.889	1.6054
3628	ENSG00000162946	DISC1	6.599	1.6053
3629	ENSG00000289027		2.134	1.6053
3630	ENSG00000072840	EVC	6.324	1.6051
3631	ENSG00000165672	PRDX3	352.279	1.6048
3632	ENSG00000111254	AKAP3	2.159	1.6048
3633	ENSG00000099377	HSD3B7	2.644	1.6041
3634	ENSG00000159593	NAE1	129.353	1.604
3635	ENSG00000187866	PABIR1	23.126	1.6039
3636	ENSG00000182674	KCNB2	5.337	1.6038
3637	ENSG00000278662	GOLGA6L10	5.164	1.6029
3638	ENSG00000126882	FAM78A	5.126	1.6029
3639	ENSG00000147535	PLPP5	17.511	1.6027
3640	ENSG00000170837	GPR27	22.946	1.6026
3641	ENSG00000198246	SLC29A3	5.244	1.6023
3642	ENSG00000136824	SMC2	90.735	1.6021
3643	ENSG00000141577	CEP131	37.821	1.6021
3644	ENSG00000144118	RALB	27.197	1.6018
3645	ENSG00000103154	NECAB2	2.818	1.6018
3646	ENSG00000103269	RHBDL1	3.712	1.6014
3647	ENSG00000167600	CYP2S1	5.466	1.6013
3648	ENSG00000166037	CEP57	81.21	1.6009
3649	ENSG00000196876	SCN8A	3.453	1.6006
3650	ENSG00000177873	ZNF619	2.972	1.6003
3651	ENSG00000111186	WNT5B	5.3	1.5994
3652	ENSG00000121864	ZNF639	44.075	1.599
3653	ENSG00000040199	PHLPP2	9.799	1.5987
3654	ENSG00000156140	ADAMTS3	5.083	1.5986
3655	ENSG00000186230	ZNF749	19.379	1.5984
3656	ENSG00000170312	CDK1	103.425	1.5981
3657	ENSG00000113532	ST8SIA4	2.243	1.598
3658	ENSG00000196504	PRPF40A	400.286	1.598
3659	ENSG00000138785	INTS12	26.636	1.5979
3660	ENSG00000272822		1.759	1.5977
3661	ENSG00000137770	CTDSPL2	35.045	1.5977
3662	ENSG00000205730	ITPRIPL2	19.298	1.5973
3663	ENSG00000159714	ZDHHC1	6.068	1.5969
3664	ENSG00000182759	MAFA	2.583	1.5967
3665	ENSG00000168813	ZNF507	23.214	1.5959
3666	ENSG00000100150	DEPDC5	13.86	1.5957
3667	ENSG00000185924	RTN4RL1	2.688	1.5957
3668	ENSG00000143171	RXRG	2.036	1.5956
3669	ENSG00000215695	RSC1A1	1.801	1.5955
3670	ENSG00000188234	AGAP4	9.623	1.5953
3671	ENSG00000143479	DYRK3	23.928	1.595
3672	ENSG00000129255	MPDU1	102.311	1.5944
3673	ENSG00000198176	TFDP1	176.327	1.5944
3674	ENSG00000158560	DYNC1I1	2.446	1.5943
3675	ENSG00000125945	ZNF436	3.362	1.5934
3676	ENSG00000184221	OLIG1	2.163	1.5934
3677	ENSG00000185340	GAS2L1	5.979	1.5933
3678	ENSG00000105928	GSDME	5.083	1.5933
3679	ENSG00000186280	KDM4D	8.055	1.5932
3680	ENSG00000180611	MB21D2	5.915	1.5932
3681	ENSG00000147889	CDKN2A	725.813	1.5931
3682	ENSG00000165300	SLITRK5	27.039	1.593
3683	ENSG00000187790	FANCM	20.497	1.5929
3684	ENSG00000085788	DDHD2	36.259	1.5928
3685	ENSG00000101417	PXMP4	10.155	1.5927
3686	ENSG00000106772	PRUNE2	3.009	1.5924
3687	ENSG00000184378	ACTRT3	1.955	1.5922
3688	ENSG00000112293	GPLD1	4.833	1.5916
3689	ENSG00000168944	CEP120	10.091	1.5913
3690	ENSG00000010310	GIPR	1.856	1.5912
3691	ENSG00000115841	RMDN2	2.432	1.5909
3692	ENSG00000171943	SRGAP2C	33.052	1.5909
3693	ENSG00000118965	WDR35	10.36	1.5909
3694	ENSG00000174951	FUT1	1.94	1.5909
3695	ENSG00000061455	PRDM6	15.143	1.5906
3696	ENSG00000116285	ERRFI1	12.364	1.5902
3697	ENSG00000163412	EIF4E3	17.192	1.5901
3698	ENSG00000156463	SH3RF2	2.135	1.5897
3699	ENSG00000277462	ZNF670	2.109	1.5896
3700	ENSG00000127528	KLF2	2.302	1.5893
3701	ENSG00000070367	EXOC5	51.718	1.5892
3702	ENSG00000111012	CYP27B1	4.904	1.5889
3703	ENSG00000123094	RASSF8	19.012	1.5889
3704	ENSG00000005175	RPAP3	55.297	1.5888
3705	ENSG00000097096	SYDE2	11.923	1.5887
3706	ENSG00000167216	KATNAL2	3.307	1.5884
3707	ENSG00000103723	AP3B2	4.773	1.5879
3708	ENSG00000147687	TATDN1	37.723	1.5877
3709	ENSG00000162302	RPS6KA4	18.759	1.5876
3710	ENSG00000196208	GREB1	10.44	1.5876
3711	ENSG00000130720	FIBCD1	1.769	1.5874
3712	ENSG00000066923	STAG3	2.232	1.5872
3713	ENSG00000139977	NAA30	20.091	1.5872
3714	ENSG00000139517	LNX2	10.527	1.587
3715	ENSG00000182141	ZNF708	11.297	1.587
3716	ENSG00000197948	FCHSD1	6.351	1.587
3717	ENSG00000144488	ESPNL	6.351	1.5868
3718	ENSG00000143614	GATAD2B	43.636	1.5868
3719	ENSG00000196449	YRDC	75.913	1.5864
3720	ENSG00000181472	ZBTB2	19.988	1.5863
3721	ENSG00000164151	ICE1	49.75	1.5863
3722	ENSG00000154957	ZNF18	6.08	1.5863
3723	ENSG00000106052	TAX1BP1	129.589	1.5863
3724	ENSG00000106524	ANKMY2	11.96	1.5861
3725	ENSG00000163508	EOMES	4.472	1.586
3726	ENSG00000179071	CCDC89	3.02	1.5856
3727	ENSG00000131398	KCNC3	2.921	1.5853
3728	ENSG00000102871	TRADD	16.35	1.5849
3729	ENSG00000051128	HOMER3	14.678	1.5846
3730	ENSG00000166278	C2	2.274	1.5839
3731	ENSG00000119787	ATL2	48.8	1.5838
3732	ENSG00000164038	SLC9B2	18.553	1.5838
3733	ENSG00000141519	CCDC40	5.254	1.5838
3734	ENSG00000196793	ZNF239	12.494	1.5836
3735	ENSG00000118961	LDAH	13.624	1.5833
3736	ENSG00000235194	PPP1R3E	18.125	1.5832
3737	ENSG00000139946	PELI2	9.932	1.583
3738	ENSG00000023892	DEF6	9.285	1.5826
3739	ENSG00000188559	RALGAPA2	22.219	1.5826
3740	ENSG00000161647	MPP3	12.379	1.5821
3741	ENSG00000197857	ZNF44	5.846	1.5818
3742	ENSG00000151136	ABTB3	7.202	1.5818
3743	ENSG00000089091	DZANK1	4.678	1.5817
3744	ENSG00000080644	CHRNA3	4.432	1.5816
3745	ENSG00000111647	BLTP3B	14.769	1.5816
3746	ENSG00000184937	WT1	7.241	1.5811
3747	ENSG00000185565	LSAMP	2.591	1.5808
3748	ENSG00000164930	FZD6	10.942	1.5807
3749	ENSG00000116962	NID1	47.213	1.5802
3750	ENSG00000256514		1.608	1.5801
3751	ENSG00000118523	CCN2	2.263	1.58
3752	ENSG00000085832	EPS15	21.555	1.5799
3753	ENSG00000136826	KLF4	4.115	1.5795
3754	ENSG00000116752	BCAS2	109.031	1.5794
3755	ENSG00000078549	ADCYAP1R1	4.015	1.5793
3756	ENSG00000186919	ZACN	1.948	1.579
3757	ENSG00000204428	LY6G5C	1.859	1.5787
3758	ENSG00000084444	FAM234B	8.375	1.5786
3759	ENSG00000213780	GTF2H4	29.558	1.5786
3760	ENSG00000133119	RFC3	75.585	1.5785
3761	ENSG00000075426	FOSL2	4.568	1.5783
3762	ENSG00000216490	IFI30	39.397	1.5777
3763	ENSG00000113838	TBCCD1	12.956	1.5775
3764	ENSG00000274600	RIMBP3B	3.033	1.5772
3765	ENSG00000072422	RHOBTB1	7.307	1.5768
3766	ENSG00000040608	RTN4R	10.446	1.5767
3767	ENSG00000143674	MAP3K21	51.302	1.5767
3768	ENSG00000250067	YJEFN3	11.213	1.5766
3769	ENSG00000131650	KREMEN2	3.52	1.5765
3770	ENSG00000102109	PCSK1N	97.338	1.5765
3771	ENSG00000105376	ICAM5	4.555	1.5761
3772	ENSG00000105792	CFAP69	2.005	1.576
3773	ENSG00000268043	NBPF12	18.771	1.5758
3774	ENSG00000277758	SYT15B	2.182	1.5757
3775	ENSG00000107833	NPM3	282.488	1.5756
3776	ENSG00000133195	SLC39A11	12.128	1.5751
3777	ENSG00000133687	TMTC1	8.036	1.5747
3778	ENSG00000149054	ZNF215	11.434	1.5746
3779	ENSG00000142875	PRKACB	14.458	1.5745
3780	ENSG00000138442	WDR12	69.465	1.5743
3781	ENSG00000105642	KCNN1	3.179	1.5743
3782	ENSG00000236444	UBE2L5	1.909	1.5743
3783	ENSG00000147454	SLC25A37	53.615	1.5735
3784	ENSG00000128242	GAL3ST1	2.017	1.5734
3785	ENSG00000090432	MUL1	28.198	1.5732
3786	ENSG00000176438	SYNE3	4.017	1.5729
3787	ENSG00000188092	GPR89B	12.862	1.5725
3788	ENSG00000198718	TOGARAM1	7.899	1.5723
3789	ENSG00000181019	NQO1	9.808	1.5716
3790	ENSG00000125775	SDCBP2	2.793	1.5714
3791	ENSG00000163320	CGGBP1	78.356	1.5714
3792	ENSG00000133083	DCLK1	2.629	1.5713
3793	ENSG00000128016	ZFP36	1.801	1.5712
3794	ENSG00000106852	LHX6	7.158	1.571
3795	ENSG00000167004	PDIA3	201.859	1.5706
3796	ENSG00000234284	ZNF879	2.881	1.5703
3797	ENSG00000256294	ZNF225	2.523	1.5696
3798	ENSG00000111880	RNGTT	18.479	1.5696
3799	ENSG00000140859	KIFC3	10.666	1.5695
3800	ENSG00000123607	TTC21B	13.761	1.5694
3801	ENSG00000100218	RSPH14	1.82	1.5693
3802	ENSG00000177426	TGIF1	12.095	1.5692
3803	ENSG00000127870	RNF6	18.823	1.5691
3804	ENSG00000166147	FBN1	5.749	1.5691
3805	ENSG00000118514	ALDH8A1	1.916	1.5689
3806	ENSG00000185278	ZBTB37	8.365	1.5688
3807	ENSG00000100604	CHGA	2.165	1.5686
3808	ENSG00000136883	KIF12	1.789	1.5686
3809	ENSG00000076826	CAMSAP3	16.024	1.5683
3810	ENSG00000205744	DENND1C	2.36	1.5678
3811	ENSG00000067113	PLPP1	9.718	1.5676
3812	ENSG00000156232	WHAMM	22.192	1.5675
3813	ENSG00000104549	SQLE	193.449	1.5674
3814	ENSG00000131845	ZNF304	5.763	1.5671
3815	ENSG00000105808	RASA4	2.744	1.5669
3816	ENSG00000163617	CCDC191	3.045	1.5667
3817	ENSG00000106236	NPTX2	7.461	1.5666
3818	ENSG00000135535	CD164	93.777	1.5665
3819	ENSG00000012822	CALCOCO1	12.981	1.566
3820	ENSG00000174721	FGFBP3	5.77	1.5657
3821	ENSG00000164713	BRI3	228.218	1.5654
3822	ENSG00000103241	FOXF1	7.813	1.5654
3823	ENSG00000145723	GIN1	4.846	1.565
3824	ENSG00000140470	ADAMTS17	5.879	1.5646
3825	ENSG00000152952	PLOD2	36.155	1.5646
3826	ENSG00000275221	H2AC15	1.931	1.5639
3827	ENSG00000107643	MAPK8	23.53	1.5639
3828	ENSG00000121903	ZSCAN20	7.075	1.5638
3829	ENSG00000156453	PCDH1	2.444	1.5637
3830	ENSG00000143442	POGZ	63.284	1.5636
3831	ENSG00000198908	GPRASP3	13.396	1.5634
3832	ENSG00000121988	ZRANB3	12.83	1.5632
3833	ENSG00000173338	KCNK7	1.733	1.5629
3834	ENSG00000167182	SP2	24.668	1.5622
3835	ENSG00000085491	SLC25A24	37.17	1.5622
3836	ENSG00000173868	PHOSPHO1	2.105	1.5621
3837	ENSG00000198380	GFPT1	27.599	1.5613
3838	ENSG00000204634	TBC1D8	7.562	1.5611
3839	ENSG00000083290	ULK2	8.929	1.5609
3840	ENSG00000107186	MPDZ	22.426	1.5604
3841	ENSG00000134184	GSTM1	3.051	1.5601
3842	ENSG00000213123	DYNLT2B	33.979	1.5599
3843	ENSG00000075826	SEC31B	6.125	1.559
3844	ENSG00000027697	IFNGR1	35.504	1.5588
3845	ENSG00000159905	ZNF221	2.102	1.5587
3846	ENSG00000167632	TRAPPC9	9.644	1.5583
3847	ENSG00000136378	ADAMTS7	2.307	1.5582
3848	ENSG00000148154	UGCG	12.064	1.558
3849	ENSG00000169136	ATF5	38.81	1.5579
3850	ENSG00000135951	TSGA10	13.908	1.5577
3851	ENSG00000186260	MRTFB	11.048	1.5576
3852	ENSG00000197903	H2BC12	189.289	1.5575
3853	ENSG00000163513	TGFBR2	5.571	1.5573
3854	ENSG00000176386	CDC26	49.274	1.5567
3855	ENSG00000127252	PLAAT1	15.201	1.5565
3856	ENSG00000139160	ETFBKMT	2.529	1.5563
3857	ENSG00000158406	H4C8	2.218	1.5561
3858	ENSG00000139597	N4BP2L1	1.892	1.5559
3859	ENSG00000145685	LHFPL2	10.061	1.5557
3860	ENSG00000074266	EED	38.495	1.5552
3861	ENSG00000165113	GKAP1	18.477	1.5551
3862	ENSG00000126804	ZBTB1	11.87	1.555
3863	ENSG00000188613	NANOS1	9.708	1.5549
3864	ENSG00000184838	PRR16	2.24	1.5548
3865	ENSG00000047346	ATOSA	5.414	1.5546
3866	ENSG00000185015	CA13	3.433	1.5545
3867	ENSG00000131115	ZNF227	10.771	1.5545
3868	ENSG00000188522	FAM83G	10.695	1.5544
3869	ENSG00000212123	PRR22	11.434	1.5543
3870	ENSG00000124198	ARFGEF2	22.008	1.5543
3871	ENSG00000155330	C16orf87	28.432	1.5542
3872	ENSG00000136492	BRIP1	24.357	1.5542
3873	ENSG00000104228	TRIM35	8.914	1.5541
3874	ENSG00000131931	THAP1	11.754	1.554
3875	ENSG00000176387	HSD11B2	2.115	1.554
3876	ENSG00000169122	FAM110B	9.529	1.554
3877	ENSG00000087903	RFX2	13.148	1.5539
3878	ENSG00000173517	PEAK1	20.721	1.5534
3879	ENSG00000152433	ZNF547	1.796	1.5531
3880	ENSG00000172830	SSH3	11.189	1.553
3881	ENSG00000112208	BAG2	31.3	1.5529
3882	ENSG00000151617	EDNRA	2.374	1.5521
3883	ENSG00000257524		23.011	1.5521
3884	ENSG00000165449	SLC16A9	3.368	1.5521
3885	ENSG00000198934	MAGEE1	3.366	1.5518
3886	ENSG00000183208	GDPGP1	8.905	1.5517
3887	ENSG00000164841	TMEM74	3.481	1.5517
3888	ENSG00000171763	AFG2B	11.49	1.5513
3889	ENSG00000271254		35.853	1.5511
3890	ENSG00000092036	HAUS4	33.119	1.5506
3891	ENSG00000130224	LRCH2	15.379	1.5503
3892	ENSG00000100104	SRRD	52.332	1.5503
3893	ENSG00000178295	GEN1	17.418	1.5502
3894	ENSG00000164107	HAND2	3.441	1.5497
3895	ENSG00000185973	TMLHE	26.426	1.5494
3896	ENSG00000197782	ZNF780A	15.254	1.5491
3897	ENSG00000204382	XAGE1B	2.085	1.5489
3898	ENSG00000146197	SCUBE3	2.143	1.5485
3899	ENSG00000164877	MICALL2	2.925	1.5485
3900	ENSG00000075568	TMEM131	36.751	1.5484
3901	ENSG00000108559	NUP88	102.509	1.5483
3902	ENSG00000116005	PCYOX1	44.947	1.5475
3903	ENSG00000131375	CAPN7	34.32	1.5474
3904	ENSG00000185436	IFNLR1	5.492	1.5473
3905	ENSG00000106701	FSD1L	4.314	1.5471
3906	ENSG00000182612	TSPAN10	7.873	1.5467
3907	ENSG00000136810	TXN	904.314	1.5466
3908	ENSG00000108924	HLF	2.967	1.5464
3909	ENSG00000141428	C18orf21	91.637	1.5462
3910	ENSG00000110367	DDX6	63.412	1.5461
3911	ENSG00000129159	KCNC1	5.717	1.546
3912	ENSG00000110888	CAPRIN2	13.805	1.5455
3913	ENSG00000100578	KIAA0586	30.301	1.5452
3914	ENSG00000184786	DYNLT2	2.543	1.5449
3915	ENSG00000138835	RGS3	2.969	1.5445
3916	ENSG00000241058	NSUN6	10.789	1.5445
3917	ENSG00000171681	ATF7IP	38.432	1.5443
3918	ENSG00000170745	KCNS3	2.22	1.5442
3919	ENSG00000155858	LSM11	15.749	1.5441
3920	ENSG00000121486	TRMT1L	23.732	1.544
3921	ENSG00000187210	GCNT1	5.079	1.5439
3922	ENSG00000162402	USP24	49.299	1.5439
3923	ENSG00000104853	CLPTM1	76.583	1.5439
3924	ENSG00000167325	RRM1	163.623	1.5438
3925	ENSG00000143324	XPR1	18.795	1.5435
3926	ENSG00000101489	CELF4	3.498	1.5434
3927	ENSG00000132463	GRSF1	124.826	1.5427
3928	ENSG00000175084	DES	1.673	1.5426
3929	ENSG00000144036	EXOC6B	22.383	1.5425
3930	ENSG00000232593	KANTR	11.726	1.5425
3931	ENSG00000182405	PGBD4	3.215	1.5421
3932	ENSG00000188042	ARL4C	39.249	1.5421
3933	ENSG00000136143	SUCLA2	55.071	1.5421
3934	ENSG00000011275	RNF216	91.663	1.5419
3935	ENSG00000099864	PALM	36.411	1.5418
3936	ENSG00000160446	ZDHHC12	79.903	1.5415
3937	ENSG00000079335	CDC14A	6.459	1.5415
3938	ENSG00000180340	FZD2	14.435	1.5414
3939	ENSG00000204516	MICB	3.791	1.5412
3940	ENSG00000173083	HPSE	3.403	1.541
3941	ENSG00000274750	H3C6	2.652	1.5409
3942	ENSG00000284691		2.659	1.5407
3943	ENSG00000149922	TBX6	2.345	1.5405
3944	ENSG00000140575	IQGAP1	70.553	1.5402
3945	ENSG00000162522	NHSL3	30.472	1.5402
3946	ENSG00000181856	SLC2A4	3.405	1.5401
3947	ENSG00000242110	AMACR	8.51	1.5399
3948	ENSG00000124275	MTRR	27.924	1.5396
3949	ENSG00000129493	HEATR5A	25.351	1.5394
3950	ENSG00000173486	FKBP2	401.037	1.5393
3951	ENSG00000161298	ZNF382	6.169	1.5392
3952	ENSG00000126106	TMEM53	14.136	1.5391
3953	ENSG00000172270	BSG	649.964	1.5386
3954	ENSG00000169220	RGS14	25.666	1.5386
3955	ENSG00000096433	ITPR3	12.198	1.5386
3956	ENSG00000090674	MCOLN1	30.896	1.5385
3957	ENSG00000096872	IFT74	24.228	1.5384
3958	ENSG00000124613	ZNF391	6.943	1.5384
3959	ENSG00000100580	TMED8	31.592	1.5383
3960	ENSG00000110076	NRXN2	2.164	1.5383
3961	ENSG00000138411	HECW2	2.932	1.5383
3962	ENSG00000154721	JAM2	2.572	1.5382
3963	ENSG00000180089	TMEM86B	1.952	1.538
3964	ENSG00000163728	TTC14	32.179	1.5376
3965	ENSG00000181790	ADGRB1	2.605	1.5373
3966	ENSG00000197363	ZNF517	3.325	1.5372
3967	ENSG00000147202	DIAPH2	20.278	1.5372
3968	ENSG00000140968	IRF8	3.205	1.5365
3969	ENSG00000119946	CNNM1	8.416	1.5363
3970	ENSG00000196628	TCF4	49.34	1.5362
3971	ENSG00000097033	SH3GLB1	77.656	1.5358
3972	ENSG00000090539	CHRD	2.09	1.5355
3973	ENSG00000138398	PPIG	212.707	1.5351
3974	ENSG00000269343	ZNF587B	10.138	1.5348
3975	ENSG00000185437	SH3BGR	11.193	1.5347
3976	ENSG00000173227	SYT12	2.002	1.5344
3977	ENSG00000189079	ARID2	26.595	1.5344
3978	ENSG00000162434	JAK1	64.697	1.5344
3979	ENSG00000139880	CDH24	4.64	1.5338
3980	ENSG00000283515		1.948	1.5336
3981	ENSG00000175595	ERCC4	32.752	1.5332
3982	ENSG00000090447	TFAP4	28.281	1.5331
3983	ENSG00000070669	ASNS	137.005	1.5331
3984	ENSG00000174032	SLC25A30	15.032	1.533
3985	ENSG00000144357	UBR3	16.368	1.533
3986	ENSG00000181915	ADO	32.238	1.5329
3987	ENSG00000168564	CDKN2AIP	13.066	1.5328
3988	ENSG00000112137	PHACTR1	2.894	1.5324
3989	ENSG00000167468	GPX4	1279.358	1.5322
3990	ENSG00000172020	GAP43	7.961	1.532
3991	ENSG00000102230	PCYT1B	2.388	1.5318
3992	ENSG00000133138	TBC1D8B	5.711	1.5318
3993	ENSG00000170915	PAQR8	7.23	1.5316
3994	ENSG00000178177	LCORL	21.035	1.5316
3995	ENSG00000141965	FEM1A	66.387	1.5315
3996	ENSG00000185246	PRPF39	31.388	1.5313
3997	ENSG00000164542	MATCAP2	15.597	1.5313
3998	ENSG00000164403	SHROOM1	13.376	1.531
3999	ENSG00000166747	AP1G1	48.255	1.5306
4000	ENSG00000175175	PPM1E	9.367	1.5306
4001	ENSG00000153976	HS3ST3A1	33.22	1.53
4002	ENSG00000186998	EMID1	5.433	1.53
4003	ENSG00000115363	EVA1A	1.769	1.529
4004	ENSG00000185513	L3MBTL1	11.525	1.5289
4005	ENSG00000047634	SCML1	94.879	1.5288
4006	ENSG00000182749	PAQR7	6.653	1.5285
4007	ENSG00000288710		1.69	1.5284
4008	ENSG00000198892	SHISA4	1.814	1.5276
4009	ENSG00000109670	FBXW7	25.31	1.5276
4010	ENSG00000058799	YIPF1	18.519	1.5274
4011	ENSG00000196357	ZNF565	2.188	1.5273
4012	ENSG00000186469	GNG2	2.141	1.5271
4013	ENSG00000165434	PGM2L1	10.557	1.5268
4014	ENSG00000159176	CSRP1	1.798	1.5268
4015	ENSG00000110944	IL23A	1.72	1.5264
4016	ENSG00000107779	BMPR1A	16.366	1.5262
4017	ENSG00000082497	SERTAD4	14.124	1.526
4018	ENSG00000179476	C14orf28	4.303	1.5253
4019	ENSG00000154429	CCSAP	30.216	1.5251
4020	ENSG00000124151	NCOA3	12.469	1.5248
4021	ENSG00000086848	ALG9	20.794	1.5247
4022	ENSG00000249853	HS3ST5	1.915	1.5242
4023	ENSG00000147654	EBAG9	26.183	1.5241
4024	ENSG00000138614	INTS14	86.723	1.524
4025	ENSG00000147592	LACTB2	37.394	1.5239
4026	ENSG00000164620	RELL2	16.405	1.5237
4027	ENSG00000090889	KIF4A	85.217	1.5235
4028	ENSG00000139343	SNRPF	735.276	1.5235
4029	ENSG00000177984	LCN15	1.761	1.5234
4030	ENSG00000155621	C9orf85	26.644	1.5234
4031	ENSG00000134996	OSTF1	24.816	1.5233
4032	ENSG00000164659	ELAPOR2	11.223	1.5233
4033	ENSG00000085063	CD59	78.489	1.5232
4034	ENSG00000113597	TRAPPC13	21.51	1.5232
4035	ENSG00000158411	MITD1	39.318	1.523
4036	ENSG00000108370	RGS9	19.976	1.5227
4037	ENSG00000138642	HERC6	4.685	1.5226
4038	ENSG00000113916	BCL6	3.435	1.5226
4039	ENSG00000197472	ZNF695	13.096	1.5226
4040	ENSG00000131732	ZCCHC9	45.076	1.5224
4041	ENSG00000232040	SCAND3	3.823	1.522
4042	ENSG00000167371	PRRT2	3.451	1.522
4043	ENSG00000178919	FOXE1	2.212	1.5219
4044	ENSG00000071626	DAZAP1	267.195	1.5219
4045	ENSG00000104881	PPP1R13L	13.496	1.5218
4046	ENSG00000133710	SPINK5	2.077	1.5217
4047	ENSG00000160284	SPATC1L	45.426	1.5214
4048	ENSG00000133740	E2F5	32.024	1.5213
4049	ENSG00000176454	LPCAT4	14.985	1.5209
4050	ENSG00000113448	PDE4D	5.406	1.5207
4051	ENSG00000168890	TMEM150A	11.593	1.5204
4052	ENSG00000257767		1.669	1.52
4053	ENSG00000162607	USP1	216.22	1.5197
4054	ENSG00000005189	REXO5	14.46	1.5193
4055	ENSG00000065413	ANKRD44	4.265	1.5189
4056	ENSG00000166046	TCP11L2	2.495	1.5189
4057	ENSG00000138640	FAM13A	27.235	1.5189
4058	ENSG00000170122	FOXD4	2.316	1.5188
4059	ENSG00000165804	ZNF219	19.322	1.5184
4060	ENSG00000150672	DLG2	2.173	1.5184
4061	ENSG00000148053	NTRK2	2.039	1.5182
4062	ENSG00000182986	ZNF320	8.343	1.5176
4063	ENSG00000206077	ZDHHC11B	4.281	1.5176
4064	ENSG00000187091	PLCD1	4.945	1.5174
4065	ENSG00000131400	NAPSA	1.935	1.5171
4066	ENSG00000236609	ZNF853	10.239	1.5169
4067	ENSG00000165959	CLMN	10.62	1.5169
4068	ENSG00000106526	ACTR3C	1.748	1.5168
4069	ENSG00000055917	PUM2	35.096	1.5164
4070	ENSG00000123384	LRP1	7.835	1.5161
4071	ENSG00000130313	PGLS	158.715	1.516
4072	ENSG00000100031	GGT1	2.168	1.5159
4073	ENSG00000080546	SESN1	15.444	1.5153
4074	ENSG00000198843	SELENOT	73.222	1.5148
4075	ENSG00000011485	PPP5C	165.238	1.5147
4076	ENSG00000107201	RIGI	2.196	1.5142
4077	ENSG00000115750	TAF1B	34.668	1.5141
4078	ENSG00000235272	RAMACL	3.805	1.5141
4079	ENSG00000178966	RMI1	9.614	1.514
4080	ENSG00000248483	POU5F2	1.591	1.5138
4081	ENSG00000107018	RLN1	1.669	1.5133
4082	ENSG00000196268	ZNF493	5.782	1.513
4083	ENSG00000274808	TBC1D3B	1.698	1.5129
4084	ENSG00000186496	ZNF396	2.451	1.5129
4085	ENSG00000154928	EPHB1	2.091	1.5127
4086	ENSG00000142920	AZIN2	8.074	1.5127
4087	ENSG00000197713	RPE	48.498	1.5126
4088	ENSG00000172932	ANKRD13D	35.396	1.5123
4089	ENSG00000173157	ADAMTS20	2.095	1.5122
4090	ENSG00000138449	SLC40A1	3.036	1.5121
4091	ENSG00000124789	NUP153	53.128	1.512
4092	ENSG00000007516	BAIAP3	2.471	1.5119
4093	ENSG00000035664	DAPK2	2.037	1.5117
4094	ENSG00000111674	ENO2	16.944	1.5115
4095	ENSG00000075651	PLD1	4.505	1.5111
4096	ENSG00000075292	ZNF638	88.094	1.5109
4097	ENSG00000230707	HAPSTR2	2.037	1.5107
4098	ENSG00000124767	GLO1	403.728	1.5105
4099	ENSG00000112964	GHR	3.242	1.5102
4100	ENSG00000053254	FOXN3	43.582	1.5098
4101	ENSG00000109654	TRIM2	27.746	1.5095
4102	ENSG00000163251	FZD5	9.614	1.5094
4103	ENSG00000115380	EFEMP1	3.574	1.5094
4104	ENSG00000198440	ZNF583	5.342	1.5093
4105	ENSG00000102710	SUPT20H	50.322	1.5091
4106	ENSG00000285815	GET1-SH3BGR	1.597	1.5084
4107	ENSG00000101546	RBFA	48.529	1.5079
4108	ENSG00000028277	POU2F2	3.379	1.5077
4109	ENSG00000184828	ZBTB7C	2.651	1.5076
4110	ENSG00000168904	LRRC28	25.303	1.5072
4111	ENSG00000081665	ZNF506	2.584	1.5072
4112	ENSG00000168394	TAP1	13.646	1.507
4113	ENSG00000125611	CHCHD5	77.599	1.5068
4114	ENSG00000144331	ZNF385B	4.865	1.5067
4115	ENSG00000142686	C1orf216	7.904	1.5065
4116	ENSG00000177706	FAM20C	6.596	1.5064
4117	ENSG00000142197	DOP1B	7.73	1.5064
4118	ENSG00000146966	DENND2A	3.565	1.5056
4119	ENSG00000125458	NT5C	224.965	1.5053
4120	ENSG00000165617	DACT1	5.573	1.5052
4121	ENSG00000128829	EIF2AK4	76.148	1.5049
4122	ENSG00000146072	TNFRSF21	7.565	1.5048
4123	ENSG00000254726	MEX3A	33.805	1.5046
4124	ENSG00000213762	ZNF134	12.136	1.504
4125	ENSG00000185614	INKA1	1.632	1.504
4126	ENSG00000138036	DYNC2LI1	24.723	1.5039
4127	ENSG00000109756	RAPGEF2	16.479	1.5039
4128	ENSG00000152495	CAMK4	12.275	1.5036
4129	ENSG00000180776	ZDHHC20	26.97	1.5033
4130	ENSG00000134248	LAMTOR5	310.691	1.5032
4131	ENSG00000182117	NOP10	288.422	1.5028
4132	ENSG00000162408	NOL9	56.632	1.5025
4133	ENSG00000140740	UQCRC2	234.11	1.5021
4134	ENSG00000009954	BAZ1B	246.414	1.5021
4135	ENSG00000090097	PCBP4	13.758	1.502
4136	ENSG00000168301	KCTD6	18.302	1.5017
4137	ENSG00000060982	BCAT1	59.912	1.5016
4138	ENSG00000167103	PIP5KL1	2.149	1.5016
4139	ENSG00000225828	FAM229A	10.273	1.5014
4140	ENSG00000137601	NEK1	27.91	1.5011
4141	ENSG00000176473	WDR25	14.291	1.501
4142	ENSG00000138764	CCNG2	12.928	1.5009
4143	ENSG00000109805	NCAPG	77.662	1.5008
4144	ENSG00000036257	CUL3	70.449	1.5006
4145	ENSG00000119138	KLF9	21.407	1.5006
4146	ENSG00000164050	PLXNB1	4.149	1.5002
4147	ENSG00000100359	SGSM3	82.485	1.5002
4148	ENSG00000164438	TLX3	1.819	1.5002
4149	ENSG00000092208	GEMIN2	47.91	1.5001
4150	ENSG00000182325	FBXL6	21.989	1.4999
4151	ENSG00000137714	FDX1	64.622	1.4998
4152	ENSG00000124207	CSE1L	266.379	1.4995
4153	ENSG00000069869	NEDD4	7.126	1.4994
4154	ENSG00000100744	GSKIP	19.95	1.4992
4155	ENSG00000123836	PFKFB2	9.123	1.4987
4156	ENSG00000131061	ZNF341	6.471	1.4986
4157	ENSG00000158050	DUSP2	4.277	1.4983
4158	ENSG00000118482	PHF3	62.171	1.4981
4159	ENSG00000241399	CD302	14.136	1.498
4160	ENSG00000196453	ZNF777	30.164	1.4979
4161	ENSG00000131759	RARA	18.14	1.4964
4162	ENSG00000158161	EYA3	39.095	1.4962
4163	ENSG00000174405	LIG4	4.375	1.4961
4164	ENSG00000206527	HACD2	24.745	1.4956
4165	ENSG00000197312	DDI2	41.175	1.4954
4166	ENSG00000196152	ZNF79	7.04	1.4953
4167	ENSG00000077232	DNAJC10	43.603	1.495
4168	ENSG00000075407	ZNF37A	32.253	1.4948
4169	ENSG00000240065	PSMB9	1.644	1.4947
4170	ENSG00000145494	NDUFS6	681.344	1.4944
4171	ENSG00000178096	BOLA1	51.782	1.4942
4172	ENSG00000151445	VIPAS39	11.66	1.4942
4173	ENSG00000123091	RNF11	40.577	1.4941
4174	ENSG00000161267	BDH1	5.39	1.4938
4175	ENSG00000288602	C8orf44-SGK3	1.667	1.4937
4176	ENSG00000162885	B3GALNT2	48.011	1.4936
4177	ENSG00000032742	IFT88	7.107	1.4936
4178	ENSG00000128590	DNAJB9	11.531	1.4935
4179	ENSG00000172167	MTBP	10.988	1.4933
4180	ENSG00000198646	NCOA6	44.178	1.4933
4181	ENSG00000100591	AHSA1	485.459	1.493
4182	ENSG00000122958	VPS26A	66.196	1.4929
4183	ENSG00000175727	MLXIP	88.489	1.4927
4184	ENSG00000241404	EGFL8	15.504	1.4927
4185	ENSG00000185022	MAFF	5.942	1.4926
4186	ENSG00000170365	SMAD1	24.566	1.4925
4187	ENSG00000163947	ARHGEF3	8.423	1.4922
4188	ENSG00000155792	DEPTOR	3.638	1.492
4189	ENSG00000163840	DTX3L	2.865	1.492
4190	ENSG00000181408	UTS2R	5.631	1.4919
4191	ENSG00000068912	ERLEC1	83.68	1.4916
4192	ENSG00000149328	GLB1L2	19.837	1.4914
4193	ENSG00000163017	ACTG2	1.659	1.4913
4194	ENSG00000241106	HLA-DOB	2.138	1.4911
4195	ENSG00000105325	FZR1	37.311	1.4911
4196	ENSG00000196586	MYO6	47.124	1.4908
4197	ENSG00000179841	AKAP5	5.985	1.4904
4198	ENSG00000012171	SEMA3B	2.144	1.49
4199	ENSG00000196376	SLC35F1	16.254	1.4898
4200	ENSG00000172878	METAP1D	11.145	1.4897
4201	ENSG00000172936	MYD88	3.226	1.4897
4202	ENSG00000130669	PAK4	49.584	1.4895
4203	ENSG00000137496	IL18BP	3.115	1.4895
4204	ENSG00000131653	TRAF7	61.289	1.4894
4205	ENSG00000179104	TMTC2	3.436	1.4892
4206	ENSG00000134548	SPX	3.362	1.489
4207	ENSG00000265817	FSBP	3.114	1.489
4208	ENSG00000112339	HBS1L	119.562	1.489
4209	ENSG00000166750	SLFN5	2.372	1.4888
4210	ENSG00000113966	ARL6	10.287	1.4885
4211	ENSG00000164603	BMT2	5.842	1.4885
4212	ENSG00000116885	OSCP1	11.208	1.4884
4213	ENSG00000168743	NPNT	1.872	1.4884
4214	ENSG00000132819	RBM38	62.465	1.4882
4215	ENSG00000078687	TNRC6C	28.139	1.4876
4216	ENSG00000175536	LIPT2	18.214	1.4875
4217	ENSG00000162337	LRP5	18.856	1.4874
4218	ENSG00000165983	PTER	13.362	1.487
4219	ENSG00000144369	FAM171B	7.486	1.4866
4220	ENSG00000168781	PPIP5K1	8.467	1.4864
4221	ENSG00000074054	CLASP1	31.264	1.4864
4222	ENSG00000095015	MAP3K1	8.211	1.4863
4223	ENSG00000134313	KIDINS220	49.705	1.4862
4224	ENSG00000131409	LRRC4B	3.184	1.4856
4225	ENSG00000162882	HAAO	1.752	1.4853
4226	ENSG00000104892	KLC3	17.234	1.4841
4227	ENSG00000161835	TAMALIN	3.789	1.4841
4228	ENSG00000167377	ZNF23	8.507	1.4839
4229	ENSG00000182324	KCNJ14	2.411	1.4838
4230	ENSG00000130513	GDF15	1.622	1.4838
4231	ENSG00000135362	PRR5L	2.267	1.4835
4232	ENSG00000140374	ETFA	244.364	1.4835
4233	ENSG00000116120	FARSB	54.83	1.4832
4234	ENSG00000141086	CTRL	1.643	1.4831
4235	ENSG00000168300	PCMTD1	10.816	1.4831
4236	ENSG00000290183		1.487	1.4825
4237	ENSG00000078142	PIK3C3	20.364	1.4825
4238	ENSG00000196368	NUDT11	30.151	1.4825
4239	ENSG00000110841	PPFIBP1	25.386	1.482
4240	ENSG00000132485	ZRANB2	218.114	1.4819
4241	ENSG00000120925	RNF170	14.301	1.4818
4242	ENSG00000197971	MBP	3.102	1.4817
4243	ENSG00000149292	TTC12	17.282	1.4815
4244	ENSG00000069424	KCNAB2	7.561	1.4813
4245	ENSG00000055147	FAM114A2	31.757	1.4813
4246	ENSG00000168077	SCARA3	4.843	1.481
4247	ENSG00000179855	GIPC3	4.629	1.4808
4248	ENSG00000158023	CFAP251	1.898	1.4807
4249	ENSG00000124920	MYRF	2.2	1.4806
4250	ENSG00000136870	ZNF189	11.264	1.4806
4251	ENSG00000166387	PPFIBP2	3.275	1.4803
4252	ENSG00000266714	MYO15B	1.678	1.4801
4253	ENSG00000130775	THEMIS2	5.709	1.4798
4254	ENSG00000167642	SPINT2	64.636	1.4797
4255	ENSG00000265763	ZNF488	2.84	1.4795
4256	ENSG00000135439	AGAP2	3.202	1.4795
4257	ENSG00000104361	NIPAL2	2.637	1.4793
4258	ENSG00000150893	FREM2	4.158	1.4787
4259	ENSG00000143970	ASXL2	41.201	1.4786
4260	ENSG00000004777	ARHGAP33	4.295	1.4784
4261	ENSG00000169641	LUZP1	41.715	1.4778
4262	ENSG00000173825	TIGD3	2.383	1.4778
4263	ENSG00000198018	ENTPD7	12.093	1.4778
4264	ENSG00000213023	SYT3	5.951	1.4776
4265	ENSG00000171970	ZNF57	8.918	1.4776
4266	ENSG00000138136	LBX1	1.776	1.4774
4267	ENSG00000104722	NEFM	125.473	1.477
4268	ENSG00000185716	MOSMO	13.333	1.477
4269	ENSG00000198839	ZNF277	21.244	1.4768
4270	ENSG00000107819	SFXN3	9.013	1.4768
4271	ENSG00000107859	PITX3	1.794	1.4767
4272	ENSG00000188215	DCUN1D3	4.539	1.4767
4273	ENSG00000154529	CNTNAP3B	3.482	1.4766
4274	ENSG00000006611	USH1C	4.128	1.4762
4275	ENSG00000084628	NKAIN1	5.073	1.4761
4276	ENSG00000172466	ZNF24	133.935	1.476
4277	ENSG00000186806	VSIG10L	2.247	1.476
4278	ENSG00000173559	NABP1	11.035	1.4759
4279	ENSG00000111554	MDM1	11.512	1.4757
4280	ENSG00000175104	TRAF6	8.899	1.4755
4281	ENSG00000240038	AMY2B	2.248	1.4753
4282	ENSG00000147394	ZNF185	3.48	1.4752
4283	ENSG00000174332	GLIS1	1.644	1.4751
4284	ENSG00000116396	KCNC4	19.798	1.4748
4285	ENSG00000149639	MTCL2	7.975	1.4748
4286	ENSG00000130558	OLFM1	1.781	1.4746
4287	ENSG00000214944	ARHGEF28	2.725	1.4746
4288	ENSG00000164296	TIGD6	8.076	1.4745
4289	ENSG00000127074	RGS13	1.509	1.4739
4290	ENSG00000251287	ALG1L2	1.697	1.4738
4291	ENSG00000117632	STMN1	389.901	1.4734
4292	ENSG00000131435	PDLIM4	10.886	1.4732
4293	ENSG00000150630	VEGFC	3.348	1.473
4294	ENSG00000107968	MAP3K8	4.009	1.4726
4295	ENSG00000176244	ACBD7	9.012	1.4726
4296	ENSG00000166831	RBPMS2	14.193	1.4726
4297	ENSG00000165152	PGAP4	29.898	1.472
4298	ENSG00000188996	HUS1B	1.867	1.472
4299	ENSG00000130702	LAMA5	20.723	1.472
4300	ENSG00000088756	ARHGAP28	2.49	1.4719
4301	ENSG00000278637	H4C1	1.648	1.4719
4302	ENSG00000152454	ZNF256	2.236	1.4719
4303	ENSG00000189410	SH2D5	8.16	1.4716
4304	ENSG00000005810	MYCBP2	197.258	1.4715
4305	ENSG00000254553		1.928	1.4714
4306	ENSG00000180592	SKIDA1	5.115	1.4713
4307	ENSG00000177311	ZBTB38	18.903	1.4712
4308	ENSG00000170684	ZNF296	10.547	1.471
4309	ENSG00000170222	ADPRM	6.918	1.471
4310	ENSG00000171148	TADA3	75.545	1.4708
4311	ENSG00000214336	FOXI3	2.528	1.4708
4312	ENSG00000145358	DDIT4L	2.373	1.4707
4313	ENSG00000214193	SH3D21	3.182	1.4707
4314	ENSG00000054523	KIF1B	59.016	1.4702
4315	ENSG00000147874	HAUS6	54.232	1.47
4316	ENSG00000205978	NYNRIN	7.041	1.4696
4317	ENSG00000196597	ZNF782	4.558	1.4696
4318	ENSG00000088280	ASAP3	6.546	1.4695
4319	ENSG00000122707	RECK	7.177	1.4693
4320	ENSG00000170370	EMX2	7.765	1.469
4321	ENSG00000180263	FGD6	3.805	1.4689
4322	ENSG00000110172	CHORDC1	130.992	1.4688
4323	ENSG00000269743	SLC25A53	14.177	1.4687
4324	ENSG00000197483	ZNF628	12.991	1.4686
4325	ENSG00000159674	SPON2	1.637	1.4686
4326	ENSG00000164741	DLC1	25.096	1.4684
4327	ENSG00000175764	TTLL11	13.187	1.4683
4328	ENSG00000187699	C2orf88	2.395	1.4683
4329	ENSG00000054392	HHAT	2.605	1.4681
4330	ENSG00000145545	SRD5A1	12.511	1.468
4331	ENSG00000171962	DRC3	2.088	1.468
4332	ENSG00000103742	IGDCC4	2.701	1.4676
4333	ENSG00000080371	RAB21	49.657	1.4674
4334	ENSG00000114529	C3orf52	11.646	1.4673
4335	ENSG00000168758	SEMA4C	10.59	1.4671
4336	ENSG00000164961	WASHC5	42.923	1.467
4337	ENSG00000064195	DLX3	1.86	1.4667
4338	ENSG00000175348	TMEM9B	21.067	1.4667
4339	ENSG00000180425	C11orf71	10.04	1.4661
4340	ENSG00000217128	FNIP1	18.757	1.4658
4341	ENSG00000162852	CNST	11.119	1.4657
4342	ENSG00000113732	ATP6V0E1	131.317	1.4656
4343	ENSG00000101311	FERMT1	3.941	1.4655
4344	ENSG00000139505	MTMR6	13.205	1.4654
4345	ENSG00000111058	ACSS3	2.419	1.4652
4346	ENSG00000170162	VGLL2	2.37	1.4651
4347	ENSG00000182010	RTKN2	20.162	1.4649
4348	ENSG00000142102	PGGHG	12.947	1.4647
4349	ENSG00000143554	SLC27A3	14.067	1.4646
4350	ENSG00000143418	CERS2	110.266	1.4646
4351	ENSG00000173542	MOB1B	11.813	1.4645
4352	ENSG00000165272	AQP3	2.592	1.4644
4353	ENSG00000047315	POLR2B	97.997	1.4643
4354	ENSG00000198959	TGM2	2.305	1.4642
4355	ENSG00000163661	PTX3	1.867	1.4634
4356	ENSG00000119782	FKBP1B	38.533	1.4634
4357	ENSG00000110756	HPS5	20.416	1.4633
4358	ENSG00000161940	BCL6B	8.96	1.4633
4359	ENSG00000167549	CORO6	7.524	1.4633
4360	ENSG00000180044	C3orf80	5.567	1.4631
4361	ENSG00000143067	ZNF697	5.424	1.4629
4362	ENSG00000165895	ARHGAP42	5.582	1.4626
4363	ENSG00000222011	FAM185A	11.665	1.4625
4364	ENSG00000102755	FLT1	6.634	1.4622
4365	ENSG00000170681	CAVIN4	5.243	1.462
4366	ENSG00000242852	ZNF709	2.684	1.4618
4367	ENSG00000178338	ZNF354B	14.609	1.4618
4368	ENSG00000119820	YIPF4	62.801	1.4617
4369	ENSG00000205302	SNX2	113.465	1.4617
4370	ENSG00000107863	ARHGAP21	42.335	1.4614
4371	ENSG00000198836	OPA1	31.307	1.4613
4372	ENSG00000182919	C11orf54	13.497	1.4613
4373	ENSG00000266302		1.663	1.4613
4374	ENSG00000244274	DBNDD2	68.927	1.4608
4375	ENSG00000129595	EPB41L4A	3.892	1.4607
4376	ENSG00000163362	INAVA	5.154	1.4607
4377	ENSG00000171617	ENC1	4.201	1.4604
4378	ENSG00000138735	PDE5A	5.757	1.4603
4379	ENSG00000070404	FSTL3	10.301	1.4601
4380	ENSG00000162927	PUS10	6.533	1.4598
4381	ENSG00000255663		1.431	1.4598
4382	ENSG00000167604	NFKBID	7.675	1.4597
4383	ENSG00000173013	CFAP184	2.374	1.4593
4384	ENSG00000171798	KNDC1	4.309	1.4592
4385	ENSG00000150471	ADGRL3	8.638	1.4587
4386	ENSG00000101928	MOSPD1	28.211	1.4585
4387	ENSG00000152969	JAKMIP1	2.365	1.4585
4388	ENSG00000143862	ARL8A	34.888	1.4583
4389	ENSG00000189362	NEMP2	2.619	1.4583
4390	ENSG00000180537	RNF182	4.152	1.4576
4391	ENSG00000163075	CFAP221	1.781	1.4575
4392	ENSG00000139292	LGR5	2.441	1.4575
4393	ENSG00000100526	CDKN3	152.777	1.4573
4394	ENSG00000196591	HDAC2	293.46	1.4567
4395	ENSG00000186174	BCL9L	5.623	1.4567
4396	ENSG00000165474	GJB2	2.756	1.4563
4397	ENSG00000130303	BST2	1.589	1.4563
4398	ENSG00000151687	ANKAR	1.941	1.4562
4399	ENSG00000086619	ERO1B	13.205	1.4557
4400	ENSG00000136504	KAT7	50.154	1.4555
4401	ENSG00000213390	ARHGAP19	33.2	1.4554
4402	ENSG00000162542	TMCO4	5.256	1.4554
4403	ENSG00000142871	CCN1	7.823	1.4553
4404	ENSG00000171246	NPTX1	31.748	1.4549
4405	ENSG00000105991	HOXA1	10.768	1.4547
4406	ENSG00000165813	CCDC186	19.551	1.4547
4407	ENSG00000082898	XPO1	175.8	1.4545
4408	ENSG00000152990	ADGRA3	16.547	1.4544
4409	ENSG00000070182	SPTB	4.656	1.454
4410	ENSG00000164109	MAD2L1	178.009	1.4535
4411	ENSG00000135749	PCNX2	21.35	1.4532
4412	ENSG00000213928	IRF9	8.056	1.4532
4413	ENSG00000135643	KCNMB4	10.053	1.4528
4414	ENSG00000269825		1.824	1.4528
4415	ENSG00000124787	RPP40	40.989	1.4527
4416	ENSG00000113161	HMGCR	43.516	1.4524
4417	ENSG00000197056	ZMYM1	23.245	1.452
4418	ENSG00000204228	HSD17B8	12.726	1.4518
4419	ENSG00000165389	SPTSSA	59.94	1.4515
4420	ENSG00000107902	LHPP	13.593	1.4514
4421	ENSG00000127863	TNFRSF19	2.758	1.4514
4422	ENSG00000254004	ZNF260	11.073	1.4513
4423	ENSG00000196850	PPTC7	17.973	1.4512
4424	ENSG00000110237	ARHGEF17	5.265	1.4511
4425	ENSG00000185189	NRBP2	6.036	1.451
4426	ENSG00000138613	APH1B	3.411	1.4509
4427	ENSG00000139620	KANSL2	31.332	1.4509
4428	ENSG00000065609	SNAP91	2.491	1.4508
4429	ENSG00000117245	KIF17	7.292	1.4507
4430	ENSG00000130021	PUDP	13.403	1.4504
4431	ENSG00000139445	FOXN4	3.72	1.4502
4432	ENSG00000154479	CFAP210	2.082	1.4501
4433	ENSG00000139915	MDGA2	3.028	1.4501
4434	ENSG00000231925	TAPBP	14.621	1.45
4435	ENSG00000118557	PMFBP1	1.844	1.4499
4436	ENSG00000119328	ABITRAM	15.907	1.4496
4437	ENSG00000177374	HIC1	2.303	1.4495
4438	ENSG00000137513	NARS2	39.185	1.4493
4439	ENSG00000288841		1.858	1.4492
4440	ENSG00000162086	ZNF75A	20.267	1.4491
4441	ENSG00000059915	PSD	1.569	1.4486
4442	ENSG00000112210	RAB23	11.65	1.4485
4443	ENSG00000133812	SBF2	20.182	1.4485
4444	ENSG00000167968	DNASE1L2	1.949	1.4485
4445	ENSG00000079215	SLC1A3	30.686	1.4484
4446	ENSG00000179750	APOBEC3B	7.232	1.4481
4447	ENSG00000131067	GGT7	17.954	1.448
4448	ENSG00000120756	PLS1	13.134	1.4479
4449	ENSG00000171792	RHNO1	67.32	1.4479
4450	ENSG00000178878	APOLD1	4.117	1.4476
4451	ENSG00000278704		2.195	1.4473
4452	ENSG00000135903	PAX3	11.213	1.4469
4453	ENSG00000178996	SNX18	11.581	1.4467
4454	ENSG00000157657	ZNF618	38.238	1.446
4455	ENSG00000070371	CLTCL1	13.873	1.446
4456	ENSG00000166532	RIMKLB	18.345	1.4459
4457	ENSG00000100890	PRORP	24.351	1.4459
4458	ENSG00000197594	ENPP1	18.452	1.4458
4459	ENSG00000138685	FGF2	9.271	1.4456
4460	ENSG00000184307	ZDHHC23	6.427	1.4455
4461	ENSG00000206538	VGLL3	4.241	1.4453
4462	ENSG00000198121	LPAR1	4.392	1.4451
4463	ENSG00000196116	TDRD7	7.418	1.4449
4464	ENSG00000236104	ZBTB22	11.174	1.4447
4465	ENSG00000153790	SPMIP4	8.093	1.4445
4466	ENSG00000189043	NDUFA4	285.472	1.4443
4467	ENSG00000185404	SP140L	1.74	1.4442
4468	ENSG00000087494	PTHLH	1.681	1.4434
4469	ENSG00000101624	CEP76	8.357	1.4432
4470	ENSG00000275832	ARHGAP23	1.662	1.4432
4471	ENSG00000122870	BICC1	7.858	1.4427
4472	ENSG00000057252	SOAT1	28.919	1.4419
4473	ENSG00000109674	NEIL3	17.803	1.4418
4474	ENSG00000117016	RIMS3	4.257	1.4417
4475	ENSG00000138821	SLC39A8	29.257	1.4416
4476	ENSG00000116132	PRRX1	2.151	1.4414
4477	ENSG00000130164	LDLR	27.251	1.4413
4478	ENSG00000171631	P2RY6	1.717	1.441
4479	ENSG00000187961	KLHL17	24.666	1.4407
4480	ENSG00000136828	RALGPS1	8.117	1.4405
4481	ENSG00000234602	MCIDAS	2.49	1.4404
4482	ENSG00000180479	ZNF571	2.345	1.4401
4483	ENSG00000243414	TICAM2	1.485	1.4396
4484	ENSG00000122970	IFT81	21.722	1.4395
4485	ENSG00000128165	ADM2	2.264	1.439
4486	ENSG00000145777	TSLP	2.884	1.439
4487	ENSG00000148019	CEP78	62.893	1.4389
4488	ENSG00000138606	SHF	7.902	1.4388
4489	ENSG00000112186	CAP2	14.603	1.4387
4490	ENSG00000198929	NOS1AP	5.332	1.4387
4491	ENSG00000163083	INHBB	2.83	1.4385
4492	ENSG00000164010	ERMAP	2.917	1.4384
4493	ENSG00000268400		1.77	1.4381
4494	ENSG00000172269	DPAGT1	40.605	1.438
4495	ENSG00000162687	KCNT2	2.646	1.4379
4496	ENSG00000114739	ACVR2B	41.422	1.4378
4497	ENSG00000153563	CD8A	1.936	1.4378
4498	ENSG00000156411	ATP5MJ	313.686	1.4377
4499	ENSG00000136643	RPS6KC1	10.033	1.4376
4500	ENSG00000120137	PANK3	44.783	1.4375
4501	ENSG00000065183	WDR3	77.977	1.4374
4502	ENSG00000011258	MBTD1	14.536	1.4373
4503	ENSG00000112659	CUL9	8.911	1.437
4504	ENSG00000138246	DNAJC13	18.813	1.4369
4505	ENSG00000117643	MAN1C1	2.595	1.4368
4506	ENSG00000155313	USP25	17.683	1.4368
4507	ENSG00000214595	EML6	6.586	1.4366
4508	ENSG00000171100	MTM1	8.131	1.4366
4509	ENSG00000162390	ACOT11	2.153	1.4365
4510	ENSG00000173812	EIF1	1202.078	1.4365
4511	ENSG00000144445	KANSL1L	3.629	1.4364
4512	ENSG00000178226	PRSS36	1.578	1.4363
4513	ENSG00000158792	SPATA2L	18.604	1.4362
4514	ENSG00000185352	HS6ST3	3.82	1.4361
4515	ENSG00000146021	KLHL3	2.638	1.436
4516	ENSG00000179833	SERTAD2	21.46	1.4358
4517	ENSG00000187098	MITF	11.036	1.4355
4518	ENSG00000151239	TWF1	53.149	1.4351
4519	ENSG00000184922	FMNL1	2.255	1.4348
4520	ENSG00000134755	DSC2	35.885	1.4345
4521	ENSG00000226124	FTCDNL1	1.671	1.4344
4522	ENSG00000107341	UBE2R2	105.413	1.4342
4523	ENSG00000103671	TRIP4	12.789	1.4341
4524	ENSG00000172346	CSDC2	1.669	1.4339
4525	ENSG00000134575	ACP2	24.947	1.4339
4526	ENSG00000164619	BMPER	2.254	1.4338
4527	ENSG00000166033	HTRA1	8.144	1.4336
4528	ENSG00000140691	ARMC5	18.322	1.4336
4529	ENSG00000127955	GNAI1	24.203	1.4333
4530	ENSG00000165548	TMEM63C	3.069	1.4329
4531	ENSG00000122966	CIT	32.08	1.4328
4532	ENSG00000188766	SPRED3	2.022	1.4326
4533	ENSG00000163558	PRKCI	32.504	1.4322
4534	ENSG00000172986	GXYLT2	17.128	1.4321
4535	ENSG00000177548	RABEP2	18.678	1.4319
4536	ENSG00000288675	PANO1	2.044	1.4317
4537	ENSG00000119703	ZC2HC1C	2.026	1.4316
4538	ENSG00000184584	STING1	2.187	1.4314
4539	ENSG00000183598	H3C13	1.662	1.4312
4540	ENSG00000114742	WDR48	63.302	1.4308
4541	ENSG00000129968	ABHD17A	82.177	1.4307
4542	ENSG00000185010	F8	2.171	1.4307
4543	ENSG00000085276	MECOM	24.97	1.4305
4544	ENSG00000175344	CHRNA7	17.812	1.4305
4545	ENSG00000129219	PLD2	19.212	1.4301
4546	ENSG00000125246	CLYBL	7.139	1.4301
4547	ENSG00000187187	ZNF546	3.843	1.4299
4548	ENSG00000112308	C6orf62	80.131	1.4299
4549	ENSG00000054983	GALC	1.732	1.4297
4550	ENSG00000197779	ZNF81	8.926	1.4296
4551	ENSG00000114948	ADAM23	13.444	1.4291
4552	ENSG00000177469	CAVIN1	17.95	1.429
4553	ENSG00000150093	ITGB1	58.027	1.429
4554	ENSG00000114956	DGUOK	145.871	1.4289
4555	ENSG00000183072	NKX2-5	83.723	1.4288
4556	ENSG00000285304		1.965	1.4287
4557	ENSG00000116985	BMP8B	6.292	1.4287
4558	ENSG00000197070	ARRDC1	26.949	1.4284
4559	ENSG00000115998	C2orf42	6.64	1.4284
4560	ENSG00000052126	PLEKHA5	32.507	1.4281
4561	ENSG00000088538	DOCK3	9.783	1.4279
4562	ENSG00000104381	GDAP1	23.875	1.4279
4563	ENSG00000185482	STAC3	1.737	1.4278
4564	ENSG00000131503	ANKHD1	147.818	1.4278
4565	ENSG00000105856	HBP1	10.108	1.4277
4566	ENSG00000204815	ODAD4	2.295	1.4277
4567	ENSG00000137460	FHDC1	2.243	1.4275
4568	ENSG00000091513	TF	1.485	1.4271
4569	ENSG00000160318	CLDND2	1.485	1.4271
4570	ENSG00000164187	LMBRD2	8.008	1.427
4571	ENSG00000133466	C1QTNF6	3.88	1.4269
4572	ENSG00000119919	NKX2-3	1.912	1.4265
4573	ENSG00000163214	DHX57	51.904	1.4263
4574	ENSG00000138777	PPA2	111.14	1.4258
4575	ENSG00000169914	OTUD3	17.232	1.4257
4576	ENSG00000260325	HSPB9	1.555	1.4256
4577	ENSG00000064687	ABCA7	16.62	1.4255
4578	ENSG00000237489	C10orf143	1.466	1.4255
4579	ENSG00000178922	HYI	31.825	1.4247
4580	ENSG00000185880	TRIM69	8.431	1.4247
4581	ENSG00000100030	MAPK1	73.969	1.4247
4582	ENSG00000144868	TMEM108	6.07	1.4246
4583	ENSG00000102890	ELMO3	1.921	1.424
4584	ENSG00000127311	HELB	3.184	1.4239
4585	ENSG00000124762	CDKN1A	38.082	1.4238
4586	ENSG00000105227	PRX	3.225	1.4236
4587	ENSG00000170382	LRRN2	1.908	1.4235
4588	ENSG00000104660	LEPROTL1	25.808	1.4234
4589	ENSG00000179331	RAB39A	8.122	1.4234
4590	ENSG00000185761	ADAMTSL5	2.495	1.4233
4591	ENSG00000156050	FAM161B	3.228	1.4232
4592	ENSG00000119699	TGFB3	2.42	1.4228
4593	ENSG00000158813	EDA	6.832	1.4224
4594	ENSG00000083223	TUT7	16.425	1.4222
4595	ENSG00000150687	PRSS23	27.83	1.4221
4596	ENSG00000197608	ZNF841	2.868	1.422
4597	ENSG00000121743	GJA3	3.999	1.4218
4598	ENSG00000139826	ABHD13	6.587	1.4216
4599	ENSG00000170873	MTSS1	5.244	1.4215
4600	ENSG00000164626	KCNK5	5.146	1.4214
4601	ENSG00000177551	NHLH2	2.202	1.4212
4602	ENSG00000166246	DNAAF8	1.913	1.4212
4603	ENSG00000153922	CHD1	86.128	1.421
4604	ENSG00000162736	NCSTN	50.774	1.421
4605	ENSG00000132122	SPATA6	4.348	1.421
4606	ENSG00000163485	ADORA1	1.887	1.421
4607	ENSG00000125629	INSIG2	12.127	1.4204
4608	ENSG00000178773	CPNE7	8.86	1.4203
4609	ENSG00000141040	ZNF287	4.386	1.4203
4610	ENSG00000153162	BMP6	6.447	1.4202
4611	ENSG00000075891	PAX2	3.452	1.4201
4612	ENSG00000046651	OFD1	49.275	1.4201
4613	ENSG00000160097	FNDC5	2.426	1.4201
4614	ENSG00000165392	WRN	16.889	1.4197
4615	ENSG00000221874	ZNF816-ZNF321P	1.568	1.4193
4616	ENSG00000165359	INTS6L	8.421	1.4191
4617	ENSG00000168566	SNRNP48	57.661	1.4189
4618	ENSG00000166002	SMCO4	40.024	1.4187
4619	ENSG00000196338	NLGN3	2.192	1.4187
4620	ENSG00000123908	AGO2	66.111	1.4186
4621	ENSG00000065675	PRKCQ	3.021	1.4181
4622	ENSG00000001629	ANKIB1	17.801	1.4179
4623	ENSG00000108651	UTP6	73.163	1.4179
4624	ENSG00000197496	SLC2A10	1.9	1.4178
4625	ENSG00000152223	EPG5	8.292	1.4169
4626	ENSG00000187123	LYPD6	2.934	1.4169
4627	ENSG00000197013	ZNF429	6.916	1.4168
4628	ENSG00000056487	PHF21B	9.187	1.4167
4629	ENSG00000128872	TMOD2	10.469	1.4166
4630	ENSG00000164406	LEAP2	1.591	1.4165
4631	ENSG00000123473	STIL	29.81	1.4164
4632	ENSG00000197183	NOL4L	5.744	1.4163
4633	ENSG00000064547	LPAR2	2.662	1.4161
4634	ENSG00000163683	SMIM14	7.705	1.4156
4635	ENSG00000167548	KMT2D	50.045	1.4156
4636	ENSG00000039068	CDH1	2.083	1.4155
4637	ENSG00000117523	PRRC2C	390.668	1.4154
4638	ENSG00000135324	MRAP2	1.901	1.4152
4639	ENSG00000105398	SULT2A1	2.156	1.415
4640	ENSG00000182687	GALR2	1.911	1.4149
4641	ENSG00000137727	ARHGAP20	2.698	1.4148
4642	ENSG00000116525	TRIM62	9.267	1.4147
4643	ENSG00000160117	ANKLE1	1.588	1.4144
4644	ENSG00000126062	TMEM115	74.211	1.4144
4645	ENSG00000128833	MYO5C	9.72	1.4141
4646	ENSG00000011405	PIK3C2A	32.168	1.4138
4647	ENSG00000163393	SLC22A15	2.115	1.4134
4648	ENSG00000159596	TMEM69	43.208	1.4133
4649	ENSG00000114859	CLCN2	6.429	1.4132
4650	ENSG00000180626	ZNF594	7.533	1.4131
4651	ENSG00000095383	TBC1D2	1.784	1.413
4652	ENSG00000168124	OR1F1	1.599	1.4128
4653	ENSG00000166343	MSS51	2.008	1.4127
4654	ENSG00000198513	ATL1	7.651	1.4124
4655	ENSG00000175395	ZNF25	1.755	1.4123
4656	ENSG00000174442	ZWILCH	41.609	1.4121
4657	ENSG00000122729	ACO1	53.988	1.412
4658	ENSG00000151468	CCDC3	11.804	1.4118
4659	ENSG00000213722	DDAH2	31.062	1.4116
4660	ENSG00000174672	BRSK2	28.106	1.4116
4661	ENSG00000156795	NTAQ1	17.657	1.4115
4662	ENSG00000140199	SLC12A6	7.236	1.4115
4663	ENSG00000130529	TRPM4	6.374	1.4115
4664	ENSG00000099194	SCD	350.495	1.4113
4665	ENSG00000119888	EPCAM	1.702	1.4111
4666	ENSG00000233608	TWIST2	14.311	1.411
4667	ENSG00000135298	ADGRB3	2.612	1.4107
4668	ENSG00000088766	CRLS1	83.203	1.4106
4669	ENSG00000058056	USP13	38.323	1.4104
4670	ENSG00000159640	ACE	2.255	1.4102
4671	ENSG00000129749	CHRNA10	2.018	1.41
4672	ENSG00000258986	TMEM179	2.249	1.41
4673	ENSG00000131747	TOP2A	234.093	1.4098
4674	ENSG00000177045	SIX5	14.834	1.4098
4675	ENSG00000203326	ZNF525	1.893	1.4097
4676	ENSG00000073605	GSDMB	2.302	1.4097
4677	ENSG00000136521	NDUFB5	76.363	1.4096
4678	ENSG00000152926	ZNF117	2.79	1.4095
4679	ENSG00000183421	RIPK4	13.341	1.4092
4680	ENSG00000125388	GRK4	10.051	1.409
4681	ENSG00000117505	DR1	116.906	1.4089
4682	ENSG00000178150	ZNF114	2.452	1.4088
4683	ENSG00000103034	NDRG4	11.076	1.4087
4684	ENSG00000101384	JAG1	2.732	1.4086
4685	ENSG00000139354	GAS2L3	17.073	1.4084
4686	ENSG00000178917	ZNF852	12.595	1.4082
4687	ENSG00000204498	NFKBIL1	46.303	1.4078
4688	ENSG00000138757	G3BP2	142.425	1.4076
4689	ENSG00000118777	ABCG2	1.758	1.4075
4690	ENSG00000168267	PTF1A	1.713	1.4072
4691	ENSG00000134644	PUM1	172.35	1.4071
4692	ENSG00000186660	ZFP91	47.882	1.4069
4693	ENSG00000136274	NACAD	2.811	1.4067
4694	ENSG00000069399	BCL3	3.207	1.4066
4695	ENSG00000188596	CFAP54	1.517	1.4066
4696	ENSG00000153827	TRIP12	82.824	1.4064
4697	ENSG00000166578	IQCD	3.243	1.4064
4698	ENSG00000131374	TBC1D5	19.91	1.4063
4699	ENSG00000153815	CMIP	17.621	1.4063
4700	ENSG00000077585	GPR137B	8.513	1.4062
4701	ENSG00000151366	NDUFC2	433.889	1.4062
4702	ENSG00000156508	EEF1A1	11057.163	1.4062
4703	ENSG00000144559	TAMM41	25.886	1.4061
4704	ENSG00000132825	PPP1R3D	5.345	1.4059
4705	ENSG00000290263		1.7	1.4058
4706	ENSG00000213760	ATP6V1G2	1.781	1.4057
4707	ENSG00000092421	SEMA6A	35.844	1.4056
4708	ENSG00000117054	ACADM	103.142	1.4055
4709	ENSG00000107020	PLGRKT	23.127	1.4053
4710	ENSG00000127824	TUBA4A	8.864	1.405
4711	ENSG00000196866	H2AC7	1.752	1.4049
4712	ENSG00000101871	MID1	90.04	1.4049
4713	ENSG00000136381	IREB2	82.457	1.4048
4714	ENSG00000139291	TMEM19	27.416	1.4048
4715	ENSG00000131779	PEX11B	24.418	1.4047
4716	ENSG00000163635	ATXN7	23.035	1.4047
4717	ENSG00000090989	EXOC1	21.268	1.4045
4718	ENSG00000151665	PIGF	37.804	1.4044
4719	ENSG00000169964	TMEM42	35.316	1.4044
4720	ENSG00000159958	TNFRSF13C	1.77	1.4043
4721	ENSG00000131480	AOC2	2.094	1.404
4722	ENSG00000228672	PROB1	2.75	1.4036
4723	ENSG00000215375	MYL5	18.288	1.4035
4724	ENSG00000163945	UVSSA	14.036	1.4035
4725	ENSG00000167186	COQ7	48.943	1.4033
4726	ENSG00000148704	VAX1	2.375	1.4032
4727	ENSG00000204116	CHIC1	4.081	1.4029
4728	ENSG00000125170	DOK4	8.643	1.4029
4729	ENSG00000100485	SOS2	8.136	1.4027
4730	ENSG00000140367	UBE2Q2	27.381	1.4026
4731	ENSG00000116497	S100PBP	29.746	1.4019
4732	ENSG00000175895	PLEKHF2	6.814	1.4018
4733	ENSG00000221909	FAM200A	11.508	1.4017
4734	ENSG00000164853	UNCX	17.707	1.4013
4735	ENSG00000167034	NKX3-1	2.796	1.4011
4736	ENSG00000121406	ZNF549	3.217	1.401
4737	ENSG00000156384	SFR1	14.531	1.4009
4738	ENSG00000138829	FBN2	20.359	1.4008
4739	ENSG00000156162	DPY19L4	18.391	1.4005
4740	ENSG00000068489	PRR11	98.992	1.4003
4741	ENSG00000066777	ARFGEF1	21.898	1.4001
4742	ENSG00000154059	IMPACT	41.756	1.3996
4743	ENSG00000288683		1.676	1.3995
4744	ENSG00000179477	ALOX12B	1.522	1.3995
4745	ENSG00000075336	TIMM21	70.691	1.3994
4746	ENSG00000106536	POU6F2	1.487	1.3993
4747	ENSG00000083844	ZNF264	14.276	1.3991
4748	ENSG00000126368	NR1D1	2.413	1.399
4749	ENSG00000148120	AOPEP	21.005	1.3987
4750	ENSG00000121274	TENT4B	30.941	1.3986
4751	ENSG00000165046	LETM2	4.524	1.3983
4752	ENSG00000185009	AP3M1	47.193	1.3976
4753	ENSG00000087258	GNAO1	3.528	1.3974
4754	ENSG00000172000	ZNF556	1.379	1.3972
4755	ENSG00000018869	ZNF582	3.915	1.397
4756	ENSG00000292357	CSF2RA	1.595	1.3968
4757	ENSG00000188818	ZDHHC11	5.443	1.3966
4758	ENSG00000186566	GPATCH8	71.019	1.3966
4759	ENSG00000107443	CCNJ	19.064	1.3964
4760	ENSG00000116663	FBXO6	1.606	1.3962
4761	ENSG00000197816	CCDC180	3.962	1.3962
4762	ENSG00000170185	USP38	24.789	1.396
4763	ENSG00000196227	FAM217B	66.96	1.3954
4764	ENSG00000118263	KLF7	3.707	1.3952
4765	ENSG00000108091	CCDC6	39.539	1.3951
4766	ENSG00000146376	ARHGAP18	9.539	1.3951
4767	ENSG00000109854	HTATIP2	44.16	1.3948
4768	ENSG00000120071	KANSL1	50.702	1.3944
4769	ENSG00000161653	NAGS	1.59	1.3942
4770	ENSG00000178229	ZNF543	5.554	1.3937
4771	ENSG00000089163	SIRT4	1.784	1.3937
4772	ENSG00000213199	ASIC3	5.298	1.3936
4773	ENSG00000144840	RABL3	23.22	1.3926
4774	ENSG00000115604	IL18R1	1.949	1.3925
4775	ENSG00000185522	LMNTD2	1.853	1.3925
4776	ENSG00000187801	ZFP69B	2.849	1.3923
4777	ENSG00000213339	QTRT1	69.483	1.3921
4778	ENSG00000141219	MTNAP1	33.786	1.3921
4779	ENSG00000169083	AR	2.708	1.3921
4780	ENSG00000163734	CXCL3	1.52	1.392
4781	ENSG00000101544	ADNP2	41.525	1.3919
4782	ENSG00000170537	TMC7	3.568	1.3919
4783	ENSG00000136213	CHST12	29.55	1.3919
4784	ENSG00000165521	EML5	6.878	1.3919
4785	ENSG00000166192	SENP8	3.979	1.3918
4786	ENSG00000100362	PVALB	1.489	1.3908
4787	ENSG00000008405	CRY1	27.99	1.3906
4788	ENSG00000125249	RAP2A	22.758	1.3906
4789	ENSG00000198492	YTHDF2	188.81	1.3906
4790	ENSG00000139289	PHLDA1	1.58	1.3905
4791	ENSG00000089159	PXN	38.392	1.3903
4792	ENSG00000172456	FGGY	5.532	1.3901
4793	ENSG00000139793	MBNL2	6.776	1.39
4794	ENSG00000115963	RND3	22.782	1.3896
4795	ENSG00000153071	DAB2	5.103	1.3891
4796	ENSG00000148090	AUH	15.149	1.3891
4797	ENSG00000103227	LMF1	9.731	1.389
4798	ENSG00000153207	AHCTF1	26.954	1.3889
4799	ENSG00000088543	C3orf18	6.679	1.3888
4800	ENSG00000137404	NRM	28.925	1.3887
4801	ENSG00000162620	LRRIQ3	4.394	1.3885
4802	ENSG00000185666	SYN3	1.754	1.3881
4803	ENSG00000111249	CUX2	4.146	1.3878
4804	ENSG00000196843	ARID5A	23.674	1.3877
4805	ENSG00000130810	PPAN	228.227	1.3876
4806	ENSG00000205129	CFAP96	1.348	1.387
4807	ENSG00000196730	DAPK1	12.869	1.3869
4808	ENSG00000121753	ADGRB2	16.863	1.3864
4809	ENSG00000118217	ATF6	56.869	1.3862
4810	ENSG00000103145	HCFC1R1	113.465	1.3861
4811	ENSG00000132356	PRKAA1	18.784	1.3861
4812	ENSG00000029639	TFB1M	47.208	1.3859
4813	ENSG00000124126	PREX1	6.184	1.3857
4814	ENSG00000198944	SOWAHA	5.09	1.3855
4815	ENSG00000111052	LIN7A	8.708	1.3853
4816	ENSG00000056736	IL17RB	12.631	1.3853
4817	ENSG00000129474	AJUBA	18.167	1.3852
4818	ENSG00000101665	SMAD7	10.593	1.3852
4819	ENSG00000151611	MMAA	2.435	1.3852
4820	ENSG00000158691	ZSCAN12	14.718	1.3849
4821	ENSG00000213988	ZNF90	1.591	1.3848
4822	ENSG00000101680	LAMA1	9.457	1.3846
4823	ENSG00000257923	CUX1	64.947	1.3842
4824	ENSG00000163125	RPRD2	49.296	1.3838
4825	ENSG00000183111	ARHGEF37	2.052	1.3837
4826	ENSG00000130517	PGPEP1	11.186	1.3837
4827	ENSG00000163697	APBB2	11.781	1.3836
4828	ENSG00000111727	HCFC2	7.355	1.3835
4829	ENSG00000287839		1.455	1.3834
4830	ENSG00000135423	GLS2	3.434	1.3824
4831	ENSG00000149564	ESAM	2.423	1.3824
4832	ENSG00000139644	TMBIM6	388.702	1.3821
4833	ENSG00000079246	XRCC5	419.404	1.3819
4834	ENSG00000169193	CCDC126	7.313	1.3815
4835	ENSG00000267534	S1PR2	7.246	1.3812
4836	ENSG00000181904	C5orf24	73.697	1.381
4837	ENSG00000163053	SLC16A14	3.765	1.3807
4838	ENSG00000285943		2.025	1.3806
4839	ENSG00000115361	ACADL	4.324	1.3804
4840	ENSG00000184898	RBM43	2.943	1.3804
4841	ENSG00000100625	SIX4	10.602	1.3803
4842	ENSG00000156042	CFAP70	2.413	1.3799
4843	ENSG00000163138	PACRGL	17.153	1.3799
4844	ENSG00000133401	PDZD2	2.454	1.3795
4845	ENSG00000018699	TTC27	21.554	1.3794
4846	ENSG00000149187	CELF1	173.87	1.3793
4847	ENSG00000070759	TESK2	10.781	1.3792
4848	ENSG00000188868	ZNF563	1.463	1.379
4849	ENSG00000150457	LATS2	6.513	1.379
4850	ENSG00000148225	WDR31	2.044	1.379
4851	ENSG00000197279	ZNF165	3.478	1.3789
4852	ENSG00000073969	NSF	42.442	1.3788
4853	ENSG00000081479	LRP2	6.477	1.3786
4854	ENSG00000089723	OTUB2	10.381	1.3786
4855	ENSG00000113163	CERT1	25.773	1.3784
4856	ENSG00000149311	ATM	39.535	1.3782
4857	ENSG00000167220	HDHD2	17.527	1.3779
4858	ENSG00000102312	PORCN	13.589	1.3776
4859	ENSG00000130244	FAM98C	22.524	1.3776
4860	ENSG00000165891	E2F7	22.149	1.3776
4861	ENSG00000073331	ALPK1	3.577	1.3774
4862	ENSG00000198833	UBE2J1	51.815	1.3769
4863	ENSG00000154727	GABPA	22.299	1.3767
4864	ENSG00000255524	NPIPB8	1.485	1.3764
4865	ENSG00000116117	PARD3B	8.135	1.3756
4866	ENSG00000164597	COG5	25.092	1.3756
4867	ENSG00000179922	ZNF784	12.037	1.3755
4868	ENSG00000066027	PPP2R5A	33.85	1.3751
4869	ENSG00000105409	ATP1A3	7.624	1.3748
4870	ENSG00000174796	THAP6	14.526	1.3748
4871	ENSG00000139624	CERS5	28.447	1.3745
4872	ENSG00000130304	SLC27A1	3.685	1.3743
4873	ENSG00000198604	BAZ1A	131.177	1.3741
4874	ENSG00000149923	PPP4C	430.914	1.3741
4875	ENSG00000055044	NOP58	305.249	1.374
4876	ENSG00000127837	AAMP	284.976	1.374
4877	ENSG00000177189	RPS6KA3	35.433	1.3739
4878	ENSG00000170759	KIF5B	122.271	1.3733
4879	ENSG00000184939	ZFP90	12.458	1.3733
4880	ENSG00000136147	PHF11	1.564	1.3729
4881	ENSG00000187609	EXD3	14.081	1.3725
4882	ENSG00000105514	RAB3D	6.972	1.3725
4883	ENSG00000185947	ZNF267	16.732	1.3723
4884	ENSG00000161381	PLXDC1	1.577	1.3721
4885	ENSG00000052802	MSMO1	64.705	1.3718
4886	ENSG00000179598	PLD6	22.822	1.3718
4887	ENSG00000186871	ERCC6L	20.069	1.3717
4888	ENSG00000145365	TIFA	12.694	1.3714
4889	ENSG00000114978	MOB1A	90.545	1.3712
4890	ENSG00000172738	TMEM217	1.653	1.3712
4891	ENSG00000111087	GLI1	1.896	1.3711
4892	ENSG00000180209	MYL11	1.509	1.3701
4893	ENSG00000175414	ARL10	23.415	1.3698
4894	ENSG00000173898	SPTBN2	44.359	1.3698
4895	ENSG00000078747	ITCH	30.639	1.3696
4896	ENSG00000186812	ZNF397	47.352	1.3693
4897	ENSG00000197361	FBXL22	1.651	1.369
4898	ENSG00000117877	POLR1G	169.113	1.369
4899	ENSG00000128228	SDF2L1	233.109	1.3686
4900	ENSG00000162971	TYW5	15.263	1.3685
4901	ENSG00000086232	EIF2AK1	191.525	1.3681
4902	ENSG00000138670	RASGEF1B	5.682	1.3677
4903	ENSG00000163918	RFC4	76.135	1.3675
4904	ENSG00000148600	CDHR1	4.776	1.3675
4905	ENSG00000124942	AHNAK	13.781	1.3675
4906	ENSG00000170949	ZNF160	3.377	1.3672
4907	ENSG00000122557	HERPUD2	18.06	1.3672
4908	ENSG00000102931	ARL2BP	81.739	1.3665
4909	ENSG00000171368	TPPP	3.609	1.3665
4910	ENSG00000155016	CYP2U1	4.04	1.366
4911	ENSG00000267041	ZNF850	5.021	1.3659
4912	ENSG00000071073	MGAT4A	7.471	1.3657
4913	ENSG00000009844	VTA1	71.696	1.3656
4914	ENSG00000035403	VCL	79.817	1.3654
4915	ENSG00000254852	NPIPA2	1.379	1.3651
4916	ENSG00000170542	SERPINB9	2.065	1.3648
4917	ENSG00000146826	TRAPPC14	14.783	1.3647
4918	ENSG00000118873	RAB3GAP2	44.011	1.3643
4919	ENSG00000141905	NFIC	47.891	1.3642
4920	ENSG00000116906	GNPAT	63.594	1.364
4921	ENSG00000152455	SUV39H2	36.581	1.364
4922	ENSG00000135637	CCDC142	20.156	1.3639
4923	ENSG00000215114	UBXN2B	21.46	1.3639
4924	ENSG00000019549	SNAI2	23.593	1.3638
4925	ENSG00000167595	PROSER3	18.489	1.3638
4926	ENSG00000177721	ANXA2R	1.645	1.3638
4927	ENSG00000173511	VEGFB	124.382	1.3638
4928	ENSG00000172748	ZNF596	1.384	1.3637
4929	ENSG00000139926	FRMD6	9.643	1.3637
4930	ENSG00000119686	FLVCR2	1.878	1.3636
4931	ENSG00000101972	STAG2	141.555	1.3634
4932	ENSG00000206432	TMEM200C	2.045	1.3631
4933	ENSG00000066455	GOLGA5	20.418	1.363
4934	ENSG00000090530	P3H2	2.888	1.3629
4935	ENSG00000288637		2.378	1.3628
4936	ENSG00000140853	NLRC5	1.582	1.3627
4937	ENSG00000169169	CPT1C	20.681	1.3621
4938	ENSG00000133858	ZFC3H1	28.696	1.3621
4939	ENSG00000205927	OLIG2	6.523	1.362
4940	ENSG00000119396	RAB14	53.514	1.362
4941	ENSG00000143507	DUSP10	1.94	1.3619
4942	ENSG00000166510	CCDC68	1.566	1.3616
4943	ENSG00000278384		2.465	1.3615
4944	ENSG00000173918	C1QTNF1	1.833	1.3613
4945	ENSG00000064309	CDON	12.787	1.3612
4946	ENSG00000066427	ATXN3	20.779	1.3611
4947	ENSG00000091317	CMTM6	56.331	1.3606
4948	ENSG00000196923	PDLIM7	65.177	1.3599
4949	ENSG00000109705	NKX3-2	6.946	1.3598
4950	ENSG00000171608	PIK3CD	4.87	1.3598
4951	ENSG00000158079	PTPDC1	12.587	1.3598
4952	ENSG00000184867	ARMCX2	2.059	1.3597
4953	ENSG00000168765	GSTM4	10.778	1.3594
4954	ENSG00000150636	CCDC102B	1.536	1.3594
4955	ENSG00000172888	ZNF621	26.365	1.3591
4956	ENSG00000166352	IFTAP	44.526	1.3589
4957	ENSG00000159884	CCDC107	48.355	1.3587
4958	ENSG00000109576	AADAT	9.839	1.3587
4959	ENSG00000075391	RASAL2	20.393	1.3585
4960	ENSG00000112234	FBXL4	10.922	1.3584
4961	ENSG00000185721	DRG1	225.931	1.3581
4962	ENSG00000187955	COL14A1	2.594	1.3581
4963	ENSG00000135740	SLC9A5	6.092	1.3577
4964	ENSG00000171227	TMEM37	3.801	1.3575
4965	ENSG00000172717	GARIN2	1.426	1.3575
4966	ENSG00000183196	CHST6	3.205	1.3574
4967	ENSG00000114251	WNT5A	12.229	1.3574
4968	ENSG00000276256		8.766	1.3573
4969	ENSG00000176641	RNF152	1.785	1.3572
4970	ENSG00000137942	FNBP1L	21.102	1.3572
4971	ENSG00000234444	ZNF736	8.43	1.3571
4972	ENSG00000100918	REC8	1.564	1.3569
4973	ENSG00000165312	OTUD1	5.782	1.3569
4974	ENSG00000138801	PAPSS1	27.403	1.3568
4975	ENSG00000123360	PDE1B	2.73	1.3568
4976	ENSG00000147601	TERF1	91.173	1.3567
4977	ENSG00000147003	CLTRN	1.545	1.3561
4978	ENSG00000101265	RASSF2	4.816	1.356
4979	ENSG00000164754	RAD21	177.083	1.3559
4980	ENSG00000280789	PAGR1	197.065	1.3558
4981	ENSG00000081985	IL12RB2	1.863	1.3555
4982	ENSG00000183307	TMEM121B	2.495	1.3552
4983	ENSG00000171791	BCL2	3.821	1.3552
4984	ENSG00000024422	EHD2	4.323	1.3551
4985	ENSG00000111144	LTA4H	113.805	1.3551
4986	ENSG00000135823	STX6	22.41	1.3549
4987	ENSG00000010319	SEMA3G	2.968	1.3545
4988	ENSG00000118242	MREG	11.202	1.3545
4989	ENSG00000102935	ZNF423	2.42	1.3545
4990	ENSG00000156869	FRRS1	6.708	1.3544
4991	ENSG00000001167	NFYA	31.839	1.354
4992	ENSG00000122585	NPY	1.476	1.3539
4993	ENSG00000011028	MRC2	11.952	1.3537
4994	ENSG00000112769	LAMA4	27.428	1.3528
4995	ENSG00000102445	RUBCNL	3.71	1.3527
4996	ENSG00000168140	VASN	1.615	1.3526
4997	ENSG00000152601	MBNL1	37.398	1.3524
4998	ENSG00000197712	FAM114A1	7.845	1.352
4999	ENSG00000162722	TRIM58	2.266	1.3519
5000	ENSG00000204060	FOXO6	2.725	1.3518
