comparison	gene_id	symbol	mean_log2_reference	mean_log2_truseq	deviation_log2	direction	histone_replication_dependent	mrna_length_nt
TruSeq vs BOBseq	ENSG00000000003	TSPAN6	3.623	6.268	2.247	over-represented in TruSeq	0	3296
TruSeq vs BOBseq	ENSG00000000419	DPM1	4.438	7.083	2.247	over-represented in TruSeq	0	1098
TruSeq vs BOBseq	ENSG00000000460	FIRRM	2.333	5.56	2.829	over-represented in TruSeq	0	2180
TruSeq vs BOBseq	ENSG00000001167	NFYA	2.852	5.674	2.424	over-represented in TruSeq	0	3536
TruSeq vs BOBseq	ENSG00000002822	MAD1L1	7.221	4.748	-2.871	under-represented in TruSeq	0	1358
TruSeq vs BOBseq	ENSG00000004864	SLC25A13	3.505	6.181	2.278	over-represented in TruSeq	0	2989
TruSeq vs BOBseq	ENSG00000004897	CDC27	3.203	6.968	3.367	over-represented in TruSeq	0	1262
TruSeq vs BOBseq	ENSG00000004961	HCCS	3.612	6.387	2.377	over-represented in TruSeq	0	1421
TruSeq vs BOBseq	ENSG00000005022	SLC25A5	7.828	10.75	2.525	over-represented in TruSeq	0	1247
TruSeq vs BOBseq	ENSG00000005194	CIAPIN1	4.695	7.21	2.116	over-represented in TruSeq	0	1096
TruSeq vs BOBseq	ENSG00000005893	LAMP2	2.894	6.568	3.276	over-represented in TruSeq	0	3073
TruSeq vs BOBseq	ENSG00000006118	TMEM132A	7.444	5.381	-2.461	under-represented in TruSeq	0	2171
TruSeq vs BOBseq	ENSG00000006327	TNFRSF12A	7.334	3.976	-3.756	under-represented in TruSeq	0	873
TruSeq vs BOBseq	ENSG00000006652	IFRD1	3.17	6.16	2.593	over-represented in TruSeq	0	1801
TruSeq vs BOBseq	ENSG00000006715	VPS41	2.586	5.355	2.371	over-represented in TruSeq	0	2932
TruSeq vs BOBseq	ENSG00000007080	CCDC124	10.303	8.512	-2.189	under-represented in TruSeq	0	978
TruSeq vs BOBseq	ENSG00000007392	LUC7L	8.116	6.504	-2.01	under-represented in TruSeq	0	1092
TruSeq vs BOBseq	ENSG00000007520	TSR3	9.9	6.825	-3.473	under-represented in TruSeq	0	695
TruSeq vs BOBseq	ENSG00000008128	CDK11A	8.007	5.123	-3.281	under-represented in TruSeq	0	1003
TruSeq vs BOBseq	ENSG00000008294	SPAG9	3.493	6.358	2.467	over-represented in TruSeq	0	1850
TruSeq vs BOBseq	ENSG00000008382	MPND	8.539	4.467	-4.47	under-represented in TruSeq	0	1411
TruSeq vs BOBseq	ENSG00000008952	SEC62	8.651	6.609	-2.44	under-represented in TruSeq	0	2613
TruSeq vs BOBseq	ENSG00000009307	CSDE1	6.832	9.786	2.556	over-represented in TruSeq	0	1947
TruSeq vs BOBseq	ENSG00000009844	VTA1	3.184	6.99	3.408	over-represented in TruSeq	0	2024
TruSeq vs BOBseq	ENSG00000010244	ZNF207	5.36	8.178	2.42	over-represented in TruSeq	0	2279
TruSeq vs BOBseq	ENSG00000010361	FUZ	8.336	6.127	-2.607	under-represented in TruSeq	0	941
TruSeq vs BOBseq	ENSG00000010626	LRRC23	6.418	2.473	-4.343	under-represented in TruSeq	0	1157
TruSeq vs BOBseq	ENSG00000011332	DPF1	6.255	4.028	-2.626	under-represented in TruSeq	0	1154
TruSeq vs BOBseq	ENSG00000013503	POLR3B	2.53	4.972	2.044	over-represented in TruSeq	0	4180
TruSeq vs BOBseq	ENSG00000014641	MDH1	5.073	8.517	3.046	over-represented in TruSeq	0	1260
TruSeq vs BOBseq	ENSG00000014919	COX15	2.406	5.392	2.589	over-represented in TruSeq	0	2667
TruSeq vs BOBseq	ENSG00000016864	GLT8D1	3.339	6.204	2.467	over-represented in TruSeq	0	1002
TruSeq vs BOBseq	ENSG00000020922	MRE11	2.921	5.455	2.136	over-represented in TruSeq	0	3694
TruSeq vs BOBseq	ENSG00000023734	STRAP	5.512	8.455	2.545	over-represented in TruSeq	0	1712
TruSeq vs BOBseq	ENSG00000023892	DEF6	4.865	2.446	-2.817	under-represented in TruSeq	0	2288
TruSeq vs BOBseq	ENSG00000023909	GCLM	2.486	5.293	2.41	over-represented in TruSeq	0	3096
TruSeq vs BOBseq	ENSG00000025796	SEC63	3.664	6.65	2.588	over-represented in TruSeq	0	1340
TruSeq vs BOBseq	ENSG00000028203	VEZT	3.369	6.133	2.366	over-represented in TruSeq	0	2244
TruSeq vs BOBseq	ENSG00000029639	TFB1M	2.788	5.233	2.047	over-represented in TruSeq	0	1101
TruSeq vs BOBseq	ENSG00000033178	UBA6	2.762	5.651	2.491	over-represented in TruSeq	0	1500
TruSeq vs BOBseq	ENSG00000035687	ADSS2	3.943	6.461	2.12	over-represented in TruSeq	0	2094
TruSeq vs BOBseq	ENSG00000036257	CUL3	2.868	6.634	3.367	over-represented in TruSeq	0	1848
TruSeq vs BOBseq	ENSG00000038274	MAT2B	3.888	6.441	2.155	over-represented in TruSeq	0	2069
TruSeq vs BOBseq	ENSG00000041357	PSMA4	7.109	10.365	2.857	over-represented in TruSeq	0	912
TruSeq vs BOBseq	ENSG00000041988	THAP3	6.552	4.238	-2.712	under-represented in TruSeq	0	1199
TruSeq vs BOBseq	ENSG00000043514	TRIT1	1.908	4.931	2.624	over-represented in TruSeq	0	1225
TruSeq vs BOBseq	ENSG00000044574	HSPA5	5.349	8.609	2.862	over-represented in TruSeq	0	3685
TruSeq vs BOBseq	ENSG00000046604	DSG2	4.187	6.612	2.027	over-represented in TruSeq	0	5079
TruSeq vs BOBseq	ENSG00000047315	POLR2B	3.734	7.36	3.229	over-represented in TruSeq	0	3217
TruSeq vs BOBseq	ENSG00000047621	FERRY3	2.331	4.746	2.016	over-represented in TruSeq	0	2783
TruSeq vs BOBseq	ENSG00000047634	SCML1	2.933	6.479	3.148	over-represented in TruSeq	0	2848
TruSeq vs BOBseq	ENSG00000047932	GOPC	2.652	5.264	2.214	over-represented in TruSeq	0	4588
TruSeq vs BOBseq	ENSG00000048028	USP28	2.895	5.762	2.469	over-represented in TruSeq	0	2159
TruSeq vs BOBseq	ENSG00000049245	VAMP3	3.894	6.339	2.048	over-represented in TruSeq	0	2064
TruSeq vs BOBseq	ENSG00000051108	HERPUD1	2.379	6.158	3.381	over-represented in TruSeq	0	1164
TruSeq vs BOBseq	ENSG00000051128	HOMER3	5.176	3.385	-2.189	under-represented in TruSeq	0	745
TruSeq vs BOBseq	ENSG00000051523	CYBA	10.266	6.957	-3.707	under-represented in TruSeq	0	550
TruSeq vs BOBseq	ENSG00000052749	RRP12	7.532	5.796	-2.133	under-represented in TruSeq	0	3842
TruSeq vs BOBseq	ENSG00000052802	MSMO1	2.997	6.147	2.752	over-represented in TruSeq	0	1866
TruSeq vs BOBseq	ENSG00000053501	USE1	7.179	5.495	-2.081	under-represented in TruSeq	0	989
TruSeq vs BOBseq	ENSG00000055147	FAM114A2	3.034	5.469	2.037	over-represented in TruSeq	0	1497
TruSeq vs BOBseq	ENSG00000056097	ZFR	3.356	6.78	3.026	over-represented in TruSeq	0	2418
TruSeq vs BOBseq	ENSG00000056586	RC3H2	2.35	4.931	2.183	over-represented in TruSeq	0	4498
TruSeq vs BOBseq	ENSG00000057608	GDI2	5.013	8.044	2.632	over-represented in TruSeq	0	1966
TruSeq vs BOBseq	ENSG00000058453	CROCC	4.881	3.166	-2.113	under-represented in TruSeq	0	1514
TruSeq vs BOBseq	ENSG00000059573	ALDH18A1	4.411	7.455	2.646	over-represented in TruSeq	0	2877
TruSeq vs BOBseq	ENSG00000060688	SNRNP40	4.207	7.798	3.193	over-represented in TruSeq	0	1064
TruSeq vs BOBseq	ENSG00000062194	GPBP1	2.342	6.295	3.555	over-represented in TruSeq	0	2575
TruSeq vs BOBseq	ENSG00000062485	CS	5.7	8.537	2.439	over-represented in TruSeq	0	1599
TruSeq vs BOBseq	ENSG00000063180	CA11	6.584	4.101	-2.881	under-represented in TruSeq	0	718
TruSeq vs BOBseq	ENSG00000063245	EPN1	9.034	6.813	-2.62	under-represented in TruSeq	0	2695
TruSeq vs BOBseq	ENSG00000064115	TM7SF3	2.767	6.38	3.215	over-represented in TruSeq	0	1355
TruSeq vs BOBseq	ENSG00000064666	CNN2	6.762	4.617	-2.543	under-represented in TruSeq	0	2102
TruSeq vs BOBseq	ENSG00000064687	ABCA7	5.378	3.003	-2.773	under-represented in TruSeq	0	4265
TruSeq vs BOBseq	ENSG00000064703	DDX20	2.861	5.871	2.612	over-represented in TruSeq	0	3013
TruSeq vs BOBseq	ENSG00000064726	BTBD1	3.261	6.825	3.166	over-represented in TruSeq	0	2965
TruSeq vs BOBseq	ENSG00000064995	TAF11	8.416	6.381	-2.433	under-represented in TruSeq	0	1447
TruSeq vs BOBseq	ENSG00000065054	NHERF2	9.533	5.358	-4.572	under-represented in TruSeq	0	1314
TruSeq vs BOBseq	ENSG00000065150	IPO5	4.576	8.037	3.063	over-represented in TruSeq	0	3988
TruSeq vs BOBseq	ENSG00000065154	OAT	4.765	7.918	2.755	over-represented in TruSeq	0	1929
TruSeq vs BOBseq	ENSG00000065183	WDR3	2.956	6.85	3.496	over-represented in TruSeq	0	3331
TruSeq vs BOBseq	ENSG00000065243	PKN2	3.153	5.723	2.172	over-represented in TruSeq	0	4321
TruSeq vs BOBseq	ENSG00000065268	WDR18	9.858	6.964	-3.293	under-represented in TruSeq	0	1274
TruSeq vs BOBseq	ENSG00000065615	CYB5R4	2.633	5.042	2.011	over-represented in TruSeq	0	2442
TruSeq vs BOBseq	ENSG00000065717	TLE2	3.955	2.248	-2.105	under-represented in TruSeq	0	1548
TruSeq vs BOBseq	ENSG00000065882	TBC1D1	6.432	4.342	-2.488	under-represented in TruSeq	0	2431
TruSeq vs BOBseq	ENSG00000065911	MTHFD2	5.697	8.453	2.358	over-represented in TruSeq	0	1652
TruSeq vs BOBseq	ENSG00000066279	ASPM	2.715	5.166	2.053	over-represented in TruSeq	0	6498
TruSeq vs BOBseq	ENSG00000067167	TRAM1	4.197	7.3	2.705	over-represented in TruSeq	0	1931
TruSeq vs BOBseq	ENSG00000067334	DNTTIP2	4.197	7.151	2.555	over-represented in TruSeq	0	1184
TruSeq vs BOBseq	ENSG00000067560	RHOA	5.802	9.596	3.396	over-represented in TruSeq	0	1385
TruSeq vs BOBseq	ENSG00000067704	IARS2	4.912	7.437	2.128	over-represented in TruSeq	0	3525
TruSeq vs BOBseq	ENSG00000068697	LAPTM4A	4.279	7.793	3.116	over-represented in TruSeq	0	1281
TruSeq vs BOBseq	ENSG00000068878	PSME4	3.082	5.618	2.138	over-represented in TruSeq	0	5139
TruSeq vs BOBseq	ENSG00000069248	NUP133	3.224	6.669	3.046	over-represented in TruSeq	0	2985
TruSeq vs BOBseq	ENSG00000069329	VPS35	2.669	7.055	3.988	over-represented in TruSeq	0	2242
TruSeq vs BOBseq	ENSG00000069509	FUNDC1	3.494	6.348	2.456	over-represented in TruSeq	0	1054
TruSeq vs BOBseq	ENSG00000070669	ASNS	3.696	7.706	3.612	over-represented in TruSeq	0	1512
TruSeq vs BOBseq	ENSG00000070814	TCOF1	9.473	7.347	-2.525	under-represented in TruSeq	0	4771
TruSeq vs BOBseq	ENSG00000070831	CDC42	4.415	7.303	2.49	over-represented in TruSeq	0	2044
TruSeq vs BOBseq	ENSG00000071243	ING3	3.273	5.849	2.178	over-represented in TruSeq	0	1599
TruSeq vs BOBseq	ENSG00000071859	FAM50A	10.442	7.621	-3.219	under-represented in TruSeq	0	1245
TruSeq vs BOBseq	ENSG00000072041	SLC6A15	3.868	6.381	2.114	over-represented in TruSeq	0	2342
TruSeq vs BOBseq	ENSG00000072274	TFRC	3.975	7.429	3.055	over-represented in TruSeq	0	3823
TruSeq vs BOBseq	ENSG00000072803	FBXW11	3.715	6.242	2.129	over-represented in TruSeq	0	2518
TruSeq vs BOBseq	ENSG00000073921	PICALM	3.965	6.441	2.078	over-represented in TruSeq	0	2167
TruSeq vs BOBseq	ENSG00000074201	CLNS1A	5.593	8.643	2.652	over-represented in TruSeq	0	993
TruSeq vs BOBseq	ENSG00000075131	TIPIN	3.178	6.725	3.149	over-represented in TruSeq	0	1053
TruSeq vs BOBseq	ENSG00000076003	MCM6	4.558	7.4	2.444	over-represented in TruSeq	0	3539
TruSeq vs BOBseq	ENSG00000077097	TOP2B	3.623	7.093	3.071	over-represented in TruSeq	0	2857
TruSeq vs BOBseq	ENSG00000077150	NFKB2	6.011	3.872	-2.537	under-represented in TruSeq	0	1958
TruSeq vs BOBseq	ENSG00000077152	UBE2T	3.93	7.641	3.313	over-represented in TruSeq	0	822
TruSeq vs BOBseq	ENSG00000077235	GTF3C1	8.862	6.752	-2.508	under-represented in TruSeq	0	2166
TruSeq vs BOBseq	ENSG00000077254	USP33	3.577	6.331	2.357	over-represented in TruSeq	0	2187
TruSeq vs BOBseq	ENSG00000078140	UBE2K	9.155	7.016	-2.537	under-represented in TruSeq	0	3395
TruSeq vs BOBseq	ENSG00000078403	MLLT10	2.61	5.299	2.291	over-represented in TruSeq	0	2570
TruSeq vs BOBseq	ENSG00000078668	VDAC3	4.847	8.742	3.498	over-represented in TruSeq	0	1314
TruSeq vs BOBseq	ENSG00000079246	XRCC5	5.638	8.698	2.662	over-represented in TruSeq	0	3225
TruSeq vs BOBseq	ENSG00000079459	FDFT1	4.978	7.854	2.478	over-represented in TruSeq	0	1685
TruSeq vs BOBseq	ENSG00000079785	DDX1	4.783	8.139	2.959	over-represented in TruSeq	0	2508
TruSeq vs BOBseq	ENSG00000080371	RAB21	2.187	5.611	3.025	over-represented in TruSeq	0	2337
TruSeq vs BOBseq	ENSG00000080822	CLDND1	2.256	6.561	3.907	over-represented in TruSeq	0	1144
TruSeq vs BOBseq	ENSG00000080823	MOK	6.038	4.425	-2.011	under-represented in TruSeq	0	1518
TruSeq vs BOBseq	ENSG00000080845	DLGAP4	6.664	4.233	-2.829	under-represented in TruSeq	0	2355
TruSeq vs BOBseq	ENSG00000080986	NDC80	2.609	5.218	2.211	over-represented in TruSeq	0	1820
TruSeq vs BOBseq	ENSG00000081059	TCF7	5.082	3.283	-2.197	under-represented in TruSeq	0	2490
TruSeq vs BOBseq	ENSG00000081154	PCNP	4.073	7.687	3.216	over-represented in TruSeq	0	1683
TruSeq vs BOBseq	ENSG00000082068	WDR70	7.33	5.542	-2.186	under-represented in TruSeq	0	2003
TruSeq vs BOBseq	ENSG00000082153	BZW1	3.945	8.631	4.289	over-represented in TruSeq	0	1597
TruSeq vs BOBseq	ENSG00000082212	ME2	2.591	5.867	2.879	over-represented in TruSeq	0	2533
TruSeq vs BOBseq	ENSG00000082397	EPB41L3	7.76	6.112	-2.046	under-represented in TruSeq	0	2439
TruSeq vs BOBseq	ENSG00000082898	XPO1	4.174	7.806	3.235	over-represented in TruSeq	0	4603
TruSeq vs BOBseq	ENSG00000083520	DIS3	3.542	7.246	3.307	over-represented in TruSeq	0	3710
TruSeq vs BOBseq	ENSG00000083807	SLC27A5	7.079	4.28	-3.197	under-represented in TruSeq	0	609
TruSeq vs BOBseq	ENSG00000084073	ZMPSTE24	3.813	6.679	2.468	over-represented in TruSeq	0	2938
TruSeq vs BOBseq	ENSG00000085063	CD59	2.8	6.884	3.686	over-represented in TruSeq	0	1711
TruSeq vs BOBseq	ENSG00000085117	CD82	5.343	2.91	-2.831	under-represented in TruSeq	0	1954
TruSeq vs BOBseq	ENSG00000085231	AK6	4.239	6.939	2.302	over-represented in TruSeq	0	1625
TruSeq vs BOBseq	ENSG00000085377	PREP	2.692	5.426	2.335	over-represented in TruSeq	0	3183
TruSeq vs BOBseq	ENSG00000085719	CPNE3	3.309	6.325	2.618	over-represented in TruSeq	0	4320
TruSeq vs BOBseq	ENSG00000085788	DDHD2	3.302	5.902	2.202	over-represented in TruSeq	0	1996
TruSeq vs BOBseq	ENSG00000086061	DNAJA1	5.985	8.764	2.381	over-represented in TruSeq	0	2269
TruSeq vs BOBseq	ENSG00000086232	EIF2AK1	4.153	7.42	2.869	over-represented in TruSeq	0	1096
TruSeq vs BOBseq	ENSG00000086666	ZFAND6	2.611	6.464	3.455	over-represented in TruSeq	0	1367
TruSeq vs BOBseq	ENSG00000087263	OGFOD1	3.928	7.255	2.929	over-represented in TruSeq	0	1927
TruSeq vs BOBseq	ENSG00000087365	SF3B2	10.454	8.438	-2.414	under-represented in TruSeq	0	2325
TruSeq vs BOBseq	ENSG00000087502	ERGIC2	3.132	6.8	3.27	over-represented in TruSeq	0	655
TruSeq vs BOBseq	ENSG00000087586	AURKA	4.645	7.225	2.182	over-represented in TruSeq	0	1963
TruSeq vs BOBseq	ENSG00000088451	TGDS	2.817	5.746	2.531	over-represented in TruSeq	0	1662
TruSeq vs BOBseq	ENSG00000088766	CRLS1	2.861	6.29	3.031	over-represented in TruSeq	0	1199
TruSeq vs BOBseq	ENSG00000089248	ERP29	8.881	7.097	-2.183	under-represented in TruSeq	0	1496
TruSeq vs BOBseq	ENSG00000089682	RBM41	2.615	5.168	2.155	over-represented in TruSeq	0	4079
TruSeq vs BOBseq	ENSG00000089876	DHX32	2.604	5.242	2.24	over-represented in TruSeq	0	1768
TruSeq vs BOBseq	ENSG00000090238	YPEL3	5.569	3.187	-2.78	under-represented in TruSeq	0	735
TruSeq vs BOBseq	ENSG00000090273	NUDC	10.278	8.01	-2.665	under-represented in TruSeq	0	1741
TruSeq vs BOBseq	ENSG00000090487	SPG21	3.785	6.426	2.243	over-represented in TruSeq	0	1596
TruSeq vs BOBseq	ENSG00000090674	MCOLN1	7.003	4.79	-2.611	under-represented in TruSeq	0	1813
TruSeq vs BOBseq	ENSG00000090686	USP48	3.371	5.807	2.038	over-represented in TruSeq	0	2002
TruSeq vs BOBseq	ENSG00000090889	KIF4A	3.0	5.739	2.341	over-represented in TruSeq	0	4056
TruSeq vs BOBseq	ENSG00000090971	NAT14	8.716	6.248	-2.867	under-represented in TruSeq	0	1055
TruSeq vs BOBseq	ENSG00000091127	PUS7	3.118	5.532	2.016	over-represented in TruSeq	0	2628
TruSeq vs BOBseq	ENSG00000091140	DLD	2.836	7.47	4.236	over-represented in TruSeq	0	2129
TruSeq vs BOBseq	ENSG00000091317	CMTM6	2.727	6.161	3.036	over-represented in TruSeq	0	3206
TruSeq vs BOBseq	ENSG00000091483	FH	3.757	7.213	3.058	over-represented in TruSeq	0	1263
TruSeq vs BOBseq	ENSG00000091640	SPAG7	8.262	6.223	-2.437	under-represented in TruSeq	0	991
TruSeq vs BOBseq	ENSG00000091947	TMEM101	6.857	4.963	-2.292	under-represented in TruSeq	0	1745
TruSeq vs BOBseq	ENSG00000092108	SCFD1	3.681	6.426	2.347	over-represented in TruSeq	0	2151
TruSeq vs BOBseq	ENSG00000092199	HNRNPC	8.593	11.172	2.181	over-represented in TruSeq	0	1343
TruSeq vs BOBseq	ENSG00000092201	SUPT16H	5.049	7.99	2.544	over-represented in TruSeq	0	2714
TruSeq vs BOBseq	ENSG00000092531	SNAP23	3.345	6.242	2.499	over-represented in TruSeq	0	1608
TruSeq vs BOBseq	ENSG00000093144	ECHDC1	3.546	7.069	3.124	over-represented in TruSeq	0	1549
TruSeq vs BOBseq	ENSG00000093167	LRRFIP2	7.328	5.671	-2.056	under-represented in TruSeq	0	1810
TruSeq vs BOBseq	ENSG00000093183	SEC22C	3.27	5.748	2.08	over-represented in TruSeq	0	3116
TruSeq vs BOBseq	ENSG00000094804	CDC6	4.024	7.165	2.743	over-represented in TruSeq	0	1883
TruSeq vs BOBseq	ENSG00000094880	CDC23	3.955	6.438	2.085	over-represented in TruSeq	0	1307
TruSeq vs BOBseq	ENSG00000095002	MSH2	3.647	6.894	2.849	over-represented in TruSeq	0	3053
TruSeq vs BOBseq	ENSG00000095139	ARCN1	4.131	7.318	2.789	over-represented in TruSeq	0	3801
TruSeq vs BOBseq	ENSG00000096092	TMEM14A	2.901	5.927	2.628	over-represented in TruSeq	0	988
TruSeq vs BOBseq	ENSG00000096401	CDC5L	3.203	5.63	2.029	over-represented in TruSeq	0	6241
TruSeq vs BOBseq	ENSG00000096717	SIRT1	2.715	5.308	2.195	over-represented in TruSeq	0	3780
TruSeq vs BOBseq	ENSG00000097033	SH3GLB1	2.666	5.817	2.753	over-represented in TruSeq	0	3700
TruSeq vs BOBseq	ENSG00000097046	CDC7	2.839	6.683	3.446	over-represented in TruSeq	0	3103
TruSeq vs BOBseq	ENSG00000099194	SCD	5.091	8.543	3.053	over-represented in TruSeq	0	5245
TruSeq vs BOBseq	ENSG00000099330	OCEL1	5.644	2.623	-3.419	under-represented in TruSeq	0	759
TruSeq vs BOBseq	ENSG00000099624	ATP5F1D	11.231	8.096	-3.533	under-represented in TruSeq	0	592
TruSeq vs BOBseq	ENSG00000099795	NDUFB7	10.504	8.638	-2.264	under-represented in TruSeq	0	534
TruSeq vs BOBseq	ENSG00000099797	TECR	10.052	8.177	-2.273	under-represented in TruSeq	0	1080
TruSeq vs BOBseq	ENSG00000099800	TIMM13	12.042	8.162	-4.278	under-represented in TruSeq	0	702
TruSeq vs BOBseq	ENSG00000099999	RNF215	5.863	3.901	-2.361	under-represented in TruSeq	0	1332
TruSeq vs BOBseq	ENSG00000100030	MAPK1	2.588	6.411	3.425	over-represented in TruSeq	0	933
TruSeq vs BOBseq	ENSG00000100106	TRIOBP	6.313	4.281	-2.43	under-represented in TruSeq	0	3197
TruSeq vs BOBseq	ENSG00000100196	KDELR3	2.039	4.632	2.196	over-represented in TruSeq	0	1478
TruSeq vs BOBseq	ENSG00000100206	DMC1	6.448	4.178	-2.668	under-represented in TruSeq	0	1628
TruSeq vs BOBseq	ENSG00000100225	FBXO7	4.215	7.097	2.484	over-represented in TruSeq	0	1973
TruSeq vs BOBseq	ENSG00000100345	MYH9	9.028	7.087	-2.339	under-represented in TruSeq	0	1993
TruSeq vs BOBseq	ENSG00000100359	SGSM3	8.074	5.758	-2.714	under-represented in TruSeq	0	1629
TruSeq vs BOBseq	ENSG00000100372	SLC25A17	2.961	6.407	3.048	over-represented in TruSeq	0	1426
TruSeq vs BOBseq	ENSG00000100380	ST13	6.829	9.263	2.036	over-represented in TruSeq	0	961
TruSeq vs BOBseq	ENSG00000100417	PMM1	6.522	4.778	-2.142	under-represented in TruSeq	0	1348
TruSeq vs BOBseq	ENSG00000100442	FKBP3	5.333	7.889	2.158	over-represented in TruSeq	0	1531
TruSeq vs BOBseq	ENSG00000100479	POLE2	2.375	5.449	2.676	over-represented in TruSeq	0	1141
TruSeq vs BOBseq	ENSG00000100490	CDKL1	5.125	3.115	-2.408	under-represented in TruSeq	0	1936
TruSeq vs BOBseq	ENSG00000100519	PSMC6	3.979	7.713	3.336	over-represented in TruSeq	0	1176
TruSeq vs BOBseq	ENSG00000100526	CDKN3	4.303	6.954	2.253	over-represented in TruSeq	0	748
TruSeq vs BOBseq	ENSG00000100528	CNIH1	2.932	7.825	4.495	over-represented in TruSeq	0	1375
TruSeq vs BOBseq	ENSG00000100567	PSMA3	3.996	8.489	4.095	over-represented in TruSeq	0	944
TruSeq vs BOBseq	ENSG00000100577	GSTZ1	8.65	5.675	-3.373	under-represented in TruSeq	0	1119
TruSeq vs BOBseq	ENSG00000100591	AHSA1	10.919	8.979	-2.337	under-represented in TruSeq	0	798
TruSeq vs BOBseq	ENSG00000100599	RIN3	4.045	2.32	-2.124	under-represented in TruSeq	0	2587
TruSeq vs BOBseq	ENSG00000100632	ERH	6.94	9.852	2.514	over-represented in TruSeq	0	788
TruSeq vs BOBseq	ENSG00000100749	VRK1	3.686	6.623	2.539	over-represented in TruSeq	0	1675
TruSeq vs BOBseq	ENSG00000100836	PABPN1	10.846	8.309	-2.935	under-represented in TruSeq	0	1417
TruSeq vs BOBseq	ENSG00000100934	SEC23A	3.126	6.522	2.998	over-represented in TruSeq	0	3336
TruSeq vs BOBseq	ENSG00000100968	NFATC4	5.218	2.64	-2.976	under-represented in TruSeq	0	
TruSeq vs BOBseq	ENSG00000101004	NINL	4.852	2.793	-2.457	under-represented in TruSeq	0	3532
TruSeq vs BOBseq	ENSG00000101052	IFT52	2.948	5.991	2.646	over-represented in TruSeq	0	1502
TruSeq vs BOBseq	ENSG00000101132	PFDN4	4.177	7.49	2.915	over-represented in TruSeq	0	636
TruSeq vs BOBseq	ENSG00000101166	PRELID3B	4.625	7.521	2.498	over-represented in TruSeq	0	1708
TruSeq vs BOBseq	ENSG00000101310	SEC23B	2.761	6.319	3.16	over-represented in TruSeq	0	2334
TruSeq vs BOBseq	ENSG00000101367	MAPRE1	5.237	7.73	2.095	over-represented in TruSeq	0	2562
TruSeq vs BOBseq	ENSG00000101546	RBFA	7.046	5.023	-2.421	under-represented in TruSeq	0	1650
TruSeq vs BOBseq	ENSG00000101557	USP14	3.235	6.383	2.75	over-represented in TruSeq	0	3177
TruSeq vs BOBseq	ENSG00000101558	VAPA	4.549	7.246	2.299	over-represented in TruSeq	0	1302
TruSeq vs BOBseq	ENSG00000101843	PSMD10	2.317	7.934	5.219	over-represented in TruSeq	0	1336
TruSeq vs BOBseq	ENSG00000101871	MID1	3.367	5.962	2.197	over-represented in TruSeq	0	3858
TruSeq vs BOBseq	ENSG00000101898	MCTS2	2.624	5.506	2.484	over-represented in TruSeq	0	1641
TruSeq vs BOBseq	ENSG00000101911	PRPS2	3.995	6.493	2.1	over-represented in TruSeq	0	2319
TruSeq vs BOBseq	ENSG00000101972	STAG2	4.098	7.235	2.739	over-represented in TruSeq	0	4718
TruSeq vs BOBseq	ENSG00000102007	PLP2	5.094	1.635	-3.858	under-represented in TruSeq	0	1101
TruSeq vs BOBseq	ENSG00000102024	PLS3	4.967	9.448	4.083	over-represented in TruSeq	0	2467
TruSeq vs BOBseq	ENSG00000102038	SMARCA1	2.97	5.457	2.089	over-represented in TruSeq	0	3935
TruSeq vs BOBseq	ENSG00000102144	PGK1	6.337	9.068	2.333	over-represented in TruSeq	0	2064
TruSeq vs BOBseq	ENSG00000102393	GLA	5.621	8.229	2.21	over-represented in TruSeq	0	1590
TruSeq vs BOBseq	ENSG00000102543	CDADC1	6.363	4.581	-2.179	under-represented in TruSeq	0	1093
TruSeq vs BOBseq	ENSG00000102710	SUPT20H	2.317	5.34	2.625	over-represented in TruSeq	0	1525
TruSeq vs BOBseq	ENSG00000102805	CLN5	3.115	6.017	2.504	over-represented in TruSeq	0	2456
TruSeq vs BOBseq	ENSG00000102870	ZNF629	5.609	3.37	-2.637	under-represented in TruSeq	0	6083
TruSeq vs BOBseq	ENSG00000102931	ARL2BP	2.959	6.571	3.215	over-represented in TruSeq	0	1925
TruSeq vs BOBseq	ENSG00000103064	SLC7A6	3.006	5.703	2.299	over-represented in TruSeq	0	4994
TruSeq vs BOBseq	ENSG00000103145	HCFC1R1	8.875	5.96	-3.314	under-represented in TruSeq	0	801
TruSeq vs BOBseq	ENSG00000103187	COTL1	9.092	6.596	-2.894	under-represented in TruSeq	0	1589
TruSeq vs BOBseq	ENSG00000103194	USP10	4.902	7.438	2.138	over-represented in TruSeq	0	1849
TruSeq vs BOBseq	ENSG00000103254	ANTKMT	7.913	5.455	-2.856	under-represented in TruSeq	0	567
TruSeq vs BOBseq	ENSG00000103260	METRN	6.167	3.722	-2.843	under-represented in TruSeq	0	1143
TruSeq vs BOBseq	ENSG00000103353	UBFD1	4.14	6.7	2.162	over-represented in TruSeq	0	3641
TruSeq vs BOBseq	ENSG00000103363	ELOB	11.78	8.953	-3.225	under-represented in TruSeq	0	596
TruSeq vs BOBseq	ENSG00000103365	GGA2	4.348	6.831	2.085	over-represented in TruSeq	0	2225
TruSeq vs BOBseq	ENSG00000103485	QPRT	7.134	5.217	-2.315	under-represented in TruSeq	0	2139
TruSeq vs BOBseq	ENSG00000103496	STX4	8.395	6.428	-2.365	under-represented in TruSeq	0	1215
TruSeq vs BOBseq	ENSG00000103550	KNOP1	9.371	6.254	-3.515	under-represented in TruSeq	0	4023
TruSeq vs BOBseq	ENSG00000103942	HOMER2	7.974	5.64	-2.732	under-represented in TruSeq	0	1610
TruSeq vs BOBseq	ENSG00000104129	DNAJC17	8.008	5.042	-3.363	under-represented in TruSeq	0	680
TruSeq vs BOBseq	ENSG00000104140	RHOV	5.478	2.293	-3.583	under-represented in TruSeq	0	1650
TruSeq vs BOBseq	ENSG00000104231	ZFAND1	3.717	6.239	2.123	over-represented in TruSeq	0	1204
TruSeq vs BOBseq	ENSG00000104267	CA2	5.588	8.703	2.717	over-represented in TruSeq	0	1460
TruSeq vs BOBseq	ENSG00000104325	DECR1	1.468	5.165	3.298	over-represented in TruSeq	0	866
TruSeq vs BOBseq	ENSG00000104341	LAPTM4B	5.141	8.022	2.483	over-represented in TruSeq	0	2442
TruSeq vs BOBseq	ENSG00000104412	EMC2	2.728	6.504	3.378	over-represented in TruSeq	0	940
TruSeq vs BOBseq	ENSG00000104442	ARMC1	2.714	5.63	2.519	over-represented in TruSeq	0	2937
TruSeq vs BOBseq	ENSG00000104529	EEF1D	12.504	9.399	-3.503	under-represented in TruSeq	0	538
TruSeq vs BOBseq	ENSG00000104660	LEPROTL1	2.276	5.283	2.609	over-represented in TruSeq	0	1827
TruSeq vs BOBseq	ENSG00000104671	DCTN6	3.345	5.825	2.082	over-represented in TruSeq	0	998
TruSeq vs BOBseq	ENSG00000104679	R3HCC1	8.152	6.054	-2.495	under-represented in TruSeq	0	1403
TruSeq vs BOBseq	ENSG00000104714	ERICH1	7.419	5.273	-2.544	under-represented in TruSeq	0	1209
TruSeq vs BOBseq	ENSG00000104722	NEFM	8.915	5.843	-3.47	under-represented in TruSeq	0	2803
TruSeq vs BOBseq	ENSG00000104723	TUSC3	3.174	6.299	2.727	over-represented in TruSeq	0	1419
TruSeq vs BOBseq	ENSG00000104763	ASAH1	3.378	5.884	2.108	over-represented in TruSeq	0	1554
TruSeq vs BOBseq	ENSG00000104825	NFKBIB	7.308	5.66	-2.047	under-represented in TruSeq	0	
TruSeq vs BOBseq	ENSG00000104859	CLASRP	8.143	5.906	-2.635	under-represented in TruSeq	0	946
TruSeq vs BOBseq	ENSG00000104863	LIN7B	4.396	2.551	-2.243	under-represented in TruSeq	0	592
TruSeq vs BOBseq	ENSG00000104866	PPP1R37	5.9	3.906	-2.393	under-represented in TruSeq	0	2707
TruSeq vs BOBseq	ENSG00000104892	KLC3	4.528	2.531	-2.395	under-represented in TruSeq	0	1830
TruSeq vs BOBseq	ENSG00000104899	AMH	5.473	3.751	-2.121	under-represented in TruSeq	0	1084
TruSeq vs BOBseq	ENSG00000104904	OAZ1	12.409	10.552	-2.255	under-represented in TruSeq	0	964
TruSeq vs BOBseq	ENSG00000104960	PTOV1	9.355	7.731	-2.022	under-represented in TruSeq	0	1323
TruSeq vs BOBseq	ENSG00000104979	C19orf53	10.104	8.346	-2.156	under-represented in TruSeq	0	707
TruSeq vs BOBseq	ENSG00000104980	TIMM44	8.944	7.132	-2.21	under-represented in TruSeq	0	1523
TruSeq vs BOBseq	ENSG00000104998	IL27RA	4.272	2.67	-2.0	under-represented in TruSeq	0	
TruSeq vs BOBseq	ENSG00000105048	TNNT1	7.29	5.18	-2.508	under-represented in TruSeq	0	858
TruSeq vs BOBseq	ENSG00000105063	PPP6R1	8.256	6.401	-2.253	under-represented in TruSeq	0	2299
TruSeq vs BOBseq	ENSG00000105135	ILVBL	7.447	5.698	-2.146	under-represented in TruSeq	0	2126
TruSeq vs BOBseq	ENSG00000105258	POLR2I	9.945	8.094	-2.249	under-represented in TruSeq	0	496
TruSeq vs BOBseq	ENSG00000105287	PRKD2	6.49	4.673	-2.215	under-represented in TruSeq	0	2002
TruSeq vs BOBseq	ENSG00000105321	CCDC9	5.933	4.193	-2.138	under-represented in TruSeq	0	1561
TruSeq vs BOBseq	ENSG00000105327	BBC3	5.785	3.221	-2.962	under-represented in TruSeq	0	1363
TruSeq vs BOBseq	ENSG00000105329	TGFB1	6.269	4.292	-2.375	under-represented in TruSeq	0	989
TruSeq vs BOBseq	ENSG00000105379	ETFB	9.346	7.527	-2.217	under-represented in TruSeq	0	872
TruSeq vs BOBseq	ENSG00000105401	CDC37	10.952	8.884	-2.466	under-represented in TruSeq	0	1291
TruSeq vs BOBseq	ENSG00000105516	DBP	5.907	3.994	-2.311	under-represented in TruSeq	0	1205
TruSeq vs BOBseq	ENSG00000105617	LENG1	7.09	4.245	-3.243	under-represented in TruSeq	0	1381
TruSeq vs BOBseq	ENSG00000105619	TFPT	7.207	4.664	-2.941	under-represented in TruSeq	0	1180
TruSeq vs BOBseq	ENSG00000105671	DDX49	8.981	6.713	-2.666	under-represented in TruSeq	0	1320
TruSeq vs BOBseq	ENSG00000105698	USF2	9.26	7.184	-2.474	under-represented in TruSeq	0	1058
TruSeq vs BOBseq	ENSG00000105700	KXD1	9.19	7.561	-2.027	under-represented in TruSeq	0	1206
TruSeq vs BOBseq	ENSG00000105819	PMPCB	3.975	7.362	2.989	over-represented in TruSeq	0	1734
TruSeq vs BOBseq	ENSG00000105835	NAMPT	3.847	7.054	2.81	over-represented in TruSeq	0	2341
TruSeq vs BOBseq	ENSG00000105880	DLX5	4.188	2.238	-2.348	under-represented in TruSeq	0	1413
TruSeq vs BOBseq	ENSG00000105887	MTPN	2.801	7.77	4.57	over-represented in TruSeq	0	1126
TruSeq vs BOBseq	ENSG00000106012	IQCE	6.416	3.75	-3.064	under-represented in TruSeq	0	4284
TruSeq vs BOBseq	ENSG00000106066	CPVL	3.627	6.242	2.217	over-represented in TruSeq	0	1198
TruSeq vs BOBseq	ENSG00000106144	CASP2	2.903	5.941	2.639	over-represented in TruSeq	0	3901
TruSeq vs BOBseq	ENSG00000106211	HSPB1	9.056	7.024	-2.43	under-represented in TruSeq	0	661
TruSeq vs BOBseq	ENSG00000106268	NUDT1	9.238	6.497	-3.139	under-represented in TruSeq	0	672
TruSeq vs BOBseq	ENSG00000106355	LSM5	3.375	7.658	3.885	over-represented in TruSeq	0	631
TruSeq vs BOBseq	ENSG00000106400	ZNHIT1	9.764	7.707	-2.455	under-represented in TruSeq	0	846
TruSeq vs BOBseq	ENSG00000106460	TMEM106B	2.146	5.033	2.489	over-represented in TruSeq	0	3286
TruSeq vs BOBseq	ENSG00000106537	TSPAN13	3.132	5.873	2.342	over-represented in TruSeq	0	1859
TruSeq vs BOBseq	ENSG00000106588	PSMA2	4.143	8.445	3.904	over-represented in TruSeq	0	1041
TruSeq vs BOBseq	ENSG00000106603	COA1	4.975	7.624	2.25	over-represented in TruSeq	0	1033
TruSeq vs BOBseq	ENSG00000106605	BLVRA	8.302	6.14	-2.56	under-represented in TruSeq	0	1074
TruSeq vs BOBseq	ENSG00000106992	AK1	8.58	6.812	-2.166	under-represented in TruSeq	0	668
TruSeq vs BOBseq	ENSG00000107223	EDF1	10.89	9.065	-2.222	under-represented in TruSeq	0	758
TruSeq vs BOBseq	ENSG00000107372	ZFAND5	3.755	6.629	2.476	over-represented in TruSeq	0	2129
TruSeq vs BOBseq	ENSG00000107566	ERLIN1	2.538	5.275	2.339	over-represented in TruSeq	0	2813
TruSeq vs BOBseq	ENSG00000107862	GBF1	7.504	5.687	-2.214	under-represented in TruSeq	0	3841
TruSeq vs BOBseq	ENSG00000107872	FBXL15	5.447	3.498	-2.347	under-represented in TruSeq	0	1098
TruSeq vs BOBseq	ENSG00000107937	GTPBP4	8.913	7.249	-2.062	under-represented in TruSeq	0	2562
TruSeq vs BOBseq	ENSG00000108559	NUP88	4.575	7.137	2.164	over-represented in TruSeq	0	956
TruSeq vs BOBseq	ENSG00000108587	GOSR1	3.087	5.828	2.343	over-represented in TruSeq	0	2484
TruSeq vs BOBseq	ENSG00000108588	CCDC47	4.176	7.288	2.714	over-represented in TruSeq	0	1883
TruSeq vs BOBseq	ENSG00000108651	UTP6	3.936	7.199	2.865	over-represented in TruSeq	0	1120
TruSeq vs BOBseq	ENSG00000108883	EFTUD2	5.879	8.382	2.105	over-represented in TruSeq	0	1253
TruSeq vs BOBseq	ENSG00000109133	TMEM33	3.969	6.822	2.455	over-represented in TruSeq	0	2962
TruSeq vs BOBseq	ENSG00000109472	CPE	3.597	6.036	2.041	over-represented in TruSeq	0	1953
TruSeq vs BOBseq	ENSG00000109534	GAR1	9.538	7.833	-2.103	under-represented in TruSeq	0	976
TruSeq vs BOBseq	ENSG00000109606	DHX15	4.665	7.893	2.83	over-represented in TruSeq	0	2632
TruSeq vs BOBseq	ENSG00000109805	NCAPG	3.574	6.168	2.195	over-represented in TruSeq	0	3025
TruSeq vs BOBseq	ENSG00000109881	CCDC34	7.549	5.801	-2.146	under-represented in TruSeq	0	1354
TruSeq vs BOBseq	ENSG00000109919	MTCH2	5.483	7.953	2.072	over-represented in TruSeq	0	869
TruSeq vs BOBseq	ENSG00000109929	SC5D	2.754	7.063	3.911	over-represented in TruSeq	0	2541
TruSeq vs BOBseq	ENSG00000109971	HSPA8	8.419	11.081	2.264	over-represented in TruSeq	0	1642
TruSeq vs BOBseq	ENSG00000110011	DNAJC4	6.799	4.448	-2.75	under-represented in TruSeq	0	846
TruSeq vs BOBseq	ENSG00000110048	OSBP	2.759	5.506	2.349	over-represented in TruSeq	0	3923
TruSeq vs BOBseq	ENSG00000110063	DCPS	6.357	4.666	-2.088	under-represented in TruSeq	0	3285
TruSeq vs BOBseq	ENSG00000110080	ST3GAL4	7.79	4.477	-3.711	under-represented in TruSeq	0	1359
TruSeq vs BOBseq	ENSG00000110172	CHORDC1	4.139	7.598	3.061	over-represented in TruSeq	0	
TruSeq vs BOBseq	ENSG00000110321	EIF4G2	5.832	9.775	3.545	over-represented in TruSeq	0	2171
TruSeq vs BOBseq	ENSG00000110330	BIRC2	2.124	4.785	2.263	over-represented in TruSeq	0	3488
TruSeq vs BOBseq	ENSG00000110367	DDX6	2.726	5.646	2.522	over-represented in TruSeq	0	5385
TruSeq vs BOBseq	ENSG00000110429	FBXO3	2.88	5.932	2.654	over-represented in TruSeq	0	2046
TruSeq vs BOBseq	ENSG00000110768	GTF2H1	2.938	5.564	2.228	over-represented in TruSeq	0	
TruSeq vs BOBseq	ENSG00000110811	P3H3	6.176	4.371	-2.203	under-represented in TruSeq	0	1738
TruSeq vs BOBseq	ENSG00000110844	PRPF40B	4.318	2.531	-2.185	under-represented in TruSeq	0	1574
TruSeq vs BOBseq	ENSG00000110955	ATP5F1B	7.469	10.864	2.996	over-represented in TruSeq	0	789
TruSeq vs BOBseq	ENSG00000111142	METAP2	9.907	8.174	-2.13	under-represented in TruSeq	0	2107
TruSeq vs BOBseq	ENSG00000111144	LTA4H	3.692	7.251	3.161	over-represented in TruSeq	0	2157
TruSeq vs BOBseq	ENSG00000111237	VPS29	4.759	7.439	2.283	over-represented in TruSeq	0	840
TruSeq vs BOBseq	ENSG00000111321	LTBR	6.63	1.977	-5.051	under-represented in TruSeq	0	1617
TruSeq vs BOBseq	ENSG00000111481	COPZ1	4.102	8.537	4.037	over-represented in TruSeq	0	1574
TruSeq vs BOBseq	ENSG00000111716	LDHB	7.429	11.541	3.714	over-represented in TruSeq	0	854
TruSeq vs BOBseq	ENSG00000111726	CMAS	4.173	6.643	2.071	over-represented in TruSeq	0	1676
TruSeq vs BOBseq	ENSG00000111906	HDDC2	10.154	8.254	-2.298	under-represented in TruSeq	0	1053
TruSeq vs BOBseq	ENSG00000112029	FBXO5	2.868	6.305	3.038	over-represented in TruSeq	0	2149
TruSeq vs BOBseq	ENSG00000112062	MAPK14	3.136	5.709	2.175	over-represented in TruSeq	0	2835
TruSeq vs BOBseq	ENSG00000112081	SRSF3	6.721	9.806	2.687	over-represented in TruSeq	0	1749
TruSeq vs BOBseq	ENSG00000112146	FBXO9	4.038	6.807	2.371	over-represented in TruSeq	0	1709
TruSeq vs BOBseq	ENSG00000112237	CCNC	4.484	7.059	2.177	over-represented in TruSeq	0	1869
TruSeq vs BOBseq	ENSG00000112290	WASF1	3.306	6.515	2.811	over-represented in TruSeq	0	2504
TruSeq vs BOBseq	ENSG00000112304	ACOT13	2.616	5.06	2.047	over-represented in TruSeq	0	1484
TruSeq vs BOBseq	ENSG00000112308	C6orf62	3.63	6.18	2.153	over-represented in TruSeq	0	3021
TruSeq vs BOBseq	ENSG00000112531	QKI	4.397	6.879	2.085	over-represented in TruSeq	0	2953
TruSeq vs BOBseq	ENSG00000112655	PTK7	7.213	5.344	-2.268	under-represented in TruSeq	0	3375
TruSeq vs BOBseq	ENSG00000112659	CUL9	4.953	2.839	-2.512	under-represented in TruSeq	0	3937
TruSeq vs BOBseq	ENSG00000112685	EXOC2	2.662	5.346	2.286	over-represented in TruSeq	0	3758
TruSeq vs BOBseq	ENSG00000112695	COX7A2	6.676	9.876	2.802	over-represented in TruSeq	0	457
TruSeq vs BOBseq	ENSG00000112769	LAMA4	5.867	3.483	-2.783	under-represented in TruSeq	0	3857
TruSeq vs BOBseq	ENSG00000112972	HMGCS1	3.113	7.099	3.588	over-represented in TruSeq	0	2740
TruSeq vs BOBseq	ENSG00000113013	HSPA9	6.804	9.235	2.032	over-represented in TruSeq	0	2297
TruSeq vs BOBseq	ENSG00000113328	CCNG1	5.074	7.845	2.372	over-represented in TruSeq	0	2127
TruSeq vs BOBseq	ENSG00000113387	SUB1	5.482	8.74	2.86	over-represented in TruSeq	0	994
TruSeq vs BOBseq	ENSG00000113552	GNPDA1	4.482	7.013	2.133	over-represented in TruSeq	0	1482
TruSeq vs BOBseq	ENSG00000113558	SKP1	4.293	8.598	3.907	over-represented in TruSeq	0	678
TruSeq vs BOBseq	ENSG00000113583	C5orf15	3.879	6.968	2.692	over-represented in TruSeq	0	763
TruSeq vs BOBseq	ENSG00000113643	RARS1	4.598	8.08	3.084	over-represented in TruSeq	0	2014
TruSeq vs BOBseq	ENSG00000113732	ATP6V0E1	3.644	7.278	3.236	over-represented in TruSeq	0	820
TruSeq vs BOBseq	ENSG00000113758	DBN1	9.606	6.931	-3.073	under-represented in TruSeq	0	1630
TruSeq vs BOBseq	ENSG00000113851	CRBN	2.251	5.472	2.823	over-represented in TruSeq	0	1101
TruSeq vs BOBseq	ENSG00000114021	NIT2	3.446	5.997	2.154	over-represented in TruSeq	0	1386
TruSeq vs BOBseq	ENSG00000114030	KPNA1	3.346	6.723	2.979	over-represented in TruSeq	0	1733
TruSeq vs BOBseq	ENSG00000114098	ARMC8	2.243	5.121	2.479	over-represented in TruSeq	0	2334
TruSeq vs BOBseq	ENSG00000114115	RBP1	5.635	2.047	-3.986	under-represented in TruSeq	0	711
TruSeq vs BOBseq	ENSG00000114120	SLC25A36	3.431	6.337	2.508	over-represented in TruSeq	0	2875
TruSeq vs BOBseq	ENSG00000114209	PDCD10	2.334	6.515	3.783	over-represented in TruSeq	0	1088
TruSeq vs BOBseq	ENSG00000114405	CEP15	3.407	6.338	2.534	over-represented in TruSeq	0	839
TruSeq vs BOBseq	ENSG00000114744	COMMD2	2.757	6.047	2.891	over-represented in TruSeq	0	2442
TruSeq vs BOBseq	ENSG00000114784	EIF1B	3.012	7.464	4.054	over-represented in TruSeq	0	969
TruSeq vs BOBseq	ENSG00000114956	DGUOK	4.327	7.532	2.806	over-represented in TruSeq	0	891
TruSeq vs BOBseq	ENSG00000114978	MOB1A	3.02	6.18	2.761	over-represented in TruSeq	0	4355
TruSeq vs BOBseq	ENSG00000115091	ACTR3	4.922	7.773	2.452	over-represented in TruSeq	0	2189
TruSeq vs BOBseq	ENSG00000115128	SF3B6	6.508	9.305	2.4	over-represented in TruSeq	0	656
TruSeq vs BOBseq	ENSG00000115255	REEP6	6.27	4.285	-2.383	under-represented in TruSeq	0	1356
TruSeq vs BOBseq	ENSG00000115274	INO80B	7.857	5.89	-2.365	under-represented in TruSeq	0	807
TruSeq vs BOBseq	ENSG00000115310	RTN4	4.757	7.37	2.214	over-represented in TruSeq	0	1872
TruSeq vs BOBseq	ENSG00000115368	WDR75	2.966	6.581	3.217	over-represented in TruSeq	0	2483
TruSeq vs BOBseq	ENSG00000115392	FANCL	3.216	5.962	2.348	over-represented in TruSeq	0	1982
TruSeq vs BOBseq	ENSG00000115446	UNC50	3.49	6.023	2.135	over-represented in TruSeq	0	1182
TruSeq vs BOBseq	ENSG00000115457	IGFBP2	9.128	6.676	-2.85	under-represented in TruSeq	0	1021
TruSeq vs BOBseq	ENSG00000115484	CCT4	6.572	9.401	2.431	over-represented in TruSeq	0	2152
TruSeq vs BOBseq	ENSG00000115514	TXNDC9	2.53	5.703	2.774	over-represented in TruSeq	0	1296
TruSeq vs BOBseq	ENSG00000115524	SF3B1	3.902	8.113	3.813	over-represented in TruSeq	0	2608
TruSeq vs BOBseq	ENSG00000115685	PPP1R7	8.935	7.2	-2.133	under-represented in TruSeq	0	1059
TruSeq vs BOBseq	ENSG00000115758	ODC1	6.144	8.966	2.424	over-represented in TruSeq	0	1998
TruSeq vs BOBseq	ENSG00000115875	SRSF7	6.609	9.157	2.149	over-represented in TruSeq	0	1292
TruSeq vs BOBseq	ENSG00000115942	ORC2	2.722	5.527	2.407	over-represented in TruSeq	0	2693
TruSeq vs BOBseq	ENSG00000115947	ORC4	3.188	6.304	2.718	over-represented in TruSeq	0	1737
TruSeq vs BOBseq	ENSG00000115977	AAK1	5.249	2.807	-2.84	under-represented in TruSeq	0	7287
TruSeq vs BOBseq	ENSG00000116035	VAX2	5.019	2.258	-3.159	under-represented in TruSeq	0	1326
TruSeq vs BOBseq	ENSG00000116151	MORN1	4.868	2.461	-2.805	under-represented in TruSeq	0	1074
TruSeq vs BOBseq	ENSG00000116171	SCP2	4.071	6.931	2.462	over-represented in TruSeq	0	1384
TruSeq vs BOBseq	ENSG00000116209	TMEM59	4.756	7.424	2.27	over-represented in TruSeq	0	1050
TruSeq vs BOBseq	ENSG00000116459	ATP5PB	5.881	9.539	3.261	over-represented in TruSeq	0	847
TruSeq vs BOBseq	ENSG00000116489	CAPZA1	3.331	7.93	4.202	over-represented in TruSeq	0	1901
TruSeq vs BOBseq	ENSG00000116586	LAMTOR2	9.622	7.592	-2.428	under-represented in TruSeq	0	612
TruSeq vs BOBseq	ENSG00000116641	DOCK7	3.134	5.853	2.321	over-represented in TruSeq	0	1968
TruSeq vs BOBseq	ENSG00000116649	SRM	10.885	8.907	-2.375	under-represented in TruSeq	0	605
TruSeq vs BOBseq	ENSG00000116679	IVNS1ABP	2.523	6.235	3.314	over-represented in TruSeq	0	1617
TruSeq vs BOBseq	ENSG00000116729	WLS	4.639	7.142	2.105	over-represented in TruSeq	0	1246
TruSeq vs BOBseq	ENSG00000116750	UCHL5	4.794	7.574	2.382	over-represented in TruSeq	0	1494
TruSeq vs BOBseq	ENSG00000116752	BCAS2	3.953	7.494	3.144	over-represented in TruSeq	0	1270
TruSeq vs BOBseq	ENSG00000116791	CRYZ	2.862	5.731	2.471	over-represented in TruSeq	0	1287
TruSeq vs BOBseq	ENSG00000116809	ZBTB17	6.011	3.907	-2.503	under-represented in TruSeq	0	822
TruSeq vs BOBseq	ENSG00000116906	GNPAT	2.881	6.263	2.984	over-represented in TruSeq	0	2314
TruSeq vs BOBseq	ENSG00000117054	ACADM	3.867	7.065	2.801	over-represented in TruSeq	0	1775
TruSeq vs BOBseq	ENSG00000117114	ADGRL2	2.555	5.255	2.301	over-represented in TruSeq	0	5407
TruSeq vs BOBseq	ENSG00000117122	MFAP2	6.357	3.25	-3.504	under-represented in TruSeq	0	885
TruSeq vs BOBseq	ENSG00000117155	SSX2IP	2.599	5.597	2.599	over-represented in TruSeq	0	3683
TruSeq vs BOBseq	ENSG00000117450	PRDX1	7.957	10.972	2.617	over-represented in TruSeq	0	881
TruSeq vs BOBseq	ENSG00000117505	DR1	3.367	6.482	2.718	over-represented in TruSeq	0	3467
TruSeq vs BOBseq	ENSG00000117543	DPH5	3.197	6.787	3.192	over-represented in TruSeq	0	1000
TruSeq vs BOBseq	ENSG00000117593	DARS2	3.774	6.875	2.703	over-represented in TruSeq	0	2850
TruSeq vs BOBseq	ENSG00000117632	STMN1	5.518	8.76	2.844	over-represented in TruSeq	0	1197
TruSeq vs BOBseq	ENSG00000117691	NENF	8.783	7.12	-2.06	under-represented in TruSeq	0	904
TruSeq vs BOBseq	ENSG00000117862	TXNDC12	4.289	6.98	2.292	over-represented in TruSeq	0	1416
TruSeq vs BOBseq	ENSG00000117877	POLR1G	9.301	6.093	-3.606	under-represented in TruSeq	0	1681
TruSeq vs BOBseq	ENSG00000118495	PLAGL1	3.362	6.098	2.338	over-represented in TruSeq	0	2153
TruSeq vs BOBseq	ENSG00000118855	MFSD1	2.552	5.634	2.685	over-represented in TruSeq	0	2137
TruSeq vs BOBseq	ENSG00000118894	EEF2KMT	7.337	5.398	-2.337	under-represented in TruSeq	0	1209
TruSeq vs BOBseq	ENSG00000119013	NDUFB3	5.199	8.499	2.901	over-represented in TruSeq	0	502
TruSeq vs BOBseq	ENSG00000119203	CPSF3	4.023	6.793	2.372	over-represented in TruSeq	0	2191
TruSeq vs BOBseq	ENSG00000119242	CCDC92	6.596	4.889	-2.105	under-represented in TruSeq	0	2423
TruSeq vs BOBseq	ENSG00000119285	HEATR1	3.167	6.511	2.945	over-represented in TruSeq	0	4118
TruSeq vs BOBseq	ENSG00000119396	RAB14	2.752	6.403	3.254	over-represented in TruSeq	0	2411
TruSeq vs BOBseq	ENSG00000119471	HSDL2	2.725	5.744	2.621	over-represented in TruSeq	0	2819
TruSeq vs BOBseq	ENSG00000119632	IFI27L2	5.819	3.52	-2.697	under-represented in TruSeq	0	451
TruSeq vs BOBseq	ENSG00000119640	ACYP1	5.522	3.866	-2.054	under-represented in TruSeq	0	596
TruSeq vs BOBseq	ENSG00000119707	RBM25	10.567	6.844	-4.121	under-represented in TruSeq	0	3855
TruSeq vs BOBseq	ENSG00000119720	NRDE2	5.965	4.31	-2.053	under-represented in TruSeq	0	3581
TruSeq vs BOBseq	ENSG00000119725	ZNF410	2.523	5.421	2.5	over-represented in TruSeq	0	2017
TruSeq vs BOBseq	ENSG00000119787	ATL2	3.608	6.683	2.676	over-represented in TruSeq	0	2077
TruSeq vs BOBseq	ENSG00000119820	YIPF4	2.76	5.196	2.039	over-represented in TruSeq	0	2970
TruSeq vs BOBseq	ENSG00000119977	TCTN3	2.636	5.683	2.649	over-represented in TruSeq	0	2257
TruSeq vs BOBseq	ENSG00000119986	AVPI1	4.597	2.511	-2.484	under-represented in TruSeq	0	1375
TruSeq vs BOBseq	ENSG00000120053	GOT1	3.148	6.415	2.869	over-represented in TruSeq	0	1613
TruSeq vs BOBseq	ENSG00000120071	KANSL1	2.737	5.279	2.144	over-represented in TruSeq	0	1260
TruSeq vs BOBseq	ENSG00000120438	TCP1	7.048	9.851	2.405	over-represented in TruSeq	0	1587
TruSeq vs BOBseq	ENSG00000120509	PDZD11	4.045	6.544	2.101	over-represented in TruSeq	0	1031
TruSeq vs BOBseq	ENSG00000120694	HSPH1	4.752	7.59	2.441	over-represented in TruSeq	0	2461
TruSeq vs BOBseq	ENSG00000120697	ALG5	3.917	6.623	2.309	over-represented in TruSeq	0	1058
TruSeq vs BOBseq	ENSG00000120699	EXOSC8	3.386	6.959	3.175	over-represented in TruSeq	0	1308
TruSeq vs BOBseq	ENSG00000120733	KDM3B	2.668	5.53	2.464	over-represented in TruSeq	0	5210
TruSeq vs BOBseq	ENSG00000120805	ARL1	4.07	6.807	2.339	over-represented in TruSeq	0	1512
TruSeq vs BOBseq	ENSG00000120885	CLU	5.888	4.219	-2.068	under-represented in TruSeq	0	834
TruSeq vs BOBseq	ENSG00000120992	LYPLA1	4.699	7.244	2.147	over-represented in TruSeq	0	1771
TruSeq vs BOBseq	ENSG00000121068	TBX2	5.857	3.786	-2.469	under-represented in TruSeq	0	3980
TruSeq vs BOBseq	ENSG00000121410	A1BG	7.356	4.334	-3.42	under-represented in TruSeq	0	598
TruSeq vs BOBseq	ENSG00000121481	RNF2	2.117	5.768	3.252	over-represented in TruSeq	0	1920
TruSeq vs BOBseq	ENSG00000121644	DESI2	4.034	6.584	2.152	over-represented in TruSeq	0	3315
TruSeq vs BOBseq	ENSG00000121851	POLR3GL	7.136	5.321	-2.213	under-represented in TruSeq	0	1121
TruSeq vs BOBseq	ENSG00000121864	ZNF639	2.264	5.958	3.296	over-represented in TruSeq	0	1676
TruSeq vs BOBseq	ENSG00000122218	COPA	4.571	7.382	2.413	over-represented in TruSeq	0	2014
TruSeq vs BOBseq	ENSG00000122386	ZNF205	6.786	4.63	-2.554	under-represented in TruSeq	0	1232
TruSeq vs BOBseq	ENSG00000122482	ZNF644	3.469	6.029	2.162	over-represented in TruSeq	0	2378
TruSeq vs BOBseq	ENSG00000122592	HOXA7	7.956	3.427	-4.927	under-represented in TruSeq	0	1929
TruSeq vs BOBseq	ENSG00000122674	CCZ1	3.369	6.404	2.636	over-represented in TruSeq	0	801
TruSeq vs BOBseq	ENSG00000122786	CALD1	8.141	6.134	-2.405	under-represented in TruSeq	0	3841
TruSeq vs BOBseq	ENSG00000123064	DDX54	10.735	7.585	-3.548	under-represented in TruSeq	0	1313
TruSeq vs BOBseq	ENSG00000123146	ADGRE5	4.738	2.791	-2.345	under-represented in TruSeq	0	2280
TruSeq vs BOBseq	ENSG00000123154	WDR83	7.196	4.707	-2.887	under-represented in TruSeq	0	1025
TruSeq vs BOBseq	ENSG00000123219	CENPK	3.116	5.88	2.366	over-represented in TruSeq	0	934
TruSeq vs BOBseq	ENSG00000123472	ATPAF1	5.056	7.56	2.107	over-represented in TruSeq	0	1426
TruSeq vs BOBseq	ENSG00000123505	AMD1	4.204	7.969	3.367	over-represented in TruSeq	0	2610
TruSeq vs BOBseq	ENSG00000123545	NDUFAF4	4.328	7.042	2.317	over-represented in TruSeq	0	771
TruSeq vs BOBseq	ENSG00000123575	FAM199X	3.064	5.971	2.508	over-represented in TruSeq	0	6522
TruSeq vs BOBseq	ENSG00000123595	RAB9A	3.372	5.816	2.046	over-represented in TruSeq	0	1225
TruSeq vs BOBseq	ENSG00000123685	BATF3	5.755	3.624	-2.529	under-represented in TruSeq	0	834
TruSeq vs BOBseq	ENSG00000123689	G0S2	5.451	2.191	-3.659	under-represented in TruSeq	0	875
TruSeq vs BOBseq	ENSG00000123975	CKS2	4.525	9.266	4.342	over-represented in TruSeq	0	616
TruSeq vs BOBseq	ENSG00000123983	ACSL3	2.789	6.083	2.896	over-represented in TruSeq	0	3573
TruSeq vs BOBseq	ENSG00000124140	SLC12A5	5.268	1.685	-3.981	under-represented in TruSeq	0	570
TruSeq vs BOBseq	ENSG00000124177	CHD6	7.19	3.742	-3.846	under-represented in TruSeq	0	7877
TruSeq vs BOBseq	ENSG00000124207	CSE1L	4.349	8.29	3.542	over-represented in TruSeq	0	3445
TruSeq vs BOBseq	ENSG00000124228	DDX27	8.312	6.617	-2.093	under-represented in TruSeq	0	2595
TruSeq vs BOBseq	ENSG00000124275	MTRR	2.976	5.707	2.333	over-represented in TruSeq	0	1918
TruSeq vs BOBseq	ENSG00000124279	FASTKD3	1.91	4.566	2.257	over-represented in TruSeq	0	1146
TruSeq vs BOBseq	ENSG00000124357	NAGK	6.809	5.017	-2.191	under-represented in TruSeq	0	1510
TruSeq vs BOBseq	ENSG00000124380	SNRNP27	8.278	6.186	-2.49	under-represented in TruSeq	0	1107
TruSeq vs BOBseq	ENSG00000124486	USP9X	2.94	6.622	3.284	over-represented in TruSeq	0	7987
TruSeq vs BOBseq	ENSG00000124532	MRS2	3.299	5.972	2.275	over-represented in TruSeq	0	2918
TruSeq vs BOBseq	ENSG00000124571	XPO5	3.999	6.626	2.229	over-represented in TruSeq	0	3068
TruSeq vs BOBseq	ENSG00000124635	H2BC11	5.425	2.115	-3.709	under-represented in TruSeq	1	1050
TruSeq vs BOBseq	ENSG00000124641	MED20	2.757	5.212	2.058	over-represented in TruSeq	0	2149
TruSeq vs BOBseq	ENSG00000124733	MEA1	9.251	7.619	-2.03	under-represented in TruSeq	0	1045
TruSeq vs BOBseq	ENSG00000124766	SOX4	8.19	5.181	-3.407	under-represented in TruSeq	0	4869
TruSeq vs BOBseq	ENSG00000124767	GLO1	5.278	9.16	3.484	over-represented in TruSeq	0	1999
TruSeq vs BOBseq	ENSG00000124802	EEF1E1	4.583	7.768	2.788	over-represented in TruSeq	0	847
TruSeq vs BOBseq	ENSG00000125458	NT5C	9.998	6.571	-3.825	under-represented in TruSeq	0	708
TruSeq vs BOBseq	ENSG00000125520	SLC2A4RG	8.154	5.841	-2.711	under-represented in TruSeq	0	1116
TruSeq vs BOBseq	ENSG00000125534	PPDPF	9.832	7.393	-2.837	under-represented in TruSeq	0	795
TruSeq vs BOBseq	ENSG00000125630	POLR1B	3.069	6.394	2.927	over-represented in TruSeq	0	3197
TruSeq vs BOBseq	ENSG00000125651	GTF2F1	9.155	7.215	-2.338	under-represented in TruSeq	0	1293
TruSeq vs BOBseq	ENSG00000125686	MED1	2.824	5.271	2.049	over-represented in TruSeq	0	3813
TruSeq vs BOBseq	ENSG00000125817	CENPB	8.173	4.588	-3.983	under-represented in TruSeq	0	2890
TruSeq vs BOBseq	ENSG00000125844	RRBP1	7.542	5.755	-2.184	under-represented in TruSeq	0	3832
TruSeq vs BOBseq	ENSG00000125870	SNRPB2	4.968	7.625	2.259	over-represented in TruSeq	0	1231
TruSeq vs BOBseq	ENSG00000125912	NCLN	9.035	6.648	-2.785	under-represented in TruSeq	0	2542
TruSeq vs BOBseq	ENSG00000125952	MAX	9.317	7.095	-2.62	under-represented in TruSeq	0	1311
TruSeq vs BOBseq	ENSG00000125995	ROMO1	11.074	9.101	-2.371	under-represented in TruSeq	0	381
TruSeq vs BOBseq	ENSG00000126005	MMP24OS	7.454	5.479	-2.373	under-represented in TruSeq	0	1637
TruSeq vs BOBseq	ENSG00000126261	UBA2	5.746	8.413	2.269	over-represented in TruSeq	0	1779
TruSeq vs BOBseq	ENSG00000126351	THRA	6.689	4.499	-2.588	under-represented in TruSeq	0	4080
TruSeq vs BOBseq	ENSG00000126870	DYNC2I1	8.22	4.112	-4.507	under-represented in TruSeq	0	3475
TruSeq vs BOBseq	ENSG00000126945	HNRNPH2	4.555	7.503	2.55	over-represented in TruSeq	0	2296
TruSeq vs BOBseq	ENSG00000127220	ABHD8	4.352	2.181	-2.569	under-represented in TruSeq	0	2023
TruSeq vs BOBseq	ENSG00000127314	RAP1B	5.354	7.808	2.055	over-represented in TruSeq	0	1163
TruSeq vs BOBseq	ENSG00000127586	CHTF18	8.379	5.756	-3.021	under-represented in TruSeq	0	1753
TruSeq vs BOBseq	ENSG00000127616	SMARCA4	9.305	7.198	-2.504	under-represented in TruSeq	0	3767
TruSeq vs BOBseq	ENSG00000127838	PNKD	9.443	7.027	-2.814	under-represented in TruSeq	0	866
TruSeq vs BOBseq	ENSG00000128228	SDF2L1	8.802	6.771	-2.429	under-represented in TruSeq	0	820
TruSeq vs BOBseq	ENSG00000128408	RIBC2	3.98	1.987	-2.391	under-represented in TruSeq	0	984
TruSeq vs BOBseq	ENSG00000128581	IFT22	3.395	5.797	2.004	over-represented in TruSeq	0	1012
TruSeq vs BOBseq	ENSG00000128595	CALU	4.202	7.472	2.871	over-represented in TruSeq	0	2509
TruSeq vs BOBseq	ENSG00000128609	NDUFA5	3.152	7.34	3.79	over-represented in TruSeq	0	1291
TruSeq vs BOBseq	ENSG00000128654	MTX2	3.491	6.169	2.28	over-represented in TruSeq	0	1084
TruSeq vs BOBseq	ENSG00000128699	ORMDL1	2.751	6.062	2.913	over-represented in TruSeq	0	1268
TruSeq vs BOBseq	ENSG00000128708	HAT1	3.96	7.536	3.178	over-represented in TruSeq	0	3794
TruSeq vs BOBseq	ENSG00000128731	HERC2	9.254	5.32	-4.332	under-represented in TruSeq	0	4060
TruSeq vs BOBseq	ENSG00000128789	PSMG2	3.569	6.069	2.102	over-represented in TruSeq	0	1117
TruSeq vs BOBseq	ENSG00000128886	ELL3	4.461	1.957	-2.902	under-represented in TruSeq	0	1109
TruSeq vs BOBseq	ENSG00000129083	COPB1	3.719	6.99	2.873	over-represented in TruSeq	0	3272
TruSeq vs BOBseq	ENSG00000129084	PSMA1	4.687	8.805	3.72	over-represented in TruSeq	0	1117
TruSeq vs BOBseq	ENSG00000129158	SERGEF	8.276	5.475	-3.199	under-represented in TruSeq	0	984
TruSeq vs BOBseq	ENSG00000129250	KIF1C	8.247	6.617	-2.028	under-represented in TruSeq	0	3243
TruSeq vs BOBseq	ENSG00000129355	CDKN2D	6.225	2.653	-3.971	under-represented in TruSeq	0	1424
TruSeq vs BOBseq	ENSG00000129455	KLK8	5.355	1.268	-4.485	under-represented in TruSeq	0	548
TruSeq vs BOBseq	ENSG00000129484	PARP2	3.673	6.499	2.428	over-represented in TruSeq	0	
TruSeq vs BOBseq	ENSG00000129515	SNX6	3.244	6.431	2.789	over-represented in TruSeq	0	2219
TruSeq vs BOBseq	ENSG00000129562	DAD1	5.318	9.128	3.412	over-represented in TruSeq	0	664
TruSeq vs BOBseq	ENSG00000129932	DOHH	7.769	5.15	-3.017	under-represented in TruSeq	0	1574
TruSeq vs BOBseq	ENSG00000129991	TNNI3	7.06	3.596	-3.862	under-represented in TruSeq	0	533
TruSeq vs BOBseq	ENSG00000130177	CDC16	2.475	5.764	2.891	over-represented in TruSeq	0	1953
TruSeq vs BOBseq	ENSG00000130208	APOC1	8.639	5.352	-3.685	under-represented in TruSeq	0	477
TruSeq vs BOBseq	ENSG00000130244	FAM98C	6.234	3.707	-2.926	under-represented in TruSeq	0	1238
TruSeq vs BOBseq	ENSG00000130313	PGLS	8.604	5.744	-3.257	under-represented in TruSeq	0	966
TruSeq vs BOBseq	ENSG00000130479	MAP1S	7.072	5.219	-2.251	under-represented in TruSeq	0	980
TruSeq vs BOBseq	ENSG00000130522	JUND	8.585	5.655	-3.328	under-represented in TruSeq	0	1921
TruSeq vs BOBseq	ENSG00000130638	ATXN10	3.247	7.625	3.979	over-represented in TruSeq	0	1484
TruSeq vs BOBseq	ENSG00000130640	TUBGCP2	8.659	6.904	-2.153	under-represented in TruSeq	0	2188
TruSeq vs BOBseq	ENSG00000130758	MAP3K10	5.378	3.533	-2.243	under-represented in TruSeq	0	1436
TruSeq vs BOBseq	ENSG00000130770	ATP5IF1	12.419	9.633	-3.185	under-represented in TruSeq	0	
TruSeq vs BOBseq	ENSG00000130810	PPAN	10.19	7.11	-3.478	under-represented in TruSeq	0	1314
TruSeq vs BOBseq	ENSG00000130935	NOL11	3.278	7.57	3.893	over-represented in TruSeq	0	2196
TruSeq vs BOBseq	ENSG00000131037	EPS8L1	5.165	3.166	-2.398	under-represented in TruSeq	0	1233
TruSeq vs BOBseq	ENSG00000131116	ZNF428	8.471	6.503	-2.366	under-represented in TruSeq	0	1119
TruSeq vs BOBseq	ENSG00000131143	COX4I1	11.79	10.173	-2.015	under-represented in TruSeq	0	784
TruSeq vs BOBseq	ENSG00000131171	SH3BGRL	2.715	5.648	2.536	over-represented in TruSeq	0	1762
TruSeq vs BOBseq	ENSG00000131174	COX7B	5.758	8.614	2.458	over-represented in TruSeq	0	588
TruSeq vs BOBseq	ENSG00000131188	PRR7	4.976	2.417	-2.957	under-represented in TruSeq	0	1292
TruSeq vs BOBseq	ENSG00000131238	PPT1	4.858	7.875	2.619	over-represented in TruSeq	0	1255
TruSeq vs BOBseq	ENSG00000131242	RAB11FIP4	5.983	4.297	-2.084	under-represented in TruSeq	0	4745
TruSeq vs BOBseq	ENSG00000131373	HACL1	2.679	5.985	2.909	over-represented in TruSeq	0	1873
TruSeq vs BOBseq	ENSG00000131408	NR1H2	5.998	4.258	-2.138	under-represented in TruSeq	0	1410
TruSeq vs BOBseq	ENSG00000131626	PPFIA1	8.008	5.847	-2.559	under-represented in TruSeq	0	1852
TruSeq vs BOBseq	ENSG00000131668	BARX1	6.016	3.706	-2.708	under-represented in TruSeq	0	1500
TruSeq vs BOBseq	ENSG00000131725	WDR44	2.568	5.061	2.095	over-represented in TruSeq	0	3610
TruSeq vs BOBseq	ENSG00000131981	LGALS3	5.068	2.731	-2.735	under-represented in TruSeq	0	954
TruSeq vs BOBseq	ENSG00000132205	EMILIN2	4.253	2.604	-2.047	under-represented in TruSeq	0	5442
TruSeq vs BOBseq	ENSG00000132207	SLX1A	5.999	4.071	-2.325	under-represented in TruSeq	0	822
TruSeq vs BOBseq	ENSG00000132305	IMMT	4.47	7.14	2.272	over-represented in TruSeq	0	2526
TruSeq vs BOBseq	ENSG00000132329	RAMP1	5.96	3.509	-2.849	under-represented in TruSeq	0	822
TruSeq vs BOBseq	ENSG00000132341	RAN	6.978	11.334	3.958	over-represented in TruSeq	0	796
TruSeq vs BOBseq	ENSG00000132382	MYBBP1A	9.549	7.262	-2.686	under-represented in TruSeq	0	1501
TruSeq vs BOBseq	ENSG00000132423	COQ3	3.033	5.967	2.536	over-represented in TruSeq	0	1217
TruSeq vs BOBseq	ENSG00000132463	GRSF1	3.346	7.209	3.465	over-represented in TruSeq	0	2114
TruSeq vs BOBseq	ENSG00000132485	ZRANB2	5.129	7.95	2.423	over-represented in TruSeq	0	2053
TruSeq vs BOBseq	ENSG00000132522	GPS2	9.12	6.791	-2.727	under-represented in TruSeq	0	
TruSeq vs BOBseq	ENSG00000132541	RIDA	2.689	6.245	3.159	over-represented in TruSeq	0	962
TruSeq vs BOBseq	ENSG00000132563	REEP2	7.582	4.49	-3.49	under-represented in TruSeq	0	1632
TruSeq vs BOBseq	ENSG00000132842	AP3B1	3.208	5.784	2.178	over-represented in TruSeq	0	2402
TruSeq vs BOBseq	ENSG00000132912	DCTN4	2.806	6.436	3.232	over-represented in TruSeq	0	2548
TruSeq vs BOBseq	ENSG00000132963	POMP	4.232	8.562	3.933	over-represented in TruSeq	0	698
TruSeq vs BOBseq	ENSG00000133027	PEMT	7.723	6.087	-2.033	under-represented in TruSeq	0	844
TruSeq vs BOBseq	ENSG00000133104	SPART	3.651	6.817	2.768	over-represented in TruSeq	0	1775
TruSeq vs BOBseq	ENSG00000133119	RFC3	3.084	7.089	3.607	over-represented in TruSeq	0	2257
TruSeq vs BOBseq	ENSG00000133124	IRS4	5.869	8.275	2.008	over-represented in TruSeq	0	6787
TruSeq vs BOBseq	ENSG00000133169	BEX1	6.418	4.807	-2.008	under-represented in TruSeq	0	795
TruSeq vs BOBseq	ENSG00000133275	CSNK1G2	8.27	6.526	-2.143	under-represented in TruSeq	0	1613
TruSeq vs BOBseq	ENSG00000133318	RTN3	4.965	7.695	2.331	over-represented in TruSeq	0	2531
TruSeq vs BOBseq	ENSG00000133818	RRAS2	2.508	5.789	2.883	over-represented in TruSeq	0	1611
TruSeq vs BOBseq	ENSG00000133872	SARAF	4.003	6.886	2.484	over-represented in TruSeq	0	1361
TruSeq vs BOBseq	ENSG00000133937	GSC	4.575	1.933	-3.04	under-represented in TruSeq	0	1140
TruSeq vs BOBseq	ENSG00000133983	COX16	4.551	7.126	2.177	over-represented in TruSeq	0	708
TruSeq vs BOBseq	ENSG00000134001	EIF2S1	3.399	8.365	4.568	over-represented in TruSeq	0	1207
TruSeq vs BOBseq	ENSG00000134049	IER3IP1	7.27	4.602	-3.066	under-represented in TruSeq	0	3609
TruSeq vs BOBseq	ENSG00000134056	KGD4	3.331	6.203	2.474	over-represented in TruSeq	0	640
TruSeq vs BOBseq	ENSG00000134077	THUMPD3	3.558	6.504	2.548	over-represented in TruSeq	0	1779
TruSeq vs BOBseq	ENSG00000134202	GSTM3	3.05	6.475	3.027	over-represented in TruSeq	0	1315
TruSeq vs BOBseq	ENSG00000134248	LAMTOR5	4.865	8.841	3.578	over-represented in TruSeq	0	600
TruSeq vs BOBseq	ENSG00000134250	NOTCH2	2.93	5.36	2.033	over-represented in TruSeq	0	2620
TruSeq vs BOBseq	ENSG00000134283	PPHLN1	4.206	6.879	2.275	over-represented in TruSeq	0	1783
TruSeq vs BOBseq	ENSG00000134333	LDHA	8.065	10.793	2.33	over-represented in TruSeq	0	
TruSeq vs BOBseq	ENSG00000134375	TIMM17A	4.294	7.795	3.103	over-represented in TruSeq	0	1609
TruSeq vs BOBseq	ENSG00000134480	CCNH	3.524	6.278	2.356	over-represented in TruSeq	0	956
TruSeq vs BOBseq	ENSG00000134597	RBMX2	8.192	6.174	-2.416	under-represented in TruSeq	0	1610
TruSeq vs BOBseq	ENSG00000134717	BTF3L4	2.499	6.674	3.777	over-represented in TruSeq	0	1685
TruSeq vs BOBseq	ENSG00000134910	STT3A	3.097	7.966	4.471	over-represented in TruSeq	0	2085
TruSeq vs BOBseq	ENSG00000135002	RFK	3.318	5.916	2.2	over-represented in TruSeq	0	2081
TruSeq vs BOBseq	ENSG00000135018	UBQLN1	4.077	7.348	2.873	over-represented in TruSeq	0	2006
TruSeq vs BOBseq	ENSG00000135164	DMTF1	2.572	5.673	2.703	over-represented in TruSeq	0	1985
TruSeq vs BOBseq	ENSG00000135441	BLOC1S1	9.719	7.54	-2.577	under-represented in TruSeq	0	578
TruSeq vs BOBseq	ENSG00000135776	ABCB10	2.635	5.558	2.525	over-represented in TruSeq	0	2309
TruSeq vs BOBseq	ENSG00000135821	GLUL	5.782	9.241	3.061	over-represented in TruSeq	0	1507
TruSeq vs BOBseq	ENSG00000136143	SUCLA2	2.581	6.351	3.371	over-represented in TruSeq	0	1419
TruSeq vs BOBseq	ENSG00000136152	COG3	6.662	4.614	-2.447	under-represented in TruSeq	0	2984
TruSeq vs BOBseq	ENSG00000136153	LMO7	5.231	3.563	-2.066	under-represented in TruSeq	0	3337
TruSeq vs BOBseq	ENSG00000136273	HUS1	2.586	5.19	2.206	over-represented in TruSeq	0	1599
TruSeq vs BOBseq	ENSG00000136379	ABHD17C	1.949	4.434	2.087	over-represented in TruSeq	0	2137
TruSeq vs BOBseq	ENSG00000136381	IREB2	2.991	6.096	2.706	over-represented in TruSeq	0	5229
TruSeq vs BOBseq	ENSG00000136628	EPRS1	4.6	7.953	2.955	over-represented in TruSeq	0	1727
TruSeq vs BOBseq	ENSG00000136715	SAP130	2.753	5.275	2.124	over-represented in TruSeq	0	4085
TruSeq vs BOBseq	ENSG00000136754	ABI1	2.562	5.304	2.344	over-represented in TruSeq	0	2962
TruSeq vs BOBseq	ENSG00000136810	TXN	6.139	10.166	3.629	over-represented in TruSeq	0	716
TruSeq vs BOBseq	ENSG00000136813	ECPAS	3.229	5.797	2.17	over-represented in TruSeq	0	5487
TruSeq vs BOBseq	ENSG00000137203	TFAP2A	7.815	5.43	-2.784	under-represented in TruSeq	0	2493
TruSeq vs BOBseq	ENSG00000137492	THAP12	2.813	6.024	2.812	over-represented in TruSeq	0	2611
TruSeq vs BOBseq	ENSG00000137509	PRCP	2.914	6.743	3.431	over-represented in TruSeq	0	1590
TruSeq vs BOBseq	ENSG00000137563	GGH	4.415	7.189	2.376	over-represented in TruSeq	0	1245
TruSeq vs BOBseq	ENSG00000137713	PPP2R1B	2.676	5.908	2.834	over-represented in TruSeq	0	1926
TruSeq vs BOBseq	ENSG00000137720	CFAP68	2.062	4.482	2.022	over-represented in TruSeq	0	594
TruSeq vs BOBseq	ENSG00000137807	KIF23	2.994	6.041	2.649	over-represented in TruSeq	0	3178
TruSeq vs BOBseq	ENSG00000137824	RMDN3	7.208	5.509	-2.097	under-represented in TruSeq	0	1818
TruSeq vs BOBseq	ENSG00000137825	ITPKA	4.022	1.843	-2.577	under-represented in TruSeq	0	1554
TruSeq vs BOBseq	ENSG00000137876	RSL24D1	2.786	7.498	4.314	over-represented in TruSeq	0	1637
TruSeq vs BOBseq	ENSG00000137955	RABGGTB	2.629	8.048	5.021	over-represented in TruSeq	0	1472
TruSeq vs BOBseq	ENSG00000138035	PNPT1	3.48	6.056	2.177	over-represented in TruSeq	0	3173
TruSeq vs BOBseq	ENSG00000138095	LRPPRC	3.814	7.333	3.121	over-represented in TruSeq	0	3346
TruSeq vs BOBseq	ENSG00000138101	DTNB	6.7	4.332	-2.766	under-represented in TruSeq	0	1226
TruSeq vs BOBseq	ENSG00000138180	CEP55	3.106	5.511	2.007	over-represented in TruSeq	0	2582
TruSeq vs BOBseq	ENSG00000138231	DBR1	2.233	5.393	2.762	over-represented in TruSeq	0	1563
TruSeq vs BOBseq	ENSG00000138279	ANXA7	3.936	6.596	2.262	over-represented in TruSeq	0	1879
TruSeq vs BOBseq	ENSG00000138430	OLA1	5.834	8.234	2.002	over-represented in TruSeq	0	1123
TruSeq vs BOBseq	ENSG00000138442	WDR12	2.92	6.759	3.44	over-represented in TruSeq	0	1752
TruSeq vs BOBseq	ENSG00000138495	COX17	10.395	8.287	-2.507	under-represented in TruSeq	0	429
TruSeq vs BOBseq	ENSG00000138614	INTS14	3.585	6.652	2.669	over-represented in TruSeq	0	1965
TruSeq vs BOBseq	ENSG00000138663	COPS4	3.613	6.937	2.925	over-represented in TruSeq	0	1487
TruSeq vs BOBseq	ENSG00000138686	BBS7	2.305	5.357	2.653	over-represented in TruSeq	0	2827
TruSeq vs BOBseq	ENSG00000138750	NUP54	3.532	6.267	2.337	over-represented in TruSeq	0	1979
TruSeq vs BOBseq	ENSG00000138757	G3BP2	4.227	7.611	2.987	over-represented in TruSeq	0	1846
TruSeq vs BOBseq	ENSG00000138768	USO1	3.12	5.904	2.386	over-represented in TruSeq	0	4053
TruSeq vs BOBseq	ENSG00000138777	PPA2	4.121	7.719	3.2	over-represented in TruSeq	0	992
TruSeq vs BOBseq	ENSG00000139131	YARS2	3.3	5.762	2.064	over-represented in TruSeq	0	1741
TruSeq vs BOBseq	ENSG00000139233	LLPH	4.166	6.584	2.02	over-represented in TruSeq	0	1757
TruSeq vs BOBseq	ENSG00000139437	TCHP	7.019	4.179	-3.238	under-represented in TruSeq	0	2692
TruSeq vs BOBseq	ENSG00000139620	KANSL2	3.335	5.741	2.008	over-represented in TruSeq	0	1513
TruSeq vs BOBseq	ENSG00000139624	CERS5	2.671	5.529	2.46	over-represented in TruSeq	0	1240
TruSeq vs BOBseq	ENSG00000139644	TMBIM6	5.945	8.896	2.553	over-represented in TruSeq	0	2610
TruSeq vs BOBseq	ENSG00000139684	ESD	4.058	7.879	3.423	over-represented in TruSeq	0	1093
TruSeq vs BOBseq	ENSG00000139737	SLAIN1	2.706	6.508	3.404	over-represented in TruSeq	0	1589
TruSeq vs BOBseq	ENSG00000140044	JDP2	5.167	2.786	-2.779	under-represented in TruSeq	0	1295
TruSeq vs BOBseq	ENSG00000140262	TCF12	2.136	4.858	2.324	over-represented in TruSeq	0	3645
TruSeq vs BOBseq	ENSG00000140365	COMMD4	10.441	7.899	-2.94	under-represented in TruSeq	0	909
TruSeq vs BOBseq	ENSG00000140374	ETFA	4.726	8.712	3.588	over-represented in TruSeq	0	1185
TruSeq vs BOBseq	ENSG00000140391	TSPAN3	6.213	8.911	2.3	over-represented in TruSeq	0	1669
TruSeq vs BOBseq	ENSG00000140525	FANCI	4.547	7.536	2.591	over-represented in TruSeq	0	2792
TruSeq vs BOBseq	ENSG00000140691	ARMC5	5.284	3.182	-2.5	under-represented in TruSeq	0	3220
TruSeq vs BOBseq	ENSG00000140740	UQCRC2	4.602	8.585	3.585	over-represented in TruSeq	0	1359
TruSeq vs BOBseq	ENSG00000140990	NDUFB10	11.434	9.564	-2.268	under-represented in TruSeq	0	
TruSeq vs BOBseq	ENSG00000140995	DEF8	9.581	7.479	-2.5	under-represented in TruSeq	0	951
TruSeq vs BOBseq	ENSG00000141002	TCF25	9.215	6.862	-2.751	under-represented in TruSeq	0	1309
TruSeq vs BOBseq	ENSG00000141013	GAS8	6.163	4.376	-2.185	under-represented in TruSeq	0	2019
TruSeq vs BOBseq	ENSG00000141030	COPS3	5.2	8.127	2.528	over-represented in TruSeq	0	1107
TruSeq vs BOBseq	ENSG00000141198	TOM1L1	2.055	5.823	3.371	over-represented in TruSeq	0	1679
TruSeq vs BOBseq	ENSG00000141367	CLTC	4.574	7.377	2.405	over-represented in TruSeq	0	6166
TruSeq vs BOBseq	ENSG00000141378	PTRH2	4.485	6.898	2.015	over-represented in TruSeq	0	808
TruSeq vs BOBseq	ENSG00000141424	SLC39A6	3.083	6.718	3.237	over-represented in TruSeq	0	1995
TruSeq vs BOBseq	ENSG00000141428	C18orf21	3.732	7.182	3.051	over-represented in TruSeq	0	890
TruSeq vs BOBseq	ENSG00000141429	GALNT1	3.698	6.748	2.651	over-represented in TruSeq	0	3025
TruSeq vs BOBseq	ENSG00000141504	SAT2	8.876	6.666	-2.608	under-represented in TruSeq	0	652
TruSeq vs BOBseq	ENSG00000141522	ARHGDIA	11.45	9.31	-2.537	under-represented in TruSeq	0	773
TruSeq vs BOBseq	ENSG00000141524	TMC6	6.013	2.676	-3.735	under-represented in TruSeq	0	1259
TruSeq vs BOBseq	ENSG00000141577	CEP131	7.114	4.0	-3.513	under-represented in TruSeq	0	1831
TruSeq vs BOBseq	ENSG00000141867	BRD4	9.513	5.669	-4.242	under-represented in TruSeq	0	3390
TruSeq vs BOBseq	ENSG00000141905	NFIC	5.923	3.871	-2.449	under-represented in TruSeq	0	4077
TruSeq vs BOBseq	ENSG00000142102	PGGHG	4.336	2.661	-2.073	under-represented in TruSeq	0	2720
TruSeq vs BOBseq	ENSG00000142655	PEX14	6.641	4.656	-2.383	under-represented in TruSeq	0	1523
TruSeq vs BOBseq	ENSG00000142669	SH3BGRL3	7.367	5.308	-2.457	under-represented in TruSeq	0	752
TruSeq vs BOBseq	ENSG00000142684	ZNF593	9.186	7.057	-2.527	under-represented in TruSeq	0	677
TruSeq vs BOBseq	ENSG00000142694	EVA1B	4.029	2.026	-2.401	under-represented in TruSeq	0	980
TruSeq vs BOBseq	ENSG00000142733	MAP3K6	6.058	2.542	-3.914	under-represented in TruSeq	0	3588
TruSeq vs BOBseq	ENSG00000142856	ITGB3BP	3.866	7.287	3.022	over-represented in TruSeq	0	866
TruSeq vs BOBseq	ENSG00000143106	PSMA5	3.315	7.843	4.13	over-represented in TruSeq	0	1381
TruSeq vs BOBseq	ENSG00000143149	ALDH9A1	3.657	7.189	3.134	over-represented in TruSeq	0	984
TruSeq vs BOBseq	ENSG00000143155	TIPRL	3.345	6.07	2.326	over-represented in TruSeq	0	2705
TruSeq vs BOBseq	ENSG00000143156	NME7	2.069	5.239	2.772	over-represented in TruSeq	0	936
TruSeq vs BOBseq	ENSG00000143162	CREG1	3.261	5.743	2.084	over-represented in TruSeq	0	1975
TruSeq vs BOBseq	ENSG00000143228	NUF2	3.721	6.196	2.077	over-represented in TruSeq	0	1609
TruSeq vs BOBseq	ENSG00000143514	TP53BP2	2.954	6.297	2.945	over-represented in TruSeq	0	1572
TruSeq vs BOBseq	ENSG00000143537	ADAM15	8.286	6.024	-2.66	under-represented in TruSeq	0	1819
TruSeq vs BOBseq	ENSG00000143543	JTB	10.578	8.422	-2.554	under-represented in TruSeq	0	879
TruSeq vs BOBseq	ENSG00000143545	RAB13	8.923	6.207	-3.113	under-represented in TruSeq	0	1228
TruSeq vs BOBseq	ENSG00000143554	SLC27A3	5.318	2.4	-3.316	under-represented in TruSeq	0	2298
TruSeq vs BOBseq	ENSG00000143621	ILF2	5.257	9.706	4.051	over-represented in TruSeq	0	1216
TruSeq vs BOBseq	ENSG00000143674	MAP3K21	2.564	5.0	2.038	over-represented in TruSeq	0	4483
TruSeq vs BOBseq	ENSG00000143753	DEGS1	4.722	7.644	2.524	over-represented in TruSeq	0	1930
TruSeq vs BOBseq	ENSG00000143756	FBXO28	3.1	5.581	2.083	over-represented in TruSeq	0	4142
TruSeq vs BOBseq	ENSG00000143786	CNIH3	4.838	2.883	-2.353	under-represented in TruSeq	0	1791
TruSeq vs BOBseq	ENSG00000143793	C1orf35	9.613	6.841	-3.169	under-represented in TruSeq	0	1308
TruSeq vs BOBseq	ENSG00000143797	MBOAT2	2.569	5.251	2.284	over-represented in TruSeq	0	1380
TruSeq vs BOBseq	ENSG00000143815	LBR	4.149	7.868	3.321	over-represented in TruSeq	0	2071
TruSeq vs BOBseq	ENSG00000143924	EML4	2.782	5.426	2.246	over-represented in TruSeq	0	5091
TruSeq vs BOBseq	ENSG00000143933	CALM2	5.591	9.467	3.478	over-represented in TruSeq	0	1213
TruSeq vs BOBseq	ENSG00000143977	SNRPG	7.251	9.653	2.004	over-represented in TruSeq	0	537
TruSeq vs BOBseq	ENSG00000144043	TEX261	4.021	7.265	2.846	over-represented in TruSeq	0	1738
TruSeq vs BOBseq	ENSG00000144048	DUSP11	2.924	5.693	2.371	over-represented in TruSeq	0	1040
TruSeq vs BOBseq	ENSG00000144136	SLC20A1	4.275	6.677	2.004	over-represented in TruSeq	0	2739
TruSeq vs BOBseq	ENSG00000144381	HSPD1	7.363	10.658	2.898	over-represented in TruSeq	0	2049
TruSeq vs BOBseq	ENSG00000144559	TAMM41	2.468	5.386	2.52	over-represented in TruSeq	0	1305
TruSeq vs BOBseq	ENSG00000144566	RAB5A	3.096	5.551	2.058	over-represented in TruSeq	0	2072
TruSeq vs BOBseq	ENSG00000144736	SHQ1	2.675	5.516	2.443	over-represented in TruSeq	0	2616
TruSeq vs BOBseq	ENSG00000144746	ARL6IP5	2.581	6.556	3.577	over-represented in TruSeq	0	2110
TruSeq vs BOBseq	ENSG00000144827	ABHD10	3.935	6.451	2.118	over-represented in TruSeq	0	1839
TruSeq vs BOBseq	ENSG00000144895	EIF2A	3.491	7.304	3.416	over-represented in TruSeq	0	1677
TruSeq vs BOBseq	ENSG00000145220	LYAR	9.178	7.343	-2.233	under-represented in TruSeq	0	1481
TruSeq vs BOBseq	ENSG00000145386	CCNA2	3.894	7.152	2.86	over-represented in TruSeq	0	2748
TruSeq vs BOBseq	ENSG00000145494	NDUFS6	11.385	9.281	-2.502	under-represented in TruSeq	0	515
TruSeq vs BOBseq	ENSG00000145604	SKP2	4.108	6.8	2.294	over-represented in TruSeq	0	2637
TruSeq vs BOBseq	ENSG00000145901	TNIP1	7.133	5.318	-2.213	under-represented in TruSeq	0	2357
TruSeq vs BOBseq	ENSG00000145912	NHP2	12.709	10.286	-2.821	under-represented in TruSeq	0	578
TruSeq vs BOBseq	ENSG00000146007	ZMAT2	4.747	7.355	2.21	over-represented in TruSeq	0	1275
TruSeq vs BOBseq	ENSG00000146054	TRIM7	4.271	2.095	-2.573	under-represented in TruSeq	0	1498
TruSeq vs BOBseq	ENSG00000146409	SLC18B1	3.053	5.569	2.118	over-represented in TruSeq	0	2357
TruSeq vs BOBseq	ENSG00000146416	AIG1	7.837	6.142	-2.092	under-represented in TruSeq	0	1068
TruSeq vs BOBseq	ENSG00000146425	DYNLT1	4.666	8.519	3.455	over-represented in TruSeq	0	755
TruSeq vs BOBseq	ENSG00000146476	ARMT1	3.322	5.891	2.171	over-represented in TruSeq	0	2248
TruSeq vs BOBseq	ENSG00000146731	CCT6A	6.438	9.251	2.415	over-represented in TruSeq	0	1860
TruSeq vs BOBseq	ENSG00000147155	EBP	9.598	7.522	-2.474	under-represented in TruSeq	0	1085
TruSeq vs BOBseq	ENSG00000147162	OGT	2.798	6.115	2.919	over-represented in TruSeq	0	5672
TruSeq vs BOBseq	ENSG00000147400	CETN2	3.991	6.752	2.364	over-represented in TruSeq	0	1403
TruSeq vs BOBseq	ENSG00000147416	ATP6V1B2	2.67	6.228	3.16	over-represented in TruSeq	0	2952
TruSeq vs BOBseq	ENSG00000147421	HMBOX1	3.685	2.026	-2.056	under-represented in TruSeq	0	1394
TruSeq vs BOBseq	ENSG00000147509	RGS20	4.143	2.034	-2.506	under-represented in TruSeq	0	986
TruSeq vs BOBseq	ENSG00000147526	TACC1	5.824	3.828	-2.395	under-represented in TruSeq	0	5452
TruSeq vs BOBseq	ENSG00000147533	GOLGA7	3.546	6.733	2.789	over-represented in TruSeq	0	1459
TruSeq vs BOBseq	ENSG00000147592	LACTB2	2.162	5.752	3.192	over-represented in TruSeq	0	1116
TruSeq vs BOBseq	ENSG00000147669	POLR2K	2.132	7.497	4.967	over-represented in TruSeq	0	929
TruSeq vs BOBseq	ENSG00000147679	UTP23	7.557	5.164	-2.79	under-represented in TruSeq	0	2229
TruSeq vs BOBseq	ENSG00000147813	NAPRT	5.885	3.412	-2.871	under-represented in TruSeq	0	1654
TruSeq vs BOBseq	ENSG00000147853	AK3	2.783	5.632	2.451	over-represented in TruSeq	0	2328
TruSeq vs BOBseq	ENSG00000148019	CEP78	2.804	5.485	2.283	over-represented in TruSeq	0	3338
TruSeq vs BOBseq	ENSG00000148110	MFSD14B	3.27	5.783	2.115	over-represented in TruSeq	0	3394
TruSeq vs BOBseq	ENSG00000148120	AOPEP	5.35	3.68	-2.068	under-represented in TruSeq	0	1755
TruSeq vs BOBseq	ENSG00000148187	MRRF	3.712	6.204	2.093	over-represented in TruSeq	0	1691
TruSeq vs BOBseq	ENSG00000148291	SURF2	8.498	6.499	-2.397	under-represented in TruSeq	0	
TruSeq vs BOBseq	ENSG00000148296	SURF6	7.589	5.684	-2.302	under-represented in TruSeq	0	
TruSeq vs BOBseq	ENSG00000148444	COMMD3	2.249	6.073	3.426	over-represented in TruSeq	0	980
TruSeq vs BOBseq	ENSG00000148484	RSU1	3.624	6.112	2.089	over-represented in TruSeq	0	1824
TruSeq vs BOBseq	ENSG00000148672	GLUD1	3.624	7.092	3.07	over-represented in TruSeq	0	2745
TruSeq vs BOBseq	ENSG00000148700	ADD3	2.99	5.686	2.297	over-represented in TruSeq	0	3148
TruSeq vs BOBseq	ENSG00000148730	EIF4EBP2	2.647	5.745	2.7	over-represented in TruSeq	0	7491
TruSeq vs BOBseq	ENSG00000148803	FUOM	7.603	5.525	-2.476	under-represented in TruSeq	0	672
TruSeq vs BOBseq	ENSG00000149089	APIP	2.548	6.484	3.538	over-represented in TruSeq	0	1256
TruSeq vs BOBseq	ENSG00000149100	EIF3M	6.103	9.445	2.944	over-represented in TruSeq	0	885
TruSeq vs BOBseq	ENSG00000149136	SSRP1	11.043	9.154	-2.287	under-represented in TruSeq	0	2385
TruSeq vs BOBseq	ENSG00000149150	SLC43A1	5.78	3.683	-2.496	under-represented in TruSeq	0	2219
TruSeq vs BOBseq	ENSG00000149313	AASDHPPT	4.152	6.712	2.163	over-represented in TruSeq	0	2494
TruSeq vs BOBseq	ENSG00000149499	EML3	5.382	3.773	-2.007	under-represented in TruSeq	0	1257
TruSeq vs BOBseq	ENSG00000149743	TRPT1	7.409	5.086	-2.721	under-represented in TruSeq	0	793
TruSeq vs BOBseq	ENSG00000149932	TMEM219	9.876	6.482	-3.792	under-represented in TruSeq	0	971
TruSeq vs BOBseq	ENSG00000150093	ITGB1	3.337	6.508	2.773	over-represented in TruSeq	0	3300
TruSeq vs BOBseq	ENSG00000150459	SAP18	5.131	7.846	2.316	over-represented in TruSeq	0	840
TruSeq vs BOBseq	ENSG00000151131	NOPCHAP1	6.789	4.96	-2.227	under-represented in TruSeq	0	1970
TruSeq vs BOBseq	ENSG00000151239	TWF1	3.877	6.342	2.067	over-represented in TruSeq	0	1560
TruSeq vs BOBseq	ENSG00000151247	EIF4E	2.842	7.724	4.484	over-represented in TruSeq	0	1040
TruSeq vs BOBseq	ENSG00000151461	UPF2	6.636	4.701	-2.334	under-represented in TruSeq	0	4957
TruSeq vs BOBseq	ENSG00000151465	CDC123	9.977	8.364	-2.011	under-represented in TruSeq	0	1179
TruSeq vs BOBseq	ENSG00000151665	PIGF	2.62	5.387	2.369	over-represented in TruSeq	0	939
TruSeq vs BOBseq	ENSG00000152192	POU4F1	5.22	3.428	-2.19	under-represented in TruSeq	0	4539
TruSeq vs BOBseq	ENSG00000152234	ATP5F1A	6.104	9.404	2.901	over-represented in TruSeq	0	1282
TruSeq vs BOBseq	ENSG00000152240	HAUS1	2.554	6.664	3.712	over-represented in TruSeq	0	1008
TruSeq vs BOBseq	ENSG00000152558	TMEM123	3.222	6.866	3.246	over-represented in TruSeq	0	2324
TruSeq vs BOBseq	ENSG00000152642	GPD1L	2.228	4.631	2.005	over-represented in TruSeq	0	3416
TruSeq vs BOBseq	ENSG00000152904	GGPS1	2.856	6.452	3.198	over-represented in TruSeq	0	1482
TruSeq vs BOBseq	ENSG00000152952	PLOD2	2.805	5.75	2.547	over-represented in TruSeq	0	2941
TruSeq vs BOBseq	ENSG00000153048	CARHSP1	8.284	6.557	-2.126	under-represented in TruSeq	0	1681
TruSeq vs BOBseq	ENSG00000153107	ANAPC1	3.126	5.925	2.401	over-represented in TruSeq	0	5384
TruSeq vs BOBseq	ENSG00000153130	SCOC	3.301	6.57	2.871	over-represented in TruSeq	0	1776
TruSeq vs BOBseq	ENSG00000153140	CETN3	2.404	5.937	3.134	over-represented in TruSeq	0	753
TruSeq vs BOBseq	ENSG00000153147	SMARCA5	3.219	6.154	2.537	over-represented in TruSeq	0	6349
TruSeq vs BOBseq	ENSG00000153201	RANBP2	2.739	5.761	2.623	over-represented in TruSeq	0	8735
TruSeq vs BOBseq	ENSG00000153339	TRAPPC8	2.642	5.73	2.69	over-represented in TruSeq	0	4068
TruSeq vs BOBseq	ENSG00000153443	UBALD1	7.988	6.107	-2.279	under-represented in TruSeq	0	1319
TruSeq vs BOBseq	ENSG00000153485	LYSET	2.746	5.509	2.365	over-represented in TruSeq	0	958
TruSeq vs BOBseq	ENSG00000153560	UBP1	3.703	6.609	2.508	over-represented in TruSeq	0	2667
TruSeq vs BOBseq	ENSG00000153561	RMND5A	2.827	5.575	2.35	over-represented in TruSeq	0	5043
TruSeq vs BOBseq	ENSG00000153827	TRIP12	3.462	6.39	2.53	over-represented in TruSeq	0	3123
TruSeq vs BOBseq	ENSG00000153936	HS2ST1	2.453	5.487	2.636	over-represented in TruSeq	0	4605
TruSeq vs BOBseq	ENSG00000153976	HS3ST3A1	5.638	3.458	-2.578	under-represented in TruSeq	0	1007
TruSeq vs BOBseq	ENSG00000153989	NUS1	3.161	6.476	2.917	over-represented in TruSeq	0	4796
TruSeq vs BOBseq	ENSG00000154102	C16orf74	4.367	2.515	-2.249	under-represented in TruSeq	0	782
TruSeq vs BOBseq	ENSG00000154174	TOMM70	3.355	6.407	2.654	over-represented in TruSeq	0	2045
TruSeq vs BOBseq	ENSG00000154328	NEIL2	4.608	2.871	-2.135	under-represented in TruSeq	0	1484
TruSeq vs BOBseq	ENSG00000154518	ATP5MC3	5.873	9.745	3.474	over-represented in TruSeq	0	919
TruSeq vs BOBseq	ENSG00000154845	PPP4R1	2.515	5.179	2.266	over-represented in TruSeq	0	2221
TruSeq vs BOBseq	ENSG00000155096	AZIN1	2.603	6.554	3.553	over-represented in TruSeq	0	2773
TruSeq vs BOBseq	ENSG00000155097	ATP6V1C1	2.691	5.645	2.556	over-represented in TruSeq	0	3626
TruSeq vs BOBseq	ENSG00000155380	SLC16A1	5.159	8.434	2.877	over-represented in TruSeq	0	3760
TruSeq vs BOBseq	ENSG00000155438	NIFK	5.083	7.558	2.076	over-represented in TruSeq	0	963
TruSeq vs BOBseq	ENSG00000155561	NUP205	3.307	7.364	3.659	over-represented in TruSeq	0	5711
TruSeq vs BOBseq	ENSG00000155755	TMEM237	3.15	5.988	2.44	over-represented in TruSeq	0	2422
TruSeq vs BOBseq	ENSG00000155959	VBP1	4.865	8.227	2.964	over-represented in TruSeq	0	1615
TruSeq vs BOBseq	ENSG00000156110	ADK	3.233	6.092	2.461	over-represented in TruSeq	0	1359
TruSeq vs BOBseq	ENSG00000156162	DPY19L4	1.816	4.624	2.409	over-represented in TruSeq	0	2919
TruSeq vs BOBseq	ENSG00000156261	CCT8	5.587	9.315	3.33	over-represented in TruSeq	0	
TruSeq vs BOBseq	ENSG00000156411	ATP5MJ	6.306	8.885	2.18	over-represented in TruSeq	0	599
TruSeq vs BOBseq	ENSG00000156467	UQCRB	6.433	9.177	2.346	over-represented in TruSeq	0	656
TruSeq vs BOBseq	ENSG00000156504	PABIR2	2.897	6.176	2.881	over-represented in TruSeq	0	2598
TruSeq vs BOBseq	ENSG00000156508	EEF1A1	9.763	13.527	3.366	over-represented in TruSeq	0	1978
TruSeq vs BOBseq	ENSG00000156642	NPTN	3.983	6.742	2.361	over-represented in TruSeq	0	1423
TruSeq vs BOBseq	ENSG00000156831	NSMCE2	3.441	6.061	2.222	over-represented in TruSeq	0	1078
TruSeq vs BOBseq	ENSG00000156858	PRR14	7.976	6.194	-2.18	under-represented in TruSeq	0	1500
TruSeq vs BOBseq	ENSG00000156976	EIF4A2	4.145	7.819	3.276	over-represented in TruSeq	0	1845
TruSeq vs BOBseq	ENSG00000157106	SMG1	2.637	5.161	2.126	over-represented in TruSeq	0	5121
TruSeq vs BOBseq	ENSG00000157778	PSMG3	9.248	7.29	-2.356	under-represented in TruSeq	0	916
TruSeq vs BOBseq	ENSG00000158019	BABAM2	3.11	5.937	2.429	over-represented in TruSeq	0	1625
TruSeq vs BOBseq	ENSG00000158201	ABHD3	2.339	4.961	2.224	over-represented in TruSeq	0	1258
TruSeq vs BOBseq	ENSG00000158290	CUL4B	2.982	6.424	3.045	over-represented in TruSeq	0	2947
TruSeq vs BOBseq	ENSG00000158427	TMSB15B	3.086	5.698	2.214	over-represented in TruSeq	0	704
TruSeq vs BOBseq	ENSG00000158435	CNOT11	3.286	6.475	2.791	over-represented in TruSeq	0	1515
TruSeq vs BOBseq	ENSG00000158552	ZFAND2B	6.682	4.748	-2.331	under-represented in TruSeq	0	1123
TruSeq vs BOBseq	ENSG00000158615	PPP1R15B	2.661	5.216	2.157	over-represented in TruSeq	0	5178
TruSeq vs BOBseq	ENSG00000158806	NPM2	2.637	0.949	-2.087	under-represented in TruSeq	0	635
TruSeq vs BOBseq	ENSG00000158828	PINK1	7.814	5.398	-2.814	under-represented in TruSeq	0	2484
TruSeq vs BOBseq	ENSG00000159063	ALG8	3.791	6.729	2.54	over-represented in TruSeq	0	1589
TruSeq vs BOBseq	ENSG00000159131	GART	4.227	7.838	3.213	over-represented in TruSeq	0	2217
TruSeq vs BOBseq	ENSG00000159147	DONSON	3.136	6.237	2.703	over-represented in TruSeq	0	1717
TruSeq vs BOBseq	ENSG00000159352	PSMD4	11.136	8.842	-2.692	under-represented in TruSeq	0	1265
TruSeq vs BOBseq	ENSG00000159593	NAE1	5.029	7.63	2.203	over-represented in TruSeq	0	1461
TruSeq vs BOBseq	ENSG00000159685	CHCHD6	7.981	5.737	-2.642	under-represented in TruSeq	0	1002
TruSeq vs BOBseq	ENSG00000159713	TPPP3	3.856	2.082	-2.172	under-represented in TruSeq	0	1021
TruSeq vs BOBseq	ENSG00000159753	CARMIL2	7.14	3.728	-3.81	under-represented in TruSeq	0	1550
TruSeq vs BOBseq	ENSG00000159884	CCDC107	7.587	4.158	-3.827	under-represented in TruSeq	0	1090
TruSeq vs BOBseq	ENSG00000160050	CCDC28B	8.49	4.639	-4.249	under-represented in TruSeq	0	963
TruSeq vs BOBseq	ENSG00000160124	MIX23	4.68	7.665	2.587	over-represented in TruSeq	0	601
TruSeq vs BOBseq	ENSG00000160256	SLX9	8.109	6.505	-2.002	under-represented in TruSeq	0	808
TruSeq vs BOBseq	ENSG00000160446	ZDHHC12	7.424	5.043	-2.779	under-represented in TruSeq	0	1129
TruSeq vs BOBseq	ENSG00000160710	ADAR	4.331	6.903	2.174	over-represented in TruSeq	0	4852
TruSeq vs BOBseq	ENSG00000160785	SLC25A44	2.771	5.385	2.217	over-represented in TruSeq	0	3314
TruSeq vs BOBseq	ENSG00000160799	CCDC12	9.754	7.243	-2.909	under-represented in TruSeq	0	774
TruSeq vs BOBseq	ENSG00000160818	GPATCH4	10.219	8.178	-2.439	under-represented in TruSeq	0	1351
TruSeq vs BOBseq	ENSG00000161642	ZNF385A	5.114	3.095	-2.417	under-represented in TruSeq	0	2331
TruSeq vs BOBseq	ENSG00000161800	RACGAP1	2.796	6.827	3.633	over-represented in TruSeq	0	1413
TruSeq vs BOBseq	ENSG00000161888	SPC24	8.295	5.86	-2.834	under-represented in TruSeq	0	816
TruSeq vs BOBseq	ENSG00000161904	LEMD2	7.138	5.409	-2.127	under-represented in TruSeq	0	1540
TruSeq vs BOBseq	ENSG00000161914	ZNF653	5.215	2.998	-2.615	under-represented in TruSeq	0	907
TruSeq vs BOBseq	ENSG00000162076	FLYWCH2	7.575	5.891	-2.082	under-represented in TruSeq	0	907
TruSeq vs BOBseq	ENSG00000162191	UBXN1	10.414	7.586	-3.226	under-represented in TruSeq	0	959
TruSeq vs BOBseq	ENSG00000162222	TTC9C	3.391	5.946	2.157	over-represented in TruSeq	0	848
TruSeq vs BOBseq	ENSG00000162434	JAK1	2.608	5.467	2.461	over-represented in TruSeq	0	3952
TruSeq vs BOBseq	ENSG00000162585	FAAP20	7.462	5.79	-2.07	under-represented in TruSeq	0	1232
TruSeq vs BOBseq	ENSG00000162607	USP1	4.234	7.18	2.549	over-represented in TruSeq	0	3576
TruSeq vs BOBseq	ENSG00000162627	SNX7	2.988	5.586	2.2	over-represented in TruSeq	0	1622
TruSeq vs BOBseq	ENSG00000162923	WDR26	3.414	6.631	2.819	over-represented in TruSeq	0	2483
TruSeq vs BOBseq	ENSG00000162959	MEMO1	2.199	5.893	3.296	over-represented in TruSeq	0	1425
TruSeq vs BOBseq	ENSG00000163006	CCDC138	3.036	5.438	2.004	over-represented in TruSeq	0	2189
TruSeq vs BOBseq	ENSG00000163041	H3-3A	7.964	10.534	2.172	over-represented in TruSeq	0	859
TruSeq vs BOBseq	ENSG00000163214	DHX57	2.564	4.986	2.024	over-represented in TruSeq	0	4409
TruSeq vs BOBseq	ENSG00000163273	NPPC	3.67	2.059	-2.009	under-represented in TruSeq	0	1054
TruSeq vs BOBseq	ENSG00000163344	PMVK	8.081	6.16	-2.318	under-represented in TruSeq	0	1002
TruSeq vs BOBseq	ENSG00000163346	PBXIP1	4.12	2.516	-2.002	under-represented in TruSeq	0	2662
TruSeq vs BOBseq	ENSG00000163507	CIP2A	3.263	5.995	2.334	over-represented in TruSeq	0	3276
TruSeq vs BOBseq	ENSG00000163527	STT3B	2.714	6.776	3.664	over-represented in TruSeq	0	3245
TruSeq vs BOBseq	ENSG00000163541	SUCLG1	4.682	7.268	2.188	over-represented in TruSeq	0	1239
TruSeq vs BOBseq	ENSG00000163607	GTPBP8	3.295	5.901	2.209	over-represented in TruSeq	0	1490
TruSeq vs BOBseq	ENSG00000163608	NEPRO	3.063	5.828	2.367	over-represented in TruSeq	0	1473
TruSeq vs BOBseq	ENSG00000163655	GMPS	2.684	7.198	4.115	over-represented in TruSeq	0	2359
TruSeq vs BOBseq	ENSG00000163681	SLMAP	2.755	5.238	2.085	over-represented in TruSeq	0	3215
TruSeq vs BOBseq	ENSG00000163714	U2SURP	5.265	7.974	2.31	over-represented in TruSeq	0	3239
TruSeq vs BOBseq	ENSG00000163743	RCHY1	3.81	6.428	2.22	over-represented in TruSeq	0	1551
TruSeq vs BOBseq	ENSG00000163754	GYG1	2.454	5.897	3.045	over-represented in TruSeq	0	1830
TruSeq vs BOBseq	ENSG00000163781	TOPBP1	2.748	5.897	2.751	over-represented in TruSeq	0	4912
TruSeq vs BOBseq	ENSG00000163785	RYK	2.757	5.504	2.349	over-represented in TruSeq	0	2248
TruSeq vs BOBseq	ENSG00000163807	KIAA1143	2.683	5.664	2.583	over-represented in TruSeq	0	
TruSeq vs BOBseq	ENSG00000163884	KLF15	4.064	2.059	-2.404	under-represented in TruSeq	0	649
TruSeq vs BOBseq	ENSG00000163918	RFC4	4.73	7.194	2.066	over-represented in TruSeq	0	1005
TruSeq vs BOBseq	ENSG00000163938	GNL3	6.004	8.912	2.511	over-represented in TruSeq	0	1573
TruSeq vs BOBseq	ENSG00000164008	C1orf50	5.582	3.363	-2.616	under-represented in TruSeq	0	1393
TruSeq vs BOBseq	ENSG00000164032	H2AZ1	8.532	11.152	2.222	over-represented in TruSeq	0	858
TruSeq vs BOBseq	ENSG00000164070	HSPA4L	2.994	5.521	2.129	over-represented in TruSeq	0	4591
TruSeq vs BOBseq	ENSG00000164109	MAD2L1	5.446	7.978	2.134	over-represented in TruSeq	0	1806
TruSeq vs BOBseq	ENSG00000164134	NAA15	4.306	6.894	2.19	over-represented in TruSeq	0	3534
TruSeq vs BOBseq	ENSG00000164163	ABCE1	3.41	7.845	4.037	over-represented in TruSeq	0	1664
TruSeq vs BOBseq	ENSG00000164329	TENT2	2.382	5.114	2.334	over-represented in TruSeq	0	2148
TruSeq vs BOBseq	ENSG00000164332	UBLCP1	2.851	5.708	2.459	over-represented in TruSeq	0	2131
TruSeq vs BOBseq	ENSG00000164347	GFM2	3.134	5.535	2.003	over-represented in TruSeq	0	2614
TruSeq vs BOBseq	ENSG00000164466	SFXN1	5.697	8.095	2.0	over-represented in TruSeq	0	2051
TruSeq vs BOBseq	ENSG00000164576	SAP30L	7.151	4.825	-2.724	under-represented in TruSeq	0	1255
TruSeq vs BOBseq	ENSG00000164707	SLC13A4	3.993	2.215	-2.176	under-represented in TruSeq	0	1743
TruSeq vs BOBseq	ENSG00000164815	ORC5	3.278	5.936	2.26	over-represented in TruSeq	0	1910
TruSeq vs BOBseq	ENSG00000164853	UNCX	4.546	2.743	-2.202	under-represented in TruSeq	0	2091
TruSeq vs BOBseq	ENSG00000164924	YWHAZ	6.637	9.743	2.708	over-represented in TruSeq	0	1783
TruSeq vs BOBseq	ENSG00000164933	SLC25A32	2.685	5.489	2.406	over-represented in TruSeq	0	2299
TruSeq vs BOBseq	ENSG00000164934	DCAF13	2.955	6.883	3.53	over-represented in TruSeq	0	1833
TruSeq vs BOBseq	ENSG00000164941	INTS8	3.295	6.523	2.83	over-represented in TruSeq	0	1724
TruSeq vs BOBseq	ENSG00000165119	HNRNPK	8.033	10.498	2.067	over-represented in TruSeq	0	1682
TruSeq vs BOBseq	ENSG00000165209	STRBP	2.924	5.744	2.421	over-represented in TruSeq	0	2824
TruSeq vs BOBseq	ENSG00000165304	MELK	3.665	6.198	2.134	over-represented in TruSeq	0	2236
TruSeq vs BOBseq	ENSG00000165410	CFL2	4.025	6.915	2.492	over-represented in TruSeq	0	1652
TruSeq vs BOBseq	ENSG00000165490	DDIAS	1.893	4.812	2.521	over-represented in TruSeq	0	2771
TruSeq vs BOBseq	ENSG00000165609	NUDT5	4.323	7.451	2.73	over-represented in TruSeq	0	805
TruSeq vs BOBseq	ENSG00000165629	ATP5F1C	6.659	9.223	2.167	over-represented in TruSeq	0	1051
TruSeq vs BOBseq	ENSG00000165672	PRDX3	4.869	9.171	3.904	over-represented in TruSeq	0	1527
TruSeq vs BOBseq	ENSG00000165678	GHITM	5.065	8.139	2.676	over-represented in TruSeq	0	2440
TruSeq vs BOBseq	ENSG00000165704	HPRT1	5.6	8.462	2.464	over-represented in TruSeq	0	1175
TruSeq vs BOBseq	ENSG00000165724	ZMYND19	8.071	6.443	-2.027	under-represented in TruSeq	0	1346
TruSeq vs BOBseq	ENSG00000165752	STK32C	7.12	4.772	-2.746	under-represented in TruSeq	0	960
TruSeq vs BOBseq	ENSG00000165775	FUNDC2	4.034	7.723	3.291	over-represented in TruSeq	0	948
TruSeq vs BOBseq	ENSG00000165804	ZNF219	5.526	3.627	-2.297	under-represented in TruSeq	0	1641
TruSeq vs BOBseq	ENSG00000165912	PACSIN3	7.015	4.873	-2.541	under-represented in TruSeq	0	1496
TruSeq vs BOBseq	ENSG00000165934	CPSF2	3.023	6.087	2.666	over-represented in TruSeq	0	3548
TruSeq vs BOBseq	ENSG00000166037	CEP57	2.89	5.683	2.395	over-represented in TruSeq	0	2267
TruSeq vs BOBseq	ENSG00000166181	API5	5.088	7.516	2.03	over-represented in TruSeq	0	2843
TruSeq vs BOBseq	ENSG00000166226	CCT2	6.029	9.443	3.016	over-represented in TruSeq	0	1821
TruSeq vs BOBseq	ENSG00000166233	ARIH1	3.888	6.333	2.047	over-represented in TruSeq	0	1818
TruSeq vs BOBseq	ENSG00000166451	CENPN	4.006	6.929	2.525	over-represented in TruSeq	0	
TruSeq vs BOBseq	ENSG00000166681	BEX3	11.802	9.827	-2.373	under-represented in TruSeq	0	833
TruSeq vs BOBseq	ENSG00000166710	B2M	5.188	8.716	3.131	over-represented in TruSeq	0	931
TruSeq vs BOBseq	ENSG00000166855	CLPX	3.005	5.794	2.391	over-represented in TruSeq	0	1433
TruSeq vs BOBseq	ENSG00000166889	PATL1	2.636	5.35	2.315	over-represented in TruSeq	0	3997
TruSeq vs BOBseq	ENSG00000166965	RCCD1	7.233	4.814	-2.817	under-represented in TruSeq	0	1781
TruSeq vs BOBseq	ENSG00000166971	AKTIP	2.302	5.031	2.331	over-represented in TruSeq	0	1032
TruSeq vs BOBseq	ENSG00000167004	PDIA3	6.229	8.636	2.009	over-represented in TruSeq	0	1691
TruSeq vs BOBseq	ENSG00000167110	GOLGA2	6.717	5.08	-2.035	under-represented in TruSeq	0	2000
TruSeq vs BOBseq	ENSG00000167186	COQ7	7.563	5.56	-2.401	under-represented in TruSeq	0	1697
TruSeq vs BOBseq	ENSG00000167311	ART5	4.901	2.077	-3.222	under-represented in TruSeq	0	1222
TruSeq vs BOBseq	ENSG00000167325	RRM1	4.679	7.742	2.665	over-represented in TruSeq	0	2760
TruSeq vs BOBseq	ENSG00000167468	GPX4	12.484	9.528	-3.354	under-represented in TruSeq	0	709
TruSeq vs BOBseq	ENSG00000167491	GATAD2A	8.185	6.5	-2.084	under-represented in TruSeq	0	3228
TruSeq vs BOBseq	ENSG00000167635	ZNF146	4.06	7.187	2.729	over-represented in TruSeq	0	2654
TruSeq vs BOBseq	ENSG00000167641	PPP1R14A	7.443	4.328	-3.514	under-represented in TruSeq	0	572
TruSeq vs BOBseq	ENSG00000167674	HDGFL2	9.009	7.037	-2.37	under-represented in TruSeq	0	1810
TruSeq vs BOBseq	ENSG00000167699	GLOD4	5.287	7.724	2.038	over-represented in TruSeq	0	938
TruSeq vs BOBseq	ENSG00000167733	HSD11B1L	5.89	2.315	-3.973	under-represented in TruSeq	0	1334
TruSeq vs BOBseq	ENSG00000167815	PRDX2	11.447	9.76	-2.085	under-represented in TruSeq	0	808
TruSeq vs BOBseq	ENSG00000168010	ATG16L2	4.451	2.195	-2.654	under-represented in TruSeq	0	1825
TruSeq vs BOBseq	ENSG00000168036	CTNNB1	5.99	8.515	2.127	over-represented in TruSeq	0	3090
TruSeq vs BOBseq	ENSG00000168056	LTBP3	5.209	3.328	-2.279	under-represented in TruSeq	0	1650
TruSeq vs BOBseq	ENSG00000168061	SAC3D1	7.978	5.939	-2.437	under-represented in TruSeq	0	1188
TruSeq vs BOBseq	ENSG00000168078	PBK	1.876	5.758	3.484	over-represented in TruSeq	0	1797
TruSeq vs BOBseq	ENSG00000168246	UBTD2	2.941	5.421	2.082	over-represented in TruSeq	0	2988
TruSeq vs BOBseq	ENSG00000168259	DNAJC7	9.582	7.717	-2.263	under-represented in TruSeq	0	1523
TruSeq vs BOBseq	ENSG00000168273	UQCC5	9.635	6.842	-3.191	under-represented in TruSeq	0	491
TruSeq vs BOBseq	ENSG00000168283	BMI1	3.255	6.765	3.112	over-represented in TruSeq	0	2140
TruSeq vs BOBseq	ENSG00000168288	MMADHC	3.621	7.741	3.722	over-represented in TruSeq	0	1403
TruSeq vs BOBseq	ENSG00000168374	ARF4	5.156	7.943	2.39	over-represented in TruSeq	0	1382
TruSeq vs BOBseq	ENSG00000168385	SEPTIN2	5.707	8.791	2.686	over-represented in TruSeq	0	2478
TruSeq vs BOBseq	ENSG00000168411	RFWD3	3.448	6.513	2.667	over-represented in TruSeq	0	1851
TruSeq vs BOBseq	ENSG00000168488	ATXN2L	10.395	6.794	-3.999	under-represented in TruSeq	0	2795
TruSeq vs BOBseq	ENSG00000168495	POLR3D	7.681	5.745	-2.335	under-represented in TruSeq	0	2207
TruSeq vs BOBseq	ENSG00000168517	HEXIM2	4.575	2.709	-2.265	under-represented in TruSeq	0	1348
TruSeq vs BOBseq	ENSG00000168528	SERINC2	5.342	3.668	-2.072	under-represented in TruSeq	0	1922
TruSeq vs BOBseq	ENSG00000168569	TMEM223	7.136	5.231	-2.303	under-represented in TruSeq	0	1236
TruSeq vs BOBseq	ENSG00000168615	ADAM9	3.16	5.596	2.038	over-represented in TruSeq	0	4038
TruSeq vs BOBseq	ENSG00000168827	GFM1	2.788	6.581	3.395	over-represented in TruSeq	0	3097
TruSeq vs BOBseq	ENSG00000168884	TNIP2	6.879	4.898	-2.379	under-represented in TruSeq	0	1471
TruSeq vs BOBseq	ENSG00000169020	ATP5ME	12.696	10.203	-2.891	under-represented in TruSeq	0	303
TruSeq vs BOBseq	ENSG00000169136	ATF5	7.379	5.018	-2.759	under-represented in TruSeq	0	1878
TruSeq vs BOBseq	ENSG00000169139	UBE2V2	3.423	7.692	3.87	over-represented in TruSeq	0	1427
TruSeq vs BOBseq	ENSG00000169169	CPT1C	5.46	3.66	-2.199	under-represented in TruSeq	0	692
TruSeq vs BOBseq	ENSG00000169251	NMD3	2.621	6.327	3.308	over-represented in TruSeq	0	2541
TruSeq vs BOBseq	ENSG00000169446	MMGT1	2.857	6.27	3.015	over-represented in TruSeq	0	2791
TruSeq vs BOBseq	ENSG00000169490	TM2D2	3.289	6.288	2.6	over-represented in TruSeq	0	1351
TruSeq vs BOBseq	ENSG00000169504	CLIC4	2.985	6.276	2.893	over-represented in TruSeq	0	4099
TruSeq vs BOBseq	ENSG00000169515	CCDC8	6.52	3.596	-3.322	under-represented in TruSeq	0	3236
TruSeq vs BOBseq	ENSG00000169599	NFU1	3.124	6.799	3.276	over-represented in TruSeq	0	877
TruSeq vs BOBseq	ENSG00000169627	BOLA2B	10.31	7.22	-3.488	under-represented in TruSeq	0	333
TruSeq vs BOBseq	ENSG00000169679	BUB1	2.894	6.583	3.29	over-represented in TruSeq	0	2405
TruSeq vs BOBseq	ENSG00000169682	SPNS1	8.248	6.333	-2.313	under-represented in TruSeq	0	1769
TruSeq vs BOBseq	ENSG00000169683	LRRC45	6.33	4.645	-2.083	under-represented in TruSeq	0	1794
TruSeq vs BOBseq	ENSG00000169714	CNBP	6.695	9.545	2.453	over-represented in TruSeq	0	1584
TruSeq vs BOBseq	ENSG00000170275	CRTAP	4.611	7.648	2.639	over-represented in TruSeq	0	1849
TruSeq vs BOBseq	ENSG00000170291	ELP5	10.008	7.644	-2.761	under-represented in TruSeq	0	1499
TruSeq vs BOBseq	ENSG00000170296	GABARAP	5.643	8.323	2.282	over-represented in TruSeq	0	645
TruSeq vs BOBseq	ENSG00000170412	GPRC5C	4.541	2.771	-2.167	under-represented in TruSeq	0	
TruSeq vs BOBseq	ENSG00000170855	TRIAP1	4.621	7.311	2.292	over-represented in TruSeq	0	1151
TruSeq vs BOBseq	ENSG00000170860	LSM3	3.939	6.435	2.098	over-represented in TruSeq	0	3359
TruSeq vs BOBseq	ENSG00000170899	GSTA4	3.006	5.708	2.304	over-represented in TruSeq	0	1191
TruSeq vs BOBseq	ENSG00000171004	HS6ST2	2.687	5.531	2.445	over-represented in TruSeq	0	3835
TruSeq vs BOBseq	ENSG00000171067	C11orf24	8.854	5.982	-3.271	under-represented in TruSeq	0	788
TruSeq vs BOBseq	ENSG00000171135	JAGN1	3.434	6.478	2.646	over-represented in TruSeq	0	1439
TruSeq vs BOBseq	ENSG00000171204	TMEM126B	3.512	7.255	3.344	over-represented in TruSeq	0	974
TruSeq vs BOBseq	ENSG00000171453	POLR1C	4.667	7.415	2.35	over-represented in TruSeq	0	1225
TruSeq vs BOBseq	ENSG00000171566	PLRG1	3.756	7.085	2.931	over-represented in TruSeq	0	1321
TruSeq vs BOBseq	ENSG00000171735	CAMTA1	5.215	7.624	2.011	over-represented in TruSeq	0	694
TruSeq vs BOBseq	ENSG00000171792	RHNO1	2.604	5.951	2.948	over-represented in TruSeq	0	1703
TruSeq vs BOBseq	ENSG00000171848	RRM2	5.323	7.731	2.01	over-represented in TruSeq	0	2718
TruSeq vs BOBseq	ENSG00000171953	ATPAF2	7.229	5.266	-2.361	under-represented in TruSeq	0	771
TruSeq vs BOBseq	ENSG00000171960	PPIH	4.764	8.113	2.95	over-represented in TruSeq	0	812
TruSeq vs BOBseq	ENSG00000172037	LAMB2	6.431	4.749	-2.08	under-represented in TruSeq	0	1981
TruSeq vs BOBseq	ENSG00000172239	PAIP1	3.076	6.461	2.987	over-represented in TruSeq	0	1644
TruSeq vs BOBseq	ENSG00000172269	DPAGT1	2.728	5.809	2.684	over-represented in TruSeq	0	1302
TruSeq vs BOBseq	ENSG00000172340	SUCLG2	3.208	5.909	2.304	over-represented in TruSeq	0	1598
TruSeq vs BOBseq	ENSG00000172366	MCRIP2	7.747	5.875	-2.27	under-represented in TruSeq	0	1078
TruSeq vs BOBseq	ENSG00000172409	CLP1	2.384	5.394	2.612	over-represented in TruSeq	0	1684
TruSeq vs BOBseq	ENSG00000172466	ZNF24	3.923	6.63	2.309	over-represented in TruSeq	0	6310
TruSeq vs BOBseq	ENSG00000172586	CHCHD1	8.383	6.738	-2.043	under-represented in TruSeq	0	880
TruSeq vs BOBseq	ENSG00000172663	TMEM134	6.892	5.119	-2.171	under-represented in TruSeq	0	622
TruSeq vs BOBseq	ENSG00000172830	SSH3	4.915	2.79	-2.523	under-represented in TruSeq	0	2056
TruSeq vs BOBseq	ENSG00000172922	RNASEH2C	9.035	7.046	-2.387	under-represented in TruSeq	0	2152
TruSeq vs BOBseq	ENSG00000172932	ANKRD13D	6.659	3.714	-3.343	under-represented in TruSeq	0	1822
TruSeq vs BOBseq	ENSG00000173221	GLRX	2.741	5.161	2.021	over-represented in TruSeq	0	743
TruSeq vs BOBseq	ENSG00000173226	IQCB1	3.505	6.274	2.371	over-represented in TruSeq	0	1770
TruSeq vs BOBseq	ENSG00000173457	PPP1R14B	10.809	9.074	-2.133	under-represented in TruSeq	0	926
TruSeq vs BOBseq	ENSG00000173486	FKBP2	11.055	7.09	-4.363	under-represented in TruSeq	0	579
TruSeq vs BOBseq	ENSG00000173511	VEGFB	8.842	5.432	-3.808	under-represented in TruSeq	0	889
TruSeq vs BOBseq	ENSG00000173581	CCDC106	6.513	4.883	-2.028	under-represented in TruSeq	0	1219
TruSeq vs BOBseq	ENSG00000173812	EIF1	6.821	10.066	2.847	over-represented in TruSeq	0	1004
TruSeq vs BOBseq	ENSG00000173898	SPTBN2	7.76	4.557	-3.602	under-represented in TruSeq	0	4016
TruSeq vs BOBseq	ENSG00000173915	ATP5MK	6.637	9.874	2.839	over-represented in TruSeq	0	387
TruSeq vs BOBseq	ENSG00000174099	MSRB3	5.174	3.533	-2.038	under-represented in TruSeq	0	3661
TruSeq vs BOBseq	ENSG00000174173	TRMT10C	4.298	6.813	2.117	over-represented in TruSeq	0	1596
TruSeq vs BOBseq	ENSG00000174238	PITPNA	4.052	6.832	2.381	over-represented in TruSeq	0	942
TruSeq vs BOBseq	ENSG00000174276	ZNHIT2	7.085	4.848	-2.635	under-represented in TruSeq	0	1199
TruSeq vs BOBseq	ENSG00000174437	ATP2A2	3.92	7.234	2.915	over-represented in TruSeq	0	4580
TruSeq vs BOBseq	ENSG00000174606	ANGEL2	2.421	5.121	2.302	over-represented in TruSeq	0	3502
TruSeq vs BOBseq	ENSG00000174695	TMEM167A	3.218	6.556	2.94	over-represented in TruSeq	0	1851
TruSeq vs BOBseq	ENSG00000174744	BRMS1	9.319	6.853	-2.863	under-represented in TruSeq	0	1381
TruSeq vs BOBseq	ENSG00000174775	HRAS	9.307	7.196	-2.509	under-represented in TruSeq	0	1841
TruSeq vs BOBseq	ENSG00000174842	GLMN	2.65	5.609	2.562	over-represented in TruSeq	0	1486
TruSeq vs BOBseq	ENSG00000175216	CKAP5	3.347	7.071	3.325	over-represented in TruSeq	0	3648
TruSeq vs BOBseq	ENSG00000175376	EIF1AD	3.412	5.998	2.188	over-represented in TruSeq	0	1629
TruSeq vs BOBseq	ENSG00000175416	CLTB	9.809	7.31	-2.897	under-represented in TruSeq	0	1098
TruSeq vs BOBseq	ENSG00000175467	SART1	8.174	6.1	-2.472	under-represented in TruSeq	0	2344
TruSeq vs BOBseq	ENSG00000175550	DRAP1	10.95	8.012	-3.336	under-represented in TruSeq	0	728
TruSeq vs BOBseq	ENSG00000175602	CCDC85B	10.242	6.641	-3.999	under-represented in TruSeq	0	963
TruSeq vs BOBseq	ENSG00000175701	MTLN	7.194	4.876	-2.716	under-represented in TruSeq	0	439
TruSeq vs BOBseq	ENSG00000175745	NR2F1	8.827	5.504	-3.721	under-represented in TruSeq	0	2290
TruSeq vs BOBseq	ENSG00000175756	AURKAIP1	10.818	8.272	-2.944	under-represented in TruSeq	0	812
TruSeq vs BOBseq	ENSG00000176058	TPRN	6.06	4.131	-2.328	under-represented in TruSeq	0	1617
TruSeq vs BOBseq	ENSG00000176170	SPHK1	4.179	2.487	-2.09	under-represented in TruSeq	0	1733
TruSeq vs BOBseq	ENSG00000176261	ZBTB8OS	3.377	6.957	3.183	over-represented in TruSeq	0	585
TruSeq vs BOBseq	ENSG00000176407	KCMF1	2.452	5.637	2.787	over-represented in TruSeq	0	2012
TruSeq vs BOBseq	ENSG00000176531	PHLDB3	5.94	3.494	-2.844	under-represented in TruSeq	0	1677
TruSeq vs BOBseq	ENSG00000176946	THAP4	8.082	6.133	-2.347	under-represented in TruSeq	0	1932
TruSeq vs BOBseq	ENSG00000176978	DPP7	4.926	2.573	-2.752	under-represented in TruSeq	0	1180
TruSeq vs BOBseq	ENSG00000177156	TALDO1	10.551	8.322	-2.627	under-represented in TruSeq	0	1116
TruSeq vs BOBseq	ENSG00000177508	IRX3	5.554	2.971	-2.981	under-represented in TruSeq	0	702
TruSeq vs BOBseq	ENSG00000177548	RABEP2	5.394	3.717	-2.074	under-represented in TruSeq	0	1237
TruSeq vs BOBseq	ENSG00000177613	CSTF2T	5.105	3.363	-2.14	under-represented in TruSeq	0	4110
TruSeq vs BOBseq	ENSG00000177889	UBE2N	5.039	8.318	2.88	over-represented in TruSeq	0	1275
TruSeq vs BOBseq	ENSG00000178053	MLF1	2.096	5.91	3.417	over-represented in TruSeq	0	1210
TruSeq vs BOBseq	ENSG00000178381	ZFAND2A	6.962	5.019	-2.341	under-represented in TruSeq	0	670
TruSeq vs BOBseq	ENSG00000178695	KCTD12	3.246	6.44	2.796	over-represented in TruSeq	0	6231
TruSeq vs BOBseq	ENSG00000178773	CPNE7	4.428	2.794	-2.033	under-represented in TruSeq	0	914
TruSeq vs BOBseq	ENSG00000178821	TMEM52	6.287	1.941	-4.744	under-represented in TruSeq	0	1106
TruSeq vs BOBseq	ENSG00000178913	TAF7	3.79	6.569	2.381	over-represented in TruSeq	0	2248
TruSeq vs BOBseq	ENSG00000178922	HYI	7.049	3.948	-3.5	under-represented in TruSeq	0	999
TruSeq vs BOBseq	ENSG00000179021	C3orf38	2.849	5.415	2.169	over-represented in TruSeq	0	1939
TruSeq vs BOBseq	ENSG00000179041	RRS1	8.948	6.72	-2.626	under-represented in TruSeq	0	1720
TruSeq vs BOBseq	ENSG00000179085	DPM3	8.646	6.158	-2.886	under-represented in TruSeq	0	479
TruSeq vs BOBseq	ENSG00000179271	GADD45GIP1	9.785	6.142	-4.042	under-represented in TruSeq	0	1769
TruSeq vs BOBseq	ENSG00000179364	PACS2	6.271	4.452	-2.217	under-represented in TruSeq	0	2926
TruSeq vs BOBseq	ENSG00000179403	VWA1	4.978	2.773	-2.603	under-represented in TruSeq	0	1806
TruSeq vs BOBseq	ENSG00000179859	RNF227	5.035	2.572	-2.86	under-represented in TruSeq	0	2294
TruSeq vs BOBseq	ENSG00000180596	H2BC4	6.424	1.303	-5.519	under-represented in TruSeq	1	475
TruSeq vs BOBseq	ENSG00000180806	HOXC9	7.316	5.106	-2.608	under-represented in TruSeq	0	916
TruSeq vs BOBseq	ENSG00000181029	TRAPPC5	10.075	7.142	-3.331	under-represented in TruSeq	0	498
TruSeq vs BOBseq	ENSG00000181061	HIGD1A	4.451	8.562	3.713	over-represented in TruSeq	0	1151
TruSeq vs BOBseq	ENSG00000182117	NOP10	5.534	8.732	2.8	over-represented in TruSeq	0	
TruSeq vs BOBseq	ENSG00000182149	IST1	5.059	7.721	2.264	over-represented in TruSeq	0	1272
TruSeq vs BOBseq	ENSG00000182196	ARL6IP4	11.56	8.422	-3.536	under-represented in TruSeq	0	874
TruSeq vs BOBseq	ENSG00000182220	ATP6AP2	4.467	6.927	2.062	over-represented in TruSeq	0	1800
TruSeq vs BOBseq	ENSG00000182481	KPNA2	6.302	9.013	2.313	over-represented in TruSeq	0	1989
TruSeq vs BOBseq	ENSG00000182518	VCF2	2.102	5.564	3.064	over-represented in TruSeq	0	1075
TruSeq vs BOBseq	ENSG00000182718	ANXA2	4.552	7.079	2.128	over-represented in TruSeq	0	1481
TruSeq vs BOBseq	ENSG00000182871	COL18A1	6.064	4.444	-2.018	under-represented in TruSeq	0	3228
TruSeq vs BOBseq	ENSG00000183020	AP2A2	8.882	6.326	-2.955	under-represented in TruSeq	0	2199
TruSeq vs BOBseq	ENSG00000183291	SELENOF	4.028	8.748	4.322	over-represented in TruSeq	0	1098
TruSeq vs BOBseq	ENSG00000183336	BOLA2	11.218	8.838	-2.778	under-represented in TruSeq	0	398
TruSeq vs BOBseq	ENSG00000183605	SFXN4	7.865	6.138	-2.126	under-represented in TruSeq	0	1397
TruSeq vs BOBseq	ENSG00000184007	PTP4A2	4.673	7.652	2.58	over-represented in TruSeq	0	1522
TruSeq vs BOBseq	ENSG00000184110	EIF3C	10.808	8.53	-2.676	under-represented in TruSeq	0	1544
TruSeq vs BOBseq	ENSG00000184209	SNRNP35	7.689	5.773	-2.314	under-represented in TruSeq	0	1008
TruSeq vs BOBseq	ENSG00000184260	H2AC20	6.001	0.954	-5.445	under-represented in TruSeq	1	494
TruSeq vs BOBseq	ENSG00000184277	TM2D3	4.356	6.902	2.147	over-represented in TruSeq	0	1336
TruSeq vs BOBseq	ENSG00000184281	TSSC4	7.735	6.024	-2.109	under-represented in TruSeq	0	1180
TruSeq vs BOBseq	ENSG00000184368	MAP7D2	5.657	3.919	-2.135	under-represented in TruSeq	0	3500
TruSeq vs BOBseq	ENSG00000184428	TOP1MT	7.958	5.543	-2.813	under-represented in TruSeq	0	1578
TruSeq vs BOBseq	ENSG00000184432	COPB2	3.877	7.186	2.911	over-represented in TruSeq	0	3758
TruSeq vs BOBseq	ENSG00000184481	FOXO4	5.628	3.661	-2.365	under-represented in TruSeq	0	3464
TruSeq vs BOBseq	ENSG00000184515	BEX5	6.063	3.877	-2.584	under-represented in TruSeq	0	
TruSeq vs BOBseq	ENSG00000184575	XPOT	3.591	7.078	3.089	over-represented in TruSeq	0	4098
TruSeq vs BOBseq	ENSG00000184634	MED12	6.303	4.404	-2.297	under-represented in TruSeq	0	5708
TruSeq vs BOBseq	ENSG00000184857	TMEM186	4.692	3.057	-2.033	under-represented in TruSeq	0	1426
TruSeq vs BOBseq	ENSG00000185009	AP3M1	2.231	5.904	3.276	over-represented in TruSeq	0	4401
TruSeq vs BOBseq	ENSG00000185187	SIGIRR	6.491	4.867	-2.022	under-represented in TruSeq	0	1335
TruSeq vs BOBseq	ENSG00000185201	IFITM2	6.624	3.779	-3.243	under-represented in TruSeq	0	734
TruSeq vs BOBseq	ENSG00000185238	PRMT3	3.051	6.281	2.832	over-represented in TruSeq	0	2372
TruSeq vs BOBseq	ENSG00000185298	CCDC137	7.727	6.012	-2.113	under-represented in TruSeq	0	1713
TruSeq vs BOBseq	ENSG00000185347	TEDC1	6.886	4.968	-2.316	under-represented in TruSeq	0	1488
TruSeq vs BOBseq	ENSG00000185432	TMT1A	5.035	2.981	-2.452	under-represented in TruSeq	0	2845
TruSeq vs BOBseq	ENSG00000185453	ZSWIM9	5.171	2.87	-2.699	under-represented in TruSeq	0	2160
TruSeq vs BOBseq	ENSG00000185619	PCGF3	7.143	5.469	-2.073	under-represented in TruSeq	0	3706
TruSeq vs BOBseq	ENSG00000185721	DRG1	4.756	8.159	3.005	over-represented in TruSeq	0	1530
TruSeq vs BOBseq	ENSG00000185798	WDR53	2.153	4.667	2.117	over-represented in TruSeq	0	868
TruSeq vs BOBseq	ENSG00000185885	IFITM1	4.317	2.411	-2.303	under-represented in TruSeq	0	596
TruSeq vs BOBseq	ENSG00000186063	AIDA	2.111	5.866	3.357	over-represented in TruSeq	0	1935
TruSeq vs BOBseq	ENSG00000186141	POLR3C	3.273	6.09	2.419	over-represented in TruSeq	0	2194
TruSeq vs BOBseq	ENSG00000186193	SAPCD2	6.219	3.821	-2.795	under-represented in TruSeq	0	3814
TruSeq vs BOBseq	ENSG00000186625	KATNA1	3.144	5.673	2.131	over-represented in TruSeq	0	1524
TruSeq vs BOBseq	ENSG00000186660	ZFP91	2.569	5.421	2.455	over-represented in TruSeq	0	5776
TruSeq vs BOBseq	ENSG00000186792	HYAL3	4.619	2.873	-2.145	under-represented in TruSeq	0	1049
TruSeq vs BOBseq	ENSG00000186907	RTN4RL2	5.46	3.671	-2.187	under-represented in TruSeq	0	1450
TruSeq vs BOBseq	ENSG00000187186		5.194	3.453	-2.139	under-represented in TruSeq	0	394
TruSeq vs BOBseq	ENSG00000187514	PTMA	13.525	11.91	-2.013	under-represented in TruSeq	0	1122
TruSeq vs BOBseq	ENSG00000187522	HSPA14	3.748	6.313	2.167	over-represented in TruSeq	0	1672
TruSeq vs BOBseq	ENSG00000187555	USP7	4.581	7.143	2.164	over-represented in TruSeq	0	1670
TruSeq vs BOBseq	ENSG00000187608	ISG15	5.825	2.181	-4.042	under-represented in TruSeq	0	701
TruSeq vs BOBseq	ENSG00000187634	SAMD11	7.398	5.221	-2.575	under-represented in TruSeq	0	1953
TruSeq vs BOBseq	ENSG00000187736	NHEJ1	2.481	5.031	2.152	over-represented in TruSeq	0	2506
TruSeq vs BOBseq	ENSG00000187772	LIN28B	2.478	5.49	2.614	over-represented in TruSeq	0	5430
TruSeq vs BOBseq	ENSG00000187837	H1-2	8.14	4.384	-4.154	under-represented in TruSeq	1	820
TruSeq vs BOBseq	ENSG00000187867	PALM3	5.763	2.982	-3.179	under-represented in TruSeq	0	
TruSeq vs BOBseq	ENSG00000188176	SMTNL2	3.905	2.292	-2.011	under-represented in TruSeq	0	1267
TruSeq vs BOBseq	ENSG00000188290	HES4	8.1	6.033	-2.466	under-represented in TruSeq	0	962
TruSeq vs BOBseq	ENSG00000188313	PLSCR1	2.752	5.378	2.228	over-represented in TruSeq	0	966
TruSeq vs BOBseq	ENSG00000188343	CIBAR1	3.038	5.902	2.467	over-represented in TruSeq	0	970
TruSeq vs BOBseq	ENSG00000188529	SRSF10	5.401	7.821	2.022	over-represented in TruSeq	0	1722
TruSeq vs BOBseq	ENSG00000188612	SUMO2	6.979	9.867	2.49	over-represented in TruSeq	0	767
TruSeq vs BOBseq	ENSG00000189043	NDUFA4	4.799	7.518	2.321	over-represented in TruSeq	0	1100
TruSeq vs BOBseq	ENSG00000189046	ALKBH2	8.587	6.396	-2.59	under-represented in TruSeq	0	950
TruSeq vs BOBseq	ENSG00000189171	S100A13	9.141	6.824	-2.715	under-represented in TruSeq	0	731
TruSeq vs BOBseq	ENSG00000189306	RRP7A	9.436	7.725	-2.109	under-represented in TruSeq	0	926
TruSeq vs BOBseq	ENSG00000189376	C8orf76	2.973	5.971	2.601	over-represented in TruSeq	0	874
TruSeq vs BOBseq	ENSG00000196072	BLOC1S2	3.325	5.977	2.254	over-represented in TruSeq	0	1677
TruSeq vs BOBseq	ENSG00000196118	CFAP119	6.017	4.4	-2.015	under-represented in TruSeq	0	815
TruSeq vs BOBseq	ENSG00000196199	MPHOSPH8	6.798	4.676	-2.52	under-represented in TruSeq	0	3379
TruSeq vs BOBseq	ENSG00000196235	SUPT5H	8.779	6.924	-2.253	under-represented in TruSeq	0	3005
TruSeq vs BOBseq	ENSG00000196262	PPIA	9.942	12.403	2.063	over-represented in TruSeq	0	654
TruSeq vs BOBseq	ENSG00000196290	NIF3L1	3.284	5.956	2.273	over-represented in TruSeq	0	1387
TruSeq vs BOBseq	ENSG00000196305	IARS1	3.735	7.861	3.728	over-represented in TruSeq	0	4360
TruSeq vs BOBseq	ENSG00000196405	EVL	7.698	5.691	-2.405	under-represented in TruSeq	0	1457
TruSeq vs BOBseq	ENSG00000196453	ZNF777	6.041	4.141	-2.298	under-represented in TruSeq	0	3172
TruSeq vs BOBseq	ENSG00000196507	TCEAL3	7.034	1.585	-5.847	under-represented in TruSeq	0	1081
TruSeq vs BOBseq	ENSG00000196535	MYO18A	5.655	3.581	-2.472	under-represented in TruSeq	0	2670
TruSeq vs BOBseq	ENSG00000196591	HDAC2	6.614	9.015	2.002	over-represented in TruSeq	0	1557
TruSeq vs BOBseq	ENSG00000196693	ZNF33B	1.548	4.563	2.617	over-represented in TruSeq	0	3557
TruSeq vs BOBseq	ENSG00000196747	H2AC13	4.923	1.333	-3.988	under-represented in TruSeq	1	495
TruSeq vs BOBseq	ENSG00000196843	ARID5A	4.989	3.352	-2.035	under-represented in TruSeq	0	1931
TruSeq vs BOBseq	ENSG00000197045	GMFB	2.722	5.944	2.824	over-represented in TruSeq	0	3623
TruSeq vs BOBseq	ENSG00000197061	H4C3	7.708	1.481	-6.624	under-represented in TruSeq	1	405
TruSeq vs BOBseq	ENSG00000197114	ZGPAT	6.44	4.158	-2.68	under-represented in TruSeq	0	2119
TruSeq vs BOBseq	ENSG00000197170	PSMD12	4.936	7.57	2.236	over-represented in TruSeq	0	2116
TruSeq vs BOBseq	ENSG00000197223	C1D	2.588	6.163	3.177	over-represented in TruSeq	0	1206
TruSeq vs BOBseq	ENSG00000197498	RPF2	4.465	7.215	2.352	over-represented in TruSeq	0	1459
TruSeq vs BOBseq	ENSG00000197530	MIB2	6.505	3.878	-3.025	under-represented in TruSeq	0	2287
TruSeq vs BOBseq	ENSG00000197548	ATG7	2.875	5.304	2.03	over-represented in TruSeq	0	1785
TruSeq vs BOBseq	ENSG00000197601	FAR1	2.414	6.28	3.468	over-represented in TruSeq	0	4001
TruSeq vs BOBseq	ENSG00000197713	RPE	2.767	6.38	3.215	over-represented in TruSeq	0	1849
TruSeq vs BOBseq	ENSG00000197766	CFD	6.235	4.307	-2.326	under-represented in TruSeq	0	826
TruSeq vs BOBseq	ENSG00000197771	MCMBP	3.615	6.927	2.915	over-represented in TruSeq	0	3101
TruSeq vs BOBseq	ENSG00000197798	FAM118B	2.492	5.104	2.213	over-represented in TruSeq	0	1839
TruSeq vs BOBseq	ENSG00000197894	ADH5	5.144	7.731	2.19	over-represented in TruSeq	0	1661
TruSeq vs BOBseq	ENSG00000197930	ERO1A	2.756	5.702	2.548	over-represented in TruSeq	0	4082
TruSeq vs BOBseq	ENSG00000197965	MPZL1	4.229	6.7	2.072	over-represented in TruSeq	0	2160
TruSeq vs BOBseq	ENSG00000198056	PRIM1	3.115	6.44	2.926	over-represented in TruSeq	0	1314
TruSeq vs BOBseq	ENSG00000198060	MARCHF5	3.081	5.609	2.13	over-represented in TruSeq	0	2382
TruSeq vs BOBseq	ENSG00000198130	HIBCH	2.247	5.359	2.714	over-represented in TruSeq	0	1171
TruSeq vs BOBseq	ENSG00000198171	DDRGK1	9.193	6.927	-2.664	under-represented in TruSeq	0	1270
TruSeq vs BOBseq	ENSG00000198301	SDAD1	3.43	5.86	2.032	over-represented in TruSeq	0	2552
TruSeq vs BOBseq	ENSG00000198408	OGA	3.589	6.253	2.267	over-represented in TruSeq	0	2833
TruSeq vs BOBseq	ENSG00000198431	TXNRD1	4.956	7.518	2.164	over-represented in TruSeq	0	2985
TruSeq vs BOBseq	ENSG00000198467	TPM2	6.654	3.433	-3.619	under-represented in TruSeq	0	977
TruSeq vs BOBseq	ENSG00000198522	GPN1	2.926	6.353	3.029	over-represented in TruSeq	0	1838
TruSeq vs BOBseq	ENSG00000198546	ZNF511	8.609	6.806	-2.201	under-represented in TruSeq	0	897
TruSeq vs BOBseq	ENSG00000198561	CTNND1	1.874	5.834	3.562	over-represented in TruSeq	0	5004
TruSeq vs BOBseq	ENSG00000198612	COPS8	3.815	7.389	3.176	over-represented in TruSeq	0	1451
TruSeq vs BOBseq	ENSG00000198818	SFT2D1	4.954	7.483	2.131	over-represented in TruSeq	0	1040
TruSeq vs BOBseq	ENSG00000198843	SELENOT	2.618	6.539	3.523	over-represented in TruSeq	0	1515
TruSeq vs BOBseq	ENSG00000198856	OSTC	4.836	7.849	2.614	over-represented in TruSeq	0	997
TruSeq vs BOBseq	ENSG00000203705	TATDN3	2.421	5.433	2.614	over-represented in TruSeq	0	1530
TruSeq vs BOBseq	ENSG00000203880	PCMTD2	2.588	5.726	2.741	over-represented in TruSeq	0	2438
TruSeq vs BOBseq	ENSG00000204104	TRAF3IP1	7.22	5.012	-2.606	under-represented in TruSeq	0	3010
TruSeq vs BOBseq	ENSG00000204209	DAXX	9.088	7.028	-2.458	under-represented in TruSeq	0	2539
TruSeq vs BOBseq	ENSG00000204220	PFDN6	9.728	8.042	-2.084	under-represented in TruSeq	0	775
TruSeq vs BOBseq	ENSG00000204237	OXLD1	8.549	5.911	-3.036	under-represented in TruSeq	0	846
TruSeq vs BOBseq	ENSG00000204351	SKIC2	6.604	4.799	-2.204	under-represented in TruSeq	0	3402
TruSeq vs BOBseq	ENSG00000204366	ZBTB12	6.214	4.271	-2.341	under-represented in TruSeq	0	1963
TruSeq vs BOBseq	ENSG00000204370	SDHD	3.575	7.534	3.561	over-represented in TruSeq	0	1298
TruSeq vs BOBseq	ENSG00000204438	GPANK1	6.441	4.535	-2.305	under-represented in TruSeq	0	1106
TruSeq vs BOBseq	ENSG00000204469	PRRC2A	9.412	7.578	-2.232	under-represented in TruSeq	0	6203
TruSeq vs BOBseq	ENSG00000204498	NFKBIL1	7.364	4.609	-3.153	under-represented in TruSeq	0	1417
TruSeq vs BOBseq	ENSG00000204574	ABCF1	9.293	7.215	-2.476	under-represented in TruSeq	0	3261
TruSeq vs BOBseq	ENSG00000204576	PRR3	3.172	5.607	2.037	over-represented in TruSeq	0	1716
TruSeq vs BOBseq	ENSG00000204628	RACK1	15.291	12.679	-3.009	under-represented in TruSeq	0	720
TruSeq vs BOBseq	ENSG00000204642	HLA-F	5.439	3.792	-2.045	under-represented in TruSeq	0	574
TruSeq vs BOBseq	ENSG00000204899	MZT1	4.489	7.372	2.484	over-represented in TruSeq	0	2231
TruSeq vs BOBseq	ENSG00000204922	UQCC3	7.437	4.402	-3.433	under-represented in TruSeq	0	1938
TruSeq vs BOBseq	ENSG00000205060	SLC35B4	3.336	5.766	2.032	over-represented in TruSeq	0	940
TruSeq vs BOBseq	ENSG00000205220	PSMB10	7.997	5.14	-3.255	under-represented in TruSeq	0	588
TruSeq vs BOBseq	ENSG00000205323	SARNP	5.24	7.916	2.277	over-represented in TruSeq	0	812
TruSeq vs BOBseq	ENSG00000205339	IPO7	3.408	6.947	3.141	over-represented in TruSeq	0	5807
TruSeq vs BOBseq	ENSG00000205544	TMEM256	11.223	7.371	-4.25	under-represented in TruSeq	0	
TruSeq vs BOBseq	ENSG00000206418	RAB12	2.662	5.157	2.097	over-represented in TruSeq	0	2066
TruSeq vs BOBseq	ENSG00000206527	HACD2	2.687	5.321	2.236	over-represented in TruSeq	0	4004
TruSeq vs BOBseq	ENSG00000211450	SELENOH	11.654	7.125	-4.927	under-represented in TruSeq	0	938
TruSeq vs BOBseq	ENSG00000211456	SACM1L	2.843	5.843	2.602	over-represented in TruSeq	0	3322
TruSeq vs BOBseq	ENSG00000213337	ANKRD39	6.026	4.188	-2.236	under-represented in TruSeq	0	908
TruSeq vs BOBseq	ENSG00000213339	QTRT1	7.787	5.863	-2.322	under-represented in TruSeq	0	1236
TruSeq vs BOBseq	ENSG00000213347	MXD3	6.158	4.241	-2.314	under-represented in TruSeq	0	1539
TruSeq vs BOBseq	ENSG00000213445	SIPA1	6.551	3.878	-3.071	under-represented in TruSeq	0	1545
TruSeq vs BOBseq	ENSG00000213585	VDAC1	6.502	8.969	2.07	over-represented in TruSeq	0	1419
TruSeq vs BOBseq	ENSG00000213719	CLIC1	10.008	8.306	-2.1	under-represented in TruSeq	0	1199
TruSeq vs BOBseq	ENSG00000213722	DDAH2	6.986	3.853	-3.532	under-represented in TruSeq	0	1214
TruSeq vs BOBseq	ENSG00000213782	DDX47	2.82	7.024	3.806	over-represented in TruSeq	0	1759
TruSeq vs BOBseq	ENSG00000213889	PPM1N	4.58	2.863	-2.115	under-represented in TruSeq	0	949
TruSeq vs BOBseq	ENSG00000214021	TTLL3	5.923	4.118	-2.203	under-represented in TruSeq	0	2706
TruSeq vs BOBseq	ENSG00000214160	ALG3	8.822	6.396	-2.824	under-represented in TruSeq	0	1087
TruSeq vs BOBseq	ENSG00000214194	SMIM30	4.862	7.481	2.221	over-represented in TruSeq	0	1007
TruSeq vs BOBseq	ENSG00000214435	AS3MT	5.046	3.308	-2.136	under-represented in TruSeq	0	2450
TruSeq vs BOBseq	ENSG00000214530	STARD10	7.32	4.966	-2.753	under-represented in TruSeq	0	703
TruSeq vs BOBseq	ENSG00000214736	TOMM6	6.854	9.95	2.697	over-represented in TruSeq	0	580
TruSeq vs BOBseq	ENSG00000214753	HNRNPUL2	7.023	4.852	-2.569	under-represented in TruSeq	0	2768
TruSeq vs BOBseq	ENSG00000215375	MYL5	5.9	3.403	-2.895	under-represented in TruSeq	0	890
TruSeq vs BOBseq	ENSG00000216490	IFI30	6.58	4.374	-2.604	under-represented in TruSeq	0	1002
TruSeq vs BOBseq	ENSG00000221823	PPP3R1	2.757	6.273	3.118	over-represented in TruSeq	0	889
TruSeq vs BOBseq	ENSG00000221916	C19orf73	4.318	1.209	-3.507	under-represented in TruSeq	0	742
TruSeq vs BOBseq	ENSG00000223496	EXOSC6	5.206	3.302	-2.302	under-represented in TruSeq	0	5163
TruSeq vs BOBseq	ENSG00000223802	CERS1	7.145	4.813	-2.729	under-represented in TruSeq	0	1213
TruSeq vs BOBseq	ENSG00000224877	NDUFAF8	11.381	8.098	-3.681	under-represented in TruSeq	0	445
TruSeq vs BOBseq	ENSG00000227057	WDR46	10.741	6.861	-4.278	under-represented in TruSeq	0	2069
TruSeq vs BOBseq	ENSG00000228300	FAM174C	8.29	6.602	-2.086	under-represented in TruSeq	0	797
TruSeq vs BOBseq	ENSG00000228594	FNDC10	4.824	2.702	-2.52	under-represented in TruSeq	0	2124
TruSeq vs BOBseq	ENSG00000229809	ZNF688	5.88	3.037	-3.241	under-represented in TruSeq	0	899
TruSeq vs BOBseq	ENSG00000230453	ANKRD18B	5.133	3.196	-2.335	under-represented in TruSeq	0	2262
TruSeq vs BOBseq	ENSG00000235034	C19orf81	5.632	3.076	-2.954	under-represented in TruSeq	0	479
TruSeq vs BOBseq	ENSG00000235453	SMIM27	6.643	2.531	-4.51	under-represented in TruSeq	0	385
TruSeq vs BOBseq	ENSG00000240230	COX19	4.866	2.669	-2.595	under-represented in TruSeq	0	1859
TruSeq vs BOBseq	ENSG00000240344	PPIL3	2.577	5.961	2.987	over-represented in TruSeq	0	753
TruSeq vs BOBseq	ENSG00000241404	EGFL8	5.401	2.832	-2.967	under-represented in TruSeq	0	2440
TruSeq vs BOBseq	ENSG00000241685	ARPC1A	9.249	7.539	-2.107	under-represented in TruSeq	0	1564
TruSeq vs BOBseq	ENSG00000241837	ATP5PO	6.922	9.71	2.391	over-represented in TruSeq	0	758
TruSeq vs BOBseq	ENSG00000242028	HYPK	8.512	6.301	-2.609	under-represented in TruSeq	0	2362
TruSeq vs BOBseq	ENSG00000242802	AP5Z1	6.316	3.825	-2.889	under-represented in TruSeq	0	2014
TruSeq vs BOBseq	ENSG00000243789	JMJD7	3.579	1.915	-2.062	under-represented in TruSeq	0	975
TruSeq vs BOBseq	ENSG00000243943	ZNF512	2.922	5.81	2.49	over-represented in TruSeq	0	2756
TruSeq vs BOBseq	ENSG00000244462	RBM12	3.527	6.999	3.073	over-represented in TruSeq	0	3471
TruSeq vs BOBseq	ENSG00000244687	UBE2V1	5.023	7.852	2.432	over-represented in TruSeq	0	1585
TruSeq vs BOBseq	ENSG00000246705	H2AJ	7.638	3.314	-4.722	under-represented in TruSeq	0	750
TruSeq vs BOBseq	ENSG00000248333	CDK11B	7.937	5.879	-2.456	under-represented in TruSeq	0	2133
TruSeq vs BOBseq	ENSG00000249115	HAUS5	7.584	5.071	-2.91	under-represented in TruSeq	0	2489
TruSeq vs BOBseq	ENSG00000250479	CHCHD10	11.887	8.361	-3.923	under-represented in TruSeq	0	407
TruSeq vs BOBseq	ENSG00000251503	CENPS-CORT	5.177	1.558	-4.018	under-represented in TruSeq	0	657
TruSeq vs BOBseq	ENSG00000254999	BRK1	5.613	8.043	2.032	over-represented in TruSeq	0	1150
TruSeq vs BOBseq	ENSG00000255526	NEDD8-MDP1	5.228	1.525	-4.101	under-represented in TruSeq	0	
TruSeq vs BOBseq	ENSG00000257103	LSM14A	8.815	6.935	-2.278	under-represented in TruSeq	0	2986
TruSeq vs BOBseq	ENSG00000257524		5.325	3.718	-2.004	under-represented in TruSeq	0	855
TruSeq vs BOBseq	ENSG00000258643	BCL2L2-PABPN1	7.03	4.444	-2.983	under-represented in TruSeq	0	2040
TruSeq vs BOBseq	ENSG00000258890	CEP95	2.549	5.626	2.679	over-represented in TruSeq	0	1460
TruSeq vs BOBseq	ENSG00000259112	NDUFC2-KCTD14	8.116	2.797	-5.717	under-represented in TruSeq	0	655
TruSeq vs BOBseq	ENSG00000260027	HOXB7	8.46	4.603	-4.256	under-represented in TruSeq	0	684
TruSeq vs BOBseq	ENSG00000260238	PMF1-BGLAP	4.567	2.924	-2.041	under-represented in TruSeq	0	977
TruSeq vs BOBseq	ENSG00000261884		5.749	3.533	-2.614	under-represented in TruSeq	0	1202
TruSeq vs BOBseq	ENSG00000262664	OVCA2	7.821	6.018	-2.2	under-represented in TruSeq	0	1031
TruSeq vs BOBseq	ENSG00000264343	NOTCH2NLA	6.527	3.984	-2.941	under-represented in TruSeq	0	1340
TruSeq vs BOBseq	ENSG00000265590	CFAP298-TCP10L	7.268	5.301	-2.365	under-represented in TruSeq	0	1026
TruSeq vs BOBseq	ENSG00000266412	NCOA4	2.588	6.501	3.515	over-represented in TruSeq	0	3282
TruSeq vs BOBseq	ENSG00000267059		7.35	4.6	-3.149	under-represented in TruSeq	0	1002
TruSeq vs BOBseq	ENSG00000267303		6.859	2.076	-5.18	under-represented in TruSeq	0	1850
TruSeq vs BOBseq	ENSG00000267368	UPK3BL1	7.079	5.466	-2.011	under-represented in TruSeq	0	1342
TruSeq vs BOBseq	ENSG00000269713	NBPF9	3.438	6.633	2.797	over-represented in TruSeq	0	979
TruSeq vs BOBseq	ENSG00000270647	TAF15	10.522	8.589	-2.331	under-represented in TruSeq	0	2282
TruSeq vs BOBseq	ENSG00000272772		3.587	6.586	2.6	over-represented in TruSeq	0	1239
TruSeq vs BOBseq	ENSG00000273542	H4C12	3.8	1.423	-2.775	under-represented in TruSeq	1	390
TruSeq vs BOBseq	ENSG00000273841	TAF9	4.824	7.388	2.166	over-represented in TruSeq	0	1257
TruSeq vs BOBseq	ENSG00000273899	NOL12	8.91	6.956	-2.352	under-represented in TruSeq	0	947
TruSeq vs BOBseq	ENSG00000274997	H2AC12	6.648	1.442	-5.604	under-represented in TruSeq	1	457
TruSeq vs BOBseq	ENSG00000275700	AATF	8.781	6.824	-2.355	under-represented in TruSeq	0	2074
TruSeq vs BOBseq	ENSG00000277161	PIGW	3.132	5.903	2.373	over-represented in TruSeq	0	2816
TruSeq vs BOBseq	ENSG00000277972	CISD3	7.366	5.23	-2.534	under-represented in TruSeq	0	2552
TruSeq vs BOBseq	ENSG00000278615	C11orf98	9.177	7.352	-2.223	under-represented in TruSeq	0	655
TruSeq vs BOBseq	ENSG00000278619	MRM1	5.515	3.472	-2.441	under-represented in TruSeq	0	1561
TruSeq vs BOBseq	ENSG00000278817		5.975	4.143	-2.23	under-represented in TruSeq	0	1213
TruSeq vs BOBseq	ENSG00000280893		8.747	4.946	-4.199	under-represented in TruSeq	0	2252
TruSeq vs BOBseq	ENSG00000280987	MATR3	2.195	6.721	4.128	over-represented in TruSeq	0	2617
TruSeq vs BOBseq	ENSG00000281348		10.581	0.94	-10.039	under-represented in TruSeq	0	556
TruSeq vs BOBseq	ENSG00000285625		3.075	1.346	-2.127	under-represented in TruSeq	0	588
TruSeq vs BOBseq	ENSG00000286070		2.883	7.984	4.703	over-represented in TruSeq	0	714
TruSeq vs BOBseq	ENSG00000286140	DERPC	2.962	5.598	2.238	over-represented in TruSeq	0	2779
TruSeq vs BOBseq	ENSG00000286190		4.899	2.753	-2.544	under-represented in TruSeq	0	1500
TruSeq vs BOBseq	ENSG00000288825	H2AC18	4.739	2.485	-2.652	under-represented in TruSeq	1	533
TruSeq vs BOBseq	ENSG00000290146		2.4	5.988	3.191	over-represented in TruSeq	0	1041
TruSeq vs BOBseq	ENSG00000292366	VAMP7	3.008	6.5	3.094	over-represented in TruSeq	0	2420
TruSeq vs prime-seq	ENSG00000001461	NIPAL3	6.207	4.069	-2.022	under-represented in TruSeq	0	5215
TruSeq vs prime-seq	ENSG00000005483	KMT2E	6.94	4.165	-2.66	under-represented in TruSeq	0	5387
TruSeq vs prime-seq	ENSG00000005810	MYCBP2	8.801	6.422	-2.264	under-represented in TruSeq	0	3227
TruSeq vs prime-seq	ENSG00000007923	DNAJC11	4.741	6.752	2.127	over-represented in TruSeq	0	1662
TruSeq vs prime-seq	ENSG00000007944	MYLIP	5.563	3.404	-2.043	under-represented in TruSeq	0	3080
TruSeq vs prime-seq	ENSG00000008311	AASS	6.205	4.04	-2.049	under-represented in TruSeq	0	3524
TruSeq vs prime-seq	ENSG00000008952	SEC62	10.55	6.609	-3.824	under-represented in TruSeq	0	2613
TruSeq vs prime-seq	ENSG00000009413	REV3L	6.636	3.622	-2.898	under-represented in TruSeq	0	6085
TruSeq vs prime-seq	ENSG00000009954	BAZ1B	8.983	6.284	-2.583	under-represented in TruSeq	0	4798
TruSeq vs prime-seq	ENSG00000010278	CD9	3.911	5.808	2.013	over-represented in TruSeq	0	1249
TruSeq vs prime-seq	ENSG00000010361	FUZ	2.82	6.127	3.423	over-represented in TruSeq	0	941
TruSeq vs prime-seq	ENSG00000011052	NME1-NME2	1.824	5.176	3.469	over-represented in TruSeq	0	1021
TruSeq vs prime-seq	ENSG00000011275	RNF216	7.508	4.81	-2.583	under-represented in TruSeq	0	4630
TruSeq vs prime-seq	ENSG00000011485	PPP5C	5.111	7.587	2.592	over-represented in TruSeq	0	1506
TruSeq vs prime-seq	ENSG00000013561	RNF14	4.242	6.359	2.233	over-represented in TruSeq	0	1768
TruSeq vs prime-seq	ENSG00000016391	CHDH	5.463	2.819	-2.528	under-represented in TruSeq	0	2509
TruSeq vs prime-seq	ENSG00000017797	RALBP1	7.564	5.311	-2.137	under-represented in TruSeq	0	4138
TruSeq vs prime-seq	ENSG00000021645	NRXN3	5.362	2.611	-2.635	under-represented in TruSeq	0	3899
TruSeq vs prime-seq	ENSG00000023287	RB1CC1	8.199	4.941	-3.142	under-represented in TruSeq	0	5837
TruSeq vs prime-seq	ENSG00000023516	AKAP11	5.924	3.684	-2.125	under-represented in TruSeq	0	9915
TruSeq vs prime-seq	ENSG00000025800	KPNA6	7.745	4.981	-2.648	under-represented in TruSeq	0	7094
TruSeq vs prime-seq	ENSG00000026652	AGPAT4	5.543	3.425	-2.002	under-represented in TruSeq	0	4323
TruSeq vs prime-seq	ENSG00000027001	MIPEP	2.986	4.924	2.054	over-represented in TruSeq	0	1689
TruSeq vs prime-seq	ENSG00000028528	SNX1	4.745	6.661	2.032	over-represented in TruSeq	0	2343
TruSeq vs prime-seq	ENSG00000032219	ARID4A	5.947	3.242	-2.589	under-represented in TruSeq	0	4239
TruSeq vs prime-seq	ENSG00000034510	TMSB10	8.773	10.769	2.111	over-represented in TruSeq	0	461
TruSeq vs prime-seq	ENSG00000037042	TUBG2	5.118	2.826	-2.176	under-represented in TruSeq	0	1483
TruSeq vs prime-seq	ENSG00000037474	NSUN2	5.238	7.537	2.414	over-represented in TruSeq	0	1856
TruSeq vs prime-seq	ENSG00000038219	BOD1L1	7.405	3.867	-3.422	under-represented in TruSeq	0	7984
TruSeq vs prime-seq	ENSG00000038427	VCAN	6.707	4.289	-2.302	under-represented in TruSeq	0	6617
TruSeq vs prime-seq	ENSG00000042088	TDP1	3.712	5.632	2.037	over-represented in TruSeq	0	2050
TruSeq vs prime-seq	ENSG00000044459	CNTLN	6.37	3.504	-2.75	under-represented in TruSeq	0	4343
TruSeq vs prime-seq	ENSG00000046651	OFD1	6.808	4.197	-2.496	under-represented in TruSeq	0	4007
TruSeq vs prime-seq	ENSG00000046653	GPM6B	6.109	3.744	-2.249	under-represented in TruSeq	0	3565
TruSeq vs prime-seq	ENSG00000047410	TPR	9.382	6.613	-2.652	under-represented in TruSeq	0	4157
TruSeq vs prime-seq	ENSG00000048471	SNX29	4.624	2.484	-2.024	under-represented in TruSeq	0	7860
TruSeq vs prime-seq	ENSG00000048649	RSF1	7.645	5.268	-2.261	under-represented in TruSeq	0	4497
TruSeq vs prime-seq	ENSG00000049618	ARID1B	7.042	4.807	-2.119	under-represented in TruSeq	0	4419
TruSeq vs prime-seq	ENSG00000051596	THOC3	5.309	8.772	3.579	over-represented in TruSeq	0	878
TruSeq vs prime-seq	ENSG00000052126	PLEKHA5	6.156	3.834	-2.206	under-represented in TruSeq	0	3491
TruSeq vs prime-seq	ENSG00000052795	FNIP2	6.067	3.601	-2.35	under-represented in TruSeq	0	6370
TruSeq vs prime-seq	ENSG00000053254	FOXN3	6.509	3.771	-2.622	under-represented in TruSeq	0	5481
TruSeq vs prime-seq	ENSG00000054267	ARID4B	7.851	4.794	-2.941	under-represented in TruSeq	0	4357
TruSeq vs prime-seq	ENSG00000054523	KIF1B	6.744	4.585	-2.043	under-represented in TruSeq	0	7920
TruSeq vs prime-seq	ENSG00000054654	SYNE2	6.723	3.25	-3.357	under-represented in TruSeq	0	15021
TruSeq vs prime-seq	ENSG00000055332	EIF2AK2	6.571	4.435	-2.019	under-represented in TruSeq	0	6998
TruSeq vs prime-seq	ENSG00000055609	KMT2C	8.428	4.86	-3.452	under-represented in TruSeq	0	3887
TruSeq vs prime-seq	ENSG00000055732	MCOLN3	5.145	2.929	-2.1	under-represented in TruSeq	0	2678
TruSeq vs prime-seq	ENSG00000058272	PPP1R12A	8.046	4.995	-2.935	under-represented in TruSeq	0	2422
TruSeq vs prime-seq	ENSG00000061455	PRDM6	4.915	2.614	-2.186	under-represented in TruSeq	0	5897
TruSeq vs prime-seq	ENSG00000063244	U2AF2	5.13	8.87	3.855	over-represented in TruSeq	0	2247
TruSeq vs prime-seq	ENSG00000063245	EPN1	4.78	6.813	2.149	over-represented in TruSeq	0	2695
TruSeq vs prime-seq	ENSG00000064393	HIPK2	7.2	3.976	-3.109	under-represented in TruSeq	0	13902
TruSeq vs prime-seq	ENSG00000064651	SLC12A2	6.547	3.818	-2.613	under-represented in TruSeq	0	5596
TruSeq vs prime-seq	ENSG00000064726	BTBD1	4.01	6.825	2.931	over-represented in TruSeq	0	2965
TruSeq vs prime-seq	ENSG00000065154	OAT	5.066	7.918	2.967	over-represented in TruSeq	0	1929
TruSeq vs prime-seq	ENSG00000065883	CDK13	6.921	4.804	-2.002	under-represented in TruSeq	0	3648
TruSeq vs prime-seq	ENSG00000066279	ASPM	8.62	5.166	-3.339	under-represented in TruSeq	0	6498
TruSeq vs prime-seq	ENSG00000066322	ELOVL1	4.253	6.745	2.607	over-represented in TruSeq	0	881
TruSeq vs prime-seq	ENSG00000066379	POLR1H	4.624	6.546	2.038	over-represented in TruSeq	0	851
TruSeq vs prime-seq	ENSG00000066933	MYO9A	6.794	3.866	-2.812	under-represented in TruSeq	0	4668
TruSeq vs prime-seq	ENSG00000067208	EVI5	6.855	3.627	-3.112	under-represented in TruSeq	0	3957
TruSeq vs prime-seq	ENSG00000067248	DHX29	8.011	5.101	-2.794	under-represented in TruSeq	0	3734
TruSeq vs prime-seq	ENSG00000067900	ROCK1	7.544	4.725	-2.704	under-represented in TruSeq	0	7556
TruSeq vs prime-seq	ENSG00000068489	PRR11	7.24	4.975	-2.15	under-represented in TruSeq	0	4103
TruSeq vs prime-seq	ENSG00000068885	IFT80	2.66	4.59	2.045	over-represented in TruSeq	0	1799
TruSeq vs prime-seq	ENSG00000068912	ERLEC1	7.487	5.295	-2.077	under-represented in TruSeq	0	2403
TruSeq vs prime-seq	ENSG00000069275	NUCKS1	10.391	7.84	-2.435	under-represented in TruSeq	0	5686
TruSeq vs prime-seq	ENSG00000070614	NDST1	3.256	5.256	2.116	over-represented in TruSeq	0	7623
TruSeq vs prime-seq	ENSG00000071626	DAZAP1	5.754	8.469	2.83	over-represented in TruSeq	0	1694
TruSeq vs prime-seq	ENSG00000072062	PRKACA	4.404	6.549	2.26	over-represented in TruSeq	0	2690
TruSeq vs prime-seq	ENSG00000072778	ACADVL	4.703	6.603	2.016	over-represented in TruSeq	0	1067
TruSeq vs prime-seq	ENSG00000073614	KDM5A	7.486	5.073	-2.297	under-represented in TruSeq	0	5617
TruSeq vs prime-seq	ENSG00000075240	GRAMD4	2.609	4.69	2.197	over-represented in TruSeq	0	2032
TruSeq vs prime-seq	ENSG00000075391	RASAL2	5.523	3.183	-2.225	under-represented in TruSeq	0	7618
TruSeq vs prime-seq	ENSG00000075407	ZNF37A	6.176	3.602	-2.458	under-represented in TruSeq	0	6677
TruSeq vs prime-seq	ENSG00000076604	TRAF4	3.181	5.759	2.694	over-represented in TruSeq	0	1577
TruSeq vs prime-seq	ENSG00000076641	PAG1	5.718	2.915	-2.686	under-represented in TruSeq	0	10597
TruSeq vs prime-seq	ENSG00000076928	ARHGEF1	2.963	4.931	2.084	over-represented in TruSeq	0	2195
TruSeq vs prime-seq	ENSG00000077312	SNRPA	6.035	7.951	2.031	over-represented in TruSeq	0	1160
TruSeq vs prime-seq	ENSG00000078177	N4BP2	5.443	2.817	-2.51	under-represented in TruSeq	0	8618
TruSeq vs prime-seq	ENSG00000078687	TNRC6C	5.654	3.099	-2.439	under-represented in TruSeq	0	5534
TruSeq vs prime-seq	ENSG00000079102	RUNX1T1	5.335	2.487	-2.732	under-represented in TruSeq	0	3190
TruSeq vs prime-seq	ENSG00000080345	RIF1	8.597	4.75	-3.731	under-represented in TruSeq	0	9549
TruSeq vs prime-seq	ENSG00000080819	CPOX	4.229	6.248	2.135	over-represented in TruSeq	0	2577
TruSeq vs prime-seq	ENSG00000081019	RSBN1	7.412	3.558	-3.738	under-represented in TruSeq	0	2947
TruSeq vs prime-seq	ENSG00000081026	MAGI3	6.201	3.904	-2.181	under-represented in TruSeq	0	4924
TruSeq vs prime-seq	ENSG00000081721	DUSP12	3.812	5.914	2.218	over-represented in TruSeq	0	1160
TruSeq vs prime-seq	ENSG00000082805	ERC1	6.186	3.751	-2.319	under-represented in TruSeq	0	8073
TruSeq vs prime-seq	ENSG00000084093	REST	6.898	3.719	-3.063	under-represented in TruSeq	0	6850
TruSeq vs prime-seq	ENSG00000085224	ATRX	8.607	5.127	-3.364	under-represented in TruSeq	0	4493
TruSeq vs prime-seq	ENSG00000086506	HBQ1	4.932	2.716	-2.1	under-represented in TruSeq	0	528
TruSeq vs prime-seq	ENSG00000087088	BAX	3.841	8.347	4.622	over-represented in TruSeq	0	758
TruSeq vs prime-seq	ENSG00000087152	ATXN7L3	3.637	6.087	2.566	over-represented in TruSeq	0	1476
TruSeq vs prime-seq	ENSG00000088038	CNOT3	3.805	6.638	2.949	over-represented in TruSeq	0	1531
TruSeq vs prime-seq	ENSG00000088247	KHSRP	7.199	9.446	2.363	over-represented in TruSeq	0	1570
TruSeq vs prime-seq	ENSG00000088888	MAVS	7.238	3.989	-3.133	under-represented in TruSeq	0	11702
TruSeq vs prime-seq	ENSG00000089048	ESF1	7.328	4.987	-2.225	under-represented in TruSeq	0	3201
TruSeq vs prime-seq	ENSG00000089597	GANAB	4.99	8.402	3.527	over-represented in TruSeq	0	2913
TruSeq vs prime-seq	ENSG00000090447	TFAP4	3.063	5.514	2.567	over-represented in TruSeq	0	1026
TruSeq vs prime-seq	ENSG00000091483	FH	4.875	7.213	2.453	over-represented in TruSeq	0	1263
TruSeq vs prime-seq	ENSG00000091656	ZFHX4	6.947	2.945	-3.886	under-represented in TruSeq	0	11826
TruSeq vs prime-seq	ENSG00000092208	GEMIN2	3.916	6.472	2.672	over-represented in TruSeq	0	981
TruSeq vs prime-seq	ENSG00000092421	SEMA6A	6.409	4.068	-2.226	under-represented in TruSeq	0	1596
TruSeq vs prime-seq	ENSG00000092531	SNAP23	4.302	6.242	2.055	over-represented in TruSeq	0	1608
TruSeq vs prime-seq	ENSG00000092853	CLSPN	8.213	5.341	-2.756	under-represented in TruSeq	0	2521
TruSeq vs prime-seq	ENSG00000092978	GPATCH2	5.791	3.494	-2.181	under-represented in TruSeq	0	2754
TruSeq vs prime-seq	ENSG00000094916	CBX5	7.998	5.412	-2.47	under-represented in TruSeq	0	2011
TruSeq vs prime-seq	ENSG00000096401	CDC5L	8.776	5.63	-3.03	under-represented in TruSeq	0	6241
TruSeq vs prime-seq	ENSG00000099364	FBXL19	2.594	5.905	3.427	over-represented in TruSeq	0	2882
TruSeq vs prime-seq	ENSG00000099904	ZDHHC8	2.948	5.441	2.608	over-represented in TruSeq	0	1252
TruSeq vs prime-seq	ENSG00000099956	SMARCB1	5.498	8.629	3.247	over-represented in TruSeq	0	511
TruSeq vs prime-seq	ENSG00000100029	PES1	5.32	8.376	3.171	over-represented in TruSeq	0	1847
TruSeq vs prime-seq	ENSG00000100196	KDELR3	2.329	4.632	2.419	over-represented in TruSeq	0	1478
TruSeq vs prime-seq	ENSG00000100320	RBFOX2	8.485	6.233	-2.136	under-represented in TruSeq	0	4661
TruSeq vs prime-seq	ENSG00000100344	PNPLA3	5.344	3.221	-2.008	under-represented in TruSeq	0	2266
TruSeq vs prime-seq	ENSG00000100354	TNRC6B	7.606	3.518	-3.972	under-represented in TruSeq	0	11440
TruSeq vs prime-seq	ENSG00000100379	KCTD17	3.057	5.805	2.864	over-represented in TruSeq	0	1314
TruSeq vs prime-seq	ENSG00000100410	PHF5A	5.802	7.86	2.173	over-represented in TruSeq	0	537
TruSeq vs prime-seq	ENSG00000100591	AHSA1	6.875	8.979	2.22	over-represented in TruSeq	0	798
TruSeq vs prime-seq	ENSG00000100592	DAAM1	5.646	3.404	-2.127	under-represented in TruSeq	0	3364
TruSeq vs prime-seq	ENSG00000100697	DICER1	7.725	5.047	-2.562	under-represented in TruSeq	0	4411
TruSeq vs prime-seq	ENSG00000100784	RPS6KA5	5.757	3.14	-2.501	under-represented in TruSeq	0	3316
TruSeq vs prime-seq	ENSG00000100815	TRIP11	6.446	3.494	-2.836	under-represented in TruSeq	0	6693
TruSeq vs prime-seq	ENSG00000101210	EEF1A2	3.947	6.724	2.893	over-represented in TruSeq	0	1220
TruSeq vs prime-seq	ENSG00000101421	CHMP4B	4.255	7.093	2.953	over-represented in TruSeq	0	1602
TruSeq vs prime-seq	ENSG00000101745	ANKRD12	7.087	3.032	-3.939	under-represented in TruSeq	0	6505
TruSeq vs prime-seq	ENSG00000102119	EMD	5.351	8.357	3.121	over-represented in TruSeq	0	976
TruSeq vs prime-seq	ENSG00000102172	SMS	5.73	7.629	2.015	over-represented in TruSeq	0	1571
TruSeq vs prime-seq	ENSG00000102189	EEA1	6.686	3.192	-3.378	under-represented in TruSeq	0	2730
TruSeq vs prime-seq	ENSG00000102580	DNAJC3	6.33	4.07	-2.145	under-represented in TruSeq	0	5380
TruSeq vs prime-seq	ENSG00000102780	DGKH	5.95	2.712	-3.122	under-represented in TruSeq	0	13500
TruSeq vs prime-seq	ENSG00000102870	ZNF629	6.347	3.37	-2.861	under-represented in TruSeq	0	6083
TruSeq vs prime-seq	ENSG00000102908	NFAT5	5.749	2.994	-2.639	under-represented in TruSeq	0	11609
TruSeq vs prime-seq	ENSG00000103404	USP31	5.134	2.636	-2.382	under-represented in TruSeq	0	3587
TruSeq vs prime-seq	ENSG00000103512	NOMO1	5.118	7.408	2.406	over-represented in TruSeq	0	951
TruSeq vs prime-seq	ENSG00000103550	KNOP1	8.973	6.254	-2.604	under-represented in TruSeq	0	4023
TruSeq vs prime-seq	ENSG00000103994	ZNF106	7.402	4.321	-2.965	under-represented in TruSeq	0	9034
TruSeq vs prime-seq	ENSG00000103995	CEP152	6.157	3.1	-2.941	under-represented in TruSeq	0	3259
TruSeq vs prime-seq	ENSG00000104218	CSPP1	7.022	4.353	-2.553	under-represented in TruSeq	0	3285
TruSeq vs prime-seq	ENSG00000104267	CA2	6.293	8.703	2.526	over-represented in TruSeq	0	1460
TruSeq vs prime-seq	ENSG00000104290	FZD3	5.669	3.154	-2.4	under-represented in TruSeq	0	7358
TruSeq vs prime-seq	ENSG00000104325	DECR1	2.958	5.165	2.322	over-represented in TruSeq	0	866
TruSeq vs prime-seq	ENSG00000104412	EMC2	4.363	6.504	2.257	over-represented in TruSeq	0	940
TruSeq vs prime-seq	ENSG00000104427	ZC2HC1A	5.45	2.642	-2.692	under-represented in TruSeq	0	3283
TruSeq vs prime-seq	ENSG00000104824	HNRNPL	7.669	9.802	2.249	over-represented in TruSeq	0	2158
TruSeq vs prime-seq	ENSG00000104833	TUBB4A	2.37	4.726	2.473	over-represented in TruSeq	0	2047
TruSeq vs prime-seq	ENSG00000104852	SNRNP70	6.107	9.363	3.372	over-represented in TruSeq	0	1510
TruSeq vs prime-seq	ENSG00000104853	CLPTM1	4.103	6.838	2.851	over-represented in TruSeq	0	1902
TruSeq vs prime-seq	ENSG00000105085	MED26	6.171	3.845	-2.21	under-represented in TruSeq	0	2903
TruSeq vs prime-seq	ENSG00000105701	FKBP8	3.289	8.146	4.973	over-represented in TruSeq	0	1149
TruSeq vs prime-seq	ENSG00000105723	GSK3A	4.235	7.514	3.394	over-represented in TruSeq	0	761
TruSeq vs prime-seq	ENSG00000105810	CDK6	7.063	4.056	-2.891	under-represented in TruSeq	0	7603
TruSeq vs prime-seq	ENSG00000105849	POLR1F	8.023	5.45	-2.457	under-represented in TruSeq	0	658
TruSeq vs prime-seq	ENSG00000105939	ZC3HAV1	7.754	4.74	-2.899	under-represented in TruSeq	0	3936
TruSeq vs prime-seq	ENSG00000106049	HIBADH	3.376	5.638	2.378	over-represented in TruSeq	0	1811
TruSeq vs prime-seq	ENSG00000106261	ZKSCAN1	7.249	3.822	-3.311	under-represented in TruSeq	0	6621
TruSeq vs prime-seq	ENSG00000106299	WASL	6.039	3.724	-2.198	under-represented in TruSeq	0	4363
TruSeq vs prime-seq	ENSG00000106346	USP42	6.341	3.453	-2.772	under-represented in TruSeq	0	4180
TruSeq vs prime-seq	ENSG00000106524	ANKMY2	2.177	4.141	2.08	over-represented in TruSeq	0	2310
TruSeq vs prime-seq	ENSG00000107020	PLGRKT	2.849	4.857	2.123	over-represented in TruSeq	0	963
TruSeq vs prime-seq	ENSG00000107290	SETX	6.787	4.086	-2.584	under-represented in TruSeq	0	5950
TruSeq vs prime-seq	ENSG00000107581	EIF3A	10.608	7.518	-2.974	under-represented in TruSeq	0	3619
TruSeq vs prime-seq	ENSG00000107833	NPM3	5.831	8.051	2.336	over-represented in TruSeq	0	701
TruSeq vs prime-seq	ENSG00000107872	FBXL15	5.63	3.498	-2.016	under-represented in TruSeq	0	1098
TruSeq vs prime-seq	ENSG00000107890	ANKRD26	6.977	2.917	-3.944	under-represented in TruSeq	0	4423
TruSeq vs prime-seq	ENSG00000108055	SMC3	9.012	6.343	-2.553	under-represented in TruSeq	0	5041
TruSeq vs prime-seq	ENSG00000108651	UTP6	5.075	7.199	2.24	over-represented in TruSeq	0	1120
TruSeq vs prime-seq	ENSG00000108774	RAB5C	4.089	7.789	3.815	over-represented in TruSeq	0	1280
TruSeq vs prime-seq	ENSG00000108953	YWHAE	8.481	10.997	2.632	over-represented in TruSeq	0	2052
TruSeq vs prime-seq	ENSG00000109654	TRIM2	5.869	3.355	-2.399	under-represented in TruSeq	0	6049
TruSeq vs prime-seq	ENSG00000110107	PRPF19	5.826	8.416	2.706	over-represented in TruSeq	0	1974
TruSeq vs prime-seq	ENSG00000111652	COPS7A	4.119	6.65	2.647	over-represented in TruSeq	0	1750
TruSeq vs prime-seq	ENSG00000111667	USP5	4.822	6.843	2.137	over-represented in TruSeq	0	3027
TruSeq vs prime-seq	ENSG00000111676	ATN1	2.468	5.474	3.122	over-represented in TruSeq	0	4331
TruSeq vs prime-seq	ENSG00000111696	NT5DC3	5.27	2.663	-2.491	under-represented in TruSeq	0	6391
TruSeq vs prime-seq	ENSG00000111879	FAM184A	5.608	3.428	-2.065	under-represented in TruSeq	0	2753
TruSeq vs prime-seq	ENSG00000112208	BAG2	6.117	3.469	-2.533	under-represented in TruSeq	0	6651
TruSeq vs prime-seq	ENSG00000112419	PHACTR2	6.831	3.598	-3.117	under-represented in TruSeq	0	4780
TruSeq vs prime-seq	ENSG00000112773	TENT5A	5.659	2.634	-2.91	under-represented in TruSeq	0	5555
TruSeq vs prime-seq	ENSG00000112787	FBRSL1	4.125	6.965	2.956	over-represented in TruSeq	0	1657
TruSeq vs prime-seq	ENSG00000112851	ERBIN	6.412	4.211	-2.085	under-represented in TruSeq	0	6301
TruSeq vs prime-seq	ENSG00000112893	MAN2A1	5.559	3.328	-2.116	under-represented in TruSeq	0	5467
TruSeq vs prime-seq	ENSG00000113140	SPARC	3.27	5.266	2.111	over-represented in TruSeq	0	867
TruSeq vs prime-seq	ENSG00000113368	LMNB1	4.432	7.826	3.509	over-represented in TruSeq	0	2196
TruSeq vs prime-seq	ENSG00000113441	LNPEP	4.915	2.672	-2.127	under-represented in TruSeq	0	11209
TruSeq vs prime-seq	ENSG00000113522	RAD50	7.908	5.27	-2.522	under-represented in TruSeq	0	4121
TruSeq vs prime-seq	ENSG00000113583	C5orf15	4.347	6.968	2.737	over-represented in TruSeq	0	763
TruSeq vs prime-seq	ENSG00000113734	BNIP1	3.542	5.592	2.165	over-represented in TruSeq	0	1169
TruSeq vs prime-seq	ENSG00000113810	SMC4	10.307	7.41	-2.782	under-represented in TruSeq	0	3564
TruSeq vs prime-seq	ENSG00000114439	BBX	8.311	4.673	-3.522	under-represented in TruSeq	0	7103
TruSeq vs prime-seq	ENSG00000114541	FRMD4B	4.58	2.19	-2.274	under-represented in TruSeq	0	1769
TruSeq vs prime-seq	ENSG00000114739	ACVR2B	6.487	3.748	-2.622	under-represented in TruSeq	0	11660
TruSeq vs prime-seq	ENSG00000114857	NKTR	8.436	5.064	-3.257	under-represented in TruSeq	0	5473
TruSeq vs prime-seq	ENSG00000114861	FOXP1	6.973	3.957	-2.9	under-represented in TruSeq	0	3299
TruSeq vs prime-seq	ENSG00000115271	GCA	2.086	4.76	2.79	over-represented in TruSeq	0	1269
TruSeq vs prime-seq	ENSG00000115289	PCGF1	3.782	5.753	2.086	over-represented in TruSeq	0	793
TruSeq vs prime-seq	ENSG00000115306	SPTBN1	7.444	5.28	-2.048	under-represented in TruSeq	0	8151
TruSeq vs prime-seq	ENSG00000115355	CCDC88A	7.74	4.949	-2.675	under-represented in TruSeq	0	3220
TruSeq vs prime-seq	ENSG00000115457	IGFBP2	4.439	6.676	2.352	over-represented in TruSeq	0	1021
TruSeq vs prime-seq	ENSG00000115461	IGFBP5	5.048	2.551	-2.382	under-represented in TruSeq	0	812
TruSeq vs prime-seq	ENSG00000115541	HSPE1	8.836	10.988	2.268	over-represented in TruSeq	0	559
TruSeq vs prime-seq	ENSG00000115649	CNPPD1	2.752	5.471	2.835	over-represented in TruSeq	0	1832
TruSeq vs prime-seq	ENSG00000115661	STK16	3.649	5.645	2.112	over-represented in TruSeq	0	1377
TruSeq vs prime-seq	ENSG00000115760	BIRC6	7.155	4.701	-2.338	under-represented in TruSeq	0	8271
TruSeq vs prime-seq	ENSG00000115977	AAK1	5.603	2.807	-2.68	under-represented in TruSeq	0	7287
TruSeq vs prime-seq	ENSG00000116205	TCEANC2	5.721	3.389	-2.216	under-represented in TruSeq	0	7159
TruSeq vs prime-seq	ENSG00000116539	ASH1L	7.055	4.868	-2.072	under-represented in TruSeq	0	4853
TruSeq vs prime-seq	ENSG00000116580	GON4L	7.421	4.471	-2.835	under-represented in TruSeq	0	3663
TruSeq vs prime-seq	ENSG00000116747	RO60	8.632	5.209	-3.307	under-represented in TruSeq	0	5419
TruSeq vs prime-seq	ENSG00000116791	CRYZ	3.799	5.731	2.048	over-represented in TruSeq	0	1287
TruSeq vs prime-seq	ENSG00000117139	KDM5B	7.411	4.954	-2.341	under-represented in TruSeq	0	2840
TruSeq vs prime-seq	ENSG00000117479	SLC19A2	2.393	4.322	2.044	over-represented in TruSeq	0	3351
TruSeq vs prime-seq	ENSG00000117523	PRRC2C	9.745	6.823	-2.806	under-represented in TruSeq	0	6546
TruSeq vs prime-seq	ENSG00000117724	CENPF	9.629	5.858	-3.656	under-represented in TruSeq	0	7673
TruSeq vs prime-seq	ENSG00000117899	MESD	8.259	5.602	-2.542	under-represented in TruSeq	0	3985
TruSeq vs prime-seq	ENSG00000118058	KMT2A	8.176	4.9	-3.161	under-represented in TruSeq	0	8414
TruSeq vs prime-seq	ENSG00000118412	CASP8AP2	7.011	3.771	-3.124	under-represented in TruSeq	0	5391
TruSeq vs prime-seq	ENSG00000118518	RNF146	2.522	5.315	2.909	over-represented in TruSeq	0	1855
TruSeq vs prime-seq	ENSG00000118689	FOXO3	7.554	4.48	-2.958	under-represented in TruSeq	0	6766
TruSeq vs prime-seq	ENSG00000118816	CCNI	9.801	7.476	-2.209	under-represented in TruSeq	0	2114
TruSeq vs prime-seq	ENSG00000118971	CCND2	7.466	3.894	-3.456	under-represented in TruSeq	0	6180
TruSeq vs prime-seq	ENSG00000119013	NDUFB3	6.3	8.499	2.314	over-represented in TruSeq	0	502
TruSeq vs prime-seq	ENSG00000119383	PTPA	4.974	6.965	2.107	over-represented in TruSeq	0	2216
TruSeq vs prime-seq	ENSG00000119547	ONECUT2	7.483	2.507	-4.86	under-represented in TruSeq	0	16430
TruSeq vs prime-seq	ENSG00000119689	DLST	2.623	6.786	4.278	over-represented in TruSeq	0	2239
TruSeq vs prime-seq	ENSG00000119707	RBM25	9.035	6.844	-2.075	under-represented in TruSeq	0	3855
TruSeq vs prime-seq	ENSG00000119787	ATL2	4.743	6.683	2.056	over-represented in TruSeq	0	2077
TruSeq vs prime-seq	ENSG00000119969	HELLS	8.417	6.018	-2.283	under-represented in TruSeq	0	3925
TruSeq vs prime-seq	ENSG00000119986	AVPI1	4.688	2.511	-2.062	under-represented in TruSeq	0	1375
TruSeq vs prime-seq	ENSG00000120129	DUSP1	5.62	3.264	-2.24	under-represented in TruSeq	0	2013
TruSeq vs prime-seq	ENSG00000120662	MTRF1	2.07	4.357	2.404	over-represented in TruSeq	0	1203
TruSeq vs prime-seq	ENSG00000120693	SMAD9	5.982	3.377	-2.489	under-represented in TruSeq	0	5531
TruSeq vs prime-seq	ENSG00000120696	KBTBD7	5.144	2.379	-2.649	under-represented in TruSeq	0	4736
TruSeq vs prime-seq	ENSG00000120738	EGR1	5.428	1.853	-3.459	under-represented in TruSeq	0	3137
TruSeq vs prime-seq	ENSG00000121064	SCPEP1	4.109	6.197	2.205	over-represented in TruSeq	0	1595
TruSeq vs prime-seq	ENSG00000121274	TENT4B	6.044	3.877	-2.051	under-represented in TruSeq	0	4178
TruSeq vs prime-seq	ENSG00000121578	B4GALT4	2.661	4.571	2.026	over-represented in TruSeq	0	1901
TruSeq vs prime-seq	ENSG00000121691	CAT	2.766	5.206	2.556	over-represented in TruSeq	0	2014
TruSeq vs prime-seq	ENSG00000122257	RBBP6	8.783	5.647	-3.02	under-represented in TruSeq	0	4577
TruSeq vs prime-seq	ENSG00000122386	ZNF205	2.523	4.63	2.223	over-represented in TruSeq	0	1232
TruSeq vs prime-seq	ENSG00000122481	RWDD3	2.594	4.566	2.088	over-represented in TruSeq	0	1017
TruSeq vs prime-seq	ENSG00000122483	CCDC18	7.109	4.458	-2.535	under-represented in TruSeq	0	2543
TruSeq vs prime-seq	ENSG00000122696	SLC25A51	2.339	4.458	2.235	over-represented in TruSeq	0	1384
TruSeq vs prime-seq	ENSG00000122966	CIT	5.996	3.703	-2.178	under-represented in TruSeq	0	4362
TruSeq vs prime-seq	ENSG00000123104	ITPR2	6.014	2.525	-3.373	under-represented in TruSeq	0	12530
TruSeq vs prime-seq	ENSG00000123143	PKN1	2.915	6.671	3.872	over-represented in TruSeq	0	2372
TruSeq vs prime-seq	ENSG00000123200	ZC3H13	8.898	5.31	-3.472	under-represented in TruSeq	0	6478
TruSeq vs prime-seq	ENSG00000123352	SPATS2	6.646	4.432	-2.098	under-represented in TruSeq	0	2635
TruSeq vs prime-seq	ENSG00000123636	BAZ2B	5.966	3.348	-2.503	under-represented in TruSeq	0	3066
TruSeq vs prime-seq	ENSG00000123908	AGO2	7.176	4.441	-2.62	under-represented in TruSeq	0	1741
TruSeq vs prime-seq	ENSG00000124177	CHD6	6.198	3.742	-2.34	under-represented in TruSeq	0	7877
TruSeq vs prime-seq	ENSG00000124275	MTRR	3.556	5.707	2.267	over-represented in TruSeq	0	1918
TruSeq vs prime-seq	ENSG00000124593		7.159	2.853	-4.191	under-represented in TruSeq	0	3165
TruSeq vs prime-seq	ENSG00000124766	SOX4	8.923	5.181	-3.627	under-represented in TruSeq	0	4869
TruSeq vs prime-seq	ENSG00000124788	ATXN1	5.06	2.853	-2.091	under-represented in TruSeq	0	3839
TruSeq vs prime-seq	ENSG00000124831	LRRFIP1	7.903	5.738	-2.05	under-represented in TruSeq	0	3625
TruSeq vs prime-seq	ENSG00000125148	MT2A	3.631	5.81	2.295	over-represented in TruSeq	0	403
TruSeq vs prime-seq	ENSG00000125351	UPF3B	8.397	6.258	-2.024	under-represented in TruSeq	0	2293
TruSeq vs prime-seq	ENSG00000125386	FAM193A	6.176	3.663	-2.397	under-represented in TruSeq	0	4642
TruSeq vs prime-seq	ENSG00000125534	PPDPF	4.422	7.393	3.088	over-represented in TruSeq	0	795
TruSeq vs prime-seq	ENSG00000125676	THOC2	9.702	7.067	-2.52	under-represented in TruSeq	0	2815
TruSeq vs prime-seq	ENSG00000125755	SYMPK	4.365	6.296	2.046	over-represented in TruSeq	0	2459
TruSeq vs prime-seq	ENSG00000125971	DYNLRB1	6.328	8.444	2.232	over-represented in TruSeq	0	676
TruSeq vs prime-seq	ENSG00000126070	AGO3	6.321	3.693	-2.513	under-represented in TruSeq	0	5553
TruSeq vs prime-seq	ENSG00000126453	BCL2L12	5.299	7.366	2.183	over-represented in TruSeq	0	850
TruSeq vs prime-seq	ENSG00000126457	PRMT1	5.261	9.385	4.24	over-represented in TruSeq	0	1207
TruSeq vs prime-seq	ENSG00000126461	SCAF1	2.894	6.363	3.585	over-represented in TruSeq	0	3034
TruSeq vs prime-seq	ENSG00000126653	NSRP1	7.998	5.266	-2.616	under-represented in TruSeq	0	1945
TruSeq vs prime-seq	ENSG00000126746	ZNF384	2.928	6.279	3.467	over-represented in TruSeq	0	1763
TruSeq vs prime-seq	ENSG00000126777	KTN1	9.521	6.787	-2.618	under-represented in TruSeq	0	4020
TruSeq vs prime-seq	ENSG00000126870	DYNC2I1	7.479	4.112	-3.251	under-represented in TruSeq	0	3475
TruSeq vs prime-seq	ENSG00000127837	AAMP	5.987	8.288	2.416	over-represented in TruSeq	0	1434
TruSeq vs prime-seq	ENSG00000127914	AKAP9	8.317	3.602	-4.6	under-represented in TruSeq	0	8864
TruSeq vs prime-seq	ENSG00000128203	ASPHD2	5.045	2.867	-2.062	under-represented in TruSeq	0	3370
TruSeq vs prime-seq	ENSG00000129003	VPS13C	5.107	2.858	-2.133	under-represented in TruSeq	0	7730
TruSeq vs prime-seq	ENSG00000129187	DCTD	4.057	6.14	2.199	over-represented in TruSeq	0	1481
TruSeq vs prime-seq	ENSG00000129255	MPDU1	4.465	7.346	2.997	over-represented in TruSeq	0	1095
TruSeq vs prime-seq	ENSG00000129315	CCNT1	6.787	4.456	-2.215	under-represented in TruSeq	0	6583
TruSeq vs prime-seq	ENSG00000130119	GNL3L	8.025	4.947	-2.962	under-represented in TruSeq	0	6445
TruSeq vs prime-seq	ENSG00000130175	PRKCSH	4.21	8.37	4.276	over-represented in TruSeq	0	1551
TruSeq vs prime-seq	ENSG00000130311	DDA1	4.979	7.066	2.203	over-represented in TruSeq	0	1219
TruSeq vs prime-seq	ENSG00000130338	TULP4	6.212	3.144	-2.953	under-represented in TruSeq	0	4580
TruSeq vs prime-seq	ENSG00000130508	PXDN	6.179	3.552	-2.511	under-represented in TruSeq	0	6107
TruSeq vs prime-seq	ENSG00000130669	PAK4	3.548	6.057	2.625	over-represented in TruSeq	0	2053
TruSeq vs prime-seq	ENSG00000130748	TMEM160	8.256	5.443	-2.698	under-represented in TruSeq	0	655
TruSeq vs prime-seq	ENSG00000130818	ZNF426	4.605	2.453	-2.037	under-represented in TruSeq	0	4842
TruSeq vs prime-seq	ENSG00000131016	AKAP12	7.896	5.201	-2.579	under-represented in TruSeq	0	6909
TruSeq vs prime-seq	ENSG00000131116	ZNF428	2.99	6.503	3.629	over-represented in TruSeq	0	1119
TruSeq vs prime-seq	ENSG00000131187	F12	5.145	2.997	-2.032	under-represented in TruSeq	0	1437
TruSeq vs prime-seq	ENSG00000131653	TRAF7	3.744	6.215	2.586	over-represented in TruSeq	0	1854
TruSeq vs prime-seq	ENSG00000131711	MAP1B	8.616	3.435	-5.065	under-represented in TruSeq	0	11715
TruSeq vs prime-seq	ENSG00000132205	EMILIN2	4.877	2.604	-2.157	under-represented in TruSeq	0	5442
TruSeq vs prime-seq	ENSG00000132207	SLX1A	1.739	4.071	2.448	over-represented in TruSeq	0	822
TruSeq vs prime-seq	ENSG00000132254	ARFIP2	5.138	7.107	2.085	over-represented in TruSeq	0	1616
TruSeq vs prime-seq	ENSG00000132549	VPS13B	4.811	2.659	-2.036	under-represented in TruSeq	0	8867
TruSeq vs prime-seq	ENSG00000132819	RBM38	3.813	5.765	2.068	over-represented in TruSeq	0	2246
TruSeq vs prime-seq	ENSG00000132846	ZBED3	5.752	2.466	-3.171	under-represented in TruSeq	0	1436
TruSeq vs prime-seq	ENSG00000133059	DSTYK	6.122	3.244	-2.763	under-represented in TruSeq	0	8008
TruSeq vs prime-seq	ENSG00000133069	TMCC2	4.828	2.303	-2.41	under-represented in TruSeq	0	3420
TruSeq vs prime-seq	ENSG00000133226	SRRM1	9.157	7.021	-2.021	under-represented in TruSeq	0	2496
TruSeq vs prime-seq	ENSG00000133243	BTBD2	3.864	6.002	2.254	over-represented in TruSeq	0	1540
TruSeq vs prime-seq	ENSG00000133247	KMT5C	2.168	4.756	2.704	over-represented in TruSeq	0	1374
TruSeq vs prime-seq	ENSG00000133250	ZNF414	3.362	5.503	2.257	over-represented in TruSeq	0	563
TruSeq vs prime-seq	ENSG00000133863	TEX15	5.456	2.684	-2.656	under-represented in TruSeq	0	11219
TruSeq vs prime-seq	ENSG00000134285	FKBP11	4.711	2.594	-2.001	under-represented in TruSeq	0	1733
TruSeq vs prime-seq	ENSG00000134318	ROCK2	6.963	4.366	-2.481	under-represented in TruSeq	0	6438
TruSeq vs prime-seq	ENSG00000134369	NAV1	5.855	2.641	-3.099	under-represented in TruSeq	0	6992
TruSeq vs prime-seq	ENSG00000134480	CCNH	4.376	6.278	2.017	over-represented in TruSeq	0	956
TruSeq vs prime-seq	ENSG00000134809	TIMM10	5.711	7.891	2.296	over-represented in TruSeq	0	653
TruSeq vs prime-seq	ENSG00000134824	FADS2	2.876	5.136	2.375	over-represented in TruSeq	0	2139
TruSeq vs prime-seq	ENSG00000134852	CLOCK	5.753	3.039	-2.599	under-represented in TruSeq	0	7183
TruSeq vs prime-seq	ENSG00000134982	APC	6.732	3.657	-2.959	under-represented in TruSeq	0	9459
TruSeq vs prime-seq	ENSG00000135148	TRAFD1	3.955	5.957	2.118	over-represented in TruSeq	0	2372
TruSeq vs prime-seq	ENSG00000135315	CEP162	5.309	2.697	-2.497	under-represented in TruSeq	0	3520
TruSeq vs prime-seq	ENSG00000135541	AHI1	6.867	4.023	-2.729	under-represented in TruSeq	0	3018
TruSeq vs prime-seq	ENSG00000135547	HEY2	5.111	2.63	-2.365	under-represented in TruSeq	0	2608
TruSeq vs prime-seq	ENSG00000135837	CEP350	7.736	3.96	-3.66	under-represented in TruSeq	0	10665
TruSeq vs prime-seq	ENSG00000135870	RC3H1	5.358	2.879	-2.363	under-represented in TruSeq	0	1774
TruSeq vs prime-seq	ENSG00000135968	GCC2	7.003	4.059	-2.828	under-represented in TruSeq	0	5135
TruSeq vs prime-seq	ENSG00000135976	ANKRD36	7.8	2.79	-4.895	under-represented in TruSeq	0	
TruSeq vs prime-seq	ENSG00000136521	NDUFB5	4.954	7.109	2.271	over-represented in TruSeq	0	822
TruSeq vs prime-seq	ENSG00000137166	FOXP4	2.42	4.595	2.291	over-represented in TruSeq	0	4222
TruSeq vs prime-seq	ENSG00000137200	CMTR1	4.187	6.072	2.0	over-represented in TruSeq	0	3368
TruSeq vs prime-seq	ENSG00000137812	KNL1	6.083	3.86	-2.108	under-represented in TruSeq	0	8249
TruSeq vs prime-seq	ENSG00000137815	RTF1	7.82	5.498	-2.206	under-represented in TruSeq	0	4170
TruSeq vs prime-seq	ENSG00000137817	PARP6	3.72	5.764	2.16	over-represented in TruSeq	0	1426
TruSeq vs prime-seq	ENSG00000137831	UACA	6.54	3.949	-2.475	under-represented in TruSeq	0	4051
TruSeq vs prime-seq	ENSG00000137941	TTLL7	5.574	2.688	-2.771	under-represented in TruSeq	0	3732
TruSeq vs prime-seq	ENSG00000137955	RABGGTB	5.511	8.048	2.653	over-represented in TruSeq	0	1472
TruSeq vs prime-seq	ENSG00000137962	ARHGAP29	5.206	2.732	-2.358	under-represented in TruSeq	0	5074
TruSeq vs prime-seq	ENSG00000137992	DBT	5.911	3.744	-2.052	under-represented in TruSeq	0	2110
TruSeq vs prime-seq	ENSG00000138175	ARL3	6.777	4.168	-2.493	under-represented in TruSeq	0	3834
TruSeq vs prime-seq	ENSG00000138182	KIF20B	7.829	4.531	-3.183	under-represented in TruSeq	0	6161
TruSeq vs prime-seq	ENSG00000138336	TET1	6.534	2.842	-3.577	under-represented in TruSeq	0	9612
TruSeq vs prime-seq	ENSG00000138376	BARD1	7.184	3.662	-3.406	under-represented in TruSeq	0	3452
TruSeq vs prime-seq	ENSG00000138381	ASNSD1	5.055	6.973	2.033	over-represented in TruSeq	0	2160
TruSeq vs prime-seq	ENSG00000138398	PPIG	9.08	6.401	-2.564	under-represented in TruSeq	0	3027
TruSeq vs prime-seq	ENSG00000138459	SLC35A5	3.026	5.375	2.465	over-represented in TruSeq	0	1972
TruSeq vs prime-seq	ENSG00000138495	COX17	6.001	8.287	2.401	over-represented in TruSeq	0	429
TruSeq vs prime-seq	ENSG00000138778	CENPE	7.92	4.17	-3.634	under-represented in TruSeq	0	8039
TruSeq vs prime-seq	ENSG00000138801	PAPSS1	3.681	5.703	2.138	over-represented in TruSeq	0	2394
TruSeq vs prime-seq	ENSG00000139343	SNRPF	7.26	9.929	2.785	over-represented in TruSeq	0	459
TruSeq vs prime-seq	ENSG00000139618	BRCA2	6.811	3.307	-3.388	under-represented in TruSeq	0	8226
TruSeq vs prime-seq	ENSG00000139620	KANSL2	3.623	5.741	2.234	over-represented in TruSeq	0	1513
TruSeq vs prime-seq	ENSG00000139697	SBNO1	7.184	4.057	-3.012	under-represented in TruSeq	0	11006
TruSeq vs prime-seq	ENSG00000139718	SETD1B	5.736	3.294	-2.326	under-represented in TruSeq	0	8556
TruSeq vs prime-seq	ENSG00000139746	RBM26	8.782	6.614	-2.053	under-represented in TruSeq	0	3782
TruSeq vs prime-seq	ENSG00000139800	ZIC5	5.541	3.327	-2.098	under-represented in TruSeq	0	4497
TruSeq vs prime-seq	ENSG00000140350	ANP32A	6.841	9.599	2.874	over-represented in TruSeq	0	1369
TruSeq vs prime-seq	ENSG00000140386	SCAPER	6.353	3.086	-3.151	under-represented in TruSeq	0	2801
TruSeq vs prime-seq	ENSG00000140451	PIF1	5.566	3.185	-2.265	under-represented in TruSeq	0	1165
TruSeq vs prime-seq	ENSG00000141428	C18orf21	5.131	7.182	2.167	over-represented in TruSeq	0	890
TruSeq vs prime-seq	ENSG00000141449	GREB1L	5.739	3.583	-2.04	under-represented in TruSeq	0	7632
TruSeq vs prime-seq	ENSG00000141543	EIF4A3	6.751	8.943	2.308	over-represented in TruSeq	0	
TruSeq vs prime-seq	ENSG00000141756	FKBP10	5.158	7.302	2.259	over-represented in TruSeq	0	1927
TruSeq vs prime-seq	ENSG00000141933	TPGS1	2.559	4.465	2.022	over-represented in TruSeq	0	1696
TruSeq vs prime-seq	ENSG00000141965	FEM1A	6.9	4.285	-2.5	under-represented in TruSeq	0	9540
TruSeq vs prime-seq	ENSG00000141994	DUS3L	4.451	6.781	2.446	over-represented in TruSeq	0	847
TruSeq vs prime-seq	ENSG00000143147	GPR161	6.052	3.239	-2.697	under-represented in TruSeq	0	3627
TruSeq vs prime-seq	ENSG00000143158	MPC2	8.811	6.139	-2.556	under-represented in TruSeq	0	1930
TruSeq vs prime-seq	ENSG00000143190	POU2F1	6.763	3.086	-3.561	under-represented in TruSeq	0	12960
TruSeq vs prime-seq	ENSG00000143256	PFDN2	5.205	8.681	3.591	over-represented in TruSeq	0	594
TruSeq vs prime-seq	ENSG00000143315	PIGM	5.67	2.482	-3.073	under-represented in TruSeq	0	7038
TruSeq vs prime-seq	ENSG00000143322	ABL2	6.707	3.989	-2.602	under-represented in TruSeq	0	8826
TruSeq vs prime-seq	ENSG00000143373	ZNF687	2.364	4.772	2.524	over-represented in TruSeq	0	4109
TruSeq vs prime-seq	ENSG00000143418	CERS2	4.923	7.589	2.782	over-represented in TruSeq	0	1555
TruSeq vs prime-seq	ENSG00000143443	C1orf56	4.768	2.401	-2.251	under-represented in TruSeq	0	848
TruSeq vs prime-seq	ENSG00000143669	LYST	5.514	3.119	-2.28	under-represented in TruSeq	0	3503
TruSeq vs prime-seq	ENSG00000143776	CDC42BPA	7.319	4.855	-2.348	under-represented in TruSeq	0	5156
TruSeq vs prime-seq	ENSG00000143811	PYCR2	5.436	7.337	2.016	over-represented in TruSeq	0	1390
TruSeq vs prime-seq	ENSG00000143862	ARL8A	3.063	5.193	2.246	over-represented in TruSeq	0	1325
TruSeq vs prime-seq	ENSG00000143970	ASXL2	6.51	3.97	-2.424	under-represented in TruSeq	0	7220
TruSeq vs prime-seq	ENSG00000144218	AFF3	4.396	2.267	-2.013	under-represented in TruSeq	0	3195
TruSeq vs prime-seq	ENSG00000144306	SCRN3	3.382	5.357	2.091	over-represented in TruSeq	0	1692
TruSeq vs prime-seq	ENSG00000144426	NBEAL1	5.315	3.095	-2.104	under-represented in TruSeq	0	5042
TruSeq vs prime-seq	ENSG00000144674	GOLGA4	8.103	4.51	-3.477	under-represented in TruSeq	0	7408
TruSeq vs prime-seq	ENSG00000144791	LIMD1	6.712	4.417	-2.179	under-represented in TruSeq	0	5658
TruSeq vs prime-seq	ENSG00000145241	CENPC	5.956	3.689	-2.151	under-represented in TruSeq	0	3306
TruSeq vs prime-seq	ENSG00000145362	ANK2	5.034	2.566	-2.352	under-represented in TruSeq	0	7207
TruSeq vs prime-seq	ENSG00000145494	NDUFS6	7.369	9.281	2.028	over-represented in TruSeq	0	515
TruSeq vs prime-seq	ENSG00000145703	IQGAP2	6.124	3.529	-2.48	under-represented in TruSeq	0	5254
TruSeq vs prime-seq	ENSG00000145734	BDP1	8.557	4.262	-4.179	under-represented in TruSeq	0	11037
TruSeq vs prime-seq	ENSG00000145990	GFOD1	5.252	2.506	-2.631	under-represented in TruSeq	0	7904
TruSeq vs prime-seq	ENSG00000146247	PHIP	8.272	4.856	-3.3	under-represented in TruSeq	0	5583
TruSeq vs prime-seq	ENSG00000146414	SHPRH	6.742	4.409	-2.217	under-represented in TruSeq	0	4848
TruSeq vs prime-seq	ENSG00000146574	CCZ1B	4.986	6.905	2.035	over-represented in TruSeq	0	1004
TruSeq vs prime-seq	ENSG00000146592	CREB5	6.943	4.513	-2.315	under-represented in TruSeq	0	3985
TruSeq vs prime-seq	ENSG00000146676	PURB	5.403	2.689	-2.598	under-represented in TruSeq	0	9232
TruSeq vs prime-seq	ENSG00000147202	DIAPH2	5.512	3.024	-2.373	under-represented in TruSeq	0	5106
TruSeq vs prime-seq	ENSG00000147224	PRPS1	6.628	8.641	2.129	over-represented in TruSeq	0	1817
TruSeq vs prime-seq	ENSG00000147421	HMBOX1	5.658	2.026	-3.517	under-represented in TruSeq	0	1394
TruSeq vs prime-seq	ENSG00000147454	SLC25A37	6.797	4.391	-2.29	under-represented in TruSeq	0	3353
TruSeq vs prime-seq	ENSG00000147548	NSD3	9.145	5.44	-3.589	under-represented in TruSeq	0	3892
TruSeq vs prime-seq	ENSG00000147649	MTDH	9.559	7.029	-2.415	under-represented in TruSeq	0	3025
TruSeq vs prime-seq	ENSG00000148200	NR6A1	5.824	3.452	-2.256	under-represented in TruSeq	0	1553
TruSeq vs prime-seq	ENSG00000148690	FRA10AC1	6.736	4.508	-2.112	under-represented in TruSeq	0	1785
TruSeq vs prime-seq	ENSG00000148773	MKI67	8.999	5.706	-3.177	under-represented in TruSeq	0	11472
TruSeq vs prime-seq	ENSG00000148926	ADM	5.254	3.003	-2.136	under-represented in TruSeq	0	1270
TruSeq vs prime-seq	ENSG00000149187	CELF1	8.175	6.029	-2.03	under-represented in TruSeq	0	3110
TruSeq vs prime-seq	ENSG00000149294	NCAM1	6.193	3.444	-2.633	under-represented in TruSeq	0	4538
TruSeq vs prime-seq	ENSG00000149308	NPAT	6.247	4.125	-2.006	under-represented in TruSeq	0	4609
TruSeq vs prime-seq	ENSG00000149311	ATM	6.482	4.302	-2.065	under-represented in TruSeq	0	7177
TruSeq vs prime-seq	ENSG00000149328	GLB1L2	2.985	4.916	2.047	over-represented in TruSeq	0	3239
TruSeq vs prime-seq	ENSG00000149428	HYOU1	4.426	7.142	2.832	over-represented in TruSeq	0	4054
TruSeq vs prime-seq	ENSG00000149480	MTA2	5.031	7.707	2.792	over-represented in TruSeq	0	2303
TruSeq vs prime-seq	ENSG00000149532	CPSF7	4.784	6.981	2.312	over-represented in TruSeq	0	2984
TruSeq vs prime-seq	ENSG00000149716	LTO1	2.921	5.047	2.242	over-represented in TruSeq	0	1376
TruSeq vs prime-seq	ENSG00000149923	PPP4C	6.649	8.72	2.187	over-represented in TruSeq	0	1275
TruSeq vs prime-seq	ENSG00000150687	PRSS23	5.956	3.7	-2.14	under-represented in TruSeq	0	2487
TruSeq vs prime-seq	ENSG00000150907	FOXO1	6.044	2.43	-3.498	under-represented in TruSeq	0	1958
TruSeq vs prime-seq	ENSG00000151131	NOPCHAP1	7.139	4.96	-2.064	under-represented in TruSeq	0	1970
TruSeq vs prime-seq	ENSG00000151338	MIPOL1	5.428	3.235	-2.077	under-represented in TruSeq	0	2760
TruSeq vs prime-seq	ENSG00000151366	NDUFC2	6.811	9.512	2.817	over-represented in TruSeq	0	656
TruSeq vs prime-seq	ENSG00000151461	UPF2	7.283	4.701	-2.467	under-represented in TruSeq	0	4957
TruSeq vs prime-seq	ENSG00000151470	C4orf33	2.015	4.3	2.401	over-represented in TruSeq	0	2039
TruSeq vs prime-seq	ENSG00000151835	SACS	6.543	4.283	-2.144	under-represented in TruSeq	0	8459
TruSeq vs prime-seq	ENSG00000151849	CENPJ	6.252	4.106	-2.03	under-represented in TruSeq	0	2735
TruSeq vs prime-seq	ENSG00000151914	DST	7.575	5.022	-2.437	under-represented in TruSeq	0	6588
TruSeq vs prime-seq	ENSG00000152104	PTPN14	6.738	3.182	-3.441	under-represented in TruSeq	0	3965
TruSeq vs prime-seq	ENSG00000152192	POU4F1	6.456	3.428	-2.912	under-represented in TruSeq	0	4539
TruSeq vs prime-seq	ENSG00000152348	ATG10	4.978	2.235	-2.627	under-represented in TruSeq	0	1678
TruSeq vs prime-seq	ENSG00000152409	JMY	5.889	3.004	-2.769	under-represented in TruSeq	0	9094
TruSeq vs prime-seq	ENSG00000152413	HOMER1	6.418	4.109	-2.193	under-represented in TruSeq	0	1084
TruSeq vs prime-seq	ENSG00000152457	DCLRE1C	5.335	3.21	-2.01	under-represented in TruSeq	0	3624
TruSeq vs prime-seq	ENSG00000152818	UTRN	6.269	3.689	-2.464	under-represented in TruSeq	0	8328
TruSeq vs prime-seq	ENSG00000153006	SREK1IP1	8.136	4.727	-3.294	under-represented in TruSeq	0	629
TruSeq vs prime-seq	ENSG00000153395	LPCAT1	4.225	6.54	2.431	over-represented in TruSeq	0	3732
TruSeq vs prime-seq	ENSG00000153443	UBALD1	2.992	6.107	3.23	over-represented in TruSeq	0	1319
TruSeq vs prime-seq	ENSG00000153914	SREK1	8.454	6.148	-2.19	under-represented in TruSeq	0	3084
TruSeq vs prime-seq	ENSG00000154102	C16orf74	4.9	2.515	-2.269	under-represented in TruSeq	0	782
TruSeq vs prime-seq	ENSG00000154240	CEP112	5.108	2.713	-2.28	under-represented in TruSeq	0	2315
TruSeq vs prime-seq	ENSG00000154265	ABCA5	5.086	2.76	-2.211	under-represented in TruSeq	0	3673
TruSeq vs prime-seq	ENSG00000155034	FBXL18	5.707	3.151	-2.44	under-represented in TruSeq	0	7431
TruSeq vs prime-seq	ENSG00000155744	HYCC2	5.802	3.064	-2.623	under-represented in TruSeq	0	6369
TruSeq vs prime-seq	ENSG00000155846	PPARGC1B	5.836	3.263	-2.457	under-represented in TruSeq	0	9676
TruSeq vs prime-seq	ENSG00000155850	SLC26A2	5.794	3.62	-2.058	under-represented in TruSeq	0	7924
TruSeq vs prime-seq	ENSG00000156011	PSD3	5.579	2.658	-2.805	under-represented in TruSeq	0	9188
TruSeq vs prime-seq	ENSG00000156052	GNAQ	6.79	4.534	-2.14	under-represented in TruSeq	0	1063
TruSeq vs prime-seq	ENSG00000156650	KAT6B	5.994	3.64	-2.238	under-represented in TruSeq	0	
TruSeq vs prime-seq	ENSG00000156875	MFSD14A	3.287	5.851	2.68	over-represented in TruSeq	0	2778
TruSeq vs prime-seq	ENSG00000157500	APPL1	8.018	5.387	-2.516	under-represented in TruSeq	0	4911
TruSeq vs prime-seq	ENSG00000157657	ZNF618	6.424	3.698	-2.611	under-represented in TruSeq	0	8174
TruSeq vs prime-seq	ENSG00000157741	UBN2	6.482	3.212	-3.154	under-represented in TruSeq	0	12559
TruSeq vs prime-seq	ENSG00000157881	PANK4	2.737	4.938	2.316	over-represented in TruSeq	0	1114
TruSeq vs prime-seq	ENSG00000158195	WASF2	8.205	4.969	-3.12	under-represented in TruSeq	0	2768
TruSeq vs prime-seq	ENSG00000158270	COLEC12	5.244	2.918	-2.21	under-represented in TruSeq	0	5175
TruSeq vs prime-seq	ENSG00000158417	EIF5B	9.65	6.514	-3.021	under-represented in TruSeq	0	5158
TruSeq vs prime-seq	ENSG00000158623	COPG2	3.264	5.973	2.825	over-represented in TruSeq	0	2519
TruSeq vs prime-seq	ENSG00000158710	TAGLN2	7.036	9.126	2.206	over-represented in TruSeq	0	1444
TruSeq vs prime-seq	ENSG00000158773	USF1	4.702	6.813	2.227	over-represented in TruSeq	0	841
TruSeq vs prime-seq	ENSG00000159335	PTMS	6.038	8.672	2.75	over-represented in TruSeq	0	909
TruSeq vs prime-seq	ENSG00000159596	TMEM69	3.565	5.751	2.302	over-represented in TruSeq	0	1066
TruSeq vs prime-seq	ENSG00000160014	CALM3	6.766	9.583	2.933	over-represented in TruSeq	0	1680
TruSeq vs prime-seq	ENSG00000160049	DFFA	8.627	6.496	-2.015	under-represented in TruSeq	0	1436
TruSeq vs prime-seq	ENSG00000160062	ZBTB8A	5.228	2.955	-2.157	under-represented in TruSeq	0	4549
TruSeq vs prime-seq	ENSG00000160113	NR2F6	7.898	5.139	-2.643	under-represented in TruSeq	0	2382
TruSeq vs prime-seq	ENSG00000160124	MIX23	5.221	7.665	2.559	over-represented in TruSeq	0	601
TruSeq vs prime-seq	ENSG00000160194	NDUFV3	7.442	5.245	-2.081	under-represented in TruSeq	0	2685
TruSeq vs prime-seq	ENSG00000160201	U2AF1	7.432	9.498	2.181	over-represented in TruSeq	0	1096
TruSeq vs prime-seq	ENSG00000160213	CSTB	6.292	9.057	2.881	over-represented in TruSeq	0	613
TruSeq vs prime-seq	ENSG00000160551	TAOK1	6.978	4.099	-2.764	under-represented in TruSeq	0	12594
TruSeq vs prime-seq	ENSG00000160741	CRTC2	2.508	5.87	3.478	over-represented in TruSeq	0	1275
TruSeq vs prime-seq	ENSG00000160932	LY6E	5.244	7.521	2.392	over-represented in TruSeq	0	1131
TruSeq vs prime-seq	ENSG00000160991	ORAI2	6.048	3.508	-2.425	under-represented in TruSeq	0	8490
TruSeq vs prime-seq	ENSG00000161847	RAVER1	2.938	6.352	3.53	over-represented in TruSeq	0	1325
TruSeq vs prime-seq	ENSG00000161956	SENP3	4.112	7.26	3.264	over-represented in TruSeq	0	1194
TruSeq vs prime-seq	ENSG00000162337	LRP5	2.844	4.756	2.028	over-represented in TruSeq	0	3752
TruSeq vs prime-seq	ENSG00000162385	MAGOH	6.664	8.631	2.082	over-represented in TruSeq	0	634
TruSeq vs prime-seq	ENSG00000162408	NOL9	6.153	4.011	-2.026	under-represented in TruSeq	0	1498
TruSeq vs prime-seq	ENSG00000162409	PRKAA2	7.239	3.742	-3.382	under-represented in TruSeq	0	9355
TruSeq vs prime-seq	ENSG00000162599	NFIA	8.052	2.825	-5.111	under-represented in TruSeq	0	6705
TruSeq vs prime-seq	ENSG00000162695	SLC30A7	5.691	3.225	-2.35	under-represented in TruSeq	0	6906
TruSeq vs prime-seq	ENSG00000162702	ZNF281	7.484	4.838	-2.531	under-represented in TruSeq	0	4359
TruSeq vs prime-seq	ENSG00000162733	DDR2	5.79	2.785	-2.89	under-represented in TruSeq	0	6371
TruSeq vs prime-seq	ENSG00000162736	NCSTN	4.051	6.347	2.411	over-represented in TruSeq	0	2855
TruSeq vs prime-seq	ENSG00000162851	TFB2M	1.951	4.222	2.387	over-represented in TruSeq	0	1784
TruSeq vs prime-seq	ENSG00000162924	REL	5.832	2.718	-2.999	under-represented in TruSeq	0	10038
TruSeq vs prime-seq	ENSG00000163125	RPRD2	6.624	4.391	-2.117	under-represented in TruSeq	0	6444
TruSeq vs prime-seq	ENSG00000163138	PACRGL	2.685	4.805	2.235	over-represented in TruSeq	0	1829
TruSeq vs prime-seq	ENSG00000163170	BOLA3	6.059	8.198	2.255	over-represented in TruSeq	0	520
TruSeq vs prime-seq	ENSG00000163590	PPM1L	4.994	2.599	-2.279	under-represented in TruSeq	0	9905
TruSeq vs prime-seq	ENSG00000163635	ATXN7	5.594	3.429	-2.049	under-represented in TruSeq	0	3906
TruSeq vs prime-seq	ENSG00000163644	PPM1K	6.307	4.157	-2.034	under-represented in TruSeq	0	3099
TruSeq vs prime-seq	ENSG00000163714	U2SURP	10.125	7.974	-2.035	under-represented in TruSeq	0	3239
TruSeq vs prime-seq	ENSG00000163848	ZNF148	6.614	3.92	-2.578	under-represented in TruSeq	0	2987
TruSeq vs prime-seq	ENSG00000163932	PRKCD	2.403	5.263	2.975	over-represented in TruSeq	0	2319
TruSeq vs prime-seq	ENSG00000164066	INTU	5.811	2.795	-2.901	under-represented in TruSeq	0	8729
TruSeq vs prime-seq	ENSG00000164080	RAD54L2	6.479	3.543	-2.82	under-represented in TruSeq	0	8855
TruSeq vs prime-seq	ENSG00000164114	MAP9	6.301	4.168	-2.017	under-represented in TruSeq	0	4914
TruSeq vs prime-seq	ENSG00000164172	MOCS2	4.936	6.988	2.168	over-represented in TruSeq	0	1186
TruSeq vs prime-seq	ENSG00000164190	NIPBL	7.279	4.365	-2.798	under-represented in TruSeq	0	7850
TruSeq vs prime-seq	ENSG00000164292	RHOBTB3	7.105	4.871	-2.118	under-represented in TruSeq	0	4783
TruSeq vs prime-seq	ENSG00000164366	CCDC127	5.712	2.881	-2.715	under-represented in TruSeq	0	1255
TruSeq vs prime-seq	ENSG00000164442	CITED2	2.685	4.968	2.398	over-represented in TruSeq	0	1994
TruSeq vs prime-seq	ENSG00000164684	ZNF704	5.717	3.022	-2.579	under-represented in TruSeq	0	13953
TruSeq vs prime-seq	ENSG00000164741	DLC1	5.859	3.691	-2.053	under-represented in TruSeq	0	3259
TruSeq vs prime-seq	ENSG00000165175	MID1IP1	4.289	6.239	2.065	over-represented in TruSeq	0	2656
TruSeq vs prime-seq	ENSG00000165288	BRWD3	5.645	3.328	-2.202	under-represented in TruSeq	0	8843
TruSeq vs prime-seq	ENSG00000165525	NEMF	8.016	5.537	-2.364	under-represented in TruSeq	0	2366
TruSeq vs prime-seq	ENSG00000165572	KBTBD6	6.114	3.232	-2.766	under-represented in TruSeq	0	5234
TruSeq vs prime-seq	ENSG00000165632	TAF3	7.463	3.61	-3.737	under-represented in TruSeq	0	4869
TruSeq vs prime-seq	ENSG00000165698	SPACA9	4.553	2.099	-2.338	under-represented in TruSeq	0	1342
TruSeq vs prime-seq	ENSG00000165792	METTL17	4.656	6.879	2.338	over-represented in TruSeq	0	1416
TruSeq vs prime-seq	ENSG00000165915	SLC39A13	1.934	4.421	2.603	over-represented in TruSeq	0	2047
TruSeq vs prime-seq	ENSG00000166004	CEP295	6.408	3.899	-2.393	under-represented in TruSeq	0	5185
TruSeq vs prime-seq	ENSG00000166025	AMOTL1	6.732	4.124	-2.492	under-represented in TruSeq	0	8719
TruSeq vs prime-seq	ENSG00000166326	TRIM44	7.375	4.34	-2.919	under-represented in TruSeq	0	7252
TruSeq vs prime-seq	ENSG00000166333	ILK	4.47	6.462	2.108	over-represented in TruSeq	0	1545
TruSeq vs prime-seq	ENSG00000166484	MAPK7	2.418	4.672	2.37	over-represented in TruSeq	0	2009
TruSeq vs prime-seq	ENSG00000166507	NDST2	2.559	4.857	2.414	over-represented in TruSeq	0	2516
TruSeq vs prime-seq	ENSG00000166669	ATF7IP2	2.434	4.506	2.187	over-represented in TruSeq	0	753
TruSeq vs prime-seq	ENSG00000166822	TMEM170A	6.342	4.082	-2.145	under-represented in TruSeq	0	3364
TruSeq vs prime-seq	ENSG00000166860	ZBTB39	4.967	2.612	-2.239	under-represented in TruSeq	0	6268
TruSeq vs prime-seq	ENSG00000166908	PIP4K2C	2.356	5.101	2.861	over-represented in TruSeq	0	2589
TruSeq vs prime-seq	ENSG00000166963	MAP1A	4.822	2.597	-2.108	under-represented in TruSeq	0	10307
TruSeq vs prime-seq	ENSG00000166997	CNPY4	2.522	4.661	2.255	over-represented in TruSeq	0	1268
TruSeq vs prime-seq	ENSG00000167378	IRGQ	5.128	2.99	-2.023	under-represented in TruSeq	0	8219
TruSeq vs prime-seq	ENSG00000167522	ANKRD11	9.719	6.123	-3.481	under-represented in TruSeq	0	3390
TruSeq vs prime-seq	ENSG00000167615	LENG8	2.953	5.762	2.925	over-represented in TruSeq	0	4224
TruSeq vs prime-seq	ENSG00000167774		2.28	5.973	3.809	over-represented in TruSeq	0	580
TruSeq vs prime-seq	ENSG00000167863	ATP5PD	6.808	8.997	2.305	over-represented in TruSeq	0	608
TruSeq vs prime-seq	ENSG00000168005	SPINDOC	3.334	6.32	3.101	over-represented in TruSeq	0	1728
TruSeq vs prime-seq	ENSG00000168172	HOOK3	6.774	3.552	-3.106	under-represented in TruSeq	0	8140
TruSeq vs prime-seq	ENSG00000168255	POLR2J3	4.856	7.11	2.37	over-represented in TruSeq	0	1307
TruSeq vs prime-seq	ENSG00000168303	MPLKIP	7.217	3.413	-3.689	under-represented in TruSeq	0	7627
TruSeq vs prime-seq	ENSG00000168439	STIP1	6.956	9.233	2.393	over-represented in TruSeq	0	1880
TruSeq vs prime-seq	ENSG00000168461	RAB31	7.075	4.514	-2.445	under-represented in TruSeq	0	3840
TruSeq vs prime-seq	ENSG00000168802	CHTF8	2.912	5.834	3.038	over-represented in TruSeq	0	888
TruSeq vs prime-seq	ENSG00000169021	UQCRFS1	8.87	5.04	-3.714	under-represented in TruSeq	0	3086
TruSeq vs prime-seq	ENSG00000169118	CSNK1G1	4.983	2.814	-2.054	under-represented in TruSeq	0	3551
TruSeq vs prime-seq	ENSG00000169155	ZBTB43	5.823	2.81	-2.897	under-represented in TruSeq	0	5915
TruSeq vs prime-seq	ENSG00000169379	ARL13B	7.035	4.206	-2.713	under-represented in TruSeq	0	2640
TruSeq vs prime-seq	ENSG00000169515	CCDC8	6.106	3.596	-2.395	under-represented in TruSeq	0	3236
TruSeq vs prime-seq	ENSG00000169592	INO80E	5.572	7.581	2.125	over-represented in TruSeq	0	947
TruSeq vs prime-seq	ENSG00000169635	HIC2	7.384	4.385	-2.883	under-represented in TruSeq	0	6819
TruSeq vs prime-seq	ENSG00000169641	LUZP1	6.429	3.908	-2.406	under-represented in TruSeq	0	4999
TruSeq vs prime-seq	ENSG00000169895	SYAP1	8.022	5.748	-2.158	under-represented in TruSeq	0	4743
TruSeq vs prime-seq	ENSG00000169905	TOR1AIP2	6.859	4.426	-2.317	under-represented in TruSeq	0	6957
TruSeq vs prime-seq	ENSG00000169925	BRD3	7.698	4.715	-2.868	under-represented in TruSeq	0	4892
TruSeq vs prime-seq	ENSG00000169957	ZNF768	4.513	6.986	2.588	over-represented in TruSeq	0	2011
TruSeq vs prime-seq	ENSG00000169967	MAP3K2	5.999	3.393	-2.491	under-represented in TruSeq	0	8827
TruSeq vs prime-seq	ENSG00000169976	SF3B5	7.018	9.025	2.123	over-represented in TruSeq	0	690
TruSeq vs prime-seq	ENSG00000170043	TRAPPC1	4.673	8.337	3.78	over-represented in TruSeq	0	746
TruSeq vs prime-seq	ENSG00000170153	RNF150	5.53	2.729	-2.686	under-represented in TruSeq	0	9108
TruSeq vs prime-seq	ENSG00000170264	FAM161A	6.213	3.63	-2.467	under-represented in TruSeq	0	2789
TruSeq vs prime-seq	ENSG00000170425	ADORA2B	6.507	4.264	-2.127	under-represented in TruSeq	0	1527
TruSeq vs prime-seq	ENSG00000170439	TMT1B	5.141	3.019	-2.007	under-represented in TruSeq	0	1316
TruSeq vs prime-seq	ENSG00000170604	IRF2BP1	2.728	5.371	2.759	over-represented in TruSeq	0	2534
TruSeq vs prime-seq	ENSG00000170776	AKAP13	6.646	3.447	-3.083	under-represented in TruSeq	0	8755
TruSeq vs prime-seq	ENSG00000170837	GPR27	2.824	4.785	2.077	over-represented in TruSeq	0	2642
TruSeq vs prime-seq	ENSG00000170860	LSM3	8.874	6.435	-2.324	under-represented in TruSeq	0	3359
TruSeq vs prime-seq	ENSG00000171105	INSR	5.133	2.613	-2.405	under-represented in TruSeq	0	5127
TruSeq vs prime-seq	ENSG00000171148	TADA3	4.115	6.331	2.332	over-represented in TruSeq	0	1528
TruSeq vs prime-seq	ENSG00000171224	FAM241B	3.422	5.372	2.066	over-represented in TruSeq	0	1042
TruSeq vs prime-seq	ENSG00000171316	CHD7	8.146	4.818	-3.212	under-represented in TruSeq	0	7343
TruSeq vs prime-seq	ENSG00000171365	CLCN5	5.234	2.816	-2.302	under-represented in TruSeq	0	7814
TruSeq vs prime-seq	ENSG00000171466	ZNF562	6.084	3.715	-2.254	under-represented in TruSeq	0	4661
TruSeq vs prime-seq	ENSG00000171475	WIPF2	6.558	4.398	-2.044	under-represented in TruSeq	0	5224
TruSeq vs prime-seq	ENSG00000171530	TBCA	7.26	9.522	2.378	over-represented in TruSeq	0	566
TruSeq vs prime-seq	ENSG00000171634	BPTF	8.659	5.818	-2.725	under-represented in TruSeq	0	4989
TruSeq vs prime-seq	ENSG00000171681	ATF7IP	6.408	4.229	-2.063	under-represented in TruSeq	0	6985
TruSeq vs prime-seq	ENSG00000171943	SRGAP2C	5.966	3.44	-2.41	under-represented in TruSeq	0	5719
TruSeq vs prime-seq	ENSG00000171988	JMJD1C	6.673	3.386	-3.172	under-represented in TruSeq	0	5892
TruSeq vs prime-seq	ENSG00000172046	USP19	3.771	5.978	2.322	over-represented in TruSeq	0	2248
TruSeq vs prime-seq	ENSG00000172270	BSG	7.608	9.761	2.268	over-represented in TruSeq	0	1434
TruSeq vs prime-seq	ENSG00000172354	GNB2	5.44	7.709	2.384	over-represented in TruSeq	0	1055
TruSeq vs prime-seq	ENSG00000172380	GNG12	6.494	3.785	-2.593	under-represented in TruSeq	0	4225
TruSeq vs prime-seq	ENSG00000172757	CFL1	8.472	10.585	2.228	over-represented in TruSeq	0	961
TruSeq vs prime-seq	ENSG00000172915	NBEA	5.325	2.702	-2.508	under-represented in TruSeq	0	5063
TruSeq vs prime-seq	ENSG00000173020	GRK2	4.077	6.077	2.116	over-represented in TruSeq	0	2313
TruSeq vs prime-seq	ENSG00000173065	FAM222B	5.623	3.374	-2.133	under-represented in TruSeq	0	4091
TruSeq vs prime-seq	ENSG00000173214	MFSD4B	5.391	3.087	-2.188	under-represented in TruSeq	0	6110
TruSeq vs prime-seq	ENSG00000173230	GOLGB1	8.238	5.016	-3.106	under-represented in TruSeq	0	3227
TruSeq vs prime-seq	ENSG00000173320	STOX2	5.396	2.719	-2.56	under-represented in TruSeq	0	7753
TruSeq vs prime-seq	ENSG00000173517	PEAK1	5.585	3.393	-2.076	under-represented in TruSeq	0	8892
TruSeq vs prime-seq	ENSG00000173706	HEG1	5.648	2.523	-3.009	under-represented in TruSeq	0	7290
TruSeq vs prime-seq	ENSG00000173821	RNF213	5.943	3.323	-2.505	under-represented in TruSeq	0	8096
TruSeq vs prime-seq	ENSG00000174032	SLC25A30	2.765	4.662	2.013	over-represented in TruSeq	0	2178
TruSeq vs prime-seq	ENSG00000174197	MGA	7.082	3.923	-3.044	under-represented in TruSeq	0	10186
TruSeq vs prime-seq	ENSG00000174307	PHLDA3	6.277	2.916	-3.246	under-represented in TruSeq	0	727
TruSeq vs prime-seq	ENSG00000174460	ZCCHC12	3.647	5.941	2.41	over-represented in TruSeq	0	2197
TruSeq vs prime-seq	ENSG00000174996	KLC2	2.522	6.107	3.701	over-represented in TruSeq	0	2522
TruSeq vs prime-seq	ENSG00000175093	SPSB4	5.252	2.77	-2.366	under-represented in TruSeq	0	1809
TruSeq vs prime-seq	ENSG00000175376	EIF1AD	4.02	5.998	2.094	over-represented in TruSeq	0	1629
TruSeq vs prime-seq	ENSG00000175550	DRAP1	5.164	8.012	2.964	over-represented in TruSeq	0	728
TruSeq vs prime-seq	ENSG00000175595	ERCC4	6.279	3.629	-2.535	under-represented in TruSeq	0	4454
TruSeq vs prime-seq	ENSG00000175701	MTLN	2.765	4.876	2.227	over-represented in TruSeq	0	439
TruSeq vs prime-seq	ENSG00000175727	MLXIP	7.477	4.982	-2.379	under-represented in TruSeq	0	6340
TruSeq vs prime-seq	ENSG00000175868	CALCB	7.769	4.451	-3.203	under-represented in TruSeq	0	1054
TruSeq vs prime-seq	ENSG00000176208	ATAD5	6.99	3.376	-3.499	under-represented in TruSeq	0	6269
TruSeq vs prime-seq	ENSG00000176340	COX8A	7.777	9.926	2.264	over-represented in TruSeq	0	494
TruSeq vs prime-seq	ENSG00000176410	DNAJC30	4.992	2.618	-2.258	under-represented in TruSeq	0	2536
TruSeq vs prime-seq	ENSG00000176542	USF3	5.188	2.533	-2.539	under-represented in TruSeq	0	13698
TruSeq vs prime-seq	ENSG00000176842	IRX5	5.155	2.985	-2.055	under-represented in TruSeq	0	2232
TruSeq vs prime-seq	ENSG00000176903	PNMA1	4.111	6.239	2.243	over-represented in TruSeq	0	2602
TruSeq vs prime-seq	ENSG00000177200	CHD9	6.688	3.917	-2.655	under-represented in TruSeq	0	6607
TruSeq vs prime-seq	ENSG00000177666	PNPLA2	3.552	5.802	2.366	over-represented in TruSeq	0	2174
TruSeq vs prime-seq	ENSG00000177731	FLII	5.286	7.202	2.032	over-represented in TruSeq	0	156
TruSeq vs prime-seq	ENSG00000177853	ZNF518A	7.029	3.961	-2.953	under-represented in TruSeq	0	6304
TruSeq vs prime-seq	ENSG00000178209	PLEC	5.979	3.303	-2.561	under-represented in TruSeq	0	12977
TruSeq vs prime-seq	ENSG00000178502	KLHL11	4.463	2.226	-2.121	under-represented in TruSeq	0	7402
TruSeq vs prime-seq	ENSG00000178691	SUZ12	7.596	5.431	-2.049	under-represented in TruSeq	0	4462
TruSeq vs prime-seq	ENSG00000178719	GRINA	4.167	7.093	3.042	over-represented in TruSeq	0	1666
TruSeq vs prime-seq	ENSG00000179218	CALR	7.276	9.553	2.392	over-represented in TruSeq	0	1837
TruSeq vs prime-seq	ENSG00000179271	GADD45GIP1	9.087	6.142	-2.83	under-represented in TruSeq	0	1769
TruSeq vs prime-seq	ENSG00000179886	TIGD5	5.667	3.099	-2.452	under-represented in TruSeq	0	5394
TruSeq vs prime-seq	ENSG00000180071	ANKRD18A	7.194	3.622	-3.456	under-represented in TruSeq	0	2738
TruSeq vs prime-seq	ENSG00000180530	NRIP1	5.492	3.046	-2.33	under-represented in TruSeq	0	7277
TruSeq vs prime-seq	ENSG00000181274	FRAT2	6.398	4.266	-2.017	under-represented in TruSeq	0	2233
TruSeq vs prime-seq	ENSG00000181523	SGSH	2.275	5.0	2.84	over-represented in TruSeq	0	1301
TruSeq vs prime-seq	ENSG00000181544	FANCB	6.23	3.719	-2.395	under-represented in TruSeq	0	2185
TruSeq vs prime-seq	ENSG00000181625	SLX1B	3.655	5.76	2.222	over-represented in TruSeq	0	1135
TruSeq vs prime-seq	ENSG00000182117	NOP10	6.616	8.732	2.232	over-represented in TruSeq	0	
TruSeq vs prime-seq	ENSG00000182150	ERCC6L2	6.812	3.558	-3.139	under-represented in TruSeq	0	6136
TruSeq vs prime-seq	ENSG00000182263	FIGN	5.522	2.433	-2.973	under-represented in TruSeq	0	6606
TruSeq vs prime-seq	ENSG00000182389	CACNB4	6.026	2.484	-3.426	under-represented in TruSeq	0	4087
TruSeq vs prime-seq	ENSG00000182670	TTC3	8.823	5.891	-2.816	under-represented in TruSeq	0	4324
TruSeq vs prime-seq	ENSG00000182934	SRPRA	4.672	6.64	2.084	over-represented in TruSeq	0	2737
TruSeq vs prime-seq	ENSG00000183054	RGPD6	1.566	4.392	2.941	over-represented in TruSeq	0	6315
TruSeq vs prime-seq	ENSG00000183155	RABIF	5.268	2.862	-2.29	under-represented in TruSeq	0	3119
TruSeq vs prime-seq	ENSG00000183336	BOLA2	5.688	8.838	3.266	over-represented in TruSeq	0	398
TruSeq vs prime-seq	ENSG00000183354	BRD10	6.196	2.633	-3.447	under-represented in TruSeq	0	6753
TruSeq vs prime-seq	ENSG00000183426	NPIPA1	2.814	5.463	2.765	over-represented in TruSeq	0	1557
TruSeq vs prime-seq	ENSG00000183530	PRR14L	6.848	4.504	-2.228	under-represented in TruSeq	0	1787
TruSeq vs prime-seq	ENSG00000183624	HMCES	4.638	7.009	2.486	over-represented in TruSeq	0	1510
TruSeq vs prime-seq	ENSG00000183628	DGCR6	6.171	2.521	-3.535	under-represented in TruSeq	0	1164
TruSeq vs prime-seq	ENSG00000183684	ALYREF	7.134	9.116	2.098	over-represented in TruSeq	0	579
TruSeq vs prime-seq	ENSG00000183741	CBX6	9.375	6.264	-2.994	under-represented in TruSeq	0	3268
TruSeq vs prime-seq	ENSG00000183814	LIN9	3.271	5.315	2.16	over-represented in TruSeq	0	2919
TruSeq vs prime-seq	ENSG00000183889	NPIPA6	4.457	6.781	2.44	over-represented in TruSeq	0	1139
TruSeq vs prime-seq	ENSG00000183978	COA3	8.669	6.248	-2.306	under-represented in TruSeq	0	1148
TruSeq vs prime-seq	ENSG00000184207	PGP	9.025	5.354	-3.555	under-represented in TruSeq	0	934
TruSeq vs prime-seq	ENSG00000184226	PCDH9	8.224	4.371	-3.737	under-represented in TruSeq	0	10207
TruSeq vs prime-seq	ENSG00000184260	H2AC20	3.434	0.954	-2.364	under-represented in TruSeq	1	494
TruSeq vs prime-seq	ENSG00000185129	PURA	7.883	5.022	-2.745	under-represented in TruSeq	0	5877
TruSeq vs prime-seq	ENSG00000185236	RAB11B	3.266	6.025	2.875	over-represented in TruSeq	0	1446
TruSeq vs prime-seq	ENSG00000185532	PRKG1	5.258	2.953	-2.19	under-represented in TruSeq	0	4793
TruSeq vs prime-seq	ENSG00000185829	ARL17A	7.826	5.033	-2.678	under-represented in TruSeq	0	1386
TruSeq vs prime-seq	ENSG00000185883	ATP6V0C	5.136	8.394	3.374	over-represented in TruSeq	0	962
TruSeq vs prime-seq	ENSG00000186132	C2orf76	2.81	5.137	2.442	over-represented in TruSeq	0	700
TruSeq vs prime-seq	ENSG00000186193	SAPCD2	7.842	3.821	-3.905	under-represented in TruSeq	0	3814
TruSeq vs prime-seq	ENSG00000186197	EDARADD	4.858	2.642	-2.1	under-represented in TruSeq	0	2819
TruSeq vs prime-seq	ENSG00000186416	NKRF	5.635	3.21	-2.309	under-represented in TruSeq	0	3468
TruSeq vs prime-seq	ENSG00000186566	GPATCH8	7.33	4.9	-2.314	under-represented in TruSeq	0	5246
TruSeq vs prime-seq	ENSG00000186665	C17orf58	3.057	5.508	2.567	over-represented in TruSeq	0	1288
TruSeq vs prime-seq	ENSG00000186687	LYRM7	6.761	4.552	-2.093	under-represented in TruSeq	0	4867
TruSeq vs prime-seq	ENSG00000187240	DYNC2H1	7.533	4.509	-2.908	under-represented in TruSeq	0	8123
TruSeq vs prime-seq	ENSG00000187257	RSBN1L	7.719	4.612	-2.992	under-represented in TruSeq	0	3229
TruSeq vs prime-seq	ENSG00000187713	TMEM203	7.104	4.282	-2.706	under-represented in TruSeq	0	1567
TruSeq vs prime-seq	ENSG00000188042	ARL4C	6.45	3.787	-2.547	under-represented in TruSeq	0	3875
TruSeq vs prime-seq	ENSG00000188191	PRKAR1B	2.279	4.888	2.725	over-represented in TruSeq	0	1577
TruSeq vs prime-seq	ENSG00000188559	RALGAPA2	5.382	3.107	-2.159	under-represented in TruSeq	0	9071
TruSeq vs prime-seq	ENSG00000188610	FAM72B	2.899	4.892	2.108	over-represented in TruSeq	0	1784
TruSeq vs prime-seq	ENSG00000188786	MTF1	4.961	2.425	-2.42	under-represented in TruSeq	0	7928
TruSeq vs prime-seq	ENSG00000188994	ZNF292	7.025	2.989	-3.921	under-represented in TruSeq	0	8682
TruSeq vs prime-seq	ENSG00000189050	RNFT1	2.917	5.354	2.552	over-represented in TruSeq	0	1411
TruSeq vs prime-seq	ENSG00000189060	H1-0	4.946	7.253	2.422	over-represented in TruSeq	0	2204
TruSeq vs prime-seq	ENSG00000196199	MPHOSPH8	7.236	4.676	-2.445	under-represented in TruSeq	0	3379
TruSeq vs prime-seq	ENSG00000196227	FAM217B	7.132	4.87	-2.147	under-represented in TruSeq	0	3981
TruSeq vs prime-seq	ENSG00000196233	LCOR	7.295	3.851	-3.329	under-represented in TruSeq	0	10210
TruSeq vs prime-seq	ENSG00000196369	SRGAP2B	6.061	3.606	-2.339	under-represented in TruSeq	0	5271
TruSeq vs prime-seq	ENSG00000196504	PRPF40A	9.991	7.254	-2.622	under-represented in TruSeq	0	3455
TruSeq vs prime-seq	ENSG00000196584	XRCC2	7.027	4.879	-2.032	under-represented in TruSeq	0	4718
TruSeq vs prime-seq	ENSG00000196586	MYO6	6.811	4.395	-2.3	under-represented in TruSeq	0	6010
TruSeq vs prime-seq	ENSG00000196628	TCF4	6.918	4.156	-2.647	under-represented in TruSeq	0	2933
TruSeq vs prime-seq	ENSG00000196712	NF1	7.08	4.288	-2.677	under-represented in TruSeq	0	9129
TruSeq vs prime-seq	ENSG00000196975	ANXA4	2.233	4.28	2.164	over-represented in TruSeq	0	1518
TruSeq vs prime-seq	ENSG00000197043	ANXA6	4.744	6.996	2.367	over-represented in TruSeq	0	1762
TruSeq vs prime-seq	ENSG00000197061	H4C3	11.215	1.481	-9.618	under-represented in TruSeq	1	405
TruSeq vs prime-seq	ENSG00000197323	TRIM33	7.178	5.002	-2.06	under-represented in TruSeq	0	2990
TruSeq vs prime-seq	ENSG00000197603	CPLANE1	5.746	3.104	-2.526	under-represented in TruSeq	0	4404
TruSeq vs prime-seq	ENSG00000197757	HOXC6	2.329	4.402	2.189	over-represented in TruSeq	0	1582
TruSeq vs prime-seq	ENSG00000197905	TEAD4	2.393	5.57	3.292	over-represented in TruSeq	0	1546
TruSeq vs prime-seq	ENSG00000197969	VPS13A	7.009	4.531	-2.362	under-represented in TruSeq	0	6211
TruSeq vs prime-seq	ENSG00000197978	GOLGA6L9	4.905	2.679	-2.11	under-represented in TruSeq	0	3856
TruSeq vs prime-seq	ENSG00000198064	NPIPB13	5.974	2.737	-3.121	under-represented in TruSeq	0	1434
TruSeq vs prime-seq	ENSG00000198088	NUP62CL	3.102	5.402	2.416	over-represented in TruSeq	0	1213
TruSeq vs prime-seq	ENSG00000198162	MAN1A2	6.96	4.446	-2.398	under-represented in TruSeq	0	7223
TruSeq vs prime-seq	ENSG00000198176	TFDP1	5.164	7.734	2.686	over-represented in TruSeq	0	1927
TruSeq vs prime-seq	ENSG00000198218	QRICH1	3.774	6.61	2.952	over-represented in TruSeq	0	1681
TruSeq vs prime-seq	ENSG00000198265	HELZ	6.747	4.221	-2.411	under-represented in TruSeq	0	3659
TruSeq vs prime-seq	ENSG00000198276	UCKL1	3.389	5.278	2.005	over-represented in TruSeq	0	1715
TruSeq vs prime-seq	ENSG00000198356	GET3	3.967	7.142	3.291	over-represented in TruSeq	0	1260
TruSeq vs prime-seq	ENSG00000198435	NRARP	3.249	5.357	2.223	over-represented in TruSeq	0	2641
TruSeq vs prime-seq	ENSG00000198563	DDX39B	5.911	9.808	4.013	over-represented in TruSeq	0	661
TruSeq vs prime-seq	ENSG00000198604	BAZ1A	8.332	5.818	-2.398	under-represented in TruSeq	0	4801
TruSeq vs prime-seq	ENSG00000198625	MDM4	7.101	3.155	-3.831	under-represented in TruSeq	0	5574
TruSeq vs prime-seq	ENSG00000198707	CEP290	7.243	3.971	-3.157	under-represented in TruSeq	0	6064
TruSeq vs prime-seq	ENSG00000198740	ZNF652	5.995	2.86	-3.019	under-represented in TruSeq	0	9158
TruSeq vs prime-seq	ENSG00000198743	SLC5A3	6.249	3.241	-2.893	under-represented in TruSeq	0	11566
TruSeq vs prime-seq	ENSG00000198925	ATG9A	4.008	6.326	2.433	over-represented in TruSeq	0	1412
TruSeq vs prime-seq	ENSG00000198933	TBKBP1	2.302	4.708	2.522	over-represented in TruSeq	0	2151
TruSeq vs prime-seq	ENSG00000203867	RBM20	5.463	3.17	-2.177	under-represented in TruSeq	0	5867
TruSeq vs prime-seq	ENSG00000204149	AGAP6	6.328	3.821	-2.391	under-represented in TruSeq	0	2498
TruSeq vs prime-seq	ENSG00000204186	ZDBF2	5.23	2.972	-2.142	under-represented in TruSeq	0	
TruSeq vs prime-seq	ENSG00000204217	BMPR2	5.557	3.344	-2.097	under-represented in TruSeq	0	11414
TruSeq vs prime-seq	ENSG00000204220	PFDN6	3.752	8.042	4.406	over-represented in TruSeq	0	775
TruSeq vs prime-seq	ENSG00000204267	TAP2	3.063	5.091	2.143	over-represented in TruSeq	0	5672
TruSeq vs prime-seq	ENSG00000204304	PBX2	2.894	6.337	3.559	over-represented in TruSeq	0	3229
TruSeq vs prime-seq	ENSG00000204370	SDHD	4.623	7.534	3.027	over-represented in TruSeq	0	1298
TruSeq vs prime-seq	ENSG00000204469	PRRC2A	5.147	7.578	2.546	over-represented in TruSeq	0	6203
TruSeq vs prime-seq	ENSG00000204673	AKT1S1	3.459	6.81	3.466	over-represented in TruSeq	0	2062
TruSeq vs prime-seq	ENSG00000204922	UQCC3	7.416	4.402	-2.898	under-represented in TruSeq	0	1938
TruSeq vs prime-seq	ENSG00000205571	SMN2	3.564	7.45	4.002	over-represented in TruSeq	0	662
TruSeq vs prime-seq	ENSG00000205609	EIF3CL	9.085	4.126	-4.843	under-represented in TruSeq	0	2913
TruSeq vs prime-seq	ENSG00000205730	ITPRIPL2	5.28	2.682	-2.483	under-represented in TruSeq	0	7664
TruSeq vs prime-seq	ENSG00000212747	RTL8B	6.511	3.749	-2.646	under-represented in TruSeq	0	2030
TruSeq vs prime-seq	ENSG00000213064	SFT2D2	6.769	4.094	-2.559	under-represented in TruSeq	0	10655
TruSeq vs prime-seq	ENSG00000213780	GTF2H4	3.003	5.349	2.462	over-represented in TruSeq	0	1094
TruSeq vs prime-seq	ENSG00000213782	DDX47	4.815	7.024	2.324	over-represented in TruSeq	0	1759
TruSeq vs prime-seq	ENSG00000213853	EMP2	6.897	3.784	-2.997	under-represented in TruSeq	0	1286
TruSeq vs prime-seq	ENSG00000215041	NEURL4	3.314	5.616	2.417	over-represented in TruSeq	0	
TruSeq vs prime-seq	ENSG00000215252	GOLGA8B	7.16	3.944	-3.101	under-represented in TruSeq	0	3452
TruSeq vs prime-seq	ENSG00000219200	RNASEK	6.51	9.182	2.787	over-represented in TruSeq	0	619
TruSeq vs prime-seq	ENSG00000221823	PPP3R1	3.82	6.273	2.569	over-represented in TruSeq	0	889
TruSeq vs prime-seq	ENSG00000221867	MAGEA3	2.1	4.679	2.694	over-represented in TruSeq	0	1760
TruSeq vs prime-seq	ENSG00000223496	EXOSC6	6.488	3.302	-3.07	under-represented in TruSeq	0	5163
TruSeq vs prime-seq	ENSG00000228594	FNDC10	4.854	2.702	-2.037	under-represented in TruSeq	0	2124
TruSeq vs prime-seq	ENSG00000230453	ANKRD18B	7.025	3.196	-3.714	under-represented in TruSeq	0	2262
TruSeq vs prime-seq	ENSG00000233276	GPX1	6.011	8.973	3.077	over-represented in TruSeq	0	822
TruSeq vs prime-seq	ENSG00000234857	HNRNPUL2-BSCL2	3.435	5.657	2.338	over-represented in TruSeq	0	4001
TruSeq vs prime-seq	ENSG00000240230	COX19	5.069	2.669	-2.284	under-represented in TruSeq	0	1859
TruSeq vs prime-seq	ENSG00000240344	PPIL3	2.941	5.961	3.136	over-represented in TruSeq	0	753
TruSeq vs prime-seq	ENSG00000242616	GNG10	2.84	7.247	4.522	over-represented in TruSeq	0	1201
TruSeq vs prime-seq	ENSG00000244509	APOBEC3C	6.855	4.674	-2.065	under-represented in TruSeq	0	2589
TruSeq vs prime-seq	ENSG00000244754	N4BP2L2	7.974	5.669	-2.19	under-represented in TruSeq	0	2252
TruSeq vs prime-seq	ENSG00000247626	MARS2	2.973	4.922	2.065	over-represented in TruSeq	0	3027
TruSeq vs prime-seq	ENSG00000248487	ABHD14A	6.061	3.75	-2.195	under-represented in TruSeq	0	1039
TruSeq vs prime-seq	ENSG00000248643	RBM14-RBM4	1.145	4.351	3.323	over-represented in TruSeq	0	1782
TruSeq vs prime-seq	ENSG00000250479	CHCHD10	6.115	8.361	2.362	over-represented in TruSeq	0	407
TruSeq vs prime-seq	ENSG00000253626	EIF5AL1	6.919	2.215	-4.588	under-represented in TruSeq	0	3908
TruSeq vs prime-seq	ENSG00000257923	CUX1	7.061	4.344	-2.602	under-represented in TruSeq	0	5244
TruSeq vs prime-seq	ENSG00000258429	PDF	6.545	3.564	-2.865	under-represented in TruSeq	0	2859
TruSeq vs prime-seq	ENSG00000258674		6.245	2.121	-4.008	under-represented in TruSeq	0	1086
TruSeq vs prime-seq	ENSG00000258881		4.101	1.472	-2.513	under-represented in TruSeq	0	424
TruSeq vs prime-seq	ENSG00000259112	NDUFC2-KCTD14	9.129	2.797	-6.216	under-represented in TruSeq	0	655
TruSeq vs prime-seq	ENSG00000259332	ST20-MTHFS	2.898	5.196	2.414	over-represented in TruSeq	0	685
TruSeq vs prime-seq	ENSG00000260007		6.672	2.327	-4.229	under-represented in TruSeq	0	2615
TruSeq vs prime-seq	ENSG00000260342		7.959	5.117	-2.726	under-represented in TruSeq	0	764
TruSeq vs prime-seq	ENSG00000263513	FAM72C	1.352	3.863	2.626	over-represented in TruSeq	0	1789
TruSeq vs prime-seq	ENSG00000267303		4.872	2.076	-2.681	under-represented in TruSeq	0	1850
TruSeq vs prime-seq	ENSG00000270276	H4C15	2.073	4.442	2.485	over-represented in TruSeq	1	1344
TruSeq vs prime-seq	ENSG00000271383	NBPF19	1.84	4.334	2.61	over-represented in TruSeq	0	3273
TruSeq vs prime-seq	ENSG00000271793		7.607	4.543	-2.949	under-represented in TruSeq	0	5348
TruSeq vs prime-seq	ENSG00000272325	NUDT3	7.15	4.165	-2.87	under-represented in TruSeq	0	9900
TruSeq vs prime-seq	ENSG00000272886	DCP1A	7.768	4.632	-3.021	under-represented in TruSeq	0	5373
TruSeq vs prime-seq	ENSG00000275740		5.786	2.952	-2.719	under-represented in TruSeq	0	3311
TruSeq vs prime-seq	ENSG00000277161	PIGW	3.751	5.903	2.268	over-represented in TruSeq	0	2816
TruSeq vs prime-seq	ENSG00000277972	CISD3	8.157	5.23	-2.811	under-represented in TruSeq	0	2552
TruSeq vs prime-seq	ENSG00000280789	PAGR1	8.102	5.783	-2.203	under-represented in TruSeq	0	3874
TruSeq vs prime-seq	ENSG00000280987	MATR3	1.76	6.721	5.077	over-represented in TruSeq	0	2617
TruSeq vs prime-seq	ENSG00000281348		8.417	0.94	-7.36	under-represented in TruSeq	0	556
TruSeq vs prime-seq	ENSG00000283228		5.664	2.535	-3.014	under-represented in TruSeq	0	1307
TruSeq vs prime-seq	ENSG00000285077	ARHGAP11B	5.674	2.286	-3.273	under-represented in TruSeq	0	1067
TruSeq vs prime-seq	ENSG00000285625		4.744	1.346	-3.282	under-represented in TruSeq	0	588
TruSeq vs prime-seq	ENSG00000288258		4.157	1.411	-2.63	under-represented in TruSeq	0	472
TruSeq vs prime-seq	ENSG00000289565		6.498	2.587	-3.795	under-represented in TruSeq	0	441
TruSeq vs prime-seq	ENSG00000289694		4.193	6.736	2.658	over-represented in TruSeq	0	2181
TruSeq vs BRB-seq	ENSG00000000419	DPM1	5.09	7.083	2.162	over-represented in TruSeq	0	1098
TruSeq vs BRB-seq	ENSG00000000460	FIRRM	3.648	5.56	2.082	over-represented in TruSeq	0	2180
TruSeq vs BRB-seq	ENSG00000003096	KLHL13	2.171	4.378	2.377	over-represented in TruSeq	0	3049
TruSeq vs BRB-seq	ENSG00000005175	RPAP3	3.759	6.647	3.058	over-represented in TruSeq	0	1534
TruSeq vs BRB-seq	ENSG00000005812	FBXL3	4.605	6.562	2.127	over-represented in TruSeq	0	3339
TruSeq vs BRB-seq	ENSG00000008282	SYPL1	3.301	6.346	3.215	over-represented in TruSeq	0	1505
TruSeq vs BRB-seq	ENSG00000008394	MGST1	3.994	6.901	3.077	over-represented in TruSeq	0	700
TruSeq vs BRB-seq	ENSG00000011260	UTP18	5.248	7.306	2.228	over-represented in TruSeq	0	1660
TruSeq vs BRB-seq	ENSG00000011426	ANLN	3.474	5.997	2.693	over-represented in TruSeq	0	4149
TruSeq vs BRB-seq	ENSG00000012660	ELOVL5	4.503	6.795	2.461	over-represented in TruSeq	0	2598
TruSeq vs BRB-seq	ENSG00000013441	CLK1	3.436	5.463	2.197	over-represented in TruSeq	0	1641
TruSeq vs BRB-seq	ENSG00000014123	UFL1	2.37	4.493	2.292	over-represented in TruSeq	0	4118
TruSeq vs BRB-seq	ENSG00000015479	MATR3	6.081	8.657	2.746	over-represented in TruSeq	0	2652
TruSeq vs BRB-seq	ENSG00000016391	CHDH	5.079	2.819	-2.09	under-represented in TruSeq	0	2509
TruSeq vs BRB-seq	ENSG00000017797	RALBP1	7.533	5.311	-2.052	under-represented in TruSeq	0	4138
TruSeq vs BRB-seq	ENSG00000018510	AGPS	4.378	6.244	2.036	over-represented in TruSeq	0	3826
TruSeq vs BRB-seq	ENSG00000018699	TTC27	3.27	5.396	2.295	over-represented in TruSeq	0	2770
TruSeq vs BRB-seq	ENSG00000025800	KPNA6	7.28	4.981	-2.129	under-represented in TruSeq	0	7094
TruSeq vs BRB-seq	ENSG00000027697	IFNGR1	3.531	6.141	2.779	over-represented in TruSeq	0	1977
TruSeq vs BRB-seq	ENSG00000029363	BCLAF1	5.975	8.641	2.836	over-represented in TruSeq	0	2034
TruSeq vs BRB-seq	ENSG00000033178	UBA6	2.929	5.651	2.892	over-represented in TruSeq	0	1500
TruSeq vs BRB-seq	ENSG00000034693	PEX3	2.297	5.292	3.164	over-represented in TruSeq	0	1462
TruSeq vs BRB-seq	ENSG00000035499	DEPDC1B	2.712	5.38	2.838	over-represented in TruSeq	0	2003
TruSeq vs BRB-seq	ENSG00000037749	MFAP3	2.716	4.992	2.446	over-represented in TruSeq	0	3991
TruSeq vs BRB-seq	ENSG00000039123	MTREX	3.267	7.031	3.933	over-represented in TruSeq	0	2311
TruSeq vs BRB-seq	ENSG00000040341	STAU2	3.554	5.653	2.269	over-represented in TruSeq	0	1764
TruSeq vs BRB-seq	ENSG00000041357	PSMA4	5.193	10.365	5.341	over-represented in TruSeq	0	912
TruSeq vs BRB-seq	ENSG00000042429	MED17	3.19	5.242	2.221	over-represented in TruSeq	0	2320
TruSeq vs BRB-seq	ENSG00000044574	HSPA5	5.765	8.609	3.014	over-represented in TruSeq	0	3685
TruSeq vs BRB-seq	ENSG00000047315	POLR2B	5.527	7.36	2.003	over-represented in TruSeq	0	3217
TruSeq vs BRB-seq	ENSG00000049860	HEXB	4.509	6.532	2.192	over-represented in TruSeq	0	1635
TruSeq vs BRB-seq	ENSG00000050130	JKAMP	3.096	5.894	2.967	over-represented in TruSeq	0	1369
TruSeq vs BRB-seq	ENSG00000053770	AP5M1	3.106	5.227	2.29	over-represented in TruSeq	0	3193
TruSeq vs BRB-seq	ENSG00000053900	ANAPC4	2.268	5.318	3.219	over-represented in TruSeq	0	2258
TruSeq vs BRB-seq	ENSG00000055044	NOP58	6.124	8.329	2.374	over-represented in TruSeq	0	1457
TruSeq vs BRB-seq	ENSG00000055147	FAM114A2	3.446	5.469	2.192	over-represented in TruSeq	0	1497
TruSeq vs BRB-seq	ENSG00000056050	HPF1	4.133	6.308	2.344	over-represented in TruSeq	0	1148
TruSeq vs BRB-seq	ENSG00000056277	ZNF280C	5.81	3.539	-2.101	under-represented in TruSeq	0	3893
TruSeq vs BRB-seq	ENSG00000057608	GDI2	5.501	8.044	2.712	over-represented in TruSeq	0	1966
TruSeq vs BRB-seq	ENSG00000058729	RIOK2	2.187	5.402	3.384	over-represented in TruSeq	0	1273
TruSeq vs BRB-seq	ENSG00000058804	NDC1	3.508	6.477	3.139	over-represented in TruSeq	0	2343
TruSeq vs BRB-seq	ENSG00000062716	VMP1	4.037	6.592	2.725	over-represented in TruSeq	0	1082
TruSeq vs BRB-seq	ENSG00000063438	AHRR	5.226	2.931	-2.126	under-represented in TruSeq	0	3743
TruSeq vs BRB-seq	ENSG00000064393	HIPK2	6.919	3.976	-2.774	under-represented in TruSeq	0	13902
TruSeq vs BRB-seq	ENSG00000064726	BTBD1	3.709	6.825	3.286	over-represented in TruSeq	0	2965
TruSeq vs BRB-seq	ENSG00000066557	LRRC40	2.929	5.545	2.786	over-represented in TruSeq	0	2843
TruSeq vs BRB-seq	ENSG00000067334	DNTTIP2	4.38	7.151	2.94	over-represented in TruSeq	0	1184
TruSeq vs BRB-seq	ENSG00000068366	ACSL4	3.127	5.001	2.043	over-represented in TruSeq	0	4101
TruSeq vs BRB-seq	ENSG00000068489	PRR11	7.279	4.975	-2.135	under-represented in TruSeq	0	4103
TruSeq vs BRB-seq	ENSG00000068697	LAPTM4A	4.923	7.793	3.039	over-represented in TruSeq	0	1281
TruSeq vs BRB-seq	ENSG00000068885	IFT80	2.458	4.59	2.302	over-represented in TruSeq	0	1799
TruSeq vs BRB-seq	ENSG00000070367	EXOC5	3.761	5.919	2.328	over-represented in TruSeq	0	3417
TruSeq vs BRB-seq	ENSG00000071189	SNX13	2.474	4.64	2.335	over-represented in TruSeq	0	2968
TruSeq vs BRB-seq	ENSG00000072041	SLC6A15	2.752	6.381	3.798	over-represented in TruSeq	0	2342
TruSeq vs BRB-seq	ENSG00000072042	RDH11	4.471	6.447	2.145	over-represented in TruSeq	0	2081
TruSeq vs BRB-seq	ENSG00000072274	TFRC	4.356	7.429	3.242	over-represented in TruSeq	0	3823
TruSeq vs BRB-seq	ENSG00000073921	PICALM	4.06	6.441	2.55	over-represented in TruSeq	0	2167
TruSeq vs BRB-seq	ENSG00000074266	EED	3.232	5.739	2.676	over-represented in TruSeq	0	1731
TruSeq vs BRB-seq	ENSG00000075131	TIPIN	4.649	6.725	2.246	over-represented in TruSeq	0	1053
TruSeq vs BRB-seq	ENSG00000075188	NUP37	4.163	6.861	2.868	over-represented in TruSeq	0	907
TruSeq vs BRB-seq	ENSG00000075336	TIMM21	4.389	6.365	2.146	over-represented in TruSeq	0	862
TruSeq vs BRB-seq	ENSG00000075711	DLG1	3.133	5.053	2.089	over-represented in TruSeq	0	2256
TruSeq vs BRB-seq	ENSG00000077147	TM9SF3	4.078	6.817	2.909	over-represented in TruSeq	0	3993
TruSeq vs BRB-seq	ENSG00000078668	VDAC3	6.502	8.742	2.409	over-represented in TruSeq	0	1314
TruSeq vs BRB-seq	ENSG00000079102	RUNX1T1	4.717	2.487	-2.061	under-represented in TruSeq	0	3190
TruSeq vs BRB-seq	ENSG00000079134	THOC1	2.704	5.498	2.963	over-represented in TruSeq	0	1558
TruSeq vs BRB-seq	ENSG00000079215	SLC1A3	3.009	4.998	2.158	over-represented in TruSeq	0	3333
TruSeq vs BRB-seq	ENSG00000080603	SRCAP	2.563	5.516	3.123	over-represented in TruSeq	0	10489
TruSeq vs BRB-seq	ENSG00000080608	PUM3	3.735	6.097	2.532	over-represented in TruSeq	0	1923
TruSeq vs BRB-seq	ENSG00000080986	NDC80	3.287	5.218	2.1	over-represented in TruSeq	0	1820
TruSeq vs BRB-seq	ENSG00000081307	UBA5	4.161	6.26	2.269	over-represented in TruSeq	0	2063
TruSeq vs BRB-seq	ENSG00000082153	BZW1	5.551	8.631	3.25	over-represented in TruSeq	0	1597
TruSeq vs BRB-seq	ENSG00000082996	RNF13	2.905	4.943	2.208	over-represented in TruSeq	0	2037
TruSeq vs BRB-seq	ENSG00000083312	TNPO1	5.258	7.1	2.011	over-represented in TruSeq	0	4392
TruSeq vs BRB-seq	ENSG00000084073	ZMPSTE24	2.978	6.679	3.87	over-represented in TruSeq	0	2938
TruSeq vs BRB-seq	ENSG00000085365	SCAMP1	3.704	5.741	2.207	over-represented in TruSeq	0	2566
TruSeq vs BRB-seq	ENSG00000085449	WDFY1	2.691	4.808	2.287	over-represented in TruSeq	0	3711
TruSeq vs BRB-seq	ENSG00000085788	DDHD2	3.766	5.902	2.305	over-represented in TruSeq	0	1996
TruSeq vs BRB-seq	ENSG00000085871	MGST2	3.676	5.925	2.419	over-represented in TruSeq	0	750
TruSeq vs BRB-seq	ENSG00000086189	DIMT1	4.524	6.574	2.22	over-represented in TruSeq	0	1462
TruSeq vs BRB-seq	ENSG00000086506	HBQ1	5.665	2.716	-2.78	under-represented in TruSeq	0	528
TruSeq vs BRB-seq	ENSG00000086827	ZW10	3.686	5.76	2.243	over-represented in TruSeq	0	2519
TruSeq vs BRB-seq	ENSG00000087502	ERGIC2	3.947	6.8	3.022	over-represented in TruSeq	0	655
TruSeq vs BRB-seq	ENSG00000088888	MAVS	6.464	3.989	-2.305	under-represented in TruSeq	0	11702
TruSeq vs BRB-seq	ENSG00000089048	ESF1	2.822	4.987	2.335	over-represented in TruSeq	0	3201
TruSeq vs BRB-seq	ENSG00000089818	NECAP1	3.129	5.604	2.645	over-represented in TruSeq	0	1780
TruSeq vs BRB-seq	ENSG00000090238	YPEL3	5.678	3.187	-2.321	under-represented in TruSeq	0	735
TruSeq vs BRB-seq	ENSG00000090520	DNAJB11	4.628	6.692	2.234	over-represented in TruSeq	0	1827
TruSeq vs BRB-seq	ENSG00000091140	DLD	5.149	7.47	2.49	over-represented in TruSeq	0	2129
TruSeq vs BRB-seq	ENSG00000091262	ABCC6	4.287	1.964	-2.153	under-represented in TruSeq	0	643
TruSeq vs BRB-seq	ENSG00000091483	FH	5.305	7.213	2.077	over-represented in TruSeq	0	1263
TruSeq vs BRB-seq	ENSG00000091656	ZFHX4	5.186	2.945	-2.072	under-represented in TruSeq	0	11826
TruSeq vs BRB-seq	ENSG00000092140	G2E3	2.868	4.786	2.088	over-represented in TruSeq	0	3018
TruSeq vs BRB-seq	ENSG00000092208	GEMIN2	4.407	6.472	2.234	over-represented in TruSeq	0	981
TruSeq vs BRB-seq	ENSG00000093144	ECHDC1	4.253	7.069	2.985	over-represented in TruSeq	0	1549
TruSeq vs BRB-seq	ENSG00000094841	UPRT	1.843	4.543	2.87	over-represented in TruSeq	0	1777
TruSeq vs BRB-seq	ENSG00000094916	CBX5	7.792	5.412	-2.21	under-represented in TruSeq	0	2011
TruSeq vs BRB-seq	ENSG00000095002	MSH2	4.505	6.894	2.559	over-represented in TruSeq	0	3053
TruSeq vs BRB-seq	ENSG00000097046	CDC7	3.205	6.683	3.648	over-represented in TruSeq	0	3103
TruSeq vs BRB-seq	ENSG00000099330	OCEL1	5.067	2.623	-2.275	under-represented in TruSeq	0	759
TruSeq vs BRB-seq	ENSG00000099954	CECR2	5.66	2.992	-2.498	under-represented in TruSeq	0	9678
TruSeq vs BRB-seq	ENSG00000100077	GRK3	5.221	2.856	-2.196	under-represented in TruSeq	0	7519
TruSeq vs BRB-seq	ENSG00000100354	TNRC6B	6.786	3.518	-3.098	under-represented in TruSeq	0	11440
TruSeq vs BRB-seq	ENSG00000100479	POLE2	2.503	5.449	3.116	over-represented in TruSeq	0	1141
TruSeq vs BRB-seq	ENSG00000100519	PSMC6	4.076	7.713	3.807	over-represented in TruSeq	0	1176
TruSeq vs BRB-seq	ENSG00000100567	PSMA3	5.079	8.489	3.579	over-represented in TruSeq	0	944
TruSeq vs BRB-seq	ENSG00000100644	HIF1A	3.632	5.796	2.333	over-represented in TruSeq	0	2970
TruSeq vs BRB-seq	ENSG00000100749	VRK1	4.013	6.623	2.78	over-represented in TruSeq	0	1675
TruSeq vs BRB-seq	ENSG00000100764	PSMC1	6.516	8.66	2.313	over-represented in TruSeq	0	945
TruSeq vs BRB-seq	ENSG00000100883	SRP54	3.635	6.204	2.739	over-represented in TruSeq	0	2072
TruSeq vs BRB-seq	ENSG00000100902	PSMA6	5.827	8.658	3.001	over-represented in TruSeq	0	1009
TruSeq vs BRB-seq	ENSG00000100934	SEC23A	4.432	6.522	2.26	over-represented in TruSeq	0	3336
TruSeq vs BRB-seq	ENSG00000101132	PFDN4	4.723	7.49	2.937	over-represented in TruSeq	0	636
TruSeq vs BRB-seq	ENSG00000101888	NXT2	2.41	4.757	2.517	over-represented in TruSeq	0	2271
TruSeq vs BRB-seq	ENSG00000102007	PLP2	3.999	1.635	-2.194	under-represented in TruSeq	0	1101
TruSeq vs BRB-seq	ENSG00000102024	PLS3	6.554	9.448	3.064	over-represented in TruSeq	0	2467
TruSeq vs BRB-seq	ENSG00000102805	CLN5	3.815	6.017	2.372	over-represented in TruSeq	0	2456
TruSeq vs BRB-seq	ENSG00000102870	ZNF629	5.782	3.37	-2.242	under-represented in TruSeq	0	6083
TruSeq vs BRB-seq	ENSG00000103260	METRN	6.583	3.722	-2.691	under-represented in TruSeq	0	1143
TruSeq vs BRB-seq	ENSG00000103978	TMEM87A	2.559	4.765	2.376	over-represented in TruSeq	0	2560
TruSeq vs BRB-seq	ENSG00000104129	DNAJC17	2.75	5.042	2.462	over-represented in TruSeq	0	680
TruSeq vs BRB-seq	ENSG00000104325	DECR1	3.155	5.165	2.179	over-represented in TruSeq	0	866
TruSeq vs BRB-seq	ENSG00000104408	EIF3E	5.318	9.42	4.272	over-represented in TruSeq	0	1529
TruSeq vs BRB-seq	ENSG00000104412	EMC2	2.816	6.504	3.858	over-represented in TruSeq	0	940
TruSeq vs BRB-seq	ENSG00000104671	DCTN6	3.66	5.825	2.335	over-represented in TruSeq	0	998
TruSeq vs BRB-seq	ENSG00000104824	HNRNPL	7.457	9.802	2.514	over-represented in TruSeq	0	2158
TruSeq vs BRB-seq	ENSG00000104892	KLC3	4.854	2.531	-2.153	under-represented in TruSeq	0	1830
TruSeq vs BRB-seq	ENSG00000105171	POP4	5.371	7.312	2.111	over-represented in TruSeq	0	676
TruSeq vs BRB-seq	ENSG00000105327	BBC3	5.773	3.221	-2.382	under-represented in TruSeq	0	1363
TruSeq vs BRB-seq	ENSG00000105472	CLEC11A	6.65	2.866	-3.614	under-represented in TruSeq	0	1374
TruSeq vs BRB-seq	ENSG00000105613	MAST1	4.829	2.5	-2.159	under-represented in TruSeq	0	1841
TruSeq vs BRB-seq	ENSG00000105810	CDK6	6.323	4.056	-2.097	under-represented in TruSeq	0	7603
TruSeq vs BRB-seq	ENSG00000105819	PMPCB	4.951	7.362	2.58	over-represented in TruSeq	0	1734
TruSeq vs BRB-seq	ENSG00000105835	NAMPT	4.762	7.054	2.462	over-represented in TruSeq	0	2341
TruSeq vs BRB-seq	ENSG00000106028	SSBP1	7.347	10.444	3.266	over-represented in TruSeq	0	696
TruSeq vs BRB-seq	ENSG00000106066	CPVL	3.365	6.242	3.046	over-represented in TruSeq	0	1198
TruSeq vs BRB-seq	ENSG00000106211	HSPB1	9.392	7.024	-2.198	under-represented in TruSeq	0	661
TruSeq vs BRB-seq	ENSG00000106261	ZKSCAN1	6.011	3.822	-2.02	under-represented in TruSeq	0	6621
TruSeq vs BRB-seq	ENSG00000106588	PSMA2	6.355	8.445	2.26	over-represented in TruSeq	0	1041
TruSeq vs BRB-seq	ENSG00000107651	SEC23IP	3.533	6.235	2.871	over-represented in TruSeq	0	2720
TruSeq vs BRB-seq	ENSG00000107798	LIPA	3.528	6.522	3.164	over-represented in TruSeq	0	2017
TruSeq vs BRB-seq	ENSG00000107872	FBXL15	6.456	3.498	-2.788	under-represented in TruSeq	0	1098
TruSeq vs BRB-seq	ENSG00000108370	RGS9	5.518	3.103	-2.245	under-represented in TruSeq	0	1655
TruSeq vs BRB-seq	ENSG00000108559	NUP88	4.983	7.137	2.324	over-represented in TruSeq	0	956
TruSeq vs BRB-seq	ENSG00000108588	CCDC47	4.847	7.288	2.611	over-represented in TruSeq	0	1883
TruSeq vs BRB-seq	ENSG00000108590	MED31	3.131	5.264	2.302	over-represented in TruSeq	0	698
TruSeq vs BRB-seq	ENSG00000108651	UTP6	5.211	7.199	2.157	over-represented in TruSeq	0	1120
TruSeq vs BRB-seq	ENSG00000108654	DDX5	7.781	10.122	2.51	over-represented in TruSeq	0	1064
TruSeq vs BRB-seq	ENSG00000109180	OCIAD1	5.201	7.579	2.548	over-represented in TruSeq	0	1089
TruSeq vs BRB-seq	ENSG00000109184	DCUN1D4	3.095	5.328	2.403	over-represented in TruSeq	0	3191
TruSeq vs BRB-seq	ENSG00000109472	CPE	4.139	6.036	2.067	over-represented in TruSeq	0	1953
TruSeq vs BRB-seq	ENSG00000109536	FRG1	3.341	5.934	2.763	over-represented in TruSeq	0	
TruSeq vs BRB-seq	ENSG00000109606	DHX15	5.727	7.893	2.335	over-represented in TruSeq	0	2632
TruSeq vs BRB-seq	ENSG00000109929	SC5D	4.224	7.063	3.008	over-represented in TruSeq	0	2541
TruSeq vs BRB-seq	ENSG00000109971	HSPA8	9.231	11.081	2.02	over-represented in TruSeq	0	1642
TruSeq vs BRB-seq	ENSG00000110060	PUS3	3.592	5.499	2.077	over-represented in TruSeq	0	1286
TruSeq vs BRB-seq	ENSG00000110172	CHORDC1	5.662	7.598	2.106	over-represented in TruSeq	0	
TruSeq vs BRB-seq	ENSG00000110321	EIF4G2	7.184	9.775	2.761	over-represented in TruSeq	0	2171
TruSeq vs BRB-seq	ENSG00000110330	BIRC2	2.449	4.785	2.506	over-represented in TruSeq	0	3488
TruSeq vs BRB-seq	ENSG00000110395	CBL	6.165	3.785	-2.211	under-represented in TruSeq	0	11090
TruSeq vs BRB-seq	ENSG00000110429	FBXO3	3.71	5.932	2.392	over-represented in TruSeq	0	2046
TruSeq vs BRB-seq	ENSG00000111530	CAND1	5.21	7.247	2.207	over-represented in TruSeq	0	3610
TruSeq vs BRB-seq	ENSG00000111581	NUP107	3.878	7.297	3.589	over-represented in TruSeq	0	1898
TruSeq vs BRB-seq	ENSG00000111615	KRR1	5.042	6.914	2.042	over-represented in TruSeq	0	941
TruSeq vs BRB-seq	ENSG00000111696	NT5DC3	5.243	2.663	-2.41	under-represented in TruSeq	0	6391
TruSeq vs BRB-seq	ENSG00000111711	GOLT1B	2.533	5.064	2.701	over-represented in TruSeq	0	2320
TruSeq vs BRB-seq	ENSG00000111716	LDHB	9.424	11.541	2.287	over-represented in TruSeq	0	854
TruSeq vs BRB-seq	ENSG00000111845	PAK1IP1	4.389	6.564	2.345	over-represented in TruSeq	0	
TruSeq vs BRB-seq	ENSG00000111885	MAN1A1	2.67	4.613	2.112	over-represented in TruSeq	0	5018
TruSeq vs BRB-seq	ENSG00000112339	HBS1L	5.017	7.623	2.775	over-represented in TruSeq	0	1893
TruSeq vs BRB-seq	ENSG00000112419	PHACTR2	5.979	3.598	-2.211	under-represented in TruSeq	0	4780
TruSeq vs BRB-seq	ENSG00000112697	TMEM30A	3.088	5.29	2.372	over-represented in TruSeq	0	4086
TruSeq vs BRB-seq	ENSG00000112972	HMGCS1	4.135	7.099	3.134	over-represented in TruSeq	0	2740
TruSeq vs BRB-seq	ENSG00000113140	SPARC	2.924	5.266	2.511	over-represented in TruSeq	0	867
TruSeq vs BRB-seq	ENSG00000113161	HMGCR	4.268	6.136	2.037	over-represented in TruSeq	0	3541
TruSeq vs BRB-seq	ENSG00000113196	HAND1	5.867	3.601	-2.096	under-represented in TruSeq	0	1701
TruSeq vs BRB-seq	ENSG00000113460	BRIX1	4.891	7.386	2.665	over-represented in TruSeq	0	1406
TruSeq vs BRB-seq	ENSG00000113558	SKP1	2.775	8.598	5.992	over-represented in TruSeq	0	678
TruSeq vs BRB-seq	ENSG00000113575	PPP2CA	6.176	8.541	2.534	over-represented in TruSeq	0	1174
TruSeq vs BRB-seq	ENSG00000113583	C5orf15	4.962	6.968	2.176	over-represented in TruSeq	0	763
TruSeq vs BRB-seq	ENSG00000113593	PPWD1	2.654	5.977	3.493	over-represented in TruSeq	0	1645
TruSeq vs BRB-seq	ENSG00000113643	RARS1	4.491	8.08	3.759	over-represented in TruSeq	0	2014
TruSeq vs BRB-seq	ENSG00000114115	RBP1	5.669	2.047	-3.452	under-represented in TruSeq	0	711
TruSeq vs BRB-seq	ENSG00000114209	PDCD10	2.922	6.515	3.763	over-represented in TruSeq	0	1088
TruSeq vs BRB-seq	ENSG00000114346	ECT2	3.946	6.229	2.453	over-represented in TruSeq	0	3388
TruSeq vs BRB-seq	ENSG00000114439	BBX	7.441	4.673	-2.598	under-represented in TruSeq	0	7103
TruSeq vs BRB-seq	ENSG00000114520	SNX4	3.938	6.157	2.389	over-represented in TruSeq	0	977
TruSeq vs BRB-seq	ENSG00000115091	ACTR3	5.057	7.773	2.886	over-represented in TruSeq	0	2189
TruSeq vs BRB-seq	ENSG00000115310	RTN4	4.894	7.37	2.645	over-represented in TruSeq	0	1872
TruSeq vs BRB-seq	ENSG00000115368	WDR75	2.511	6.581	4.239	over-represented in TruSeq	0	2483
TruSeq vs BRB-seq	ENSG00000115392	FANCL	3.037	5.962	3.095	over-represented in TruSeq	0	1982
TruSeq vs BRB-seq	ENSG00000115541	HSPE1	8.638	10.988	2.52	over-represented in TruSeq	0	559
TruSeq vs BRB-seq	ENSG00000115750	TAF1B	3.411	5.668	2.427	over-represented in TruSeq	0	1906
TruSeq vs BRB-seq	ENSG00000115947	ORC4	3.867	6.304	2.607	over-represented in TruSeq	0	1737
TruSeq vs BRB-seq	ENSG00000115963	RND3	3.015	4.883	2.038	over-represented in TruSeq	0	1652
TruSeq vs BRB-seq	ENSG00000116133	DHCR24	6.039	8.0	2.13	over-represented in TruSeq	0	2972
TruSeq vs BRB-seq	ENSG00000116205	TCEANC2	5.656	3.389	-2.097	under-represented in TruSeq	0	7159
TruSeq vs BRB-seq	ENSG00000116266	STXBP3	3.639	5.94	2.47	over-represented in TruSeq	0	2321
TruSeq vs BRB-seq	ENSG00000116406	EDEM3	2.357	4.431	2.244	over-represented in TruSeq	0	3544
TruSeq vs BRB-seq	ENSG00000116489	CAPZA1	5.751	7.93	2.349	over-represented in TruSeq	0	1901
TruSeq vs BRB-seq	ENSG00000116750	UCHL5	5.507	7.574	2.237	over-represented in TruSeq	0	1494
TruSeq vs BRB-seq	ENSG00000116752	BCAS2	5.48	7.494	2.184	over-represented in TruSeq	0	1270
TruSeq vs BRB-seq	ENSG00000117335	CD46	3.546	5.92	2.544	over-represented in TruSeq	0	3474
TruSeq vs BRB-seq	ENSG00000117691	NENF	9.499	7.12	-2.209	under-represented in TruSeq	0	904
TruSeq vs BRB-seq	ENSG00000117791	MTARC2	2.37	4.382	2.182	over-represented in TruSeq	0	817
TruSeq vs BRB-seq	ENSG00000118363	SPCS2	5.991	8.151	2.329	over-represented in TruSeq	0	944
TruSeq vs BRB-seq	ENSG00000118454	ANKRD13C	3.112	5.139	2.197	over-represented in TruSeq	0	1876
TruSeq vs BRB-seq	ENSG00000118564	FBXL5	3.006	5.29	2.454	over-represented in TruSeq	0	2184
TruSeq vs BRB-seq	ENSG00000118855	MFSD1	2.353	5.634	3.451	over-represented in TruSeq	0	2137
TruSeq vs BRB-seq	ENSG00000118971	CCND2	6.452	3.894	-2.388	under-represented in TruSeq	0	6180
TruSeq vs BRB-seq	ENSG00000119013	NDUFB3	6.138	8.499	2.53	over-represented in TruSeq	0	502
TruSeq vs BRB-seq	ENSG00000119632	IFI27L2	6.1	3.52	-2.411	under-represented in TruSeq	0	451
TruSeq vs BRB-seq	ENSG00000119787	ATL2	4.061	6.683	2.791	over-represented in TruSeq	0	2077
TruSeq vs BRB-seq	ENSG00000119812	FAM98A	4.992	6.934	2.111	over-represented in TruSeq	0	1970
TruSeq vs BRB-seq	ENSG00000119986	AVPI1	4.912	2.511	-2.232	under-represented in TruSeq	0	1375
TruSeq vs BRB-seq	ENSG00000120075	HOXB5	4.632	1.934	-2.528	under-represented in TruSeq	0	1859
TruSeq vs BRB-seq	ENSG00000120129	DUSP1	5.838	3.264	-2.404	under-represented in TruSeq	0	2013
TruSeq vs BRB-seq	ENSG00000120438	TCP1	7.986	9.851	2.034	over-represented in TruSeq	0	1587
TruSeq vs BRB-seq	ENSG00000120526	NUDCD1	3.169	5.082	2.083	over-represented in TruSeq	0	2444
TruSeq vs BRB-seq	ENSG00000120699	EXOSC8	5.121	6.959	2.008	over-represented in TruSeq	0	1308
TruSeq vs BRB-seq	ENSG00000120885	CLU	2.316	4.219	2.072	over-represented in TruSeq	0	834
TruSeq vs BRB-seq	ENSG00000121741	ZMYM2	2.576	4.494	2.088	over-represented in TruSeq	0	4089
TruSeq vs BRB-seq	ENSG00000121749	TBC1D15	2.141	5.632	3.66	over-represented in TruSeq	0	2304
TruSeq vs BRB-seq	ENSG00000122882	ECD	4.053	5.905	2.022	over-represented in TruSeq	0	1787
TruSeq vs BRB-seq	ENSG00000122958	VPS26A	4.107	6.811	2.874	over-represented in TruSeq	0	1767
TruSeq vs BRB-seq	ENSG00000123219	CENPK	3.718	5.88	2.332	over-represented in TruSeq	0	934
TruSeq vs BRB-seq	ENSG00000123552	USP45	2.495	4.451	2.126	over-represented in TruSeq	0	2136
TruSeq vs BRB-seq	ENSG00000123685	BATF3	6.019	3.624	-2.226	under-represented in TruSeq	0	834
TruSeq vs BRB-seq	ENSG00000123689	G0S2	5.186	2.191	-2.826	under-represented in TruSeq	0	875
TruSeq vs BRB-seq	ENSG00000123983	ACSL3	3.987	6.083	2.266	over-represented in TruSeq	0	3573
TruSeq vs BRB-seq	ENSG00000124172	ATP5F1E	9.892	6.599	-3.124	under-represented in TruSeq	0	2249
TruSeq vs BRB-seq	ENSG00000124193	SRSF6	5.322	7.951	2.799	over-represented in TruSeq	0	2644
TruSeq vs BRB-seq	ENSG00000124459	ZNF45	2.214	4.168	2.123	over-represented in TruSeq	0	2724
TruSeq vs BRB-seq	ENSG00000124593		8.289	2.853	-5.267	under-represented in TruSeq	0	3165
TruSeq vs BRB-seq	ENSG00000124635	H2BC11	4.57	2.115	-2.285	under-represented in TruSeq	1	1050
TruSeq vs BRB-seq	ENSG00000124641	MED20	3.121	5.212	2.261	over-represented in TruSeq	0	2149
TruSeq vs BRB-seq	ENSG00000124766	SOX4	7.546	5.181	-2.195	under-represented in TruSeq	0	4869
TruSeq vs BRB-seq	ENSG00000124787	RPP40	3.867	5.931	2.233	over-represented in TruSeq	0	947
TruSeq vs BRB-seq	ENSG00000125124	BBS2	2.64	5.093	2.622	over-represented in TruSeq	0	1491
TruSeq vs BRB-seq	ENSG00000125304	TM9SF2	4.091	6.625	2.704	over-represented in TruSeq	0	3435
TruSeq vs BRB-seq	ENSG00000125356	NDUFA1	7.56	9.748	2.357	over-represented in TruSeq	0	421
TruSeq vs BRB-seq	ENSG00000125821	DTD1	7.67	4.366	-3.135	under-represented in TruSeq	0	3890
TruSeq vs BRB-seq	ENSG00000125870	SNRPB2	4.575	7.625	3.22	over-represented in TruSeq	0	1231
TruSeq vs BRB-seq	ENSG00000126246	IGFLR1	4.435	1.91	-2.355	under-represented in TruSeq	0	802
TruSeq vs BRB-seq	ENSG00000126870	DYNC2I1	6.298	4.112	-2.017	under-represented in TruSeq	0	3475
TruSeq vs BRB-seq	ENSG00000126945	HNRNPH2	5.42	7.503	2.252	over-represented in TruSeq	0	2296
TruSeq vs BRB-seq	ENSG00000127022	CANX	7.421	9.65	2.399	over-represented in TruSeq	0	2175
TruSeq vs BRB-seq	ENSG00000127663	KDM4B	6.58	4.207	-2.203	under-represented in TruSeq	0	5205
TruSeq vs BRB-seq	ENSG00000127922	SEM1	7.721	9.768	2.216	over-represented in TruSeq	0	433
TruSeq vs BRB-seq	ENSG00000127955	GNAI1	3.114	5.209	2.265	over-represented in TruSeq	0	2040
TruSeq vs BRB-seq	ENSG00000128595	CALU	5.227	7.472	2.414	over-represented in TruSeq	0	2509
TruSeq vs BRB-seq	ENSG00000128609	NDUFA5	4.601	7.34	2.909	over-represented in TruSeq	0	1291
TruSeq vs BRB-seq	ENSG00000128708	HAT1	3.809	7.536	3.897	over-represented in TruSeq	0	3794
TruSeq vs BRB-seq	ENSG00000128965	CHAC1	5.045	2.359	-2.516	under-represented in TruSeq	0	1519
TruSeq vs BRB-seq	ENSG00000128973	CLN6	3.256	6.991	3.905	over-represented in TruSeq	0	1732
TruSeq vs BRB-seq	ENSG00000129083	COPB1	4.484	6.99	2.675	over-represented in TruSeq	0	3272
TruSeq vs BRB-seq	ENSG00000129355	CDKN2D	4.907	2.653	-2.085	under-represented in TruSeq	0	1424
TruSeq vs BRB-seq	ENSG00000129636	ITFG1	3.277	5.183	2.075	over-represented in TruSeq	0	1687
TruSeq vs BRB-seq	ENSG00000130203	APOE	5.806	1.931	-3.706	under-represented in TruSeq	0	970
TruSeq vs BRB-seq	ENSG00000130294	KIF1A	6.838	4.075	-2.594	under-represented in TruSeq	0	5201
TruSeq vs BRB-seq	ENSG00000130338	TULP4	5.493	3.144	-2.18	under-represented in TruSeq	0	4580
TruSeq vs BRB-seq	ENSG00000130748	TMEM160	8.081	5.443	-2.468	under-represented in TruSeq	0	655
TruSeq vs BRB-seq	ENSG00000130766	SESN2	7.962	5.703	-2.089	under-represented in TruSeq	0	
TruSeq vs BRB-seq	ENSG00000130772	MED18	2.982	4.822	2.009	over-represented in TruSeq	0	
TruSeq vs BRB-seq	ENSG00000130935	NOL11	4.99	7.57	2.749	over-represented in TruSeq	0	2196
TruSeq vs BRB-seq	ENSG00000131094	C1QL1	4.847	2.347	-2.33	under-represented in TruSeq	0	1527
TruSeq vs BRB-seq	ENSG00000131187	F12	6.441	2.997	-3.274	under-represented in TruSeq	0	1437
TruSeq vs BRB-seq	ENSG00000131188	PRR7	5.944	2.417	-3.358	under-represented in TruSeq	0	1292
TruSeq vs BRB-seq	ENSG00000131238	PPT1	4.19	7.875	3.855	over-represented in TruSeq	0	1255
TruSeq vs BRB-seq	ENSG00000131373	HACL1	4.067	5.985	2.088	over-represented in TruSeq	0	1873
TruSeq vs BRB-seq	ENSG00000131711	MAP1B	7.036	3.435	-3.431	under-represented in TruSeq	0	11715
TruSeq vs BRB-seq	ENSG00000131725	WDR44	2.812	5.061	2.418	over-represented in TruSeq	0	3610
TruSeq vs BRB-seq	ENSG00000131966	ACTR10	4.607	6.595	2.157	over-represented in TruSeq	0	1337
TruSeq vs BRB-seq	ENSG00000132329	RAMP1	5.812	3.509	-2.133	under-represented in TruSeq	0	822
TruSeq vs BRB-seq	ENSG00000132356	PRKAA1	3.179	5.015	2.005	over-represented in TruSeq	0	1343
TruSeq vs BRB-seq	ENSG00000132423	COQ3	2.716	5.967	3.421	over-represented in TruSeq	0	1217
TruSeq vs BRB-seq	ENSG00000132436	FIGNL1	3.259	5.406	2.316	over-represented in TruSeq	0	2768
TruSeq vs BRB-seq	ENSG00000132467	UTP3	4.334	6.217	2.053	over-represented in TruSeq	0	2019
TruSeq vs BRB-seq	ENSG00000132510	KDM6B	5.358	2.981	-2.208	under-represented in TruSeq	0	4558
TruSeq vs BRB-seq	ENSG00000132600	PRMT7	4.439	6.519	2.249	over-represented in TruSeq	0	1521
TruSeq vs BRB-seq	ENSG00000132613	MTSS2	4.119	6.269	2.319	over-represented in TruSeq	0	2602
TruSeq vs BRB-seq	ENSG00000132846	ZBED3	4.98	2.466	-2.344	under-represented in TruSeq	0	1436
TruSeq vs BRB-seq	ENSG00000132912	DCTN4	4.13	6.436	2.476	over-represented in TruSeq	0	2548
TruSeq vs BRB-seq	ENSG00000133103	COG6	2.42	4.637	2.387	over-represented in TruSeq	0	2931
TruSeq vs BRB-seq	ENSG00000133119	RFC3	5.127	7.089	2.132	over-represented in TruSeq	0	2257
TruSeq vs BRB-seq	ENSG00000133731	IMPA1	3.27	5.584	2.483	over-represented in TruSeq	0	1018
TruSeq vs BRB-seq	ENSG00000134001	EIF2S1	5.448	8.365	3.086	over-represented in TruSeq	0	1207
TruSeq vs BRB-seq	ENSG00000134057	CCNB1	5.738	8.652	3.084	over-represented in TruSeq	0	1348
TruSeq vs BRB-seq	ENSG00000134058	CDK7	2.292	5.629	3.506	over-represented in TruSeq	0	758
TruSeq vs BRB-seq	ENSG00000134250	NOTCH2	3.3	5.36	2.23	over-represented in TruSeq	0	2620
TruSeq vs BRB-seq	ENSG00000134255	CEPT1	2.204	5.412	3.378	over-represented in TruSeq	0	2067
TruSeq vs BRB-seq	ENSG00000134283	PPHLN1	4.997	6.879	2.051	over-represented in TruSeq	0	1783
TruSeq vs BRB-seq	ENSG00000134294	SLC38A2	3.24	6.813	3.742	over-represented in TruSeq	0	2494
TruSeq vs BRB-seq	ENSG00000134333	LDHA	8.391	10.793	2.572	over-represented in TruSeq	0	
TruSeq vs BRB-seq	ENSG00000134440	NARS1	5.645	7.565	2.09	over-represented in TruSeq	0	2307
TruSeq vs BRB-seq	ENSG00000134910	STT3A	4.996	7.966	3.14	over-represented in TruSeq	0	2085
TruSeq vs BRB-seq	ENSG00000134970	TMED7	2.874	5.333	2.629	over-represented in TruSeq	0	815
TruSeq vs BRB-seq	ENSG00000135045	C9orf40	6.883	4.121	-2.593	under-represented in TruSeq	0	2351
TruSeq vs BRB-seq	ENSG00000135164	DMTF1	3.027	5.673	2.815	over-represented in TruSeq	0	1985
TruSeq vs BRB-seq	ENSG00000135249	RINT1	2.292	5.415	3.293	over-represented in TruSeq	0	2430
TruSeq vs BRB-seq	ENSG00000135521	LTV1	5.274	7.401	2.296	over-represented in TruSeq	0	1853
TruSeq vs BRB-seq	ENSG00000135535	CD164	4.532	7.305	2.943	over-represented in TruSeq	0	2703
TruSeq vs BRB-seq	ENSG00000135547	HEY2	4.903	2.63	-2.103	under-represented in TruSeq	0	2608
TruSeq vs BRB-seq	ENSG00000135655	USP15	3.83	6.498	2.837	over-represented in TruSeq	0	1610
TruSeq vs BRB-seq	ENSG00000135919	SERPINE2	2.657	4.773	2.286	over-represented in TruSeq	0	1881
TruSeq vs BRB-seq	ENSG00000136122	BORA	3.894	5.822	2.097	over-represented in TruSeq	0	2175
TruSeq vs BRB-seq	ENSG00000136518	ACTL6A	2.586	6.983	4.567	over-represented in TruSeq	0	1682
TruSeq vs BRB-seq	ENSG00000136636	KCTD3	3.741	6.115	2.544	over-represented in TruSeq	0	3385
TruSeq vs BRB-seq	ENSG00000136732	GYPC	6.308	4.086	-2.052	under-represented in TruSeq	0	1011
TruSeq vs BRB-seq	ENSG00000137055	PLAA	2.803	5.391	2.757	over-represented in TruSeq	0	2614
TruSeq vs BRB-seq	ENSG00000137509	PRCP	4.011	6.743	2.901	over-represented in TruSeq	0	1590
TruSeq vs BRB-seq	ENSG00000137563	GGH	5.302	7.189	2.056	over-represented in TruSeq	0	1245
TruSeq vs BRB-seq	ENSG00000137575	SDCBP	5.077	7.303	2.396	over-represented in TruSeq	0	2042
TruSeq vs BRB-seq	ENSG00000137693	YAP1	2.522	4.737	2.385	over-represented in TruSeq	0	3844
TruSeq vs BRB-seq	ENSG00000137760	ALKBH8	2.626	4.772	2.315	over-represented in TruSeq	0	3056
TruSeq vs BRB-seq	ENSG00000137876	RSL24D1	4.069	7.498	3.598	over-represented in TruSeq	0	1637
TruSeq vs BRB-seq	ENSG00000137880	GCHFR	6.187	3.801	-2.217	under-represented in TruSeq	0	684
TruSeq vs BRB-seq	ENSG00000137944	KYAT3	2.758	5.735	3.147	over-represented in TruSeq	0	1824
TruSeq vs BRB-seq	ENSG00000137947	GTF2B	4.324	6.196	2.042	over-represented in TruSeq	0	1063
TruSeq vs BRB-seq	ENSG00000137955	RABGGTB	4.668	8.048	3.549	over-represented in TruSeq	0	1472
TruSeq vs BRB-seq	ENSG00000138032	PPM1B	3.293	5.201	2.078	over-represented in TruSeq	0	2345
TruSeq vs BRB-seq	ENSG00000138036	DYNC2LI1	2.949	5.218	2.439	over-represented in TruSeq	0	1228
TruSeq vs BRB-seq	ENSG00000138081	FBXO11	3.095	5.108	2.182	over-represented in TruSeq	0	3138
TruSeq vs BRB-seq	ENSG00000138138	ATAD1	3.554	5.583	2.198	over-represented in TruSeq	0	2834
TruSeq vs BRB-seq	ENSG00000138336	TET1	6.217	2.842	-3.206	under-represented in TruSeq	0	9612
TruSeq vs BRB-seq	ENSG00000138385	SSB	6.368	9.124	2.926	over-represented in TruSeq	0	1499
TruSeq vs BRB-seq	ENSG00000138413	IDH1	4.43	6.345	2.085	over-represented in TruSeq	0	2217
TruSeq vs BRB-seq	ENSG00000138459	SLC35A5	3.453	5.375	2.093	over-represented in TruSeq	0	1972
TruSeq vs BRB-seq	ENSG00000138663	COPS4	5.073	6.937	2.033	over-represented in TruSeq	0	1487
TruSeq vs BRB-seq	ENSG00000138777	PPA2	5.824	7.719	2.064	over-represented in TruSeq	0	992
TruSeq vs BRB-seq	ENSG00000138801	PAPSS1	3.854	5.703	2.019	over-represented in TruSeq	0	2394
TruSeq vs BRB-seq	ENSG00000139146	SINHCAF	4.825	6.838	2.182	over-represented in TruSeq	0	2941
TruSeq vs BRB-seq	ENSG00000139624	CERS5	3.567	5.529	2.132	over-represented in TruSeq	0	1240
TruSeq vs BRB-seq	ENSG00000139684	ESD	4.549	7.879	3.499	over-represented in TruSeq	0	1093
TruSeq vs BRB-seq	ENSG00000139921	TMX1	4.476	6.55	2.243	over-represented in TruSeq	0	2892
TruSeq vs BRB-seq	ENSG00000140280	LYSMD2	4.228	1.97	-2.089	under-represented in TruSeq	0	1171
TruSeq vs BRB-seq	ENSG00000141424	SLC39A6	4.754	6.718	2.133	over-represented in TruSeq	0	1995
TruSeq vs BRB-seq	ENSG00000141452	RMC1	3.581	5.438	2.026	over-represented in TruSeq	0	1639
TruSeq vs BRB-seq	ENSG00000141867	BRD4	8.214	5.669	-2.375	under-represented in TruSeq	0	3390
TruSeq vs BRB-seq	ENSG00000141965	FEM1A	6.482	4.285	-2.027	under-represented in TruSeq	0	9540
TruSeq vs BRB-seq	ENSG00000142192	APP	5.497	8.031	2.703	over-represented in TruSeq	0	2712
TruSeq vs BRB-seq	ENSG00000142669	SH3BGRL3	7.695	5.308	-2.217	under-represented in TruSeq	0	752
TruSeq vs BRB-seq	ENSG00000142694	EVA1B	4.959	2.026	-2.763	under-represented in TruSeq	0	980
TruSeq vs BRB-seq	ENSG00000142731	PLK4	2.688	5.335	2.817	over-represented in TruSeq	0	2351
TruSeq vs BRB-seq	ENSG00000142867	BCL10	5.974	3.632	-2.172	under-represented in TruSeq	0	1897
TruSeq vs BRB-seq	ENSG00000142892	PIGK	3.293	6.373	3.249	over-represented in TruSeq	0	2145
TruSeq vs BRB-seq	ENSG00000143156	NME7	2.455	5.239	2.953	over-represented in TruSeq	0	936
TruSeq vs BRB-seq	ENSG00000143183	TMCO1	5.835	8.203	2.538	over-represented in TruSeq	0	1072
TruSeq vs BRB-seq	ENSG00000143190	POU2F1	6.105	3.086	-2.849	under-represented in TruSeq	0	12960
TruSeq vs BRB-seq	ENSG00000143228	NUF2	4.175	6.196	2.191	over-represented in TruSeq	0	1609
TruSeq vs BRB-seq	ENSG00000143324	XPR1	2.728	4.783	2.225	over-represented in TruSeq	0	4767
TruSeq vs BRB-seq	ENSG00000143333	RGS16	6.463	2.942	-3.352	under-represented in TruSeq	0	2408
TruSeq vs BRB-seq	ENSG00000143376	SNX27	6.74	4.13	-2.44	under-represented in TruSeq	0	5887
TruSeq vs BRB-seq	ENSG00000143443	C1orf56	5.704	2.401	-3.134	under-represented in TruSeq	0	848
TruSeq vs BRB-seq	ENSG00000143622	RIT1	3.405	5.297	2.062	over-represented in TruSeq	0	1547
TruSeq vs BRB-seq	ENSG00000143815	LBR	5.478	7.868	2.559	over-represented in TruSeq	0	2071
TruSeq vs BRB-seq	ENSG00000143933	CALM2	6.987	9.467	2.649	over-represented in TruSeq	0	1213
TruSeq vs BRB-seq	ENSG00000144034	TPRKB	4.895	7.1	2.375	over-represented in TruSeq	0	
TruSeq vs BRB-seq	ENSG00000144118	RALB	3.45	5.518	2.237	over-represented in TruSeq	0	2104
TruSeq vs BRB-seq	ENSG00000144306	SCRN3	3.524	5.357	2.003	over-represented in TruSeq	0	1692
TruSeq vs BRB-seq	ENSG00000144559	TAMM41	3.372	5.386	2.183	over-represented in TruSeq	0	1305
TruSeq vs BRB-seq	ENSG00000144744	UBA3	3.916	6.572	2.826	over-represented in TruSeq	0	1953
TruSeq vs BRB-seq	ENSG00000144827	ABHD10	4.243	6.451	2.378	over-represented in TruSeq	0	1839
TruSeq vs BRB-seq	ENSG00000144895	EIF2A	4.949	7.304	2.525	over-represented in TruSeq	0	1677
TruSeq vs BRB-seq	ENSG00000145730	PAM	3.33	5.372	2.211	over-represented in TruSeq	0	2417
TruSeq vs BRB-seq	ENSG00000146054	TRIM7	5.541	2.095	-3.276	under-represented in TruSeq	0	1498
TruSeq vs BRB-seq	ENSG00000146574	CCZ1B	4.858	6.905	2.217	over-represented in TruSeq	0	1004
TruSeq vs BRB-seq	ENSG00000147231	RADX	3.405	6.813	3.578	over-represented in TruSeq	0	2398
TruSeq vs BRB-seq	ENSG00000147400	CETN2	4.878	6.752	2.044	over-represented in TruSeq	0	1403
TruSeq vs BRB-seq	ENSG00000147416	ATP6V1B2	4.135	6.228	2.262	over-represented in TruSeq	0	2952
TruSeq vs BRB-seq	ENSG00000147669	POLR2K	4.864	7.497	2.802	over-represented in TruSeq	0	929
TruSeq vs BRB-seq	ENSG00000147687	TATDN1	3.399	5.88	2.65	over-represented in TruSeq	0	
TruSeq vs BRB-seq	ENSG00000148200	NR6A1	5.669	3.452	-2.047	under-represented in TruSeq	0	1553
TruSeq vs BRB-seq	ENSG00000148450	MSRB2	6.404	3.419	-2.815	under-represented in TruSeq	0	894
TruSeq vs BRB-seq	ENSG00000148700	ADD3	3.26	5.686	2.595	over-represented in TruSeq	0	3148
TruSeq vs BRB-seq	ENSG00000148943	LIN7C	6.331	4.087	-2.075	under-represented in TruSeq	0	4531
TruSeq vs BRB-seq	ENSG00000149084	HSD17B12	4.774	6.859	2.255	over-represented in TruSeq	0	2342
TruSeq vs BRB-seq	ENSG00000149100	EIF3M	6.749	9.445	2.865	over-represented in TruSeq	0	885
TruSeq vs BRB-seq	ENSG00000149480	MTA2	5.543	7.707	2.334	over-represented in TruSeq	0	2303
TruSeq vs BRB-seq	ENSG00000150093	ITGB1	4.414	6.508	2.264	over-represented in TruSeq	0	3300
TruSeq vs BRB-seq	ENSG00000150456	EEF1AKMT1	2.817	4.917	2.269	over-represented in TruSeq	0	845
TruSeq vs BRB-seq	ENSG00000150768	DLAT	4.497	7.02	2.693	over-represented in TruSeq	0	2970
TruSeq vs BRB-seq	ENSG00000151239	TWF1	4.003	6.342	2.509	over-represented in TruSeq	0	1560
TruSeq vs BRB-seq	ENSG00000151247	EIF4E	4.508	7.724	3.386	over-represented in TruSeq	0	1040
TruSeq vs BRB-seq	ENSG00000151348	EXT2	3.781	5.774	2.163	over-represented in TruSeq	0	3173
TruSeq vs BRB-seq	ENSG00000151414	NEK7	2.356	4.899	2.713	over-represented in TruSeq	0	3267
TruSeq vs BRB-seq	ENSG00000152192	POU4F1	5.926	3.428	-2.328	under-represented in TruSeq	0	4539
TruSeq vs BRB-seq	ENSG00000152240	HAUS1	4.11	6.664	2.724	over-represented in TruSeq	0	1008
TruSeq vs BRB-seq	ENSG00000152253	SPC25	4.353	6.404	2.221	over-represented in TruSeq	0	1342
TruSeq vs BRB-seq	ENSG00000152404	CWF19L2	2.42	4.306	2.055	over-represented in TruSeq	0	2786
TruSeq vs BRB-seq	ENSG00000152455	SUV39H2	4.013	5.969	2.126	over-represented in TruSeq	0	1735
TruSeq vs BRB-seq	ENSG00000152683	SLC30A6	2.305	4.482	2.347	over-represented in TruSeq	0	4430
TruSeq vs BRB-seq	ENSG00000152944	MED21	3.643	5.565	2.092	over-represented in TruSeq	0	1418
TruSeq vs BRB-seq	ENSG00000152952	PLOD2	3.486	5.75	2.434	over-represented in TruSeq	0	2941
TruSeq vs BRB-seq	ENSG00000152990	ADGRA3	2.681	4.597	2.086	over-represented in TruSeq	0	2125
TruSeq vs BRB-seq	ENSG00000153201	RANBP2	3.873	5.761	2.057	over-represented in TruSeq	0	8735
TruSeq vs BRB-seq	ENSG00000153339	TRAPPC8	3.757	5.73	2.143	over-represented in TruSeq	0	4068
TruSeq vs BRB-seq	ENSG00000153936	HS2ST1	3.042	5.487	2.614	over-represented in TruSeq	0	4605
TruSeq vs BRB-seq	ENSG00000153975	ZUP1	3.094	5.211	2.287	over-represented in TruSeq	0	1719
TruSeq vs BRB-seq	ENSG00000154065	ANKRD29	4.727	2.362	-2.196	under-represented in TruSeq	0	2447
TruSeq vs BRB-seq	ENSG00000154102	C16orf74	4.831	2.515	-2.146	under-represented in TruSeq	0	782
TruSeq vs BRB-seq	ENSG00000155100	OTUD6B	2.857	4.923	2.236	over-represented in TruSeq	0	2831
TruSeq vs BRB-seq	ENSG00000155304	HSPA13	2.7	5.226	2.695	over-represented in TruSeq	0	1238
TruSeq vs BRB-seq	ENSG00000155380	SLC16A1	5.294	8.434	3.309	over-represented in TruSeq	0	3760
TruSeq vs BRB-seq	ENSG00000155438	NIFK	5.485	7.558	2.243	over-represented in TruSeq	0	963
TruSeq vs BRB-seq	ENSG00000156261	CCT8	6.499	9.315	2.986	over-represented in TruSeq	0	
TruSeq vs BRB-seq	ENSG00000156411	ATP5MJ	6.481	8.885	2.573	over-represented in TruSeq	0	599
TruSeq vs BRB-seq	ENSG00000156467	UQCRB	5.504	9.177	3.842	over-represented in TruSeq	0	656
TruSeq vs BRB-seq	ENSG00000156469	MTERF3	2.836	5.263	2.596	over-represented in TruSeq	0	1448
TruSeq vs BRB-seq	ENSG00000156642	NPTN	4.058	6.742	2.853	over-represented in TruSeq	0	1423
TruSeq vs BRB-seq	ENSG00000156875	MFSD14A	3.701	5.851	2.32	over-represented in TruSeq	0	2778
TruSeq vs BRB-seq	ENSG00000156970	BUB1B	4.177	6.403	2.395	over-represented in TruSeq	0	2933
TruSeq vs BRB-seq	ENSG00000156976	EIF4A2	5.537	7.819	2.452	over-represented in TruSeq	0	1845
TruSeq vs BRB-seq	ENSG00000157625	TAB3	1.961	3.821	2.029	over-represented in TruSeq	0	5782
TruSeq vs BRB-seq	ENSG00000157800	SLC37A3	4.01	6.145	2.304	over-represented in TruSeq	0	1023
TruSeq vs BRB-seq	ENSG00000158122	PRXL2C	5.946	3.685	-2.091	under-represented in TruSeq	0	2685
TruSeq vs BRB-seq	ENSG00000158195	WASF2	7.684	4.969	-2.545	under-represented in TruSeq	0	2768
TruSeq vs BRB-seq	ENSG00000158290	CUL4B	4.429	6.424	2.165	over-represented in TruSeq	0	2947
TruSeq vs BRB-seq	ENSG00000158435	CNOT11	4.458	6.475	2.186	over-represented in TruSeq	0	1515
TruSeq vs BRB-seq	ENSG00000158773	USF1	2.988	6.813	3.995	over-represented in TruSeq	0	841
TruSeq vs BRB-seq	ENSG00000159063	ALG8	4.572	6.729	2.327	over-represented in TruSeq	0	1589
TruSeq vs BRB-seq	ENSG00000159184	HOXB13	5.308	2.872	-2.266	under-represented in TruSeq	0	3039
TruSeq vs BRB-seq	ENSG00000159217	IGF2BP1	8.566	6.245	-2.152	under-represented in TruSeq	0	8321
TruSeq vs BRB-seq	ENSG00000159593	NAE1	5.219	7.63	2.581	over-represented in TruSeq	0	1461
TruSeq vs BRB-seq	ENSG00000160113	NR2F6	7.633	5.139	-2.324	under-represented in TruSeq	0	2382
TruSeq vs BRB-seq	ENSG00000160124	MIX23	2.961	7.665	4.873	over-represented in TruSeq	0	601
TruSeq vs BRB-seq	ENSG00000160194	NDUFV3	8.563	5.245	-3.149	under-represented in TruSeq	0	2685
TruSeq vs BRB-seq	ENSG00000160408	ST6GALNAC6	2.844	5.08	2.406	over-represented in TruSeq	0	2144
TruSeq vs BRB-seq	ENSG00000161057	PSMC2	5.493	7.562	2.239	over-represented in TruSeq	0	1852
TruSeq vs BRB-seq	ENSG00000161654	LSM12	8.736	6.184	-2.383	under-represented in TruSeq	0	1709
TruSeq vs BRB-seq	ENSG00000161800	RACGAP1	4.861	6.827	2.136	over-represented in TruSeq	0	1413
TruSeq vs BRB-seq	ENSG00000161847	RAVER1	3.357	6.352	3.165	over-represented in TruSeq	0	1325
TruSeq vs BRB-seq	ENSG00000161956	SENP3	3.26	7.26	4.17	over-represented in TruSeq	0	1194
TruSeq vs BRB-seq	ENSG00000162032	SPSB3	6.114	3.836	-2.109	under-represented in TruSeq	0	1248
TruSeq vs BRB-seq	ENSG00000162086	ZNF75A	2.67	4.621	2.12	over-represented in TruSeq	0	1297
TruSeq vs BRB-seq	ENSG00000162385	MAGOH	4.981	8.631	3.82	over-represented in TruSeq	0	634
TruSeq vs BRB-seq	ENSG00000162408	NOL9	6.67	4.011	-2.489	under-represented in TruSeq	0	1498
TruSeq vs BRB-seq	ENSG00000162521	RBBP4	6.96	8.888	2.098	over-represented in TruSeq	0	1832
TruSeq vs BRB-seq	ENSG00000162599	NFIA	5.204	2.825	-2.21	under-represented in TruSeq	0	6705
TruSeq vs BRB-seq	ENSG00000162600	OMA1	2.333	5.731	3.568	over-represented in TruSeq	0	1150
TruSeq vs BRB-seq	ENSG00000162616	DNAJB4	2.356	4.617	2.431	over-represented in TruSeq	0	1768
TruSeq vs BRB-seq	ENSG00000163132	MSX1	7.036	4.713	-2.153	under-represented in TruSeq	0	1805
TruSeq vs BRB-seq	ENSG00000163291	PAQR3	3.295	5.443	2.317	over-represented in TruSeq	0	2838
TruSeq vs BRB-seq	ENSG00000163430	FSTL1	4.421	6.438	2.186	over-represented in TruSeq	0	1891
TruSeq vs BRB-seq	ENSG00000163507	CIP2A	3.838	5.995	2.326	over-represented in TruSeq	0	3276
TruSeq vs BRB-seq	ENSG00000163527	STT3B	4.142	6.776	2.803	over-represented in TruSeq	0	3245
TruSeq vs BRB-seq	ENSG00000163728	TTC14	2.897	5.047	2.32	over-represented in TruSeq	0	2915
TruSeq vs BRB-seq	ENSG00000163738	MTHFD2L	6.547	4.225	-2.152	under-represented in TruSeq	0	1722
TruSeq vs BRB-seq	ENSG00000163743	RCHY1	3.816	6.428	2.782	over-represented in TruSeq	0	1551
TruSeq vs BRB-seq	ENSG00000163884	KLF15	5.035	2.059	-2.807	under-represented in TruSeq	0	649
TruSeq vs BRB-seq	ENSG00000163918	RFC4	4.705	7.194	2.658	over-represented in TruSeq	0	1005
TruSeq vs BRB-seq	ENSG00000164080	RAD54L2	7.161	3.543	-3.448	under-represented in TruSeq	0	8855
TruSeq vs BRB-seq	ENSG00000164096	C4orf3	7.784	5.286	-2.329	under-represented in TruSeq	0	2946
TruSeq vs BRB-seq	ENSG00000164109	MAD2L1	5.702	7.978	2.446	over-represented in TruSeq	0	1806
TruSeq vs BRB-seq	ENSG00000164134	NAA15	4.58	6.894	2.483	over-represented in TruSeq	0	3534
TruSeq vs BRB-seq	ENSG00000164144	ARFIP1	3.202	5.285	2.253	over-represented in TruSeq	0	2345
TruSeq vs BRB-seq	ENSG00000164163	ABCE1	5.142	7.845	2.872	over-represented in TruSeq	0	1664
TruSeq vs BRB-seq	ENSG00000164172	MOCS2	5.083	6.988	2.075	over-represented in TruSeq	0	1186
TruSeq vs BRB-seq	ENSG00000164211	STARD4	2.287	4.256	2.139	over-represented in TruSeq	0	2308
TruSeq vs BRB-seq	ENSG00000164219	PGGT1B	2.708	5.16	2.622	over-represented in TruSeq	0	1013
TruSeq vs BRB-seq	ENSG00000164329	TENT2	3.154	5.114	2.13	over-represented in TruSeq	0	2148
TruSeq vs BRB-seq	ENSG00000164338	UTP15	3.572	5.638	2.236	over-represented in TruSeq	0	2137
TruSeq vs BRB-seq	ENSG00000164548	TRA2A	5.467	7.407	2.109	over-represented in TruSeq	0	1230
TruSeq vs BRB-seq	ENSG00000164815	ORC5	3.233	5.936	2.873	over-represented in TruSeq	0	1910
TruSeq vs BRB-seq	ENSG00000164916	FOXK1	6.55	3.775	-2.606	under-represented in TruSeq	0	10839
TruSeq vs BRB-seq	ENSG00000164934	DCAF13	3.792	6.883	3.261	over-represented in TruSeq	0	1833
TruSeq vs BRB-seq	ENSG00000164941	INTS8	3.149	6.523	3.543	over-represented in TruSeq	0	1724
TruSeq vs BRB-seq	ENSG00000165487	MICU2	3.988	6.066	2.248	over-represented in TruSeq	0	1421
TruSeq vs BRB-seq	ENSG00000165490	DDIAS	2.32	4.812	2.661	over-represented in TruSeq	0	2771
TruSeq vs BRB-seq	ENSG00000165630	PRPF18	3.264	5.333	2.239	over-represented in TruSeq	0	1195
TruSeq vs BRB-seq	ENSG00000165698	SPACA9	5.147	2.099	-2.878	under-represented in TruSeq	0	1342
TruSeq vs BRB-seq	ENSG00000165832	TRUB1	3.382	5.495	2.283	over-represented in TruSeq	0	3054
TruSeq vs BRB-seq	ENSG00000166181	API5	4.969	7.516	2.717	over-represented in TruSeq	0	2843
TruSeq vs BRB-seq	ENSG00000166200	COPS2	2.638	6.838	4.37	over-represented in TruSeq	0	2129
TruSeq vs BRB-seq	ENSG00000166479	TMX3	2.458	4.725	2.436	over-represented in TruSeq	0	842
TruSeq vs BRB-seq	ENSG00000166507	NDST2	2.961	4.857	2.065	over-represented in TruSeq	0	2516
TruSeq vs BRB-seq	ENSG00000166598	HSP90B1	7.057	9.084	2.197	over-represented in TruSeq	0	2751
TruSeq vs BRB-seq	ENSG00000166669	ATF7IP2	2.457	4.506	2.218	over-represented in TruSeq	0	753
TruSeq vs BRB-seq	ENSG00000166710	B2M	6.537	8.716	2.349	over-represented in TruSeq	0	931
TruSeq vs BRB-seq	ENSG00000166823	MESP1	6.175	3.627	-2.378	under-represented in TruSeq	0	493
TruSeq vs BRB-seq	ENSG00000166963	MAP1A	5.227	2.597	-2.46	under-represented in TruSeq	0	10307
TruSeq vs BRB-seq	ENSG00000166997	CNPY4	2.474	4.661	2.357	over-represented in TruSeq	0	1268
TruSeq vs BRB-seq	ENSG00000167004	PDIA3	5.641	8.636	3.165	over-represented in TruSeq	0	1691
TruSeq vs BRB-seq	ENSG00000167005	NUDT21	5.141	7.292	2.321	over-represented in TruSeq	0	831
TruSeq vs BRB-seq	ENSG00000167325	RRM1	5.779	7.742	2.132	over-represented in TruSeq	0	2760
TruSeq vs BRB-seq	ENSG00000167378	IRGQ	5.383	2.99	-2.224	under-represented in TruSeq	0	8219
TruSeq vs BRB-seq	ENSG00000167447	SMG8	2.373	5.404	3.201	over-represented in TruSeq	0	3019
TruSeq vs BRB-seq	ENSG00000167548	KMT2D	3.758	6.226	2.638	over-represented in TruSeq	0	3206
TruSeq vs BRB-seq	ENSG00000167635	ZNF146	4.305	7.187	3.051	over-represented in TruSeq	0	2654
TruSeq vs BRB-seq	ENSG00000167733	HSD11B1L	5.441	2.315	-2.956	under-represented in TruSeq	0	1334
TruSeq vs BRB-seq	ENSG00000167904	TMEM68	2.582	4.514	2.101	over-represented in TruSeq	0	1280
TruSeq vs BRB-seq	ENSG00000168036	CTNNB1	6.59	8.515	2.095	over-represented in TruSeq	0	3090
TruSeq vs BRB-seq	ENSG00000168078	PBK	3.228	5.758	2.699	over-represented in TruSeq	0	1797
TruSeq vs BRB-seq	ENSG00000168209	DDIT4	9.195	6.298	-2.727	under-represented in TruSeq	0	1755
TruSeq vs BRB-seq	ENSG00000168243	GNG4	6.846	4.635	-2.042	under-represented in TruSeq	0	1861
TruSeq vs BRB-seq	ENSG00000168303	MPLKIP	7.72	3.413	-4.138	under-represented in TruSeq	0	7627
TruSeq vs BRB-seq	ENSG00000168615	ADAM9	3.491	5.596	2.275	over-represented in TruSeq	0	4038
TruSeq vs BRB-seq	ENSG00000168795	ZBTB5	5.094	2.544	-2.38	under-represented in TruSeq	0	4690
TruSeq vs BRB-seq	ENSG00000168802	CHTF8	2.3	5.834	3.703	over-represented in TruSeq	0	888
TruSeq vs BRB-seq	ENSG00000168827	GFM1	4.022	6.581	2.729	over-represented in TruSeq	0	3097
TruSeq vs BRB-seq	ENSG00000168913	ENHO	5.98	3.767	-2.043	under-represented in TruSeq	0	1028
TruSeq vs BRB-seq	ENSG00000169021	UQCRFS1	8.495	5.04	-3.285	under-represented in TruSeq	0	3086
TruSeq vs BRB-seq	ENSG00000169045	HNRNPH1	8.162	10.012	2.019	over-represented in TruSeq	0	924
TruSeq vs BRB-seq	ENSG00000169139	UBE2V2	5.169	7.692	2.692	over-represented in TruSeq	0	1427
TruSeq vs BRB-seq	ENSG00000169155	ZBTB43	5.004	2.81	-2.025	under-represented in TruSeq	0	5915
TruSeq vs BRB-seq	ENSG00000169251	NMD3	3.106	6.327	3.39	over-represented in TruSeq	0	2541
TruSeq vs BRB-seq	ENSG00000169446	MMGT1	4.39	6.27	2.05	over-represented in TruSeq	0	2791
TruSeq vs BRB-seq	ENSG00000169504	CLIC4	3.538	6.276	2.907	over-represented in TruSeq	0	4099
TruSeq vs BRB-seq	ENSG00000169515	CCDC8	5.996	3.596	-2.231	under-represented in TruSeq	0	3236
TruSeq vs BRB-seq	ENSG00000169635	HIC2	7.059	4.385	-2.505	under-represented in TruSeq	0	6819
TruSeq vs BRB-seq	ENSG00000169679	BUB1	4.705	6.583	2.048	over-represented in TruSeq	0	2405
TruSeq vs BRB-seq	ENSG00000169684	CHRNA5	4.07	6.161	2.26	over-represented in TruSeq	0	1585
TruSeq vs BRB-seq	ENSG00000169764	UGP2	3.719	5.59	2.04	over-represented in TruSeq	0	1910
TruSeq vs BRB-seq	ENSG00000169895	SYAP1	7.941	5.748	-2.023	under-represented in TruSeq	0	4743
TruSeq vs BRB-seq	ENSG00000169905	TOR1AIP2	7.224	4.426	-2.628	under-represented in TruSeq	0	6957
TruSeq vs BRB-seq	ENSG00000169925	BRD3	7.025	4.715	-2.14	under-represented in TruSeq	0	4892
TruSeq vs BRB-seq	ENSG00000170017	ALCAM	3.345	5.214	2.039	over-represented in TruSeq	0	3806
TruSeq vs BRB-seq	ENSG00000170144	HNRNPA3	8.283	10.127	2.014	over-represented in TruSeq	0	2311
TruSeq vs BRB-seq	ENSG00000170312	CDK1	4.521	7.365	3.014	over-represented in TruSeq	0	1683
TruSeq vs BRB-seq	ENSG00000170540	ARL6IP1	4.618	7.937	3.489	over-represented in TruSeq	0	1558
TruSeq vs BRB-seq	ENSG00000170689	HOXB9	8.228	5.652	-2.407	under-represented in TruSeq	0	2586
TruSeq vs BRB-seq	ENSG00000170776	AKAP13	5.88	3.447	-2.264	under-represented in TruSeq	0	8755
TruSeq vs BRB-seq	ENSG00000171004	HS6ST2	2.559	5.531	3.142	over-represented in TruSeq	0	3835
TruSeq vs BRB-seq	ENSG00000171204	TMEM126B	5.338	7.255	2.086	over-represented in TruSeq	0	974
TruSeq vs BRB-seq	ENSG00000171223	JUNB	5.467	2.771	-2.526	under-represented in TruSeq	0	1830
TruSeq vs BRB-seq	ENSG00000171566	PLRG1	4.33	7.085	2.925	over-represented in TruSeq	0	1321
TruSeq vs BRB-seq	ENSG00000171928	TVP23B	2.73	4.765	2.204	over-represented in TruSeq	0	1442
TruSeq vs BRB-seq	ENSG00000172171	TEFM	3.229	5.153	2.093	over-represented in TruSeq	0	976
TruSeq vs BRB-seq	ENSG00000172216	CEBPB	6.872	4.313	-2.389	under-represented in TruSeq	0	1842
TruSeq vs BRB-seq	ENSG00000172432	GTPBP2	3.693	5.594	2.07	over-represented in TruSeq	0	1916
TruSeq vs BRB-seq	ENSG00000172845	SP3	3.539	5.465	2.096	over-represented in TruSeq	0	4553
TruSeq vs BRB-seq	ENSG00000173418	NAA20	5.416	7.472	2.226	over-represented in TruSeq	0	1022
TruSeq vs BRB-seq	ENSG00000173705	SUSD5	2.357	4.209	2.022	over-represented in TruSeq	0	4040
TruSeq vs BRB-seq	ENSG00000173821	RNF213	5.56	3.323	-2.068	under-represented in TruSeq	0	8096
TruSeq vs BRB-seq	ENSG00000173915	ATP5MK	7.838	9.874	2.205	over-represented in TruSeq	0	387
TruSeq vs BRB-seq	ENSG00000174106	LEMD3	2.941	4.994	2.223	over-represented in TruSeq	0	4165
TruSeq vs BRB-seq	ENSG00000174165	ZDHHC24	5.718	3.494	-2.055	under-represented in TruSeq	0	4442
TruSeq vs BRB-seq	ENSG00000174749	FAM241A	5.315	3.019	-2.127	under-represented in TruSeq	0	8844
TruSeq vs BRB-seq	ENSG00000174842	GLMN	3.1	5.609	2.679	over-represented in TruSeq	0	1486
TruSeq vs BRB-seq	ENSG00000175054	ATR	2.133	4.122	2.158	over-represented in TruSeq	0	5329
TruSeq vs BRB-seq	ENSG00000175130	MARCKSL1	10.155	7.518	-2.467	under-represented in TruSeq	0	1546
TruSeq vs BRB-seq	ENSG00000175197	DDIT3	6.132	3.691	-2.272	under-represented in TruSeq	0	913
TruSeq vs BRB-seq	ENSG00000175387	SMAD2	3.091	5.353	2.432	over-represented in TruSeq	0	2323
TruSeq vs BRB-seq	ENSG00000175482	POLD4	5.501	2.914	-2.418	under-represented in TruSeq	0	1410
TruSeq vs BRB-seq	ENSG00000175868	CALCB	7.427	4.451	-2.806	under-represented in TruSeq	0	1054
TruSeq vs BRB-seq	ENSG00000176170	SPHK1	5.094	2.487	-2.437	under-represented in TruSeq	0	1733
TruSeq vs BRB-seq	ENSG00000176208	ATAD5	5.826	3.376	-2.28	under-represented in TruSeq	0	6269
TruSeq vs BRB-seq	ENSG00000176485	PLAAT3	6.252	3.641	-2.442	under-represented in TruSeq	0	950
TruSeq vs BRB-seq	ENSG00000176731	RBIS	3.93	7.849	4.089	over-represented in TruSeq	0	570
TruSeq vs BRB-seq	ENSG00000176845	METRNL	5.662	3.1	-2.392	under-represented in TruSeq	0	1265
TruSeq vs BRB-seq	ENSG00000176853	FAM91A1	3.054	5.285	2.4	over-represented in TruSeq	0	4027
TruSeq vs BRB-seq	ENSG00000177469	CAVIN1	5.034	2.652	-2.212	under-represented in TruSeq	0	3570
TruSeq vs BRB-seq	ENSG00000177485	ZBTB33	3.621	5.515	2.064	over-represented in TruSeq	0	5220
TruSeq vs BRB-seq	ENSG00000177707	NECTIN3	2.221	4.865	2.814	over-represented in TruSeq	0	2793
TruSeq vs BRB-seq	ENSG00000177733	HNRNPA0	8.367	4.544	-3.654	under-represented in TruSeq	0	8713
TruSeq vs BRB-seq	ENSG00000178502	KLHL11	4.966	2.226	-2.57	under-represented in TruSeq	0	7402
TruSeq vs BRB-seq	ENSG00000178821	TMEM52	4.528	1.941	-2.418	under-represented in TruSeq	0	1106
TruSeq vs BRB-seq	ENSG00000179271	GADD45GIP1	9.258	6.142	-2.946	under-represented in TruSeq	0	1769
TruSeq vs BRB-seq	ENSG00000179886	TIGD5	6.027	3.099	-2.758	under-represented in TruSeq	0	5394
TruSeq vs BRB-seq	ENSG00000180667	YOD1	2.214	4.256	2.211	over-represented in TruSeq	0	6291
TruSeq vs BRB-seq	ENSG00000180730	SHISA2	5.4	3.089	-2.141	under-represented in TruSeq	0	3845
TruSeq vs BRB-seq	ENSG00000181061	HIGD1A	5.514	8.562	3.217	over-represented in TruSeq	0	1151
TruSeq vs BRB-seq	ENSG00000181163	NPM1	9.558	12.605	3.217	over-represented in TruSeq	0	1254
TruSeq vs BRB-seq	ENSG00000181350	LRRC75A	6.895	3.981	-2.745	under-represented in TruSeq	0	2937
TruSeq vs BRB-seq	ENSG00000181649	PHLDA2	5.314	2.879	-2.265	under-represented in TruSeq	0	684
TruSeq vs BRB-seq	ENSG00000182134	TDRKH	2.316	4.442	2.296	over-represented in TruSeq	0	2570
TruSeq vs BRB-seq	ENSG00000182220	ATP6AP2	2.66	6.927	4.437	over-represented in TruSeq	0	1800
TruSeq vs BRB-seq	ENSG00000182481	KPNA2	7.012	9.013	2.17	over-represented in TruSeq	0	1989
TruSeq vs BRB-seq	ENSG00000182985	CADM1	3.569	5.706	2.307	over-represented in TruSeq	0	2378
TruSeq vs BRB-seq	ENSG00000183155	RABIF	6.019	2.862	-2.988	under-represented in TruSeq	0	3119
TruSeq vs BRB-seq	ENSG00000183291	SELENOF	6.748	8.748	2.169	over-represented in TruSeq	0	1098
TruSeq vs BRB-seq	ENSG00000183336	BOLA2	2.719	8.838	6.289	over-represented in TruSeq	0	398
TruSeq vs BRB-seq	ENSG00000183474	GTF2H2C	3.516	5.727	2.381	over-represented in TruSeq	0	1735
TruSeq vs BRB-seq	ENSG00000183628	DGCR6	5.723	2.521	-3.033	under-represented in TruSeq	0	1164
TruSeq vs BRB-seq	ENSG00000183688	RFLNB	7.314	4.923	-2.222	under-represented in TruSeq	0	3621
TruSeq vs BRB-seq	ENSG00000183735	TBK1	3.036	4.896	2.03	over-represented in TruSeq	0	2756
TruSeq vs BRB-seq	ENSG00000183889	NPIPA6	3.388	6.781	3.563	over-represented in TruSeq	0	1139
TruSeq vs BRB-seq	ENSG00000184207	PGP	8.232	5.354	-2.709	under-represented in TruSeq	0	934
TruSeq vs BRB-seq	ENSG00000184260	H2AC20	6.316	0.954	-5.193	under-represented in TruSeq	1	494
TruSeq vs BRB-seq	ENSG00000184986	TMEM121	5.218	2.734	-2.315	under-represented in TruSeq	0	1128
TruSeq vs BRB-seq	ENSG00000185187	SIGIRR	7.22	4.867	-2.184	under-represented in TruSeq	0	1335
TruSeq vs BRB-seq	ENSG00000185201	IFITM2	6.48	3.779	-2.532	under-represented in TruSeq	0	734
TruSeq vs BRB-seq	ENSG00000185246	PRPF39	3.171	5.397	2.395	over-represented in TruSeq	0	2486
TruSeq vs BRB-seq	ENSG00000185480	PARPBP	3.222	5.125	2.072	over-represented in TruSeq	0	2082
TruSeq vs BRB-seq	ENSG00000185728	YTHDF3	3.002	5.518	2.685	over-represented in TruSeq	0	4088
TruSeq vs BRB-seq	ENSG00000185787	MORF4L1	7.801	10.018	2.387	over-represented in TruSeq	0	981
TruSeq vs BRB-seq	ENSG00000185798	WDR53	2.569	4.667	2.268	over-represented in TruSeq	0	868
TruSeq vs BRB-seq	ENSG00000185946	RNPC3	2.971	4.804	2.002	over-represented in TruSeq	0	1957
TruSeq vs BRB-seq	ENSG00000186132	C2orf76	2.623	5.137	2.683	over-represented in TruSeq	0	700
TruSeq vs BRB-seq	ENSG00000186193	SAPCD2	6.023	3.821	-2.032	under-represented in TruSeq	0	3814
TruSeq vs BRB-seq	ENSG00000186298	PPP1CC	6.669	8.548	2.049	over-represented in TruSeq	0	2028
TruSeq vs BRB-seq	ENSG00000186395	KRT10	8.398	4.642	-3.586	under-represented in TruSeq	0	2159
TruSeq vs BRB-seq	ENSG00000186522	SEPTIN10	3.647	5.539	2.062	over-represented in TruSeq	0	2101
TruSeq vs BRB-seq	ENSG00000186575	NF2	7.107	4.766	-2.172	under-represented in TruSeq	0	4106
TruSeq vs BRB-seq	ENSG00000186908	ZDHHC17	2.279	4.568	2.459	over-represented in TruSeq	0	2891
TruSeq vs BRB-seq	ENSG00000187231	SESTD1	2.762	4.621	2.029	over-represented in TruSeq	0	1098
TruSeq vs BRB-seq	ENSG00000187243	MAGED4B	5.915	3.729	-2.016	under-represented in TruSeq	0	1131
TruSeq vs BRB-seq	ENSG00000187266	EPOR	4.333	2.047	-2.116	under-represented in TruSeq	0	2222
TruSeq vs BRB-seq	ENSG00000187608	ISG15	5.581	2.181	-3.23	under-represented in TruSeq	0	701
TruSeq vs BRB-seq	ENSG00000187634	SAMD11	7.863	5.221	-2.472	under-represented in TruSeq	0	1953
TruSeq vs BRB-seq	ENSG00000187713	TMEM203	6.842	4.282	-2.391	under-represented in TruSeq	0	1567
TruSeq vs BRB-seq	ENSG00000187837	H1-2	8.654	4.384	-4.1	under-represented in TruSeq	1	820
TruSeq vs BRB-seq	ENSG00000187838	PLSCR3	5.25	3.013	-2.068	under-represented in TruSeq	0	
TruSeq vs BRB-seq	ENSG00000188290	HES4	9.024	6.033	-2.821	under-represented in TruSeq	0	962
TruSeq vs BRB-seq	ENSG00000188322	SBK1	5.295	2.508	-2.617	under-represented in TruSeq	0	4985
TruSeq vs BRB-seq	ENSG00000189227	C15orf61	7.444	2.899	-4.375	under-represented in TruSeq	0	1498
TruSeq vs BRB-seq	ENSG00000189376	C8orf76	4.088	5.971	2.053	over-represented in TruSeq	0	874
TruSeq vs BRB-seq	ENSG00000196233	LCOR	6.029	3.851	-2.009	under-represented in TruSeq	0	10210
TruSeq vs BRB-seq	ENSG00000196352	CD55	3.331	5.489	2.328	over-represented in TruSeq	0	1717
TruSeq vs BRB-seq	ENSG00000196544	BORCS6	4.918	2.674	-2.075	under-represented in TruSeq	0	1836
TruSeq vs BRB-seq	ENSG00000196591	HDAC2	6.24	9.015	2.944	over-represented in TruSeq	0	1557
TruSeq vs BRB-seq	ENSG00000196678	ERI2	3.399	5.585	2.355	over-represented in TruSeq	0	2020
TruSeq vs BRB-seq	ENSG00000196950	SLC39A10	3.175	5.061	2.056	over-represented in TruSeq	0	4549
TruSeq vs BRB-seq	ENSG00000197045	GMFB	3.178	5.944	2.935	over-represented in TruSeq	0	3623
TruSeq vs BRB-seq	ENSG00000197061	H4C3	10.407	1.481	-8.756	under-represented in TruSeq	1	405
TruSeq vs BRB-seq	ENSG00000197063	MAFG	6.76	4.408	-2.183	under-represented in TruSeq	0	1751
TruSeq vs BRB-seq	ENSG00000197223	C1D	4.165	6.163	2.167	over-represented in TruSeq	0	1206
TruSeq vs BRB-seq	ENSG00000197576	HOXA4	4.39	2.132	-2.088	under-represented in TruSeq	0	1656
TruSeq vs BRB-seq	ENSG00000197601	FAR1	4.284	6.28	2.166	over-represented in TruSeq	0	4001
TruSeq vs BRB-seq	ENSG00000197713	RPE	4.483	6.38	2.067	over-represented in TruSeq	0	1849
TruSeq vs BRB-seq	ENSG00000198056	PRIM1	4.191	6.44	2.418	over-represented in TruSeq	0	1314
TruSeq vs BRB-seq	ENSG00000198130	HIBCH	2.995	5.359	2.534	over-represented in TruSeq	0	1171
TruSeq vs BRB-seq	ENSG00000198157	HMGN5	4.739	7.025	2.455	over-represented in TruSeq	0	981
TruSeq vs BRB-seq	ENSG00000198189	HSD17B11	2.914	5.138	2.393	over-represented in TruSeq	0	1584
TruSeq vs BRB-seq	ENSG00000198408	OGA	4.136	6.253	2.287	over-represented in TruSeq	0	2833
TruSeq vs BRB-seq	ENSG00000198554	WDHD1	2.623	4.803	2.35	over-represented in TruSeq	0	4193
TruSeq vs BRB-seq	ENSG00000198625	MDM4	5.743	3.155	-2.418	under-represented in TruSeq	0	5574
TruSeq vs BRB-seq	ENSG00000198689	SLC9A6	2.15	4.24	2.26	over-represented in TruSeq	0	4311
TruSeq vs BRB-seq	ENSG00000198740	ZNF652	5.99	2.86	-2.96	under-represented in TruSeq	0	9158
TruSeq vs BRB-seq	ENSG00000198836	OPA1	3.792	5.78	2.157	over-represented in TruSeq	0	3416
TruSeq vs BRB-seq	ENSG00000198898	CAPZA2	4.635	7.045	2.579	over-represented in TruSeq	0	1368
TruSeq vs BRB-seq	ENSG00000198924	DCLRE1A	2.42	4.573	2.323	over-represented in TruSeq	0	4352
TruSeq vs BRB-seq	ENSG00000198954	KIFBP	3.738	5.858	2.289	over-represented in TruSeq	0	2385
TruSeq vs BRB-seq	ENSG00000203852	H3C15	4.086	1.878	-2.039	under-represented in TruSeq	1	518
TruSeq vs BRB-seq	ENSG00000203880	PCMTD2	2.99	5.726	2.906	over-represented in TruSeq	0	2438
TruSeq vs BRB-seq	ENSG00000204103	MAFB	5.798	3.487	-2.141	under-represented in TruSeq	0	3389
TruSeq vs BRB-seq	ENSG00000204334	ERICH2	4.868	1.701	-2.997	under-represented in TruSeq	0	1050
TruSeq vs BRB-seq	ENSG00000204922	UQCC3	7.748	4.402	-3.176	under-represented in TruSeq	0	1938
TruSeq vs BRB-seq	ENSG00000204977	TRIM13	2.847	4.716	2.039	over-represented in TruSeq	0	1962
TruSeq vs BRB-seq	ENSG00000205302	SNX2	4.785	7.624	3.009	over-represented in TruSeq	0	1245
TruSeq vs BRB-seq	ENSG00000205323	SARNP	5.757	7.916	2.328	over-represented in TruSeq	0	812
TruSeq vs BRB-seq	ENSG00000205571	SMN2	2.522	7.45	5.098	over-represented in TruSeq	0	662
TruSeq vs BRB-seq	ENSG00000205609	EIF3CL	9.167	4.126	-4.872	under-represented in TruSeq	0	2913
TruSeq vs BRB-seq	ENSG00000206527	HACD2	2.866	5.321	2.625	over-represented in TruSeq	0	4004
TruSeq vs BRB-seq	ENSG00000211455	STK38L	2.663	5.252	2.759	over-represented in TruSeq	0	2954
TruSeq vs BRB-seq	ENSG00000211456	SACM1L	3.074	5.843	2.938	over-represented in TruSeq	0	3322
TruSeq vs BRB-seq	ENSG00000212747	RTL8B	6.318	3.749	-2.399	under-represented in TruSeq	0	2030
TruSeq vs BRB-seq	ENSG00000213015	ZNF580	8.222	5.878	-2.175	under-represented in TruSeq	0	1234
TruSeq vs BRB-seq	ENSG00000213221	DNLZ	5.626	2.723	-2.733	under-represented in TruSeq	0	3095
TruSeq vs BRB-seq	ENSG00000213782	DDX47	4.841	7.024	2.352	over-represented in TruSeq	0	1759
TruSeq vs BRB-seq	ENSG00000214194	SMIM30	4.888	7.481	2.763	over-represented in TruSeq	0	1007
TruSeq vs BRB-seq	ENSG00000214736	TOMM6	8.038	9.95	2.081	over-represented in TruSeq	0	580
TruSeq vs BRB-seq	ENSG00000214753	HNRNPUL2	7.287	4.852	-2.265	under-represented in TruSeq	0	2768
TruSeq vs BRB-seq	ENSG00000214967	NPIPA7	5.716	2.742	-2.805	under-represented in TruSeq	0	567
TruSeq vs BRB-seq	ENSG00000219200	RNASEK	7.023	9.182	2.329	over-represented in TruSeq	0	619
TruSeq vs BRB-seq	ENSG00000221823	PPP3R1	3.349	6.273	3.094	over-represented in TruSeq	0	889
TruSeq vs BRB-seq	ENSG00000221916	C19orf73	3.525	1.209	-2.146	under-represented in TruSeq	0	742
TruSeq vs BRB-seq	ENSG00000223496	EXOSC6	6.758	3.302	-3.287	under-represented in TruSeq	0	5163
TruSeq vs BRB-seq	ENSG00000228594	FNDC10	6.202	2.702	-3.33	under-represented in TruSeq	0	2124
TruSeq vs BRB-seq	ENSG00000229809	ZNF688	5.379	3.037	-2.172	under-represented in TruSeq	0	899
TruSeq vs BRB-seq	ENSG00000229833	PET100	5.313	7.2	2.057	over-represented in TruSeq	0	558
TruSeq vs BRB-seq	ENSG00000233276	GPX1	7.038	8.973	2.104	over-represented in TruSeq	0	822
TruSeq vs BRB-seq	ENSG00000235453	SMIM27	4.919	2.531	-2.219	under-represented in TruSeq	0	385
TruSeq vs BRB-seq	ENSG00000239704	CDRT4	3.727	1.439	-2.119	under-represented in TruSeq	0	559
TruSeq vs BRB-seq	ENSG00000240230	COX19	5.13	2.669	-2.292	under-represented in TruSeq	0	1859
TruSeq vs BRB-seq	ENSG00000240344	PPIL3	3.728	5.961	2.403	over-represented in TruSeq	0	753
TruSeq vs BRB-seq	ENSG00000242259	C22orf39	7.63	5.296	-2.165	under-represented in TruSeq	0	1022
TruSeq vs BRB-seq	ENSG00000243317	STMP1	8.008	5.776	-2.062	under-represented in TruSeq	0	2385
TruSeq vs BRB-seq	ENSG00000243749	TMEM35B	4.367	1.984	-2.214	under-represented in TruSeq	0	1071
TruSeq vs BRB-seq	ENSG00000250722	SELENOP	2.638	4.558	2.09	over-represented in TruSeq	0	1412
TruSeq vs BRB-seq	ENSG00000251493	FOXD1	6.855	4.501	-2.185	under-represented in TruSeq	0	1171
TruSeq vs BRB-seq	ENSG00000253626	EIF5AL1	8.146	2.215	-5.762	under-represented in TruSeq	0	3908
TruSeq vs BRB-seq	ENSG00000254470	AP5B1	5.22	2.916	-2.134	under-represented in TruSeq	0	6980
TruSeq vs BRB-seq	ENSG00000256525	POLG2	3.131	5.155	2.194	over-represented in TruSeq	0	977
TruSeq vs BRB-seq	ENSG00000256537	SMIM10L1	6.198	3.912	-2.116	under-represented in TruSeq	0	4823
TruSeq vs BRB-seq	ENSG00000258429	PDF	6.776	3.564	-3.042	under-represented in TruSeq	0	2859
TruSeq vs BRB-seq	ENSG00000258643	BCL2L2-PABPN1	7.85	4.444	-3.236	under-represented in TruSeq	0	2040
TruSeq vs BRB-seq	ENSG00000258674		6.44	2.121	-4.149	under-represented in TruSeq	0	1086
TruSeq vs BRB-seq	ENSG00000259112	NDUFC2-KCTD14	7.334	2.797	-4.367	under-represented in TruSeq	0	655
TruSeq vs BRB-seq	ENSG00000259332	ST20-MTHFS	3.09	5.196	2.276	over-represented in TruSeq	0	685
TruSeq vs BRB-seq	ENSG00000260007		7.079	2.327	-4.582	under-represented in TruSeq	0	2615
TruSeq vs BRB-seq	ENSG00000260456	C16orf95	5.777	2.698	-2.91	under-represented in TruSeq	0	974
TruSeq vs BRB-seq	ENSG00000261884		6.562	3.533	-2.859	under-represented in TruSeq	0	1202
TruSeq vs BRB-seq	ENSG00000266412	NCOA4	4.184	6.501	2.486	over-represented in TruSeq	0	3282
TruSeq vs BRB-seq	ENSG00000267228		5.658	1.591	-3.898	under-represented in TruSeq	0	1089
TruSeq vs BRB-seq	ENSG00000267303		6.796	2.076	-4.55	under-represented in TruSeq	0	1850
TruSeq vs BRB-seq	ENSG00000267368	UPK3BL1	7.809	5.466	-2.173	under-represented in TruSeq	0	1342
TruSeq vs BRB-seq	ENSG00000271383	NBPF19	1.36	4.334	3.143	over-represented in TruSeq	0	3273
TruSeq vs BRB-seq	ENSG00000271793		6.955	4.543	-2.242	under-represented in TruSeq	0	5348
TruSeq vs BRB-seq	ENSG00000272325	NUDT3	6.743	4.165	-2.409	under-represented in TruSeq	0	9900
TruSeq vs BRB-seq	ENSG00000272886	DCP1A	6.926	4.632	-2.125	under-represented in TruSeq	0	5373
TruSeq vs BRB-seq	ENSG00000273542	H4C12	3.845	1.423	-2.252	under-represented in TruSeq	1	390
TruSeq vs BRB-seq	ENSG00000275740		6.534	2.952	-3.413	under-represented in TruSeq	0	3311
TruSeq vs BRB-seq	ENSG00000278558	TMEM191B	3.989	1.271	-2.548	under-represented in TruSeq	0	593
TruSeq vs BRB-seq	ENSG00000280789	PAGR1	8.336	5.783	-2.383	under-represented in TruSeq	0	3874
TruSeq vs BRB-seq	ENSG00000280987	MATR3	3.051	6.721	3.84	over-represented in TruSeq	0	2617
TruSeq vs BRB-seq	ENSG00000282034		6.669	4.374	-2.126	under-represented in TruSeq	0	11193
TruSeq vs BRB-seq	ENSG00000284526		5.664	3.249	-2.246	under-represented in TruSeq	0	4499
TruSeq vs BRB-seq	ENSG00000284969		4.232	2.011	-2.052	under-represented in TruSeq	0	425
TruSeq vs BRB-seq	ENSG00000285901		0.683	3.046	2.533	over-represented in TruSeq	0	3434
TruSeq vs BRB-seq	ENSG00000288258		5.671	1.411	-4.09	under-represented in TruSeq	0	472
TruSeq vs BRB-seq	ENSG00000288825	H2AC18	6.602	2.485	-3.947	under-represented in TruSeq	1	533
TruSeq vs BRB-seq	ENSG00000290318		9.909	6.256	-3.484	under-represented in TruSeq	0	924
